00:00:26.338 INFO  vert.x-eventloop-thread-0 BaseServiceProxy     : -> GET /v1/api/tickle,200|114ms
00:00:26.340 DEBUG vert.x-eventloop-thread-0 ClientPortalService  : tickle {"session":"867adf3ceb3a006afaebbad0de93e019","ssoExpires":270238,"collission":false,"userId":50301190,"hmds":{"error":"no bridge"},"iserver":{"authStatus":{"authenticated":false,"established":false,"competing":false,"connected":false,"MAC":null}}}
00:00:56.301 INFO  vert.x-eventloop-thread-0 BaseServiceProxy     : -> GET /v1/api/tickle,200|78ms
00:00:56.301 DEBUG vert.x-eventloop-thread-0 ClientPortalService  : tickle {"session":"867adf3ceb3a006afaebbad0de93e019","ssoExpires":240272,"collission":false,"userId":50301190,"hmds":{"error":"no bridge"},"iserver":{"authStatus":{"authenticated":false,"established":false,"competing":false,"connected":false,"MAC":null}}}
00:01:26.321 INFO  vert.x-eventloop-thread-0 BaseServiceProxy     : -> GET /v1/api/tickle,200|99ms
00:01:26.322 DEBUG vert.x-eventloop-thread-0 ClientPortalService  : tickle {"session":"867adf3ceb3a006afaebbad0de93e019","ssoExpires":210250,"collission":false,"userId":50301190,"hmds":{"error":"no bridge"},"iserver":{"authStatus":{"authenticated":false,"established":false,"competing":false,"connected":false,"MAC":null}}}
00:01:56.310 INFO  vert.x-eventloop-thread-0 BaseServiceProxy     : -> GET /v1/api/tickle,200|88ms
00:01:56.311 DEBUG vert.x-eventloop-thread-0 ClientPortalService  : tickle {"session":"867adf3ceb3a006afaebbad0de93e019","ssoExpires":180283,"collission":false,"userId":50301190,"hmds":{"error":"no bridge"},"iserver":{"authStatus":{"authenticated":false,"established":false,"competing":false,"connected":false,"MAC":null}}}
00:02:21.292 INFO  vert.x-eventloop-thread-0 BaseServiceProxy     : -> GET /sso/ping,200|293ms
00:02:21.294 INFO  vert.x-eventloop-thread-0 SsoService           : sso ping {"result": "true"}
00:02:26.301 INFO  vert.x-eventloop-thread-0 BaseServiceProxy     : -> GET /v1/api/tickle,200|78ms
00:02:26.302 DEBUG vert.x-eventloop-thread-0 ClientPortalService  : tickle {"session":"867adf3ceb3a006afaebbad0de93e019","ssoExpires":150269,"collission":false,"userId":50301190,"hmds":{"error":"no bridge"},"iserver":{"authStatus":{"authenticated":false,"established":false,"competing":false,"connected":false,"MAC":null}}}
00:02:56.289 INFO  vert.x-eventloop-thread-0 BaseServiceProxy     : -> GET /v1/api/tickle,200|67ms
00:02:56.292 DEBUG vert.x-eventloop-thread-0 ClientPortalService  : tickle {"session":"867adf3ceb3a006afaebbad0de93e019","ssoExpires":120281,"collission":false,"userId":50301190,"hmds":{"error":"no bridge"},"iserver":{"authStatus":{"authenticated":false,"established":false,"competing":false,"connected":false,"MAC":null}}}
00:03:26.354 INFO  vert.x-eventloop-thread-0 BaseServiceProxy     : -> GET /v1/api/tickle,200|131ms
00:03:26.356 DEBUG vert.x-eventloop-thread-0 ClientPortalService  : tickle {"session":"867adf3ceb3a006afaebbad0de93e019","ssoExpires":90222,"collission":false,"userId":50301190,"hmds":{"error":"no bridge"},"iserver":{"authStatus":{"authenticated":false,"established":false,"competing":false,"connected":false,"MAC":null}}}
00:03:56.289 INFO  vert.x-eventloop-thread-0 BaseServiceProxy     : -> GET /v1/api/tickle,200|66ms
00:03:56.290 DEBUG vert.x-eventloop-thread-0 ClientPortalService  : tickle {"session":"867adf3ceb3a006afaebbad0de93e019","ssoExpires":60286,"collission":false,"userId":50301190,"hmds":{"error":"no bridge"},"iserver":{"authStatus":{"authenticated":false,"established":false,"competing":false,"connected":false,"MAC":null}}}
00:04:26.299 INFO  vert.x-eventloop-thread-0 BaseServiceProxy     : -> GET /v1/api/tickle,200|76ms
00:04:26.300 DEBUG vert.x-eventloop-thread-0 ClientPortalService  : tickle {"session":"867adf3ceb3a006afaebbad0de93e019","ssoExpires":30272,"collission":false,"userId":50301190,"hmds":{"error":"no bridge"},"iserver":{"authStatus":{"authenticated":false,"established":false,"competing":false,"connected":false,"MAC":null}}}
00:04:56.368 INFO  vert.x-eventloop-thread-0 BaseServiceProxy     : -> GET /v1/api/tickle,200|145ms
00:04:56.369 DEBUG vert.x-eventloop-thread-0 ClientPortalService  : tickle {"session":"867adf3ceb3a006afaebbad0de93e019","ssoExpires":202,"collission":false,"userId":50301190,"hmds":{"error":"no bridge"},"iserver":{"authStatus":{"authenticated":false,"established":false,"competing":false,"connected":false,"MAC":null}}}
00:05:26.574 INFO  vert.x-eventloop-thread-0 BaseServiceProxy     : -> GET /v1/api/tickle,200|346ms
00:05:26.575 DEBUG vert.x-eventloop-thread-0 ClientPortalService  : tickle {"session":"867adf3ceb3a006afaebbad0de93e019","ssoExpires":600000,"collission":false,"userId":50301190,"hmds":{"error":"no bridge"},"iserver":{"authStatus":{"authenticated":false,"established":false,"competing":false,"connected":false,"MAC":null}}}
00:05:56.284 INFO  vert.x-eventloop-thread-0 BaseServiceProxy     : -> GET /v1/api/tickle,200|56ms
00:05:56.285 DEBUG vert.x-eventloop-thread-0 ClientPortalService  : tickle {"session":"867adf3ceb3a006afaebbad0de93e019","ssoExpires":570264,"collission":false,"userId":50301190,"hmds":{"error":"no bridge"},"iserver":{"authStatus":{"authenticated":false,"established":false,"competing":false,"connected":false,"MAC":null}}}
00:06:26.298 INFO  vert.x-eventloop-thread-0 BaseServiceProxy     : -> GET /v1/api/tickle,200|70ms
00:06:26.301 DEBUG vert.x-eventloop-thread-0 ClientPortalService  : tickle {"session":"867adf3ceb3a006afaebbad0de93e019","ssoExpires":540248,"collission":false,"userId":50301190,"hmds":{"error":"no bridge"},"iserver":{"authStatus":{"authenticated":false,"established":false,"competing":false,"connected":false,"MAC":null}}}
00:06:56.286 INFO  vert.x-eventloop-thread-0 BaseServiceProxy     : -> GET /v1/api/tickle,200|58ms
00:06:56.286 DEBUG vert.x-eventloop-thread-0 ClientPortalService  : tickle {"session":"867adf3ceb3a006afaebbad0de93e019","ssoExpires":510262,"collission":false,"userId":50301190,"hmds":{"error":"no bridge"},"iserver":{"authStatus":{"authenticated":false,"established":false,"competing":false,"connected":false,"MAC":null}}}
00:07:21.291 INFO  vert.x-eventloop-thread-0 BaseServiceProxy     : -> GET /sso/ping,200|287ms
00:07:21.292 INFO  vert.x-eventloop-thread-0 SsoService           : sso ping {"result": "true"}
00:07:26.289 INFO  vert.x-eventloop-thread-0 BaseServiceProxy     : -> GET /v1/api/tickle,200|61ms
00:07:26.290 DEBUG vert.x-eventloop-thread-0 ClientPortalService  : tickle {"session":"867adf3ceb3a006afaebbad0de93e019","ssoExpires":480262,"collission":false,"userId":50301190,"hmds":{"error":"no bridge"},"iserver":{"authStatus":{"authenticated":false,"established":false,"competing":false,"connected":false,"MAC":null}}}
00:07:56.304 INFO  vert.x-eventloop-thread-0 BaseServiceProxy     : -> GET /v1/api/tickle,200|75ms
00:07:56.305 DEBUG vert.x-eventloop-thread-0 ClientPortalService  : tickle {"session":"867adf3ceb3a006afaebbad0de93e019","ssoExpires":450242,"collission":false,"userId":50301190,"hmds":{"error":"no bridge"},"iserver":{"authStatus":{"authenticated":false,"established":false,"competing":false,"connected":false,"MAC":null}}}
00:08:26.321 INFO  vert.x-eventloop-thread-0 BaseServiceProxy     : -> GET /v1/api/tickle,200|92ms
00:08:26.322 DEBUG vert.x-eventloop-thread-0 ClientPortalService  : tickle {"session":"867adf3ceb3a006afaebbad0de93e019","ssoExpires":420225,"collission":false,"userId":50301190,"hmds":{"error":"no bridge"},"iserver":{"authStatus":{"authenticated":false,"established":false,"competing":false,"connected":false,"MAC":null}}}
00:08:56.314 INFO  vert.x-eventloop-thread-0 BaseServiceProxy     : -> GET /v1/api/tickle,200|86ms
00:08:56.315 DEBUG vert.x-eventloop-thread-0 ClientPortalService  : tickle {"session":"867adf3ceb3a006afaebbad0de93e019","ssoExpires":390233,"collission":false,"userId":50301190,"hmds":{"error":"no bridge"},"iserver":{"authStatus":{"authenticated":false,"established":false,"competing":false,"connected":false,"MAC":null}}}
00:09:26.320 INFO  vert.x-eventloop-thread-0 BaseServiceProxy     : -> GET /v1/api/tickle,200|90ms
00:09:26.321 DEBUG vert.x-eventloop-thread-0 ClientPortalService  : tickle {"session":"867adf3ceb3a006afaebbad0de93e019","ssoExpires":360239,"collission":false,"userId":50301190,"hmds":{"error":"no bridge"},"iserver":{"authStatus":{"authenticated":false,"established":false,"competing":false,"connected":false,"MAC":null}}}
00:09:56.314 INFO  vert.x-eventloop-thread-0 BaseServiceProxy     : -> GET /v1/api/tickle,200|85ms
00:09:56.316 DEBUG vert.x-eventloop-thread-0 ClientPortalService  : tickle {"session":"867adf3ceb3a006afaebbad0de93e019","ssoExpires":330232,"collission":false,"userId":50301190,"hmds":{"error":"no bridge"},"iserver":{"authStatus":{"authenticated":false,"established":false,"competing":false,"connected":false,"MAC":null}}}
00:10:26.443 INFO  vert.x-eventloop-thread-0 BaseServiceProxy     : -> GET /v1/api/tickle,200|216ms
00:10:26.443 DEBUG vert.x-eventloop-thread-0 ClientPortalService  : tickle {"session":"867adf3ceb3a006afaebbad0de93e019","ssoExpires":300105,"collission":false,"userId":50301190,"hmds":{"error":"no bridge"},"iserver":{"authStatus":{"authenticated":false,"established":false,"competing":false,"connected":false,"MAC":null}}}
00:10:56.458 INFO  vert.x-eventloop-thread-0 BaseServiceProxy     : -> GET /v1/api/tickle,200|229ms
00:10:56.459 DEBUG vert.x-eventloop-thread-0 ClientPortalService  : tickle {"session":"867adf3ceb3a006afaebbad0de93e019","ssoExpires":270156,"collission":false,"userId":50301190,"hmds":{"error":"no bridge"},"iserver":{"authStatus":{"authenticated":false,"established":false,"competing":false,"connected":false,"MAC":null}}}
00:11:26.309 INFO  vert.x-eventloop-thread-0 BaseServiceProxy     : -> GET /v1/api/tickle,200|80ms
00:11:26.310 DEBUG vert.x-eventloop-thread-0 ClientPortalService  : tickle {"session":"867adf3ceb3a006afaebbad0de93e019","ssoExpires":240236,"collission":false,"userId":50301190,"hmds":{"error":"no bridge"},"iserver":{"authStatus":{"authenticated":false,"established":false,"competing":false,"connected":false,"MAC":null}}}
00:11:56.364 INFO  vert.x-eventloop-thread-0 BaseServiceProxy     : -> GET /v1/api/tickle,200|132ms
00:11:56.365 DEBUG vert.x-eventloop-thread-0 ClientPortalService  : tickle {"session":"867adf3ceb3a006afaebbad0de93e019","ssoExpires":210213,"collission":false,"userId":50301190,"hmds":{"error":"no bridge"},"iserver":{"authStatus":{"authenticated":false,"established":false,"competing":false,"connected":false,"MAC":null}}}
00:12:21.300 INFO  vert.x-eventloop-thread-0 BaseServiceProxy     : -> GET /sso/ping,200|291ms
00:12:21.303 INFO  vert.x-eventloop-thread-0 SsoService           : sso ping {"result": "true"}
00:12:26.324 INFO  vert.x-eventloop-thread-0 BaseServiceProxy     : -> GET /v1/api/tickle,200|97ms
00:12:26.324 DEBUG vert.x-eventloop-thread-0 ClientPortalService  : tickle {"session":"867adf3ceb3a006afaebbad0de93e019","ssoExpires":180220,"collission":false,"userId":50301190,"hmds":{"error":"no bridge"},"iserver":{"authStatus":{"authenticated":false,"established":false,"competing":false,"connected":false,"MAC":null}}}
00:12:56.286 INFO  vert.x-eventloop-thread-0 BaseServiceProxy     : -> GET /v1/api/tickle,200|58ms
00:12:56.286 DEBUG vert.x-eventloop-thread-0 ClientPortalService  : tickle {"session":"867adf3ceb3a006afaebbad0de93e019","ssoExpires":150261,"collission":false,"userId":50301190,"hmds":{"error":"no bridge"},"iserver":{"authStatus":{"authenticated":false,"established":false,"competing":false,"connected":false,"MAC":null}}}
00:13:26.329 INFO  vert.x-eventloop-thread-0 BaseServiceProxy     : -> GET /v1/api/tickle,200|100ms
00:13:26.330 DEBUG vert.x-eventloop-thread-0 ClientPortalService  : tickle {"session":"867adf3ceb3a006afaebbad0de93e019","ssoExpires":120220,"collission":false,"userId":50301190,"hmds":{"error":"no bridge"},"iserver":{"authStatus":{"authenticated":false,"established":false,"competing":false,"connected":false,"MAC":null}}}
00:13:56.296 INFO  vert.x-eventloop-thread-0 BaseServiceProxy     : -> GET /v1/api/tickle,200|68ms
00:13:56.298 DEBUG vert.x-eventloop-thread-0 ClientPortalService  : tickle {"session":"867adf3ceb3a006afaebbad0de93e019","ssoExpires":90247,"collission":false,"userId":50301190,"hmds":{"error":"no bridge"},"iserver":{"authStatus":{"authenticated":false,"established":false,"competing":false,"connected":false,"MAC":null}}}
00:14:26.306 INFO  vert.x-eventloop-thread-0 BaseServiceProxy     : -> GET /v1/api/tickle,200|78ms
00:14:26.307 DEBUG vert.x-eventloop-thread-0 ClientPortalService  : tickle {"session":"867adf3ceb3a006afaebbad0de93e019","ssoExpires":60242,"collission":false,"userId":50301190,"hmds":{"error":"no bridge"},"iserver":{"authStatus":{"authenticated":false,"established":false,"competing":false,"connected":false,"MAC":null}}}
00:14:56.286 INFO  vert.x-eventloop-thread-0 BaseServiceProxy     : -> GET /v1/api/tickle,200|58ms
00:14:56.287 DEBUG vert.x-eventloop-thread-0 ClientPortalService  : tickle {"session":"867adf3ceb3a006afaebbad0de93e019","ssoExpires":30255,"collission":false,"userId":50301190,"hmds":{"error":"no bridge"},"iserver":{"authStatus":{"authenticated":false,"established":false,"competing":false,"connected":false,"MAC":null}}}
00:15:26.447 INFO  vert.x-eventloop-thread-0 BaseServiceProxy     : -> GET /v1/api/tickle,200|218ms
00:15:26.448 DEBUG vert.x-eventloop-thread-0 ClientPortalService  : tickle {"session":"867adf3ceb3a006afaebbad0de93e019","ssoExpires":97,"collission":false,"userId":50301190,"hmds":{"error":"no bridge"},"iserver":{"authStatus":{"authenticated":false,"established":false,"competing":false,"connected":false,"MAC":null}}}
00:15:56.583 INFO  vert.x-eventloop-thread-0 BaseServiceProxy     : -> GET /v1/api/tickle,200|355ms
00:15:56.584 DEBUG vert.x-eventloop-thread-0 ClientPortalService  : tickle {"session":"867adf3ceb3a006afaebbad0de93e019","ssoExpires":600000,"collission":false,"userId":50301190,"hmds":{"error":"no bridge"},"iserver":{"authStatus":{"authenticated":false,"established":false,"competing":false,"connected":false,"MAC":null}}}
00:16:26.400 INFO  vert.x-eventloop-thread-0 BaseServiceProxy     : -> GET /v1/api/tickle,200|172ms
00:16:26.402 DEBUG vert.x-eventloop-thread-0 ClientPortalService  : tickle {"session":"867adf3ceb3a006afaebbad0de93e019","ssoExpires":570154,"collission":false,"userId":50301190,"hmds":{"error":"no bridge"},"iserver":{"authStatus":{"authenticated":false,"established":false,"competing":false,"connected":false,"MAC":null}}}
00:16:56.321 INFO  vert.x-eventloop-thread-0 BaseServiceProxy     : -> GET /v1/api/tickle,200|93ms
00:16:56.323 DEBUG vert.x-eventloop-thread-0 ClientPortalService  : tickle {"session":"867adf3ceb3a006afaebbad0de93e019","ssoExpires":540230,"collission":false,"userId":50301190,"hmds":{"error":"no bridge"},"iserver":{"authStatus":{"authenticated":false,"established":false,"competing":false,"connected":false,"MAC":null}}}
00:17:21.307 INFO  vert.x-eventloop-thread-0 BaseServiceProxy     : -> GET /sso/ping,200|302ms
00:17:21.308 INFO  vert.x-eventloop-thread-0 SsoService           : sso ping {"result": "true"}
00:17:26.287 INFO  vert.x-eventloop-thread-0 BaseServiceProxy     : -> GET /v1/api/tickle,200|59ms
00:17:26.288 DEBUG vert.x-eventloop-thread-0 ClientPortalService  : tickle {"session":"867adf3ceb3a006afaebbad0de93e019","ssoExpires":510262,"collission":false,"userId":50301190,"hmds":{"error":"no bridge"},"iserver":{"authStatus":{"authenticated":false,"established":false,"competing":false,"connected":false,"MAC":null}}}
00:17:56.285 INFO  vert.x-eventloop-thread-0 BaseServiceProxy     : -> GET /v1/api/tickle,200|57ms
00:17:56.287 DEBUG vert.x-eventloop-thread-0 ClientPortalService  : tickle {"session":"867adf3ceb3a006afaebbad0de93e019","ssoExpires":480264,"collission":false,"userId":50301190,"hmds":{"error":"no bridge"},"iserver":{"authStatus":{"authenticated":false,"established":false,"competing":false,"connected":false,"MAC":null}}}
00:18:26.454 INFO  vert.x-eventloop-thread-0 BaseServiceProxy     : -> GET /v1/api/tickle,200|227ms
00:18:26.454 DEBUG vert.x-eventloop-thread-0 ClientPortalService  : tickle {"session":"867adf3ceb3a006afaebbad0de93e019","ssoExpires":450097,"collission":false,"userId":50301190,"hmds":{"error":"no bridge"},"iserver":{"authStatus":{"authenticated":false,"established":false,"competing":false,"connected":false,"MAC":null}}}
00:18:56.319 INFO  vert.x-eventloop-thread-0 BaseServiceProxy     : -> GET /v1/api/tickle,200|92ms
00:18:56.319 DEBUG vert.x-eventloop-thread-0 ClientPortalService  : tickle {"session":"867adf3ceb3a006afaebbad0de93e019","ssoExpires":420229,"collission":false,"userId":50301190,"hmds":{"error":"no bridge"},"iserver":{"authStatus":{"authenticated":false,"established":false,"competing":false,"connected":false,"MAC":null}}}
00:19:26.293 INFO  vert.x-eventloop-thread-0 BaseServiceProxy     : -> GET /v1/api/tickle,200|64ms
00:19:26.295 DEBUG vert.x-eventloop-thread-0 ClientPortalService  : tickle {"session":"867adf3ceb3a006afaebbad0de93e019","ssoExpires":390257,"collission":false,"userId":50301190,"hmds":{"error":"no bridge"},"iserver":{"authStatus":{"authenticated":false,"established":false,"competing":false,"connected":false,"MAC":null}}}
00:19:56.302 INFO  vert.x-eventloop-thread-0 BaseServiceProxy     : -> GET /v1/api/tickle,200|74ms
00:19:56.303 DEBUG vert.x-eventloop-thread-0 ClientPortalService  : tickle {"session":"867adf3ceb3a006afaebbad0de93e019","ssoExpires":360245,"collission":false,"userId":50301190,"hmds":{"error":"no bridge"},"iserver":{"authStatus":{"authenticated":false,"established":false,"competing":false,"connected":false,"MAC":null}}}
00:20:26.307 INFO  vert.x-eventloop-thread-0 BaseServiceProxy     : -> GET /v1/api/tickle,200|78ms
00:20:26.308 DEBUG vert.x-eventloop-thread-0 ClientPortalService  : tickle {"session":"867adf3ceb3a006afaebbad0de93e019","ssoExpires":330243,"collission":false,"userId":50301190,"hmds":{"error":"no bridge"},"iserver":{"authStatus":{"authenticated":false,"established":false,"competing":false,"connected":false,"MAC":null}}}
00:20:56.328 INFO  vert.x-eventloop-thread-0 BaseServiceProxy     : -> GET /v1/api/tickle,200|91ms
00:20:56.342 DEBUG vert.x-eventloop-thread-0 ClientPortalService  : tickle {"session":"867adf3ceb3a006afaebbad0de93e019","ssoExpires":300222,"collission":false,"userId":50301190,"hmds":{"error":"no bridge"},"iserver":{"authStatus":{"authenticated":false,"established":false,"competing":false,"connected":false,"MAC":null}}}
00:21:26.306 INFO  vert.x-eventloop-thread-0 BaseServiceProxy     : -> GET /v1/api/tickle,200|77ms
00:21:26.307 DEBUG vert.x-eventloop-thread-0 ClientPortalService  : tickle {"session":"867adf3ceb3a006afaebbad0de93e019","ssoExpires":270240,"collission":false,"userId":50301190,"hmds":{"error":"no bridge"},"iserver":{"authStatus":{"authenticated":false,"established":false,"competing":false,"connected":false,"MAC":null}}}
00:21:56.341 INFO  vert.x-eventloop-thread-0 BaseServiceProxy     : -> GET /v1/api/tickle,200|112ms
00:21:56.342 DEBUG vert.x-eventloop-thread-0 ClientPortalService  : tickle {"session":"867adf3ceb3a006afaebbad0de93e019","ssoExpires":240211,"collission":false,"userId":50301190,"hmds":{"error":"no bridge"},"iserver":{"authStatus":{"authenticated":false,"established":false,"competing":false,"connected":false,"MAC":null}}}
00:22:21.400 INFO  vert.x-eventloop-thread-0 BaseServiceProxy     : -> GET /sso/ping,200|395ms
00:22:21.401 INFO  vert.x-eventloop-thread-0 SsoService           : sso ping {"result": "true"}
00:22:26.292 INFO  vert.x-eventloop-thread-0 BaseServiceProxy     : -> GET /v1/api/tickle,200|65ms
00:22:26.293 DEBUG vert.x-eventloop-thread-0 ClientPortalService  : tickle {"session":"867adf3ceb3a006afaebbad0de93e019","ssoExpires":210254,"collission":false,"userId":50301190,"hmds":{"error":"no bridge"},"iserver":{"authStatus":{"authenticated":false,"established":false,"competing":false,"connected":false,"MAC":null}}}
00:22:56.368 INFO  vert.x-eventloop-thread-0 BaseServiceProxy     : -> GET /v1/api/tickle,200|140ms
00:22:56.368 DEBUG vert.x-eventloop-thread-0 ClientPortalService  : tickle {"session":"867adf3ceb3a006afaebbad0de93e019","ssoExpires":180212,"collission":false,"userId":50301190,"hmds":{"error":"no bridge"},"iserver":{"authStatus":{"authenticated":false,"established":false,"competing":false,"connected":false,"MAC":null}}}
00:23:26.303 INFO  vert.x-eventloop-thread-0 BaseServiceProxy     : -> GET /v1/api/tickle,200|74ms
00:23:26.305 DEBUG vert.x-eventloop-thread-0 ClientPortalService  : tickle {"session":"867adf3ceb3a006afaebbad0de93e019","ssoExpires":150244,"collission":false,"userId":50301190,"hmds":{"error":"no bridge"},"iserver":{"authStatus":{"authenticated":false,"established":false,"competing":false,"connected":false,"MAC":null}}}
00:23:56.290 INFO  vert.x-eventloop-thread-0 BaseServiceProxy     : -> GET /v1/api/tickle,200|63ms
00:23:56.291 DEBUG vert.x-eventloop-thread-0 ClientPortalService  : tickle {"session":"867adf3ceb3a006afaebbad0de93e019","ssoExpires":120254,"collission":false,"userId":50301190,"hmds":{"error":"no bridge"},"iserver":{"authStatus":{"authenticated":false,"established":false,"competing":false,"connected":false,"MAC":null}}}
00:24:26.331 INFO  vert.x-eventloop-thread-0 BaseServiceProxy     : -> GET /v1/api/tickle,200|103ms
00:24:26.333 DEBUG vert.x-eventloop-thread-0 ClientPortalService  : tickle {"session":"867adf3ceb3a006afaebbad0de93e019","ssoExpires":90231,"collission":false,"userId":50301190,"hmds":{"error":"no bridge"},"iserver":{"authStatus":{"authenticated":false,"established":false,"competing":false,"connected":false,"MAC":null}}}
00:24:56.294 INFO  vert.x-eventloop-thread-0 BaseServiceProxy     : -> GET /v1/api/tickle,200|66ms
00:24:56.295 DEBUG vert.x-eventloop-thread-0 ClientPortalService  : tickle {"session":"867adf3ceb3a006afaebbad0de93e019","ssoExpires":60255,"collission":false,"userId":50301190,"hmds":{"error":"no bridge"},"iserver":{"authStatus":{"authenticated":false,"established":false,"competing":false,"connected":false,"MAC":null}}}
00:25:26.422 INFO  vert.x-eventloop-thread-0 BaseServiceProxy     : -> GET /v1/api/tickle,200|194ms
00:25:26.424 DEBUG vert.x-eventloop-thread-0 ClientPortalService  : tickle {"session":"867adf3ceb3a006afaebbad0de93e019","ssoExpires":30168,"collission":false,"userId":50301190,"hmds":{"error":"no bridge"},"iserver":{"authStatus":{"authenticated":false,"established":false,"competing":false,"connected":false,"MAC":null}}}
00:25:56.305 INFO  vert.x-eventloop-thread-0 BaseServiceProxy     : -> GET /v1/api/tickle,200|78ms
00:25:56.307 DEBUG vert.x-eventloop-thread-0 ClientPortalService  : tickle {"session":"867adf3ceb3a006afaebbad0de93e019","ssoExpires":239,"collission":false,"userId":50301190,"hmds":{"error":"no bridge"},"iserver":{"authStatus":{"authenticated":false,"established":false,"competing":false,"connected":false,"MAC":null}}}
00:26:26.555 INFO  vert.x-eventloop-thread-0 BaseServiceProxy     : -> GET /v1/api/tickle,200|327ms
00:26:26.559 DEBUG vert.x-eventloop-thread-0 ClientPortalService  : tickle {"session":"867adf3ceb3a006afaebbad0de93e019","ssoExpires":600000,"collission":false,"userId":50301190,"hmds":{"error":"no bridge"},"iserver":{"authStatus":{"authenticated":false,"established":false,"competing":false,"connected":false,"MAC":null}}}
00:26:56.327 INFO  vert.x-eventloop-thread-0 BaseServiceProxy     : -> GET /v1/api/tickle,200|98ms
00:26:56.329 DEBUG vert.x-eventloop-thread-0 ClientPortalService  : tickle {"session":"867adf3ceb3a006afaebbad0de93e019","ssoExpires":570226,"collission":false,"userId":50301190,"hmds":{"error":"no bridge"},"iserver":{"authStatus":{"authenticated":false,"established":false,"competing":false,"connected":false,"MAC":null}}}
00:42:18.457 ERROR vert.x-eventloop-thread-0 ConnectionBase       : java.net.SocketException: Connection reset
00:42:18.462 ERROR vert.x-eventloop-thread-0 BaseServiceProxy     : request failed Connection reset
java.net.SocketException: Connection reset
	at java.base/sun.nio.ch.SocketChannelImpl.throwConnectionReset(SocketChannelImpl.java:394)
	at java.base/sun.nio.ch.SocketChannelImpl.read(SocketChannelImpl.java:426)
	at io.netty.buffer.PooledUnsafeDirectByteBuf.setBytes(PooledUnsafeDirectByteBuf.java:288)
	at io.netty.buffer.AbstractByteBuf.writeBytes(AbstractByteBuf.java:1106)
	at io.netty.channel.socket.nio.NioSocketChannel.doReadBytes(NioSocketChannel.java:373)
	at io.netty.channel.nio.AbstractNioByteChannel$NioByteUnsafe.read(AbstractNioByteChannel.java:123)
	at io.netty.channel.nio.NioEventLoop.processSelectedKey(NioEventLoop.java:645)
	at io.netty.channel.nio.NioEventLoop.processSelectedKeysPlain(NioEventLoop.java:545)
	at io.netty.channel.nio.NioEventLoop.processSelectedKeys(NioEventLoop.java:499)
	at io.netty.channel.nio.NioEventLoop.run(NioEventLoop.java:459)
	at io.netty.util.concurrent.SingleThreadEventExecutor$5.run(SingleThreadEventExecutor.java:858)
	at java.base/java.lang.Thread.run(Thread.java:842)
00:42:24.053 INFO  vert.x-eventloop-thread-0 BaseServiceProxy     : -> GET /v1/api/tickle,200|402ms
00:42:24.054 DEBUG vert.x-eventloop-thread-0 ClientPortalService  : tickle {"session":"7e7b526e587149f7a273b8d08a848ed1","ssoExpires":600000,"collission":false,"userId":50301190,"hmds":{"error":"no bridge"},"iserver":{"authStatus":{"authenticated":false,"established":false,"competing":false,"connected":false,"MAC":null}}}
00:42:53.702 INFO  vert.x-eventloop-thread-0 BaseServiceProxy     : -> GET /v1/api/tickle,200|55ms
00:42:53.703 DEBUG vert.x-eventloop-thread-0 ClientPortalService  : tickle {"session":"7e7b526e587149f7a273b8d08a848ed1","ssoExpires":570348,"collission":false,"userId":50301190,"hmds":{"error":"no bridge"},"iserver":{"authStatus":{"authenticated":false,"established":false,"competing":false,"connected":false,"MAC":null}}}
00:58:21.485 ERROR vert.x-eventloop-thread-0 ConnectionBase       : java.net.SocketException: Connection reset
00:58:21.488 ERROR vert.x-eventloop-thread-0 BaseServiceProxy     : request failed Connection reset
java.net.SocketException: Connection reset
	at java.base/sun.nio.ch.SocketChannelImpl.throwConnectionReset(SocketChannelImpl.java:394)
	at java.base/sun.nio.ch.SocketChannelImpl.read(SocketChannelImpl.java:426)
	at io.netty.buffer.PooledUnsafeDirectByteBuf.setBytes(PooledUnsafeDirectByteBuf.java:288)
	at io.netty.buffer.AbstractByteBuf.writeBytes(AbstractByteBuf.java:1106)
	at io.netty.channel.socket.nio.NioSocketChannel.doReadBytes(NioSocketChannel.java:373)
	at io.netty.channel.nio.AbstractNioByteChannel$NioByteUnsafe.read(AbstractNioByteChannel.java:123)
	at io.netty.channel.nio.NioEventLoop.processSelectedKey(NioEventLoop.java:645)
	at io.netty.channel.nio.NioEventLoop.processSelectedKeysPlain(NioEventLoop.java:545)
	at io.netty.channel.nio.NioEventLoop.processSelectedKeys(NioEventLoop.java:499)
	at io.netty.channel.nio.NioEventLoop.run(NioEventLoop.java:459)
	at io.netty.util.concurrent.SingleThreadEventExecutor$5.run(SingleThreadEventExecutor.java:858)
	at java.base/java.lang.Thread.run(Thread.java:842)
01:13:49.758 INFO  vert.x-eventloop-thread-0 BaseServiceProxy     : -> GET /v1/api/tickle,200|382ms
01:13:49.759 DEBUG vert.x-eventloop-thread-0 ClientPortalService  : tickle {"session":"5d39b9cf8e065d5995507eec372894cf","ssoExpires":600000,"collission":false,"userId":50301190,"hmds":{"error":"no bridge"},"iserver":{"authStatus":{"authenticated":false,"established":false,"competing":false,"connected":false,"MAC":null}}}
01:14:19.446 INFO  vert.x-eventloop-thread-0 BaseServiceProxy     : -> GET /v1/api/tickle,200|73ms
01:14:19.447 DEBUG vert.x-eventloop-thread-0 ClientPortalService  : tickle {"session":"5d39b9cf8e065d5995507eec372894cf","ssoExpires":570314,"collission":false,"userId":50301190,"hmds":{"error":"no bridge"},"iserver":{"authStatus":{"authenticated":false,"established":false,"competing":false,"connected":false,"MAC":null}}}
01:14:49.682 INFO  vert.x-eventloop-thread-0 BaseServiceProxy     : -> GET /v1/api/tickle,200|308ms
01:14:49.682 DEBUG vert.x-eventloop-thread-0 ClientPortalService  : tickle {"session":"5d39b9cf8e065d5995507eec372894cf","ssoExpires":540154,"collission":false,"userId":50301190,"hmds":{"error":"no bridge"},"iserver":{"authStatus":{"authenticated":false,"established":false,"competing":false,"connected":false,"MAC":null}}}
01:15:19.453 INFO  vert.x-eventloop-thread-0 BaseServiceProxy     : -> GET /v1/api/tickle,200|78ms
01:15:19.454 DEBUG vert.x-eventloop-thread-0 ClientPortalService  : tickle {"session":"5d39b9cf8e065d5995507eec372894cf","ssoExpires":510323,"collission":false,"userId":50301190,"hmds":{"error":"no bridge"},"iserver":{"authStatus":{"authenticated":false,"established":false,"competing":false,"connected":false,"MAC":null}}}
01:15:49.463 INFO  vert.x-eventloop-thread-0 BaseServiceProxy     : -> GET /v1/api/tickle,200|88ms
01:15:49.464 DEBUG vert.x-eventloop-thread-0 ClientPortalService  : tickle {"session":"5d39b9cf8e065d5995507eec372894cf","ssoExpires":480312,"collission":false,"userId":50301190,"hmds":{"error":"no bridge"},"iserver":{"authStatus":{"authenticated":false,"established":false,"competing":false,"connected":false,"MAC":null}}}
01:16:19.435 INFO  vert.x-eventloop-thread-0 BaseServiceProxy     : -> GET /v1/api/tickle,200|61ms
01:16:19.436 DEBUG vert.x-eventloop-thread-0 ClientPortalService  : tickle {"session":"5d39b9cf8e065d5995507eec372894cf","ssoExpires":450327,"collission":false,"userId":50301190,"hmds":{"error":"no bridge"},"iserver":{"authStatus":{"authenticated":false,"established":false,"competing":false,"connected":false,"MAC":null}}}
01:16:49.440 INFO  vert.x-eventloop-thread-0 BaseServiceProxy     : -> GET /v1/api/tickle,200|65ms
01:16:49.441 DEBUG vert.x-eventloop-thread-0 ClientPortalService  : tickle {"session":"5d39b9cf8e065d5995507eec372894cf","ssoExpires":420321,"collission":false,"userId":50301190,"hmds":{"error":"no bridge"},"iserver":{"authStatus":{"authenticated":false,"established":false,"competing":false,"connected":false,"MAC":null}}}
01:17:14.475 INFO  vert.x-eventloop-thread-0 BaseServiceProxy     : -> GET /sso/ping,200|324ms
01:17:14.477 INFO  vert.x-eventloop-thread-0 SsoService           : sso ping {"result": "true"}
01:17:19.443 INFO  vert.x-eventloop-thread-0 BaseServiceProxy     : -> GET /v1/api/tickle,200|69ms
01:17:19.443 DEBUG vert.x-eventloop-thread-0 ClientPortalService  : tickle {"session":"5d39b9cf8e065d5995507eec372894cf","ssoExpires":390321,"collission":false,"userId":50301190,"hmds":{"error":"no bridge"},"iserver":{"authStatus":{"authenticated":false,"established":false,"competing":false,"connected":false,"MAC":null}}}
01:17:49.433 INFO  vert.x-eventloop-thread-0 BaseServiceProxy     : -> GET /v1/api/tickle,200|59ms
01:17:49.435 DEBUG vert.x-eventloop-thread-0 ClientPortalService  : tickle {"session":"5d39b9cf8e065d5995507eec372894cf","ssoExpires":360327,"collission":false,"userId":50301190,"hmds":{"error":"no bridge"},"iserver":{"authStatus":{"authenticated":false,"established":false,"competing":false,"connected":false,"MAC":null}}}
01:18:19.460 INFO  vert.x-eventloop-thread-0 BaseServiceProxy     : -> GET /v1/api/tickle,200|88ms
01:18:19.461 DEBUG vert.x-eventloop-thread-0 ClientPortalService  : tickle {"session":"5d39b9cf8e065d5995507eec372894cf","ssoExpires":330301,"collission":false,"userId":50301190,"hmds":{"error":"no bridge"},"iserver":{"authStatus":{"authenticated":false,"established":false,"competing":false,"connected":false,"MAC":null}}}
01:18:49.431 INFO  vert.x-eventloop-thread-0 BaseServiceProxy     : -> GET /v1/api/tickle,200|57ms
01:18:49.432 DEBUG vert.x-eventloop-thread-0 ClientPortalService  : tickle {"session":"5d39b9cf8e065d5995507eec372894cf","ssoExpires":300328,"collission":false,"userId":50301190,"hmds":{"error":"no bridge"},"iserver":{"authStatus":{"authenticated":false,"established":false,"competing":false,"connected":false,"MAC":null}}}
01:19:19.437 INFO  vert.x-eventloop-thread-0 BaseServiceProxy     : -> GET /v1/api/tickle,200|64ms
01:19:19.438 DEBUG vert.x-eventloop-thread-0 ClientPortalService  : tickle {"session":"5d39b9cf8e065d5995507eec372894cf","ssoExpires":270321,"collission":false,"userId":50301190,"hmds":{"error":"no bridge"},"iserver":{"authStatus":{"authenticated":false,"established":false,"competing":false,"connected":false,"MAC":null}}}
01:19:49.430 INFO  vert.x-eventloop-thread-0 BaseServiceProxy     : -> GET /v1/api/tickle,200|58ms
01:19:49.430 DEBUG vert.x-eventloop-thread-0 ClientPortalService  : tickle {"session":"5d39b9cf8e065d5995507eec372894cf","ssoExpires":240328,"collission":false,"userId":50301190,"hmds":{"error":"no bridge"},"iserver":{"authStatus":{"authenticated":false,"established":false,"competing":false,"connected":false,"MAC":null}}}
01:20:19.497 INFO  vert.x-eventloop-thread-0 BaseServiceProxy     : -> GET /v1/api/tickle,200|123ms
01:20:19.498 DEBUG vert.x-eventloop-thread-0 ClientPortalService  : tickle {"session":"5d39b9cf8e065d5995507eec372894cf","ssoExpires":210283,"collission":false,"userId":50301190,"hmds":{"error":"no bridge"},"iserver":{"authStatus":{"authenticated":false,"established":false,"competing":false,"connected":false,"MAC":null}}}
01:20:49.433 INFO  vert.x-eventloop-thread-0 BaseServiceProxy     : -> GET /v1/api/tickle,200|59ms
01:20:49.434 DEBUG vert.x-eventloop-thread-0 ClientPortalService  : tickle {"session":"5d39b9cf8e065d5995507eec372894cf","ssoExpires":180325,"collission":false,"userId":50301190,"hmds":{"error":"no bridge"},"iserver":{"authStatus":{"authenticated":false,"established":false,"competing":false,"connected":false,"MAC":null}}}
01:21:19.436 INFO  vert.x-eventloop-thread-0 BaseServiceProxy     : -> GET /v1/api/tickle,200|63ms
01:21:19.437 DEBUG vert.x-eventloop-thread-0 ClientPortalService  : tickle {"session":"5d39b9cf8e065d5995507eec372894cf","ssoExpires":150322,"collission":false,"userId":50301190,"hmds":{"error":"no bridge"},"iserver":{"authStatus":{"authenticated":false,"established":false,"competing":false,"connected":false,"MAC":null}}}
01:21:49.454 INFO  vert.x-eventloop-thread-0 BaseServiceProxy     : -> GET /v1/api/tickle,200|81ms
01:21:49.455 DEBUG vert.x-eventloop-thread-0 ClientPortalService  : tickle {"session":"5d39b9cf8e065d5995507eec372894cf","ssoExpires":120322,"collission":false,"userId":50301190,"hmds":{"error":"no bridge"},"iserver":{"authStatus":{"authenticated":false,"established":false,"competing":false,"connected":false,"MAC":null}}}
01:22:14.446 INFO  vert.x-eventloop-thread-0 BaseServiceProxy     : -> GET /sso/ping,200|295ms
01:22:14.448 INFO  vert.x-eventloop-thread-0 SsoService           : sso ping {"result": "false"}
01:22:19.437 INFO  vert.x-eventloop-thread-0 BaseServiceProxy     : -> GET /v1/api/tickle,200|63ms
01:22:19.438 DEBUG vert.x-eventloop-thread-0 ClientPortalService  : tickle {"session":"5d39b9cf8e065d5995507eec372894cf","ssoExpires":90322,"collission":false,"userId":50301190,"hmds":{"error":"no bridge"},"iserver":{"authStatus":{"authenticated":false,"established":false,"competing":false,"connected":false,"MAC":null}}}
01:37:46.891 ERROR vert.x-eventloop-thread-0 ConnectionBase       : java.net.SocketException: Connection reset
01:37:46.892 ERROR vert.x-eventloop-thread-0 BaseServiceProxy     : request failed Connection reset
java.net.SocketException: Connection reset
	at java.base/sun.nio.ch.SocketChannelImpl.throwConnectionReset(SocketChannelImpl.java:394)
	at java.base/sun.nio.ch.SocketChannelImpl.read(SocketChannelImpl.java:426)
	at io.netty.buffer.PooledUnsafeDirectByteBuf.setBytes(PooledUnsafeDirectByteBuf.java:288)
	at io.netty.buffer.AbstractByteBuf.writeBytes(AbstractByteBuf.java:1106)
	at io.netty.channel.socket.nio.NioSocketChannel.doReadBytes(NioSocketChannel.java:373)
	at io.netty.channel.nio.AbstractNioByteChannel$NioByteUnsafe.read(AbstractNioByteChannel.java:123)
	at io.netty.channel.nio.NioEventLoop.processSelectedKey(NioEventLoop.java:645)
	at io.netty.channel.nio.NioEventLoop.processSelectedKeysPlain(NioEventLoop.java:545)
	at io.netty.channel.nio.NioEventLoop.processSelectedKeys(NioEventLoop.java:499)
	at io.netty.channel.nio.NioEventLoop.run(NioEventLoop.java:459)
	at io.netty.util.concurrent.SingleThreadEventExecutor$5.run(SingleThreadEventExecutor.java:858)
	at java.base/java.lang.Thread.run(Thread.java:842)
01:38:17.286 INFO  vert.x-eventloop-thread-0 BaseServiceProxy     : -> GET /v1/api/tickle,200|400ms
01:38:17.287 DEBUG vert.x-eventloop-thread-0 ClientPortalService  : tickle {"session":"0677e2071a3dba37436d82492e80aa70","ssoExpires":600000,"collission":false,"userId":50301190,"hmds":{"error":"no bridge"},"iserver":{"authStatus":{"authenticated":false,"established":false,"competing":false,"connected":false,"MAC":null}}}
01:38:47.025 INFO  vert.x-eventloop-thread-0 BaseServiceProxy     : -> GET /v1/api/tickle,200|139ms
01:38:47.026 DEBUG vert.x-eventloop-thread-0 ClientPortalService  : tickle {"session":"0677e2071a3dba37436d82492e80aa70","ssoExpires":570271,"collission":false,"userId":50301190,"hmds":{"error":"no bridge"},"iserver":{"authStatus":{"authenticated":false,"established":false,"competing":false,"connected":false,"MAC":null}}}
01:39:16.961 INFO  vert.x-eventloop-thread-0 BaseServiceProxy     : -> GET /v1/api/tickle,200|73ms
01:39:16.963 DEBUG vert.x-eventloop-thread-0 ClientPortalService  : tickle {"session":"0677e2071a3dba37436d82492e80aa70","ssoExpires":540299,"collission":false,"userId":50301190,"hmds":{"error":"no bridge"},"iserver":{"authStatus":{"authenticated":false,"established":false,"competing":false,"connected":false,"MAC":null}}}
01:39:46.944 INFO  vert.x-eventloop-thread-0 BaseServiceProxy     : -> GET /v1/api/tickle,200|58ms
01:39:46.944 DEBUG vert.x-eventloop-thread-0 ClientPortalService  : tickle {"session":"0677e2071a3dba37436d82492e80aa70","ssoExpires":510317,"collission":false,"userId":50301190,"hmds":{"error":"no bridge"},"iserver":{"authStatus":{"authenticated":false,"established":false,"competing":false,"connected":false,"MAC":null}}}
01:40:16.959 INFO  vert.x-eventloop-thread-0 BaseServiceProxy     : -> GET /v1/api/tickle,200|73ms
01:40:16.960 DEBUG vert.x-eventloop-thread-0 ClientPortalService  : tickle {"session":"0677e2071a3dba37436d82492e80aa70","ssoExpires":480318,"collission":false,"userId":50301190,"hmds":{"error":"no bridge"},"iserver":{"authStatus":{"authenticated":false,"established":false,"competing":false,"connected":false,"MAC":null}}}
01:40:46.959 INFO  vert.x-eventloop-thread-0 BaseServiceProxy     : -> GET /v1/api/tickle,200|71ms
01:40:46.960 DEBUG vert.x-eventloop-thread-0 ClientPortalService  : tickle {"session":"0677e2071a3dba37436d82492e80aa70","ssoExpires":450304,"collission":false,"userId":50301190,"hmds":{"error":"no bridge"},"iserver":{"authStatus":{"authenticated":false,"established":false,"competing":false,"connected":false,"MAC":null}}}
01:41:16.947 INFO  vert.x-eventloop-thread-0 BaseServiceProxy     : -> GET /v1/api/tickle,200|62ms
01:41:16.947 DEBUG vert.x-eventloop-thread-0 ClientPortalService  : tickle {"session":"0677e2071a3dba37436d82492e80aa70","ssoExpires":420313,"collission":false,"userId":50301190,"hmds":{"error":"no bridge"},"iserver":{"authStatus":{"authenticated":false,"established":false,"competing":false,"connected":false,"MAC":null}}}
01:41:46.948 INFO  vert.x-eventloop-thread-0 BaseServiceProxy     : -> GET /v1/api/tickle,200|62ms
01:41:46.949 DEBUG vert.x-eventloop-thread-0 ClientPortalService  : tickle {"session":"0677e2071a3dba37436d82492e80aa70","ssoExpires":390312,"collission":false,"userId":50301190,"hmds":{"error":"no bridge"},"iserver":{"authStatus":{"authenticated":false,"established":false,"competing":false,"connected":false,"MAC":null}}}
01:42:11.986 INFO  vert.x-eventloop-thread-0 BaseServiceProxy     : -> GET /sso/ping,200|322ms
01:42:11.987 INFO  vert.x-eventloop-thread-0 SsoService           : sso ping {"result": "true"}
01:42:16.945 INFO  vert.x-eventloop-thread-0 BaseServiceProxy     : -> GET /v1/api/tickle,200|59ms
01:42:16.946 DEBUG vert.x-eventloop-thread-0 ClientPortalService  : tickle {"session":"0677e2071a3dba37436d82492e80aa70","ssoExpires":360315,"collission":false,"userId":50301190,"hmds":{"error":"no bridge"},"iserver":{"authStatus":{"authenticated":false,"established":false,"competing":false,"connected":false,"MAC":null}}}
01:42:46.944 INFO  vert.x-eventloop-thread-0 BaseServiceProxy     : -> GET /v1/api/tickle,200|58ms
01:42:46.945 DEBUG vert.x-eventloop-thread-0 ClientPortalService  : tickle {"session":"0677e2071a3dba37436d82492e80aa70","ssoExpires":330319,"collission":false,"userId":50301190,"hmds":{"error":"no bridge"},"iserver":{"authStatus":{"authenticated":false,"established":false,"competing":false,"connected":false,"MAC":null}}}
01:53:10.038 ERROR vert.x-eventloop-thread-0 ConnectionBase       : java.net.SocketException: Connection reset
01:53:10.040 ERROR vert.x-eventloop-thread-0 BaseServiceProxy     : request failed Connection reset
java.net.SocketException: Connection reset
	at java.base/sun.nio.ch.SocketChannelImpl.throwConnectionReset(SocketChannelImpl.java:394)
	at java.base/sun.nio.ch.SocketChannelImpl.read(SocketChannelImpl.java:426)
	at io.netty.buffer.PooledUnsafeDirectByteBuf.setBytes(PooledUnsafeDirectByteBuf.java:288)
	at io.netty.buffer.AbstractByteBuf.writeBytes(AbstractByteBuf.java:1106)
	at io.netty.channel.socket.nio.NioSocketChannel.doReadBytes(NioSocketChannel.java:373)
	at io.netty.channel.nio.AbstractNioByteChannel$NioByteUnsafe.read(AbstractNioByteChannel.java:123)
	at io.netty.channel.nio.NioEventLoop.processSelectedKey(NioEventLoop.java:645)
	at io.netty.channel.nio.NioEventLoop.processSelectedKeysPlain(NioEventLoop.java:545)
	at io.netty.channel.nio.NioEventLoop.processSelectedKeys(NioEventLoop.java:499)
	at io.netty.channel.nio.NioEventLoop.run(NioEventLoop.java:459)
	at io.netty.util.concurrent.SingleThreadEventExecutor$5.run(SingleThreadEventExecutor.java:858)
	at java.base/java.lang.Thread.run(Thread.java:842)
01:53:40.956 INFO  vert.x-eventloop-thread-0 BaseServiceProxy     : -> GET /v1/api/tickle,200|374ms
01:53:40.957 DEBUG vert.x-eventloop-thread-0 ClientPortalService  : tickle {"session":"0677e2071a3dba37436d82492e80aa70","ssoExpires":600000,"collission":false,"userId":50301190,"hmds":{"error":"no bridge"},"iserver":{"authStatus":{"authenticated":false,"established":false,"competing":false,"connected":false,"MAC":null}}}
01:54:10.637 INFO  vert.x-eventloop-thread-0 BaseServiceProxy     : -> GET /v1/api/tickle,200|57ms
01:54:10.637 DEBUG vert.x-eventloop-thread-0 ClientPortalService  : tickle {"session":"0677e2071a3dba37436d82492e80aa70","ssoExpires":570318,"collission":false,"userId":50301190,"hmds":{"error":"no bridge"},"iserver":{"authStatus":{"authenticated":false,"established":false,"competing":false,"connected":false,"MAC":null}}}
01:54:40.638 INFO  vert.x-eventloop-thread-0 BaseServiceProxy     : -> GET /v1/api/tickle,200|58ms
01:54:40.639 DEBUG vert.x-eventloop-thread-0 ClientPortalService  : tickle {"session":"0677e2071a3dba37436d82492e80aa70","ssoExpires":540313,"collission":false,"userId":50301190,"hmds":{"error":"no bridge"},"iserver":{"authStatus":{"authenticated":false,"established":false,"competing":false,"connected":false,"MAC":null}}}
01:55:10.641 INFO  vert.x-eventloop-thread-0 BaseServiceProxy     : -> GET /v1/api/tickle,200|61ms
01:55:10.642 DEBUG vert.x-eventloop-thread-0 ClientPortalService  : tickle {"session":"0677e2071a3dba37436d82492e80aa70","ssoExpires":510315,"collission":false,"userId":50301190,"hmds":{"error":"no bridge"},"iserver":{"authStatus":{"authenticated":false,"established":false,"competing":false,"connected":false,"MAC":null}}}
01:55:40.644 INFO  vert.x-eventloop-thread-0 BaseServiceProxy     : -> GET /v1/api/tickle,200|65ms
01:55:40.646 DEBUG vert.x-eventloop-thread-0 ClientPortalService  : tickle {"session":"0677e2071a3dba37436d82492e80aa70","ssoExpires":480308,"collission":false,"userId":50301190,"hmds":{"error":"no bridge"},"iserver":{"authStatus":{"authenticated":false,"established":false,"competing":false,"connected":false,"MAC":null}}}
01:56:10.643 INFO  vert.x-eventloop-thread-0 BaseServiceProxy     : -> GET /v1/api/tickle,200|63ms
01:56:10.645 DEBUG vert.x-eventloop-thread-0 ClientPortalService  : tickle {"session":"0677e2071a3dba37436d82492e80aa70","ssoExpires":450310,"collission":false,"userId":50301190,"hmds":{"error":"no bridge"},"iserver":{"authStatus":{"authenticated":false,"established":false,"competing":false,"connected":false,"MAC":null}}}
01:56:40.637 INFO  vert.x-eventloop-thread-0 BaseServiceProxy     : -> GET /v1/api/tickle,200|59ms
01:56:40.639 DEBUG vert.x-eventloop-thread-0 ClientPortalService  : tickle {"session":"0677e2071a3dba37436d82492e80aa70","ssoExpires":420314,"collission":false,"userId":50301190,"hmds":{"error":"no bridge"},"iserver":{"authStatus":{"authenticated":false,"established":false,"competing":false,"connected":false,"MAC":null}}}
01:57:05.649 INFO  vert.x-eventloop-thread-0 BaseServiceProxy     : -> GET /sso/ping,200|285ms
01:57:05.651 INFO  vert.x-eventloop-thread-0 SsoService           : sso ping {"result": "true"}
01:57:10.626 INFO  vert.x-eventloop-thread-0 BaseServiceProxy     : -> GET /v1/api/tickle,200|47ms
01:57:10.628 DEBUG vert.x-eventloop-thread-0 ClientPortalService  : tickle {"session":"0677e2071a3dba37436d82492e80aa70","ssoExpires":390324,"collission":false,"userId":50301190,"hmds":{"error":"no bridge"},"iserver":{"authStatus":{"authenticated":false,"established":false,"competing":false,"connected":false,"MAC":null}}}
01:57:40.667 INFO  vert.x-eventloop-thread-0 BaseServiceProxy     : -> GET /v1/api/tickle,200|88ms
01:57:40.669 DEBUG vert.x-eventloop-thread-0 ClientPortalService  : tickle {"session":"0677e2071a3dba37436d82492e80aa70","ssoExpires":360314,"collission":false,"userId":50301190,"hmds":{"error":"no bridge"},"iserver":{"authStatus":{"authenticated":false,"established":false,"competing":false,"connected":false,"MAC":null}}}
01:58:10.645 INFO  vert.x-eventloop-thread-0 BaseServiceProxy     : -> GET /v1/api/tickle,200|65ms
01:58:10.647 DEBUG vert.x-eventloop-thread-0 ClientPortalService  : tickle {"session":"0677e2071a3dba37436d82492e80aa70","ssoExpires":330313,"collission":false,"userId":50301190,"hmds":{"error":"no bridge"},"iserver":{"authStatus":{"authenticated":false,"established":false,"competing":false,"connected":false,"MAC":null}}}
01:58:40.633 INFO  vert.x-eventloop-thread-0 BaseServiceProxy     : -> GET /v1/api/tickle,200|55ms
01:58:40.634 DEBUG vert.x-eventloop-thread-0 ClientPortalService  : tickle {"session":"0677e2071a3dba37436d82492e80aa70","ssoExpires":300318,"collission":false,"userId":50301190,"hmds":{"error":"no bridge"},"iserver":{"authStatus":{"authenticated":false,"established":false,"competing":false,"connected":false,"MAC":null}}}
01:59:10.678 INFO  vert.x-eventloop-thread-0 BaseServiceProxy     : -> GET /v1/api/tickle,200|98ms
01:59:10.679 DEBUG vert.x-eventloop-thread-0 ClientPortalService  : tickle {"session":"0677e2071a3dba37436d82492e80aa70","ssoExpires":270313,"collission":false,"userId":50301190,"hmds":{"error":"no bridge"},"iserver":{"authStatus":{"authenticated":false,"established":false,"competing":false,"connected":false,"MAC":null}}}
01:59:40.636 INFO  vert.x-eventloop-thread-0 BaseServiceProxy     : -> GET /v1/api/tickle,200|57ms
01:59:40.639 DEBUG vert.x-eventloop-thread-0 ClientPortalService  : tickle {"session":"0677e2071a3dba37436d82492e80aa70","ssoExpires":240316,"collission":false,"userId":50301190,"hmds":{"error":"no bridge"},"iserver":{"authStatus":{"authenticated":false,"established":false,"competing":false,"connected":false,"MAC":null}}}
02:00:10.634 INFO  vert.x-eventloop-thread-0 BaseServiceProxy     : -> GET /v1/api/tickle,200|55ms
02:00:10.636 DEBUG vert.x-eventloop-thread-0 ClientPortalService  : tickle {"session":"0677e2071a3dba37436d82492e80aa70","ssoExpires":210319,"collission":false,"userId":50301190,"hmds":{"error":"no bridge"},"iserver":{"authStatus":{"authenticated":false,"established":false,"competing":false,"connected":false,"MAC":null}}}
02:00:40.634 INFO  vert.x-eventloop-thread-0 BaseServiceProxy     : -> GET /v1/api/tickle,200|56ms
02:00:40.635 DEBUG vert.x-eventloop-thread-0 ClientPortalService  : tickle {"session":"0677e2071a3dba37436d82492e80aa70","ssoExpires":180319,"collission":false,"userId":50301190,"hmds":{"error":"no bridge"},"iserver":{"authStatus":{"authenticated":false,"established":false,"competing":false,"connected":false,"MAC":null}}}
02:01:10.640 INFO  vert.x-eventloop-thread-0 BaseServiceProxy     : -> GET /v1/api/tickle,200|61ms
02:01:10.641 DEBUG vert.x-eventloop-thread-0 ClientPortalService  : tickle {"session":"0677e2071a3dba37436d82492e80aa70","ssoExpires":150311,"collission":false,"userId":50301190,"hmds":{"error":"no bridge"},"iserver":{"authStatus":{"authenticated":false,"established":false,"competing":false,"connected":false,"MAC":null}}}
02:01:40.635 INFO  vert.x-eventloop-thread-0 BaseServiceProxy     : -> GET /v1/api/tickle,200|57ms
02:01:40.636 DEBUG vert.x-eventloop-thread-0 ClientPortalService  : tickle {"session":"0677e2071a3dba37436d82492e80aa70","ssoExpires":120318,"collission":false,"userId":50301190,"hmds":{"error":"no bridge"},"iserver":{"authStatus":{"authenticated":false,"established":false,"competing":false,"connected":false,"MAC":null}}}
02:02:05.639 INFO  vert.x-eventloop-thread-0 BaseServiceProxy     : -> GET /sso/ping,200|284ms
02:02:05.641 INFO  vert.x-eventloop-thread-0 SsoService           : sso ping {"result": "true"}
02:02:10.635 INFO  vert.x-eventloop-thread-0 BaseServiceProxy     : -> GET /v1/api/tickle,200|57ms
02:02:10.635 DEBUG vert.x-eventloop-thread-0 ClientPortalService  : tickle {"session":"0677e2071a3dba37436d82492e80aa70","ssoExpires":90314,"collission":false,"userId":50301190,"hmds":{"error":"no bridge"},"iserver":{"authStatus":{"authenticated":false,"established":false,"competing":false,"connected":false,"MAC":null}}}
02:02:40.634 INFO  vert.x-eventloop-thread-0 BaseServiceProxy     : -> GET /v1/api/tickle,200|55ms
02:02:40.637 DEBUG vert.x-eventloop-thread-0 ClientPortalService  : tickle {"session":"0677e2071a3dba37436d82492e80aa70","ssoExpires":60315,"collission":false,"userId":50301190,"hmds":{"error":"no bridge"},"iserver":{"authStatus":{"authenticated":false,"established":false,"competing":false,"connected":false,"MAC":null}}}
02:03:10.636 INFO  vert.x-eventloop-thread-0 BaseServiceProxy     : -> GET /v1/api/tickle,200|58ms
02:03:10.637 DEBUG vert.x-eventloop-thread-0 ClientPortalService  : tickle {"session":"0677e2071a3dba37436d82492e80aa70","ssoExpires":30315,"collission":false,"userId":50301190,"hmds":{"error":"no bridge"},"iserver":{"authStatus":{"authenticated":false,"established":false,"competing":false,"connected":false,"MAC":null}}}
02:03:40.632 INFO  vert.x-eventloop-thread-0 BaseServiceProxy     : -> GET /v1/api/tickle,200|54ms
02:03:40.633 DEBUG vert.x-eventloop-thread-0 ClientPortalService  : tickle {"session":"0677e2071a3dba37436d82492e80aa70","ssoExpires":319,"collission":false,"userId":50301190,"hmds":{"error":"no bridge"},"iserver":{"authStatus":{"authenticated":false,"established":false,"competing":false,"connected":false,"MAC":null}}}
02:04:10.993 INFO  vert.x-eventloop-thread-0 BaseServiceProxy     : -> GET /v1/api/tickle,200|417ms
02:04:10.995 DEBUG vert.x-eventloop-thread-0 ClientPortalService  : tickle {"session":"0677e2071a3dba37436d82492e80aa70","ssoExpires":600000,"collission":false,"userId":50301190,"hmds":{"error":"no bridge"},"iserver":{"authStatus":{"authenticated":false,"established":false,"competing":false,"connected":false,"MAC":null}}}
02:04:40.628 INFO  vert.x-eventloop-thread-0 BaseServiceProxy     : -> GET /v1/api/tickle,200|50ms
02:04:40.628 DEBUG vert.x-eventloop-thread-0 ClientPortalService  : tickle {"session":"0677e2071a3dba37436d82492e80aa70","ssoExpires":570265,"collission":false,"userId":50301190,"hmds":{"error":"no bridge"},"iserver":{"authStatus":{"authenticated":false,"established":false,"competing":false,"connected":false,"MAC":null}}}
02:05:10.638 INFO  vert.x-eventloop-thread-0 BaseServiceProxy     : -> GET /v1/api/tickle,200|60ms
02:05:10.639 DEBUG vert.x-eventloop-thread-0 ClientPortalService  : tickle {"session":"0677e2071a3dba37436d82492e80aa70","ssoExpires":540257,"collission":false,"userId":50301190,"hmds":{"error":"no bridge"},"iserver":{"authStatus":{"authenticated":false,"established":false,"competing":false,"connected":false,"MAC":null}}}
02:05:40.633 INFO  vert.x-eventloop-thread-0 BaseServiceProxy     : -> GET /v1/api/tickle,200|56ms
02:05:40.634 DEBUG vert.x-eventloop-thread-0 ClientPortalService  : tickle {"session":"0677e2071a3dba37436d82492e80aa70","ssoExpires":510262,"collission":false,"userId":50301190,"hmds":{"error":"no bridge"},"iserver":{"authStatus":{"authenticated":false,"established":false,"competing":false,"connected":false,"MAC":null}}}
02:06:10.633 INFO  vert.x-eventloop-thread-0 BaseServiceProxy     : -> GET /v1/api/tickle,200|55ms
02:06:10.635 DEBUG vert.x-eventloop-thread-0 ClientPortalService  : tickle {"session":"0677e2071a3dba37436d82492e80aa70","ssoExpires":480260,"collission":false,"userId":50301190,"hmds":{"error":"no bridge"},"iserver":{"authStatus":{"authenticated":false,"established":false,"competing":false,"connected":false,"MAC":null}}}
02:06:40.629 INFO  vert.x-eventloop-thread-0 BaseServiceProxy     : -> GET /v1/api/tickle,200|52ms
02:06:40.632 DEBUG vert.x-eventloop-thread-0 ClientPortalService  : tickle {"session":"0677e2071a3dba37436d82492e80aa70","ssoExpires":450263,"collission":false,"userId":50301190,"hmds":{"error":"no bridge"},"iserver":{"authStatus":{"authenticated":false,"established":false,"competing":false,"connected":false,"MAC":null}}}
02:07:05.874 INFO  vert.x-eventloop-thread-0 BaseServiceProxy     : -> GET /sso/ping,200|520ms
02:07:05.877 INFO  vert.x-eventloop-thread-0 SsoService           : sso ping {"result": "true"}
02:07:10.633 INFO  vert.x-eventloop-thread-0 BaseServiceProxy     : -> GET /v1/api/tickle,200|56ms
02:07:10.633 DEBUG vert.x-eventloop-thread-0 ClientPortalService  : tickle {"session":"0677e2071a3dba37436d82492e80aa70","ssoExpires":420260,"collission":false,"userId":50301190,"hmds":{"error":"no bridge"},"iserver":{"authStatus":{"authenticated":false,"established":false,"competing":false,"connected":false,"MAC":null}}}
02:07:40.635 INFO  vert.x-eventloop-thread-0 BaseServiceProxy     : -> GET /v1/api/tickle,200|58ms
02:07:40.636 DEBUG vert.x-eventloop-thread-0 ClientPortalService  : tickle {"session":"0677e2071a3dba37436d82492e80aa70","ssoExpires":390257,"collission":false,"userId":50301190,"hmds":{"error":"no bridge"},"iserver":{"authStatus":{"authenticated":false,"established":false,"competing":false,"connected":false,"MAC":null}}}
02:08:10.657 INFO  vert.x-eventloop-thread-0 BaseServiceProxy     : -> GET /v1/api/tickle,200|80ms
02:08:10.659 DEBUG vert.x-eventloop-thread-0 ClientPortalService  : tickle {"session":"0677e2071a3dba37436d82492e80aa70","ssoExpires":360236,"collission":false,"userId":50301190,"hmds":{"error":"no bridge"},"iserver":{"authStatus":{"authenticated":false,"established":false,"competing":false,"connected":false,"MAC":null}}}
02:08:40.799 INFO  vert.x-eventloop-thread-0 BaseServiceProxy     : -> GET /v1/api/tickle,200|222ms
02:08:40.800 DEBUG vert.x-eventloop-thread-0 ClientPortalService  : tickle {"session":"0677e2071a3dba37436d82492e80aa70","ssoExpires":330094,"collission":false,"userId":50301190,"hmds":{"error":"no bridge"},"iserver":{"authStatus":{"authenticated":false,"established":false,"competing":false,"connected":false,"MAC":null}}}
02:09:10.642 INFO  vert.x-eventloop-thread-0 BaseServiceProxy     : -> GET /v1/api/tickle,200|64ms
02:09:10.645 DEBUG vert.x-eventloop-thread-0 ClientPortalService  : tickle {"session":"0677e2071a3dba37436d82492e80aa70","ssoExpires":300250,"collission":false,"userId":50301190,"hmds":{"error":"no bridge"},"iserver":{"authStatus":{"authenticated":false,"established":false,"competing":false,"connected":false,"MAC":null}}}
02:09:40.641 INFO  vert.x-eventloop-thread-0 BaseServiceProxy     : -> GET /v1/api/tickle,200|65ms
02:09:40.644 DEBUG vert.x-eventloop-thread-0 ClientPortalService  : tickle {"session":"0677e2071a3dba37436d82492e80aa70","ssoExpires":270251,"collission":false,"userId":50301190,"hmds":{"error":"no bridge"},"iserver":{"authStatus":{"authenticated":false,"established":false,"competing":false,"connected":false,"MAC":null}}}
02:10:10.649 INFO  vert.x-eventloop-thread-0 BaseServiceProxy     : -> GET /v1/api/tickle,200|72ms
02:10:10.650 DEBUG vert.x-eventloop-thread-0 ClientPortalService  : tickle {"session":"0677e2071a3dba37436d82492e80aa70","ssoExpires":240251,"collission":false,"userId":50301190,"hmds":{"error":"no bridge"},"iserver":{"authStatus":{"authenticated":false,"established":false,"competing":false,"connected":false,"MAC":null}}}
02:10:40.662 INFO  vert.x-eventloop-thread-0 BaseServiceProxy     : -> GET /v1/api/tickle,200|86ms
02:10:40.664 DEBUG vert.x-eventloop-thread-0 ClientPortalService  : tickle {"session":"0677e2071a3dba37436d82492e80aa70","ssoExpires":210230,"collission":false,"userId":50301190,"hmds":{"error":"no bridge"},"iserver":{"authStatus":{"authenticated":false,"established":false,"competing":false,"connected":false,"MAC":null}}}
02:11:10.644 INFO  vert.x-eventloop-thread-0 BaseServiceProxy     : -> GET /v1/api/tickle,200|67ms
02:11:10.646 DEBUG vert.x-eventloop-thread-0 ClientPortalService  : tickle {"session":"0677e2071a3dba37436d82492e80aa70","ssoExpires":180249,"collission":false,"userId":50301190,"hmds":{"error":"no bridge"},"iserver":{"authStatus":{"authenticated":false,"established":false,"competing":false,"connected":false,"MAC":null}}}
02:11:40.676 INFO  vert.x-eventloop-thread-0 BaseServiceProxy     : -> GET /v1/api/tickle,200|100ms
02:11:40.677 DEBUG vert.x-eventloop-thread-0 ClientPortalService  : tickle {"session":"0677e2071a3dba37436d82492e80aa70","ssoExpires":150214,"collission":false,"userId":50301190,"hmds":{"error":"no bridge"},"iserver":{"authStatus":{"authenticated":false,"established":false,"competing":false,"connected":false,"MAC":null}}}
02:12:06.074 INFO  vert.x-eventloop-thread-0 BaseServiceProxy     : -> GET /sso/ping,200|721ms
02:12:06.077 INFO  vert.x-eventloop-thread-0 SsoService           : sso ping {"result": "true"}
02:12:10.637 INFO  vert.x-eventloop-thread-0 BaseServiceProxy     : -> GET /v1/api/tickle,200|61ms
02:12:10.638 DEBUG vert.x-eventloop-thread-0 ClientPortalService  : tickle {"session":"0677e2071a3dba37436d82492e80aa70","ssoExpires":120255,"collission":false,"userId":50301190,"hmds":{"error":"no bridge"},"iserver":{"authStatus":{"authenticated":false,"established":false,"competing":false,"connected":false,"MAC":null}}}
02:12:40.634 INFO  vert.x-eventloop-thread-0 BaseServiceProxy     : -> GET /v1/api/tickle,200|57ms
02:12:40.638 DEBUG vert.x-eventloop-thread-0 ClientPortalService  : tickle {"session":"0677e2071a3dba37436d82492e80aa70","ssoExpires":90258,"collission":false,"userId":50301190,"hmds":{"error":"no bridge"},"iserver":{"authStatus":{"authenticated":false,"established":false,"competing":false,"connected":false,"MAC":null}}}
02:13:10.646 INFO  vert.x-eventloop-thread-0 BaseServiceProxy     : -> GET /v1/api/tickle,200|63ms
02:13:10.647 DEBUG vert.x-eventloop-thread-0 ClientPortalService  : tickle {"session":"0677e2071a3dba37436d82492e80aa70","ssoExpires":60245,"collission":false,"userId":50301190,"hmds":{"error":"no bridge"},"iserver":{"authStatus":{"authenticated":false,"established":false,"competing":false,"connected":false,"MAC":null}}}
02:13:40.640 INFO  vert.x-eventloop-thread-0 BaseServiceProxy     : -> GET /v1/api/tickle,200|63ms
02:13:40.641 DEBUG vert.x-eventloop-thread-0 ClientPortalService  : tickle {"session":"0677e2071a3dba37436d82492e80aa70","ssoExpires":30254,"collission":false,"userId":50301190,"hmds":{"error":"no bridge"},"iserver":{"authStatus":{"authenticated":false,"established":false,"competing":false,"connected":false,"MAC":null}}}
02:14:10.632 INFO  vert.x-eventloop-thread-0 BaseServiceProxy     : -> GET /v1/api/tickle,200|56ms
02:14:10.634 DEBUG vert.x-eventloop-thread-0 ClientPortalService  : tickle {"session":"0677e2071a3dba37436d82492e80aa70","ssoExpires":259,"collission":false,"userId":50301190,"hmds":{"error":"no bridge"},"iserver":{"authStatus":{"authenticated":false,"established":false,"competing":false,"connected":false,"MAC":null}}}
02:14:40.908 INFO  vert.x-eventloop-thread-0 BaseServiceProxy     : -> GET /v1/api/tickle,200|331ms
02:14:40.910 DEBUG vert.x-eventloop-thread-0 ClientPortalService  : tickle {"session":"0677e2071a3dba37436d82492e80aa70","ssoExpires":600000,"collission":false,"userId":50301190,"hmds":{"error":"no bridge"},"iserver":{"authStatus":{"authenticated":false,"established":false,"competing":false,"connected":false,"MAC":null}}}
02:15:10.660 INFO  vert.x-eventloop-thread-0 BaseServiceProxy     : -> GET /v1/api/tickle,200|85ms
02:15:10.662 DEBUG vert.x-eventloop-thread-0 ClientPortalService  : tickle {"session":"0677e2071a3dba37436d82492e80aa70","ssoExpires":570247,"collission":false,"userId":50301190,"hmds":{"error":"no bridge"},"iserver":{"authStatus":{"authenticated":false,"established":false,"competing":false,"connected":false,"MAC":null}}}
02:15:40.629 INFO  vert.x-eventloop-thread-0 BaseServiceProxy     : -> GET /v1/api/tickle,200|54ms
02:15:40.630 DEBUG vert.x-eventloop-thread-0 ClientPortalService  : tickle {"session":"0677e2071a3dba37436d82492e80aa70","ssoExpires":540272,"collission":false,"userId":50301190,"hmds":{"error":"no bridge"},"iserver":{"authStatus":{"authenticated":false,"established":false,"competing":false,"connected":false,"MAC":null}}}
02:16:10.636 INFO  vert.x-eventloop-thread-0 BaseServiceProxy     : -> GET /v1/api/tickle,200|60ms
02:16:10.637 DEBUG vert.x-eventloop-thread-0 ClientPortalService  : tickle {"session":"0677e2071a3dba37436d82492e80aa70","ssoExpires":510267,"collission":false,"userId":50301190,"hmds":{"error":"no bridge"},"iserver":{"authStatus":{"authenticated":false,"established":false,"competing":false,"connected":false,"MAC":null}}}
02:16:40.643 INFO  vert.x-eventloop-thread-0 BaseServiceProxy     : -> GET /v1/api/tickle,200|67ms
02:16:40.645 DEBUG vert.x-eventloop-thread-0 ClientPortalService  : tickle {"session":"0677e2071a3dba37436d82492e80aa70","ssoExpires":480265,"collission":false,"userId":50301190,"hmds":{"error":"no bridge"},"iserver":{"authStatus":{"authenticated":false,"established":false,"competing":false,"connected":false,"MAC":null}}}
02:17:05.849 INFO  vert.x-eventloop-thread-0 BaseServiceProxy     : -> GET /sso/ping,200|497ms
02:17:05.850 INFO  vert.x-eventloop-thread-0 SsoService           : sso ping {"result": "true"}
02:17:10.633 INFO  vert.x-eventloop-thread-0 BaseServiceProxy     : -> GET /v1/api/tickle,200|58ms
02:17:10.633 DEBUG vert.x-eventloop-thread-0 ClientPortalService  : tickle {"session":"0677e2071a3dba37436d82492e80aa70","ssoExpires":450267,"collission":false,"userId":50301190,"hmds":{"error":"no bridge"},"iserver":{"authStatus":{"authenticated":false,"established":false,"competing":false,"connected":false,"MAC":null}}}
02:17:40.630 INFO  vert.x-eventloop-thread-0 BaseServiceProxy     : -> GET /v1/api/tickle,200|55ms
02:17:40.631 DEBUG vert.x-eventloop-thread-0 ClientPortalService  : tickle {"session":"0677e2071a3dba37436d82492e80aa70","ssoExpires":420272,"collission":false,"userId":50301190,"hmds":{"error":"no bridge"},"iserver":{"authStatus":{"authenticated":false,"established":false,"competing":false,"connected":false,"MAC":null}}}
02:18:10.635 INFO  vert.x-eventloop-thread-0 BaseServiceProxy     : -> GET /v1/api/tickle,200|59ms
02:18:10.637 DEBUG vert.x-eventloop-thread-0 ClientPortalService  : tickle {"session":"0677e2071a3dba37436d82492e80aa70","ssoExpires":390265,"collission":false,"userId":50301190,"hmds":{"error":"no bridge"},"iserver":{"authStatus":{"authenticated":false,"established":false,"competing":false,"connected":false,"MAC":null}}}
02:18:40.639 INFO  vert.x-eventloop-thread-0 BaseServiceProxy     : -> GET /v1/api/tickle,200|64ms
02:18:40.641 DEBUG vert.x-eventloop-thread-0 ClientPortalService  : tickle {"session":"0677e2071a3dba37436d82492e80aa70","ssoExpires":360261,"collission":false,"userId":50301190,"hmds":{"error":"no bridge"},"iserver":{"authStatus":{"authenticated":false,"established":false,"competing":false,"connected":false,"MAC":null}}}
02:19:10.635 INFO  vert.x-eventloop-thread-0 BaseServiceProxy     : -> GET /v1/api/tickle,200|60ms
02:19:10.637 DEBUG vert.x-eventloop-thread-0 ClientPortalService  : tickle {"session":"0677e2071a3dba37436d82492e80aa70","ssoExpires":330264,"collission":false,"userId":50301190,"hmds":{"error":"no bridge"},"iserver":{"authStatus":{"authenticated":false,"established":false,"competing":false,"connected":false,"MAC":null}}}
02:19:40.634 INFO  vert.x-eventloop-thread-0 BaseServiceProxy     : -> GET /v1/api/tickle,200|59ms
02:19:40.636 DEBUG vert.x-eventloop-thread-0 ClientPortalService  : tickle {"session":"0677e2071a3dba37436d82492e80aa70","ssoExpires":300267,"collission":false,"userId":50301190,"hmds":{"error":"no bridge"},"iserver":{"authStatus":{"authenticated":false,"established":false,"competing":false,"connected":false,"MAC":null}}}
02:20:10.633 INFO  vert.x-eventloop-thread-0 BaseServiceProxy     : -> GET /v1/api/tickle,200|58ms
02:20:10.635 DEBUG vert.x-eventloop-thread-0 ClientPortalService  : tickle {"session":"0677e2071a3dba37436d82492e80aa70","ssoExpires":270269,"collission":false,"userId":50301190,"hmds":{"error":"no bridge"},"iserver":{"authStatus":{"authenticated":false,"established":false,"competing":false,"connected":false,"MAC":null}}}
02:20:40.888 INFO  vert.x-eventloop-thread-0 BaseServiceProxy     : -> GET /v1/api/tickle,200|313ms
02:20:40.890 DEBUG vert.x-eventloop-thread-0 ClientPortalService  : tickle {"session":"0677e2071a3dba37436d82492e80aa70","ssoExpires":240036,"collission":false,"userId":50301190,"hmds":{"error":"no bridge"},"iserver":{"authStatus":{"authenticated":false,"established":false,"competing":false,"connected":false,"MAC":null}}}
02:21:10.629 INFO  vert.x-eventloop-thread-0 BaseServiceProxy     : -> GET /v1/api/tickle,200|55ms
02:21:10.634 DEBUG vert.x-eventloop-thread-0 ClientPortalService  : tickle {"session":"0677e2071a3dba37436d82492e80aa70","ssoExpires":210272,"collission":false,"userId":50301190,"hmds":{"error":"no bridge"},"iserver":{"authStatus":{"authenticated":false,"established":false,"competing":false,"connected":false,"MAC":null}}}
02:21:40.641 INFO  vert.x-eventloop-thread-0 BaseServiceProxy     : -> GET /v1/api/tickle,200|66ms
02:21:40.641 DEBUG vert.x-eventloop-thread-0 ClientPortalService  : tickle {"session":"0677e2071a3dba37436d82492e80aa70","ssoExpires":180260,"collission":false,"userId":50301190,"hmds":{"error":"no bridge"},"iserver":{"authStatus":{"authenticated":false,"established":false,"competing":false,"connected":false,"MAC":null}}}
02:22:05.880 INFO  vert.x-eventloop-thread-0 BaseServiceProxy     : -> GET /sso/ping,200|529ms
02:22:05.882 INFO  vert.x-eventloop-thread-0 SsoService           : sso ping {"result": "true"}
02:22:10.631 INFO  vert.x-eventloop-thread-0 BaseServiceProxy     : -> GET /v1/api/tickle,200|57ms
02:22:10.632 DEBUG vert.x-eventloop-thread-0 ClientPortalService  : tickle {"session":"0677e2071a3dba37436d82492e80aa70","ssoExpires":150269,"collission":false,"userId":50301190,"hmds":{"error":"no bridge"},"iserver":{"authStatus":{"authenticated":false,"established":false,"competing":false,"connected":false,"MAC":null}}}
02:22:40.630 INFO  vert.x-eventloop-thread-0 BaseServiceProxy     : -> GET /v1/api/tickle,200|56ms
02:22:40.633 DEBUG vert.x-eventloop-thread-0 ClientPortalService  : tickle {"session":"0677e2071a3dba37436d82492e80aa70","ssoExpires":120271,"collission":false,"userId":50301190,"hmds":{"error":"no bridge"},"iserver":{"authStatus":{"authenticated":false,"established":false,"competing":false,"connected":false,"MAC":null}}}
02:23:10.632 INFO  vert.x-eventloop-thread-0 BaseServiceProxy     : -> GET /v1/api/tickle,200|59ms
02:23:10.633 DEBUG vert.x-eventloop-thread-0 ClientPortalService  : tickle {"session":"0677e2071a3dba37436d82492e80aa70","ssoExpires":90270,"collission":false,"userId":50301190,"hmds":{"error":"no bridge"},"iserver":{"authStatus":{"authenticated":false,"established":false,"competing":false,"connected":false,"MAC":null}}}
02:23:40.637 INFO  vert.x-eventloop-thread-0 BaseServiceProxy     : -> GET /v1/api/tickle,200|63ms
02:23:40.638 DEBUG vert.x-eventloop-thread-0 ClientPortalService  : tickle {"session":"0677e2071a3dba37436d82492e80aa70","ssoExpires":60262,"collission":false,"userId":50301190,"hmds":{"error":"no bridge"},"iserver":{"authStatus":{"authenticated":false,"established":false,"competing":false,"connected":false,"MAC":null}}}
02:24:10.647 INFO  vert.x-eventloop-thread-0 BaseServiceProxy     : -> GET /v1/api/tickle,200|65ms
02:24:10.649 DEBUG vert.x-eventloop-thread-0 ClientPortalService  : tickle {"session":"0677e2071a3dba37436d82492e80aa70","ssoExpires":30251,"collission":false,"userId":50301190,"hmds":{"error":"no bridge"},"iserver":{"authStatus":{"authenticated":false,"established":false,"competing":false,"connected":false,"MAC":null}}}
02:24:40.639 INFO  vert.x-eventloop-thread-0 BaseServiceProxy     : -> GET /v1/api/tickle,200|65ms
02:24:40.641 DEBUG vert.x-eventloop-thread-0 ClientPortalService  : tickle {"session":"0677e2071a3dba37436d82492e80aa70","ssoExpires":262,"collission":false,"userId":50301190,"hmds":{"error":"no bridge"},"iserver":{"authStatus":{"authenticated":false,"established":false,"competing":false,"connected":false,"MAC":null}}}
02:25:10.913 INFO  vert.x-eventloop-thread-0 BaseServiceProxy     : -> GET /v1/api/tickle,200|339ms
02:25:10.915 DEBUG vert.x-eventloop-thread-0 ClientPortalService  : tickle {"session":"0677e2071a3dba37436d82492e80aa70","ssoExpires":600000,"collission":false,"userId":50301190,"hmds":{"error":"no bridge"},"iserver":{"authStatus":{"authenticated":false,"established":false,"competing":false,"connected":false,"MAC":null}}}
02:42:57.265 ERROR vert.x-eventloop-thread-0 ConnectionBase       : java.net.SocketException: Connection reset
02:42:57.266 ERROR vert.x-eventloop-thread-0 BaseServiceProxy     : request failed Connection reset
java.net.SocketException: Connection reset
	at java.base/sun.nio.ch.SocketChannelImpl.throwConnectionReset(SocketChannelImpl.java:394)
	at java.base/sun.nio.ch.SocketChannelImpl.read(SocketChannelImpl.java:426)
	at io.netty.buffer.PooledUnsafeDirectByteBuf.setBytes(PooledUnsafeDirectByteBuf.java:288)
	at io.netty.buffer.AbstractByteBuf.writeBytes(AbstractByteBuf.java:1106)
	at io.netty.channel.socket.nio.NioSocketChannel.doReadBytes(NioSocketChannel.java:373)
	at io.netty.channel.nio.AbstractNioByteChannel$NioByteUnsafe.read(AbstractNioByteChannel.java:123)
	at io.netty.channel.nio.NioEventLoop.processSelectedKey(NioEventLoop.java:645)
	at io.netty.channel.nio.NioEventLoop.processSelectedKeysPlain(NioEventLoop.java:545)
	at io.netty.channel.nio.NioEventLoop.processSelectedKeys(NioEventLoop.java:499)
	at io.netty.channel.nio.NioEventLoop.run(NioEventLoop.java:459)
	at io.netty.util.concurrent.SingleThreadEventExecutor$5.run(SingleThreadEventExecutor.java:858)
	at java.base/java.lang.Thread.run(Thread.java:842)
04:23:01.827 INFO  vert.x-eventloop-thread-0 BaseServiceProxy     : -> GET /v1/api/tickle,401|904297ms
04:23:01.830 WARN  vert.x-eventloop-thread-0 BaseServiceProxy     : failed /v1/api/tickle | reason Access Denied
04:23:01.843 DEBUG vert.x-eventloop-thread-0 ClientPortalService  : tickle null
04:23:01.843 ERROR vert.x-eventloop-thread-0 ClientPortalService  : tickle cp session failed {}
io.vertx.core.impl.NoStackTraceThrowable: Access Denied
04:23:01.843 DEBUG vert.x-eventloop-thread-0 BaseServiceProxy     : cancel timer ClientPortalService 2
04:23:01.844 DEBUG vert.x-eventloop-thread-0 BaseServiceProxy     : forward event ON_CP_TICKLE_FAILED, payload none
04:23:02.172 INFO  vert.x-eventloop-thread-0 BaseServiceProxy     : -> GET /v1/api/sso/validate?gw=1,401|328ms
04:23:02.173 WARN  vert.x-eventloop-thread-0 BaseServiceProxy     : failed /v1/api/sso/validate?gw=1 | reason Access Denied
04:23:02.173 DEBUG vert.x-eventloop-thread-0 ClientPortalService  : portal validate response: null
04:23:02.173 ERROR vert.x-eventloop-thread-0 GatewayHttpProxy     : authentication to cp failed, retry 1
io.vertx.core.impl.NoStackTraceThrowable: Access Denied
04:23:02.186 DEBUG vert.x-eventloop-thread-0 BaseServiceProxy     : forward event CP_LOGIN_FAILED, payload none
04:23:02.186 INFO  vert.x-eventloop-thread-0 GatewayHttpProxy     : Unhandled event CP_LOGIN_FAILED
04:23:05.500 INFO  vert.x-eventloop-thread-0 BaseServiceProxy     : -> GET /v1/api/sso/validate?gw=1,401|314ms
04:23:05.500 WARN  vert.x-eventloop-thread-0 BaseServiceProxy     : failed /v1/api/sso/validate?gw=1 | reason Access Denied
04:23:05.500 DEBUG vert.x-eventloop-thread-0 ClientPortalService  : portal validate response: null
04:23:05.500 ERROR vert.x-eventloop-thread-0 GatewayHttpProxy     : authentication to cp failed, retry 2
io.vertx.core.impl.NoStackTraceThrowable: Access Denied
04:23:05.500 DEBUG vert.x-eventloop-thread-0 BaseServiceProxy     : forward event CP_LOGIN_FAILED, payload none
04:23:05.500 INFO  vert.x-eventloop-thread-0 GatewayHttpProxy     : Unhandled event CP_LOGIN_FAILED
04:23:16.943 INFO  vert.x-eventloop-thread-0 BaseServiceProxy     : -> GET /v1/api/sso/validate?gw=1,401|301ms
04:23:16.943 WARN  vert.x-eventloop-thread-0 BaseServiceProxy     : failed /v1/api/sso/validate?gw=1 | reason Access Denied
04:23:16.943 DEBUG vert.x-eventloop-thread-0 ClientPortalService  : portal validate response: null
04:23:16.943 ERROR vert.x-eventloop-thread-0 GatewayHttpProxy     : authentication to cp failed, retry 3
io.vertx.core.impl.NoStackTraceThrowable: Access Denied
04:23:16.944 DEBUG vert.x-eventloop-thread-0 BaseServiceProxy     : forward event CP_LOGIN_FAILED, payload none
04:23:16.944 INFO  vert.x-eventloop-thread-0 GatewayHttpProxy     : Unhandled event CP_LOGIN_FAILED
04:23:20.242 INFO  vert.x-eventloop-thread-0 BaseServiceProxy     : -> GET /v1/api/sso/validate?gw=1,401|297ms
04:23:20.242 WARN  vert.x-eventloop-thread-0 BaseServiceProxy     : failed /v1/api/sso/validate?gw=1 | reason Access Denied
04:23:20.243 DEBUG vert.x-eventloop-thread-0 ClientPortalService  : portal validate response: null
04:23:20.243 ERROR vert.x-eventloop-thread-0 GatewayHttpProxy     : authentication to cp failed, retry 4
io.vertx.core.impl.NoStackTraceThrowable: Access Denied
04:23:20.243 DEBUG vert.x-eventloop-thread-0 BaseServiceProxy     : forward event CP_LOGIN_FAILED, payload none
04:23:20.243 INFO  vert.x-eventloop-thread-0 GatewayHttpProxy     : Unhandled event CP_LOGIN_FAILED
04:26:18.984 INFO  vert.x-eventloop-thread-0 BaseServiceProxy     : -> GET /v1/api/sso/validate?gw=1,401|529ms
04:26:18.985 WARN  vert.x-eventloop-thread-0 BaseServiceProxy     : failed /v1/api/sso/validate?gw=1 | reason Access Denied
04:26:18.985 DEBUG vert.x-eventloop-thread-0 ClientPortalService  : portal validate response: null
04:26:18.985 ERROR vert.x-eventloop-thread-0 GatewayHttpProxy     : authentication to cp failed, retry 5
io.vertx.core.impl.NoStackTraceThrowable: Access Denied
04:26:18.985 ERROR vert.x-eventloop-thread-0 GatewayHttpProxy     : giving up ...
04:26:18.985 DEBUG vert.x-eventloop-thread-0 BaseServiceProxy     : forward event CP_LOGIN_FAILED, payload none
04:26:18.985 INFO  vert.x-eventloop-thread-0 GatewayHttpProxy     : Unhandled event CP_LOGIN_FAILED
06:20:04.614 ERROR vert.x-eventloop-thread-0 ConnectionBase       : java.net.SocketException: Connection reset
06:20:04.617 ERROR vert.x-eventloop-thread-0 BaseServiceProxy     : request failed Connection reset
java.net.SocketException: Connection reset
	at java.base/sun.nio.ch.SocketChannelImpl.throwConnectionReset(SocketChannelImpl.java:394)
	at java.base/sun.nio.ch.SocketChannelImpl.read(SocketChannelImpl.java:426)
	at io.netty.buffer.PooledUnsafeDirectByteBuf.setBytes(PooledUnsafeDirectByteBuf.java:288)
	at io.netty.buffer.AbstractByteBuf.writeBytes(AbstractByteBuf.java:1106)
	at io.netty.channel.socket.nio.NioSocketChannel.doReadBytes(NioSocketChannel.java:373)
	at io.netty.channel.nio.AbstractNioByteChannel$NioByteUnsafe.read(AbstractNioByteChannel.java:123)
	at io.netty.channel.nio.NioEventLoop.processSelectedKey(NioEventLoop.java:645)
	at io.netty.channel.nio.NioEventLoop.processSelectedKeysPlain(NioEventLoop.java:545)
	at io.netty.channel.nio.NioEventLoop.processSelectedKeys(NioEventLoop.java:499)
	at io.netty.channel.nio.NioEventLoop.run(NioEventLoop.java:459)
	at io.netty.util.concurrent.SingleThreadEventExecutor$5.run(SingleThreadEventExecutor.java:858)
	at java.base/java.lang.Thread.run(Thread.java:842)
09:32:23.427 ERROR vert.x-eventloop-thread-0 ConnectionBase       : java.net.SocketException: Connection reset
09:32:23.428 ERROR vert.x-eventloop-thread-0 BaseServiceProxy     : request failed Connection reset
java.net.SocketException: Connection reset
	at java.base/sun.nio.ch.SocketChannelImpl.throwConnectionReset(SocketChannelImpl.java:394)
	at java.base/sun.nio.ch.SocketChannelImpl.read(SocketChannelImpl.java:426)
	at io.netty.buffer.PooledUnsafeDirectByteBuf.setBytes(PooledUnsafeDirectByteBuf.java:288)
	at io.netty.buffer.AbstractByteBuf.writeBytes(AbstractByteBuf.java:1106)
	at io.netty.channel.socket.nio.NioSocketChannel.doReadBytes(NioSocketChannel.java:373)
	at io.netty.channel.nio.AbstractNioByteChannel$NioByteUnsafe.read(AbstractNioByteChannel.java:123)
	at io.netty.channel.nio.NioEventLoop.processSelectedKey(NioEventLoop.java:645)
	at io.netty.channel.nio.NioEventLoop.processSelectedKeysPlain(NioEventLoop.java:545)
	at io.netty.channel.nio.NioEventLoop.processSelectedKeys(NioEventLoop.java:499)
	at io.netty.channel.nio.NioEventLoop.run(NioEventLoop.java:459)
	at io.netty.util.concurrent.SingleThreadEventExecutor$5.run(SingleThreadEventExecutor.java:858)
	at java.base/java.lang.Thread.run(Thread.java:842)
09:37:23.800 INFO  vert.x-eventloop-thread-0 BaseServiceProxy     : -> GET /sso/ping,200|396ms
09:37:23.802 INFO  vert.x-eventloop-thread-0 SsoService           : sso ping {"result": "false"}
09:42:24.198 INFO  vert.x-eventloop-thread-0 BaseServiceProxy     : -> GET /sso/ping,200|794ms
09:42:24.199 INFO  vert.x-eventloop-thread-0 SsoService           : sso ping {"result": "true"}
09:47:23.885 INFO  vert.x-eventloop-thread-0 BaseServiceProxy     : -> GET /sso/ping,200|483ms
09:47:23.891 INFO  vert.x-eventloop-thread-0 SsoService           : sso ping {"result": "true"}
09:52:23.891 INFO  vert.x-eventloop-thread-0 BaseServiceProxy     : -> GET /sso/ping,200|490ms
09:52:23.896 INFO  vert.x-eventloop-thread-0 SsoService           : sso ping {"result": "true"}
09:57:23.723 INFO  vert.x-eventloop-thread-0 BaseServiceProxy     : -> GET /sso/ping,200|324ms
09:57:23.724 INFO  vert.x-eventloop-thread-0 SsoService           : sso ping {"result": "true"}
10:02:23.897 INFO  vert.x-eventloop-thread-0 BaseServiceProxy     : -> GET /sso/ping,200|500ms
10:02:23.900 INFO  vert.x-eventloop-thread-0 SsoService           : sso ping {"result": "true"}
10:46:40.708 ERROR vert.x-eventloop-thread-0 ConnectionBase       : java.net.SocketException: Connection reset
10:46:40.714 ERROR vert.x-eventloop-thread-0 BaseServiceProxy     : request failed Connection reset
java.net.SocketException: Connection reset
	at java.base/sun.nio.ch.SocketChannelImpl.throwConnectionReset(SocketChannelImpl.java:394)
	at java.base/sun.nio.ch.SocketChannelImpl.read(SocketChannelImpl.java:426)
	at io.netty.buffer.PooledUnsafeDirectByteBuf.setBytes(PooledUnsafeDirectByteBuf.java:288)
	at io.netty.buffer.AbstractByteBuf.writeBytes(AbstractByteBuf.java:1106)
	at io.netty.channel.socket.nio.NioSocketChannel.doReadBytes(NioSocketChannel.java:373)
	at io.netty.channel.nio.AbstractNioByteChannel$NioByteUnsafe.read(AbstractNioByteChannel.java:123)
	at io.netty.channel.nio.NioEventLoop.processSelectedKey(NioEventLoop.java:645)
	at io.netty.channel.nio.NioEventLoop.processSelectedKeysPlain(NioEventLoop.java:545)
	at io.netty.channel.nio.NioEventLoop.processSelectedKeys(NioEventLoop.java:499)
	at io.netty.channel.nio.NioEventLoop.run(NioEventLoop.java:459)
	at io.netty.util.concurrent.SingleThreadEventExecutor$5.run(SingleThreadEventExecutor.java:858)
	at java.base/java.lang.Thread.run(Thread.java:842)
10:51:41.074 INFO  vert.x-eventloop-thread-0 BaseServiceProxy     : -> GET /sso/ping,200|421ms
10:51:41.076 INFO  vert.x-eventloop-thread-0 SsoService           : sso ping {"result": "true"}
10:56:41.095 INFO  vert.x-eventloop-thread-0 BaseServiceProxy     : -> GET /sso/ping,200|445ms
10:56:41.096 INFO  vert.x-eventloop-thread-0 SsoService           : sso ping {"result": "true"}
11:01:41.150 INFO  vert.x-eventloop-thread-0 BaseServiceProxy     : -> GET /sso/ping,200|500ms
11:01:41.151 INFO  vert.x-eventloop-thread-0 SsoService           : sso ping {"result": "true"}
11:06:41.084 INFO  vert.x-eventloop-thread-0 BaseServiceProxy     : -> GET /sso/ping,200|440ms
11:06:41.087 INFO  vert.x-eventloop-thread-0 SsoService           : sso ping {"result": "true"}
11:11:40.919 INFO  vert.x-eventloop-thread-0 BaseServiceProxy     : -> GET /sso/ping,200|278ms
11:11:40.922 INFO  vert.x-eventloop-thread-0 SsoService           : sso ping {"result": "true"}
11:16:41.453 INFO  vert.x-eventloop-thread-0 BaseServiceProxy     : -> GET /sso/ping,200|823ms
11:16:41.454 INFO  vert.x-eventloop-thread-0 SsoService           : sso ping {"result": "true"}
11:21:41.118 INFO  vert.x-eventloop-thread-0 BaseServiceProxy     : -> GET /sso/ping,200|494ms
11:21:41.120 INFO  vert.x-eventloop-thread-0 SsoService           : sso ping {"result": "true"}
11:26:41.153 INFO  vert.x-eventloop-thread-0 BaseServiceProxy     : -> GET /sso/ping,200|529ms
11:26:41.155 INFO  vert.x-eventloop-thread-0 SsoService           : sso ping {"result": "true"}
11:31:41.170 INFO  vert.x-eventloop-thread-0 BaseServiceProxy     : -> GET /sso/ping,200|553ms
11:31:41.172 INFO  vert.x-eventloop-thread-0 SsoService           : sso ping {"result": "true"}
11:36:41.277 INFO  vert.x-eventloop-thread-0 BaseServiceProxy     : -> GET /sso/ping,200|664ms
11:36:41.283 INFO  vert.x-eventloop-thread-0 SsoService           : sso ping {"result": "true"}
11:41:40.933 INFO  vert.x-eventloop-thread-0 BaseServiceProxy     : -> GET /sso/ping,200|323ms
11:41:40.934 INFO  vert.x-eventloop-thread-0 SsoService           : sso ping {"result": "true"}
11:46:41.130 INFO  vert.x-eventloop-thread-0 BaseServiceProxy     : -> GET /sso/ping,200|509ms
11:46:41.131 INFO  vert.x-eventloop-thread-0 SsoService           : sso ping {"result": "true"}
11:51:40.916 INFO  vert.x-eventloop-thread-0 BaseServiceProxy     : -> GET /sso/ping,200|288ms
11:51:40.917 INFO  vert.x-eventloop-thread-0 SsoService           : sso ping {"result": "true"}
11:56:41.326 INFO  vert.x-eventloop-thread-0 BaseServiceProxy     : -> GET /sso/ping,200|704ms
11:56:41.330 INFO  vert.x-eventloop-thread-0 SsoService           : sso ping {"result": "true"}
12:01:41.065 INFO  vert.x-eventloop-thread-0 BaseServiceProxy     : -> GET /sso/ping,200|444ms
12:01:41.066 INFO  vert.x-eventloop-thread-0 SsoService           : sso ping {"result": "true"}
12:06:41.135 INFO  vert.x-eventloop-thread-0 BaseServiceProxy     : -> GET /sso/ping,200|445ms
12:06:41.137 INFO  vert.x-eventloop-thread-0 SsoService           : sso ping {"result": "true"}
12:11:41.221 INFO  vert.x-eventloop-thread-0 BaseServiceProxy     : -> GET /sso/ping,200|532ms
12:11:41.224 INFO  vert.x-eventloop-thread-0 SsoService           : sso ping {"result": "true"}
12:16:41.541 INFO  vert.x-eventloop-thread-0 BaseServiceProxy     : -> GET /sso/ping,200|850ms
12:16:41.544 INFO  vert.x-eventloop-thread-0 SsoService           : sso ping {"result": "true"}
12:21:41.137 INFO  vert.x-eventloop-thread-0 BaseServiceProxy     : -> GET /sso/ping,200|462ms
12:21:41.143 INFO  vert.x-eventloop-thread-0 SsoService           : sso ping {"result": "true"}
12:26:40.958 INFO  vert.x-eventloop-thread-0 BaseServiceProxy     : -> GET /sso/ping,200|284ms
12:26:40.973 INFO  vert.x-eventloop-thread-0 SsoService           : sso ping {"result": "true"}
12:31:41.213 INFO  vert.x-eventloop-thread-0 BaseServiceProxy     : -> GET /sso/ping,200|541ms
12:31:41.216 INFO  vert.x-eventloop-thread-0 SsoService           : sso ping {"result": "true"}
12:36:41.199 INFO  vert.x-eventloop-thread-0 BaseServiceProxy     : -> GET /sso/ping,200|514ms
12:36:41.200 INFO  vert.x-eventloop-thread-0 SsoService           : sso ping {"result": "true"}
12:41:41.088 INFO  vert.x-eventloop-thread-0 BaseServiceProxy     : -> GET /sso/ping,200|403ms
12:41:41.091 INFO  vert.x-eventloop-thread-0 SsoService           : sso ping {"result": "true"}
12:46:41.356 INFO  vert.x-eventloop-thread-0 BaseServiceProxy     : -> GET /sso/ping,200|671ms
12:46:41.358 INFO  vert.x-eventloop-thread-0 SsoService           : sso ping {"result": "true"}
12:51:41.034 INFO  vert.x-eventloop-thread-0 BaseServiceProxy     : -> GET /sso/ping,200|363ms
12:51:41.035 INFO  vert.x-eventloop-thread-0 SsoService           : sso ping {"result": "true"}
12:56:41.425 INFO  vert.x-eventloop-thread-0 BaseServiceProxy     : -> GET /sso/ping,200|756ms
12:56:41.429 INFO  vert.x-eventloop-thread-0 SsoService           : sso ping {"result": "true"}
13:01:41.014 INFO  vert.x-eventloop-thread-0 BaseServiceProxy     : -> GET /sso/ping,200|344ms
13:01:41.022 INFO  vert.x-eventloop-thread-0 SsoService           : sso ping {"result": "true"}
13:06:41.035 INFO  vert.x-eventloop-thread-0 BaseServiceProxy     : -> GET /sso/ping,200|366ms
13:06:41.037 INFO  vert.x-eventloop-thread-0 SsoService           : sso ping {"result": "true"}
13:11:41.425 INFO  vert.x-eventloop-thread-0 BaseServiceProxy     : -> GET /sso/ping,200|757ms
13:11:41.427 INFO  vert.x-eventloop-thread-0 SsoService           : sso ping {"result": "true"}
13:16:41.158 INFO  vert.x-eventloop-thread-0 BaseServiceProxy     : -> GET /sso/ping,200|491ms
13:16:41.160 INFO  vert.x-eventloop-thread-0 SsoService           : sso ping {"result": "true"}
13:21:40.982 INFO  vert.x-eventloop-thread-0 BaseServiceProxy     : -> GET /sso/ping,200|354ms
13:21:40.983 INFO  vert.x-eventloop-thread-0 SsoService           : sso ping {"result": "true"}
13:26:41.348 INFO  vert.x-eventloop-thread-0 BaseServiceProxy     : -> GET /sso/ping,200|719ms
13:26:41.349 INFO  vert.x-eventloop-thread-0 SsoService           : sso ping {"result": "true"}
13:31:41.345 INFO  vert.x-eventloop-thread-0 BaseServiceProxy     : -> GET /sso/ping,200|723ms
13:31:41.347 INFO  vert.x-eventloop-thread-0 SsoService           : sso ping {"result": "true"}
13:36:41.173 INFO  vert.x-eventloop-thread-0 BaseServiceProxy     : -> GET /sso/ping,200|488ms
13:36:41.174 INFO  vert.x-eventloop-thread-0 SsoService           : sso ping {"result": "true"}
13:41:41.194 INFO  vert.x-eventloop-thread-0 BaseServiceProxy     : -> GET /sso/ping,200|519ms
13:41:41.195 INFO  vert.x-eventloop-thread-0 SsoService           : sso ping {"result": "true"}
13:46:40.947 INFO  vert.x-eventloop-thread-0 BaseServiceProxy     : -> GET /sso/ping,200|272ms
13:46:40.949 INFO  vert.x-eventloop-thread-0 SsoService           : sso ping {"result": "true"}
13:51:41.129 INFO  vert.x-eventloop-thread-0 BaseServiceProxy     : -> GET /sso/ping,200|455ms
13:51:41.131 INFO  vert.x-eventloop-thread-0 SsoService           : sso ping {"result": "true"}
13:56:41.250 INFO  vert.x-eventloop-thread-0 BaseServiceProxy     : -> GET /sso/ping,200|576ms
13:56:41.253 INFO  vert.x-eventloop-thread-0 SsoService           : sso ping {"result": "true"}
14:01:40.973 INFO  vert.x-eventloop-thread-0 BaseServiceProxy     : -> GET /sso/ping,200|298ms
14:01:40.974 INFO  vert.x-eventloop-thread-0 SsoService           : sso ping {"result": "true"}
14:06:41.141 INFO  vert.x-eventloop-thread-0 BaseServiceProxy     : -> GET /sso/ping,200|491ms
14:06:41.143 INFO  vert.x-eventloop-thread-0 SsoService           : sso ping {"result": "true"}
14:11:41.286 INFO  vert.x-eventloop-thread-0 BaseServiceProxy     : -> GET /sso/ping,200|641ms
14:11:41.287 INFO  vert.x-eventloop-thread-0 SsoService           : sso ping {"result": "true"}
14:16:41.189 INFO  vert.x-eventloop-thread-0 BaseServiceProxy     : -> GET /sso/ping,200|547ms
14:16:41.191 INFO  vert.x-eventloop-thread-0 SsoService           : sso ping {"result": "true"}
14:21:41.106 INFO  vert.x-eventloop-thread-0 BaseServiceProxy     : -> GET /sso/ping,200|454ms
14:21:41.108 INFO  vert.x-eventloop-thread-0 SsoService           : sso ping {"result": "true"}
14:26:41.108 INFO  vert.x-eventloop-thread-0 BaseServiceProxy     : -> GET /sso/ping,200|456ms
14:26:41.109 INFO  vert.x-eventloop-thread-0 SsoService           : sso ping {"result": "true"}
14:31:41.280 INFO  vert.x-eventloop-thread-0 BaseServiceProxy     : -> GET /sso/ping,200|628ms
14:31:41.282 INFO  vert.x-eventloop-thread-0 SsoService           : sso ping {"result": "true"}
14:36:41.115 INFO  vert.x-eventloop-thread-0 BaseServiceProxy     : -> GET /sso/ping,200|479ms
14:36:41.118 INFO  vert.x-eventloop-thread-0 SsoService           : sso ping {"result": "true"}
14:49:59.630 ERROR vert.x-eventloop-thread-0 ConnectionBase       : java.net.SocketException: Connection reset
14:49:59.643 ERROR vert.x-eventloop-thread-0 BaseServiceProxy     : request failed Connection reset
java.net.SocketException: Connection reset
	at java.base/sun.nio.ch.SocketChannelImpl.throwConnectionReset(SocketChannelImpl.java:394)
	at java.base/sun.nio.ch.SocketChannelImpl.read(SocketChannelImpl.java:426)
	at io.netty.buffer.PooledUnsafeDirectByteBuf.setBytes(PooledUnsafeDirectByteBuf.java:288)
	at io.netty.buffer.AbstractByteBuf.writeBytes(AbstractByteBuf.java:1106)
	at io.netty.channel.socket.nio.NioSocketChannel.doReadBytes(NioSocketChannel.java:373)
	at io.netty.channel.nio.AbstractNioByteChannel$NioByteUnsafe.read(AbstractNioByteChannel.java:123)
	at io.netty.channel.nio.NioEventLoop.processSelectedKey(NioEventLoop.java:645)
	at io.netty.channel.nio.NioEventLoop.processSelectedKeysPlain(NioEventLoop.java:545)
	at io.netty.channel.nio.NioEventLoop.processSelectedKeys(NioEventLoop.java:499)
	at io.netty.channel.nio.NioEventLoop.run(NioEventLoop.java:459)
	at io.netty.util.concurrent.SingleThreadEventExecutor$5.run(SingleThreadEventExecutor.java:858)
	at java.base/java.lang.Thread.run(Thread.java:842)
14:54:59.973 INFO  vert.x-eventloop-thread-0 BaseServiceProxy     : -> GET /sso/ping,200|384ms
14:54:59.974 INFO  vert.x-eventloop-thread-0 SsoService           : sso ping {"result": "true"}
17:02:10.834 ERROR vert.x-eventloop-thread-0 ConnectionBase       : java.net.SocketException: Connection reset
17:02:10.844 ERROR vert.x-eventloop-thread-0 BaseServiceProxy     : request failed Connection reset
java.net.SocketException: Connection reset
	at java.base/sun.nio.ch.SocketChannelImpl.throwConnectionReset(SocketChannelImpl.java:394)
	at java.base/sun.nio.ch.SocketChannelImpl.read(SocketChannelImpl.java:426)
	at io.netty.buffer.PooledUnsafeDirectByteBuf.setBytes(PooledUnsafeDirectByteBuf.java:288)
	at io.netty.buffer.AbstractByteBuf.writeBytes(AbstractByteBuf.java:1106)
	at io.netty.channel.socket.nio.NioSocketChannel.doReadBytes(NioSocketChannel.java:373)
	at io.netty.channel.nio.AbstractNioByteChannel$NioByteUnsafe.read(AbstractNioByteChannel.java:123)
	at io.netty.channel.nio.NioEventLoop.processSelectedKey(NioEventLoop.java:645)
	at io.netty.channel.nio.NioEventLoop.processSelectedKeysPlain(NioEventLoop.java:545)
	at io.netty.channel.nio.NioEventLoop.processSelectedKeys(NioEventLoop.java:499)
	at io.netty.channel.nio.NioEventLoop.run(NioEventLoop.java:459)
	at io.netty.util.concurrent.SingleThreadEventExecutor$5.run(SingleThreadEventExecutor.java:858)
	at java.base/java.lang.Thread.run(Thread.java:842)
19:16:50.017 INFO  vert.x-eventloop-thread-0 BaseServiceProxy     : -> GET /sso/ping,200|397ms
19:16:50.024 INFO  vert.x-eventloop-thread-0 SsoService           : sso ping {"result": "false"}
19:21:49.932 INFO  vert.x-eventloop-thread-0 BaseServiceProxy     : -> GET /sso/ping,200|318ms
19:21:49.933 INFO  vert.x-eventloop-thread-0 SsoService           : sso ping {"result": "true"}
19:26:50.166 INFO  vert.x-eventloop-thread-0 BaseServiceProxy     : -> GET /sso/ping,200|555ms
19:26:50.167 INFO  vert.x-eventloop-thread-0 SsoService           : sso ping {"result": "true"}
19:31:49.903 INFO  vert.x-eventloop-thread-0 BaseServiceProxy     : -> GET /sso/ping,200|295ms
19:31:49.904 INFO  vert.x-eventloop-thread-0 SsoService           : sso ping {"result": "true"}
19:56:19.764 INFO  main GatewayStart         : config ../root/conf.yaml !!ibgroup.web.core.clientportal.gw.Config
authDelay: 3000
ccp: false
cors: {origin.allowed: '*', allowCredentials: false}
ip2loc: US
ips:
  allow: [192.*, 131.216.*, 127.0.0.1]
  deny: [212.90.324.10]
listenPort: 8080
listenSsl: true
portalBaseURL: ''
proxyRemoteHost: https://api.ibkr.com
proxyRemoteSsl: true
sslCert: vertx.jks
sslPwd: mywebapi
ssoPing: 5
svcEnvironment: v1
tst: false
twsBaseURL: /tws.proxy
webApps:
- {cache: true, index: index.html, listing: false, name: demo, proxy: ''}

19:56:19.892 INFO  vert.x-eventloop-thread-0 GatewayHttpProxy     :  -> mount demo on /demo
19:56:19.903 INFO  vert.x-eventloop-thread-0 GatewayVerticle      : version: a27ed42161ad96c53e715ca5c5e3e3fa4cff5262 Mon, 24 Apr 2023 15:41:53 -0400
19:56:19.903 INFO  vert.x-eventloop-thread-0 GatewayVerticle      : Java Version: 17.0.10
19:56:20.358 WARN  vert.x-eventloop-thread-0 DefaultChannelPipeline : An exceptionCaught() event was fired, and it reached at the tail of the pipeline. It usually means the last handler in the pipeline did not handle the exception.
io.netty.handler.codec.DecoderException: javax.net.ssl.SSLHandshakeException: Received fatal alert: certificate_unknown
	at io.netty.handler.codec.ByteToMessageDecoder.callDecode(ByteToMessageDecoder.java:459)
	at io.netty.handler.codec.ByteToMessageDecoder.channelRead(ByteToMessageDecoder.java:265)
	at io.netty.channel.AbstractChannelHandlerContext.invokeChannelRead(AbstractChannelHandlerContext.java:362)
	at io.netty.channel.AbstractChannelHandlerContext.invokeChannelRead(AbstractChannelHandlerContext.java:348)
	at io.netty.channel.AbstractChannelHandlerContext.fireChannelRead(AbstractChannelHandlerContext.java:340)
	at io.netty.channel.DefaultChannelPipeline$HeadContext.channelRead(DefaultChannelPipeline.java:1359)
	at io.netty.channel.AbstractChannelHandlerContext.invokeChannelRead(AbstractChannelHandlerContext.java:362)
	at io.netty.channel.AbstractChannelHandlerContext.invokeChannelRead(AbstractChannelHandlerContext.java:348)
	at io.netty.channel.DefaultChannelPipeline.fireChannelRead(DefaultChannelPipeline.java:935)
	at io.netty.channel.nio.AbstractNioByteChannel$NioByteUnsafe.read(AbstractNioByteChannel.java:134)
	at io.netty.channel.nio.NioEventLoop.processSelectedKey(NioEventLoop.java:645)
	at io.netty.channel.nio.NioEventLoop.processSelectedKeysPlain(NioEventLoop.java:545)
	at io.netty.channel.nio.NioEventLoop.processSelectedKeys(NioEventLoop.java:499)
	at io.netty.channel.nio.NioEventLoop.run(NioEventLoop.java:459)
	at io.netty.util.concurrent.SingleThreadEventExecutor$5.run(SingleThreadEventExecutor.java:858)
	at java.base/java.lang.Thread.run(Thread.java:842)
Caused by: javax.net.ssl.SSLHandshakeException: Received fatal alert: certificate_unknown
	at java.base/sun.security.ssl.Alert.createSSLException(Alert.java:131)
	at java.base/sun.security.ssl.Alert.createSSLException(Alert.java:117)
	at java.base/sun.security.ssl.TransportContext.fatal(TransportContext.java:365)
	at java.base/sun.security.ssl.Alert$AlertConsumer.consume(Alert.java:293)
	at java.base/sun.security.ssl.TransportContext.dispatch(TransportContext.java:204)
	at java.base/sun.security.ssl.SSLTransport.decode(SSLTransport.java:172)
	at java.base/sun.security.ssl.SSLEngineImpl.decode(SSLEngineImpl.java:736)
	at java.base/sun.security.ssl.SSLEngineImpl.readRecord(SSLEngineImpl.java:691)
	at java.base/sun.security.ssl.SSLEngineImpl.unwrap(SSLEngineImpl.java:506)
	at java.base/sun.security.ssl.SSLEngineImpl.unwrap(SSLEngineImpl.java:482)
	at java.base/javax.net.ssl.SSLEngine.unwrap(SSLEngine.java:679)
	at io.netty.handler.ssl.SslHandler$SslEngineType$3.unwrap(SslHandler.java:281)
	at io.netty.handler.ssl.SslHandler.unwrap(SslHandler.java:1215)
	at io.netty.handler.ssl.SslHandler.decodeJdkCompatible(SslHandler.java:1127)
	at io.netty.handler.ssl.SslHandler.decode(SslHandler.java:1162)
	at io.netty.handler.codec.ByteToMessageDecoder.decodeRemovalReentryProtection(ByteToMessageDecoder.java:489)
	at io.netty.handler.codec.ByteToMessageDecoder.callDecode(ByteToMessageDecoder.java:428)
	... 15 common frames omitted
19:56:20.359 WARN  vert.x-eventloop-thread-0 DefaultChannelPipeline : An exceptionCaught() event was fired, and it reached at the tail of the pipeline. It usually means the last handler in the pipeline did not handle the exception.
io.netty.handler.codec.DecoderException: javax.net.ssl.SSLHandshakeException: Received fatal alert: certificate_unknown
	at io.netty.handler.codec.ByteToMessageDecoder.callDecode(ByteToMessageDecoder.java:459)
	at io.netty.handler.codec.ByteToMessageDecoder.channelRead(ByteToMessageDecoder.java:265)
	at io.netty.channel.AbstractChannelHandlerContext.invokeChannelRead(AbstractChannelHandlerContext.java:362)
	at io.netty.channel.AbstractChannelHandlerContext.invokeChannelRead(AbstractChannelHandlerContext.java:348)
	at io.netty.channel.AbstractChannelHandlerContext.fireChannelRead(AbstractChannelHandlerContext.java:340)
	at io.netty.channel.DefaultChannelPipeline$HeadContext.channelRead(DefaultChannelPipeline.java:1359)
	at io.netty.channel.AbstractChannelHandlerContext.invokeChannelRead(AbstractChannelHandlerContext.java:362)
	at io.netty.channel.AbstractChannelHandlerContext.invokeChannelRead(AbstractChannelHandlerContext.java:348)
	at io.netty.channel.DefaultChannelPipeline.fireChannelRead(DefaultChannelPipeline.java:935)
	at io.netty.channel.nio.AbstractNioByteChannel$NioByteUnsafe.read(AbstractNioByteChannel.java:134)
	at io.netty.channel.nio.NioEventLoop.processSelectedKey(NioEventLoop.java:645)
	at io.netty.channel.nio.NioEventLoop.processSelectedKeysPlain(NioEventLoop.java:545)
	at io.netty.channel.nio.NioEventLoop.processSelectedKeys(NioEventLoop.java:499)
	at io.netty.channel.nio.NioEventLoop.run(NioEventLoop.java:459)
	at io.netty.util.concurrent.SingleThreadEventExecutor$5.run(SingleThreadEventExecutor.java:858)
	at java.base/java.lang.Thread.run(Thread.java:842)
Caused by: javax.net.ssl.SSLHandshakeException: Received fatal alert: certificate_unknown
	at java.base/sun.security.ssl.Alert.createSSLException(Alert.java:131)
	at java.base/sun.security.ssl.Alert.createSSLException(Alert.java:117)
	at java.base/sun.security.ssl.TransportContext.fatal(TransportContext.java:365)
	at java.base/sun.security.ssl.Alert$AlertConsumer.consume(Alert.java:293)
	at java.base/sun.security.ssl.TransportContext.dispatch(TransportContext.java:204)
	at java.base/sun.security.ssl.SSLTransport.decode(SSLTransport.java:172)
	at java.base/sun.security.ssl.SSLEngineImpl.decode(SSLEngineImpl.java:736)
	at java.base/sun.security.ssl.SSLEngineImpl.readRecord(SSLEngineImpl.java:691)
	at java.base/sun.security.ssl.SSLEngineImpl.unwrap(SSLEngineImpl.java:506)
	at java.base/sun.security.ssl.SSLEngineImpl.unwrap(SSLEngineImpl.java:482)
	at java.base/javax.net.ssl.SSLEngine.unwrap(SSLEngine.java:679)
	at io.netty.handler.ssl.SslHandler$SslEngineType$3.unwrap(SslHandler.java:281)
	at io.netty.handler.ssl.SslHandler.unwrap(SslHandler.java:1215)
	at io.netty.handler.ssl.SslHandler.decodeJdkCompatible(SslHandler.java:1127)
	at io.netty.handler.ssl.SslHandler.decode(SslHandler.java:1162)
	at io.netty.handler.codec.ByteToMessageDecoder.decodeRemovalReentryProtection(ByteToMessageDecoder.java:489)
	at io.netty.handler.codec.ByteToMessageDecoder.callDecode(ByteToMessageDecoder.java:428)
	... 15 common frames omitted
19:56:20.883 INFO  vert.x-eventloop-thread-0 BaseServiceProxy     : -> GET /sso/Login?forwardTo=22&RL=1&ip2loc=US,200|472ms
19:56:20.884 INFO  vert.x-eventloop-thread-0 CookieManager        : set cookies [partnerID=""; Domain=.ibkr.com; Expires=Thu, 01 Jan 1970 00:00:10 GMT; Path=/;Secure;SameSite=None, partnerID=""; Domain=.ibkr.com; Expires=Thu, 01 Jan 1970 00:00:10 GMT; Path=/;Secure;SameSite=None, URL_PARAM=forwardTo%3D22&RL%3D1&ip2loc%3DUS; Domain=.ibkr.com; Path=/;Secure, JSESSIONID=4361DEA22BF1D45E777E9FCF5F443FF3.ny5wwwdam3-internet; Path=/sso; HttpOnly;Secure;SameSite=None, x-sess-uuid=0.3feb1cb8.1777550180.2018b6a; secure; HttpOnly]
19:56:20.884 DEBUG vert.x-eventloop-thread-0 BaseServiceProxy     : Remapping Set-cookies [partnerID=""; Domain=.ibkr.com; Expires=Thu, 01 Jan 1970 00:00:10 GMT; Path=/;Secure;SameSite=None, partnerID=""; Domain=.ibkr.com; Expires=Thu, 01 Jan 1970 00:00:10 GMT; Path=/;Secure;SameSite=None, URL_PARAM=forwardTo%3D22&RL%3D1&ip2loc%3DUS; Domain=.ibkr.com; Path=/;Secure, JSESSIONID=4361DEA22BF1D45E777E9FCF5F443FF3.ny5wwwdam3-internet; Path=/sso; HttpOnly;Secure;SameSite=None, x-sess-uuid=0.3feb1cb8.1777550180.2018b6a; secure; HttpOnly] -> 
19:56:20.941 WARN  vert.x-eventloop-thread-0 DefaultChannelPipeline : An exceptionCaught() event was fired, and it reached at the tail of the pipeline. It usually means the last handler in the pipeline did not handle the exception.
io.netty.handler.codec.DecoderException: javax.net.ssl.SSLHandshakeException: Received fatal alert: certificate_unknown
	at io.netty.handler.codec.ByteToMessageDecoder.callDecode(ByteToMessageDecoder.java:459)
	at io.netty.handler.codec.ByteToMessageDecoder.channelRead(ByteToMessageDecoder.java:265)
	at io.netty.channel.AbstractChannelHandlerContext.invokeChannelRead(AbstractChannelHandlerContext.java:362)
	at io.netty.channel.AbstractChannelHandlerContext.invokeChannelRead(AbstractChannelHandlerContext.java:348)
	at io.netty.channel.AbstractChannelHandlerContext.fireChannelRead(AbstractChannelHandlerContext.java:340)
	at io.netty.channel.DefaultChannelPipeline$HeadContext.channelRead(DefaultChannelPipeline.java:1359)
	at io.netty.channel.AbstractChannelHandlerContext.invokeChannelRead(AbstractChannelHandlerContext.java:362)
	at io.netty.channel.AbstractChannelHandlerContext.invokeChannelRead(AbstractChannelHandlerContext.java:348)
	at io.netty.channel.DefaultChannelPipeline.fireChannelRead(DefaultChannelPipeline.java:935)
	at io.netty.channel.nio.AbstractNioByteChannel$NioByteUnsafe.read(AbstractNioByteChannel.java:134)
	at io.netty.channel.nio.NioEventLoop.processSelectedKey(NioEventLoop.java:645)
	at io.netty.channel.nio.NioEventLoop.processSelectedKeysPlain(NioEventLoop.java:545)
	at io.netty.channel.nio.NioEventLoop.processSelectedKeys(NioEventLoop.java:499)
	at io.netty.channel.nio.NioEventLoop.run(NioEventLoop.java:459)
	at io.netty.util.concurrent.SingleThreadEventExecutor$5.run(SingleThreadEventExecutor.java:858)
	at java.base/java.lang.Thread.run(Thread.java:842)
Caused by: javax.net.ssl.SSLHandshakeException: Received fatal alert: certificate_unknown
	at java.base/sun.security.ssl.Alert.createSSLException(Alert.java:131)
	at java.base/sun.security.ssl.Alert.createSSLException(Alert.java:117)
	at java.base/sun.security.ssl.TransportContext.fatal(TransportContext.java:365)
	at java.base/sun.security.ssl.Alert$AlertConsumer.consume(Alert.java:293)
	at java.base/sun.security.ssl.TransportContext.dispatch(TransportContext.java:204)
	at java.base/sun.security.ssl.SSLTransport.decode(SSLTransport.java:172)
	at java.base/sun.security.ssl.SSLEngineImpl.decode(SSLEngineImpl.java:736)
	at java.base/sun.security.ssl.SSLEngineImpl.readRecord(SSLEngineImpl.java:691)
	at java.base/sun.security.ssl.SSLEngineImpl.unwrap(SSLEngineImpl.java:506)
	at java.base/sun.security.ssl.SSLEngineImpl.unwrap(SSLEngineImpl.java:482)
	at java.base/javax.net.ssl.SSLEngine.unwrap(SSLEngine.java:679)
	at io.netty.handler.ssl.SslHandler$SslEngineType$3.unwrap(SslHandler.java:281)
	at io.netty.handler.ssl.SslHandler.unwrap(SslHandler.java:1215)
	at io.netty.handler.ssl.SslHandler.decodeJdkCompatible(SslHandler.java:1127)
	at io.netty.handler.ssl.SslHandler.decode(SslHandler.java:1162)
	at io.netty.handler.codec.ByteToMessageDecoder.decodeRemovalReentryProtection(ByteToMessageDecoder.java:489)
	at io.netty.handler.codec.ByteToMessageDecoder.callDecode(ByteToMessageDecoder.java:428)
	... 15 common frames omitted
19:56:20.941 WARN  vert.x-eventloop-thread-0 DefaultChannelPipeline : An exceptionCaught() event was fired, and it reached at the tail of the pipeline. It usually means the last handler in the pipeline did not handle the exception.
io.netty.handler.codec.DecoderException: javax.net.ssl.SSLHandshakeException: Received fatal alert: certificate_unknown
	at io.netty.handler.codec.ByteToMessageDecoder.callDecode(ByteToMessageDecoder.java:459)
	at io.netty.handler.codec.ByteToMessageDecoder.channelRead(ByteToMessageDecoder.java:265)
	at io.netty.channel.AbstractChannelHandlerContext.invokeChannelRead(AbstractChannelHandlerContext.java:362)
	at io.netty.channel.AbstractChannelHandlerContext.invokeChannelRead(AbstractChannelHandlerContext.java:348)
	at io.netty.channel.AbstractChannelHandlerContext.fireChannelRead(AbstractChannelHandlerContext.java:340)
	at io.netty.channel.DefaultChannelPipeline$HeadContext.channelRead(DefaultChannelPipeline.java:1359)
	at io.netty.channel.AbstractChannelHandlerContext.invokeChannelRead(AbstractChannelHandlerContext.java:362)
	at io.netty.channel.AbstractChannelHandlerContext.invokeChannelRead(AbstractChannelHandlerContext.java:348)
	at io.netty.channel.DefaultChannelPipeline.fireChannelRead(DefaultChannelPipeline.java:935)
	at io.netty.channel.nio.AbstractNioByteChannel$NioByteUnsafe.read(AbstractNioByteChannel.java:134)
	at io.netty.channel.nio.NioEventLoop.processSelectedKey(NioEventLoop.java:645)
	at io.netty.channel.nio.NioEventLoop.processSelectedKeysPlain(NioEventLoop.java:545)
	at io.netty.channel.nio.NioEventLoop.processSelectedKeys(NioEventLoop.java:499)
	at io.netty.channel.nio.NioEventLoop.run(NioEventLoop.java:459)
	at io.netty.util.concurrent.SingleThreadEventExecutor$5.run(SingleThreadEventExecutor.java:858)
	at java.base/java.lang.Thread.run(Thread.java:842)
Caused by: javax.net.ssl.SSLHandshakeException: Received fatal alert: certificate_unknown
	at java.base/sun.security.ssl.Alert.createSSLException(Alert.java:131)
	at java.base/sun.security.ssl.Alert.createSSLException(Alert.java:117)
	at java.base/sun.security.ssl.TransportContext.fatal(TransportContext.java:365)
	at java.base/sun.security.ssl.Alert$AlertConsumer.consume(Alert.java:293)
	at java.base/sun.security.ssl.TransportContext.dispatch(TransportContext.java:204)
	at java.base/sun.security.ssl.SSLTransport.decode(SSLTransport.java:172)
	at java.base/sun.security.ssl.SSLEngineImpl.decode(SSLEngineImpl.java:736)
	at java.base/sun.security.ssl.SSLEngineImpl.readRecord(SSLEngineImpl.java:691)
	at java.base/sun.security.ssl.SSLEngineImpl.unwrap(SSLEngineImpl.java:506)
	at java.base/sun.security.ssl.SSLEngineImpl.unwrap(SSLEngineImpl.java:482)
	at java.base/javax.net.ssl.SSLEngine.unwrap(SSLEngine.java:679)
	at io.netty.handler.ssl.SslHandler$SslEngineType$3.unwrap(SslHandler.java:281)
	at io.netty.handler.ssl.SslHandler.unwrap(SslHandler.java:1215)
	at io.netty.handler.ssl.SslHandler.decodeJdkCompatible(SslHandler.java:1127)
	at io.netty.handler.ssl.SslHandler.decode(SslHandler.java:1162)
	at io.netty.handler.codec.ByteToMessageDecoder.decodeRemovalReentryProtection(ByteToMessageDecoder.java:489)
	at io.netty.handler.codec.ByteToMessageDecoder.callDecode(ByteToMessageDecoder.java:428)
	... 15 common frames omitted
19:56:20.942 WARN  vert.x-eventloop-thread-0 DefaultChannelPipeline : An exceptionCaught() event was fired, and it reached at the tail of the pipeline. It usually means the last handler in the pipeline did not handle the exception.
io.netty.handler.codec.DecoderException: javax.net.ssl.SSLHandshakeException: Received fatal alert: certificate_unknown
	at io.netty.handler.codec.ByteToMessageDecoder.callDecode(ByteToMessageDecoder.java:459)
	at io.netty.handler.codec.ByteToMessageDecoder.channelRead(ByteToMessageDecoder.java:265)
	at io.netty.channel.AbstractChannelHandlerContext.invokeChannelRead(AbstractChannelHandlerContext.java:362)
	at io.netty.channel.AbstractChannelHandlerContext.invokeChannelRead(AbstractChannelHandlerContext.java:348)
	at io.netty.channel.AbstractChannelHandlerContext.fireChannelRead(AbstractChannelHandlerContext.java:340)
	at io.netty.channel.DefaultChannelPipeline$HeadContext.channelRead(DefaultChannelPipeline.java:1359)
	at io.netty.channel.AbstractChannelHandlerContext.invokeChannelRead(AbstractChannelHandlerContext.java:362)
	at io.netty.channel.AbstractChannelHandlerContext.invokeChannelRead(AbstractChannelHandlerContext.java:348)
	at io.netty.channel.DefaultChannelPipeline.fireChannelRead(DefaultChannelPipeline.java:935)
	at io.netty.channel.nio.AbstractNioByteChannel$NioByteUnsafe.read(AbstractNioByteChannel.java:134)
	at io.netty.channel.nio.NioEventLoop.processSelectedKey(NioEventLoop.java:645)
	at io.netty.channel.nio.NioEventLoop.processSelectedKeysPlain(NioEventLoop.java:545)
	at io.netty.channel.nio.NioEventLoop.processSelectedKeys(NioEventLoop.java:499)
	at io.netty.channel.nio.NioEventLoop.run(NioEventLoop.java:459)
	at io.netty.util.concurrent.SingleThreadEventExecutor$5.run(SingleThreadEventExecutor.java:858)
	at java.base/java.lang.Thread.run(Thread.java:842)
Caused by: javax.net.ssl.SSLHandshakeException: Received fatal alert: certificate_unknown
	at java.base/sun.security.ssl.Alert.createSSLException(Alert.java:131)
	at java.base/sun.security.ssl.Alert.createSSLException(Alert.java:117)
	at java.base/sun.security.ssl.TransportContext.fatal(TransportContext.java:365)
	at java.base/sun.security.ssl.Alert$AlertConsumer.consume(Alert.java:293)
	at java.base/sun.security.ssl.TransportContext.dispatch(TransportContext.java:204)
	at java.base/sun.security.ssl.SSLTransport.decode(SSLTransport.java:172)
	at java.base/sun.security.ssl.SSLEngineImpl.decode(SSLEngineImpl.java:736)
	at java.base/sun.security.ssl.SSLEngineImpl.readRecord(SSLEngineImpl.java:691)
	at java.base/sun.security.ssl.SSLEngineImpl.unwrap(SSLEngineImpl.java:506)
	at java.base/sun.security.ssl.SSLEngineImpl.unwrap(SSLEngineImpl.java:482)
	at java.base/javax.net.ssl.SSLEngine.unwrap(SSLEngine.java:679)
	at io.netty.handler.ssl.SslHandler$SslEngineType$3.unwrap(SslHandler.java:281)
	at io.netty.handler.ssl.SslHandler.unwrap(SslHandler.java:1215)
	at io.netty.handler.ssl.SslHandler.decodeJdkCompatible(SslHandler.java:1127)
	at io.netty.handler.ssl.SslHandler.decode(SslHandler.java:1162)
	at io.netty.handler.codec.ByteToMessageDecoder.decodeRemovalReentryProtection(ByteToMessageDecoder.java:489)
	at io.netty.handler.codec.ByteToMessageDecoder.callDecode(ByteToMessageDecoder.java:428)
	... 15 common frames omitted
19:56:20.945 WARN  vert.x-eventloop-thread-0 DefaultChannelPipeline : An exceptionCaught() event was fired, and it reached at the tail of the pipeline. It usually means the last handler in the pipeline did not handle the exception.
io.netty.handler.codec.DecoderException: javax.net.ssl.SSLHandshakeException: Received fatal alert: certificate_unknown
	at io.netty.handler.codec.ByteToMessageDecoder.callDecode(ByteToMessageDecoder.java:459)
	at io.netty.handler.codec.ByteToMessageDecoder.channelRead(ByteToMessageDecoder.java:265)
	at io.netty.channel.AbstractChannelHandlerContext.invokeChannelRead(AbstractChannelHandlerContext.java:362)
	at io.netty.channel.AbstractChannelHandlerContext.invokeChannelRead(AbstractChannelHandlerContext.java:348)
	at io.netty.channel.AbstractChannelHandlerContext.fireChannelRead(AbstractChannelHandlerContext.java:340)
	at io.netty.channel.DefaultChannelPipeline$HeadContext.channelRead(DefaultChannelPipeline.java:1359)
	at io.netty.channel.AbstractChannelHandlerContext.invokeChannelRead(AbstractChannelHandlerContext.java:362)
	at io.netty.channel.AbstractChannelHandlerContext.invokeChannelRead(AbstractChannelHandlerContext.java:348)
	at io.netty.channel.DefaultChannelPipeline.fireChannelRead(DefaultChannelPipeline.java:935)
	at io.netty.channel.nio.AbstractNioByteChannel$NioByteUnsafe.read(AbstractNioByteChannel.java:134)
	at io.netty.channel.nio.NioEventLoop.processSelectedKey(NioEventLoop.java:645)
	at io.netty.channel.nio.NioEventLoop.processSelectedKeysPlain(NioEventLoop.java:545)
	at io.netty.channel.nio.NioEventLoop.processSelectedKeys(NioEventLoop.java:499)
	at io.netty.channel.nio.NioEventLoop.run(NioEventLoop.java:459)
	at io.netty.util.concurrent.SingleThreadEventExecutor$5.run(SingleThreadEventExecutor.java:858)
	at java.base/java.lang.Thread.run(Thread.java:842)
Caused by: javax.net.ssl.SSLHandshakeException: Received fatal alert: certificate_unknown
	at java.base/sun.security.ssl.Alert.createSSLException(Alert.java:131)
	at java.base/sun.security.ssl.Alert.createSSLException(Alert.java:117)
	at java.base/sun.security.ssl.TransportContext.fatal(TransportContext.java:365)
	at java.base/sun.security.ssl.Alert$AlertConsumer.consume(Alert.java:293)
	at java.base/sun.security.ssl.TransportContext.dispatch(TransportContext.java:204)
	at java.base/sun.security.ssl.SSLTransport.decode(SSLTransport.java:172)
	at java.base/sun.security.ssl.SSLEngineImpl.decode(SSLEngineImpl.java:736)
	at java.base/sun.security.ssl.SSLEngineImpl.readRecord(SSLEngineImpl.java:691)
	at java.base/sun.security.ssl.SSLEngineImpl.unwrap(SSLEngineImpl.java:506)
	at java.base/sun.security.ssl.SSLEngineImpl.unwrap(SSLEngineImpl.java:482)
	at java.base/javax.net.ssl.SSLEngine.unwrap(SSLEngine.java:679)
	at io.netty.handler.ssl.SslHandler$SslEngineType$3.unwrap(SslHandler.java:281)
	at io.netty.handler.ssl.SslHandler.unwrap(SslHandler.java:1215)
	at io.netty.handler.ssl.SslHandler.decodeJdkCompatible(SslHandler.java:1127)
	at io.netty.handler.ssl.SslHandler.decode(SslHandler.java:1162)
	at io.netty.handler.codec.ByteToMessageDecoder.decodeRemovalReentryProtection(ByteToMessageDecoder.java:489)
	at io.netty.handler.codec.ByteToMessageDecoder.callDecode(ByteToMessageDecoder.java:428)
	... 15 common frames omitted
19:56:20.948 WARN  vert.x-eventloop-thread-0 DefaultChannelPipeline : An exceptionCaught() event was fired, and it reached at the tail of the pipeline. It usually means the last handler in the pipeline did not handle the exception.
io.netty.handler.codec.DecoderException: javax.net.ssl.SSLHandshakeException: Received fatal alert: certificate_unknown
	at io.netty.handler.codec.ByteToMessageDecoder.callDecode(ByteToMessageDecoder.java:459)
	at io.netty.handler.codec.ByteToMessageDecoder.channelRead(ByteToMessageDecoder.java:265)
	at io.netty.channel.AbstractChannelHandlerContext.invokeChannelRead(AbstractChannelHandlerContext.java:362)
	at io.netty.channel.AbstractChannelHandlerContext.invokeChannelRead(AbstractChannelHandlerContext.java:348)
	at io.netty.channel.AbstractChannelHandlerContext.fireChannelRead(AbstractChannelHandlerContext.java:340)
	at io.netty.channel.DefaultChannelPipeline$HeadContext.channelRead(DefaultChannelPipeline.java:1359)
	at io.netty.channel.AbstractChannelHandlerContext.invokeChannelRead(AbstractChannelHandlerContext.java:362)
	at io.netty.channel.AbstractChannelHandlerContext.invokeChannelRead(AbstractChannelHandlerContext.java:348)
	at io.netty.channel.DefaultChannelPipeline.fireChannelRead(DefaultChannelPipeline.java:935)
	at io.netty.channel.nio.AbstractNioByteChannel$NioByteUnsafe.read(AbstractNioByteChannel.java:134)
	at io.netty.channel.nio.NioEventLoop.processSelectedKey(NioEventLoop.java:645)
	at io.netty.channel.nio.NioEventLoop.processSelectedKeysPlain(NioEventLoop.java:545)
	at io.netty.channel.nio.NioEventLoop.processSelectedKeys(NioEventLoop.java:499)
	at io.netty.channel.nio.NioEventLoop.run(NioEventLoop.java:459)
	at io.netty.util.concurrent.SingleThreadEventExecutor$5.run(SingleThreadEventExecutor.java:858)
	at java.base/java.lang.Thread.run(Thread.java:842)
Caused by: javax.net.ssl.SSLHandshakeException: Received fatal alert: certificate_unknown
	at java.base/sun.security.ssl.Alert.createSSLException(Alert.java:131)
	at java.base/sun.security.ssl.Alert.createSSLException(Alert.java:117)
	at java.base/sun.security.ssl.TransportContext.fatal(TransportContext.java:365)
	at java.base/sun.security.ssl.Alert$AlertConsumer.consume(Alert.java:293)
	at java.base/sun.security.ssl.TransportContext.dispatch(TransportContext.java:204)
	at java.base/sun.security.ssl.SSLTransport.decode(SSLTransport.java:172)
	at java.base/sun.security.ssl.SSLEngineImpl.decode(SSLEngineImpl.java:736)
	at java.base/sun.security.ssl.SSLEngineImpl.readRecord(SSLEngineImpl.java:691)
	at java.base/sun.security.ssl.SSLEngineImpl.unwrap(SSLEngineImpl.java:506)
	at java.base/sun.security.ssl.SSLEngineImpl.unwrap(SSLEngineImpl.java:482)
	at java.base/javax.net.ssl.SSLEngine.unwrap(SSLEngine.java:679)
	at io.netty.handler.ssl.SslHandler$SslEngineType$3.unwrap(SslHandler.java:281)
	at io.netty.handler.ssl.SslHandler.unwrap(SslHandler.java:1215)
	at io.netty.handler.ssl.SslHandler.decodeJdkCompatible(SslHandler.java:1127)
	at io.netty.handler.ssl.SslHandler.decode(SslHandler.java:1162)
	at io.netty.handler.codec.ByteToMessageDecoder.decodeRemovalReentryProtection(ByteToMessageDecoder.java:489)
	at io.netty.handler.codec.ByteToMessageDecoder.callDecode(ByteToMessageDecoder.java:428)
	... 15 common frames omitted
19:56:20.951 WARN  vert.x-eventloop-thread-0 DefaultChannelPipeline : An exceptionCaught() event was fired, and it reached at the tail of the pipeline. It usually means the last handler in the pipeline did not handle the exception.
io.netty.handler.codec.DecoderException: javax.net.ssl.SSLHandshakeException: Received fatal alert: certificate_unknown
	at io.netty.handler.codec.ByteToMessageDecoder.callDecode(ByteToMessageDecoder.java:459)
	at io.netty.handler.codec.ByteToMessageDecoder.channelRead(ByteToMessageDecoder.java:265)
	at io.netty.channel.AbstractChannelHandlerContext.invokeChannelRead(AbstractChannelHandlerContext.java:362)
	at io.netty.channel.AbstractChannelHandlerContext.invokeChannelRead(AbstractChannelHandlerContext.java:348)
	at io.netty.channel.AbstractChannelHandlerContext.fireChannelRead(AbstractChannelHandlerContext.java:340)
	at io.netty.channel.DefaultChannelPipeline$HeadContext.channelRead(DefaultChannelPipeline.java:1359)
	at io.netty.channel.AbstractChannelHandlerContext.invokeChannelRead(AbstractChannelHandlerContext.java:362)
	at io.netty.channel.AbstractChannelHandlerContext.invokeChannelRead(AbstractChannelHandlerContext.java:348)
	at io.netty.channel.DefaultChannelPipeline.fireChannelRead(DefaultChannelPipeline.java:935)
	at io.netty.channel.nio.AbstractNioByteChannel$NioByteUnsafe.read(AbstractNioByteChannel.java:134)
	at io.netty.channel.nio.NioEventLoop.processSelectedKey(NioEventLoop.java:645)
	at io.netty.channel.nio.NioEventLoop.processSelectedKeysPlain(NioEventLoop.java:545)
	at io.netty.channel.nio.NioEventLoop.processSelectedKeys(NioEventLoop.java:499)
	at io.netty.channel.nio.NioEventLoop.run(NioEventLoop.java:459)
	at io.netty.util.concurrent.SingleThreadEventExecutor$5.run(SingleThreadEventExecutor.java:858)
	at java.base/java.lang.Thread.run(Thread.java:842)
Caused by: javax.net.ssl.SSLHandshakeException: Received fatal alert: certificate_unknown
	at java.base/sun.security.ssl.Alert.createSSLException(Alert.java:131)
	at java.base/sun.security.ssl.Alert.createSSLException(Alert.java:117)
	at java.base/sun.security.ssl.TransportContext.fatal(TransportContext.java:365)
	at java.base/sun.security.ssl.Alert$AlertConsumer.consume(Alert.java:293)
	at java.base/sun.security.ssl.TransportContext.dispatch(TransportContext.java:204)
	at java.base/sun.security.ssl.SSLTransport.decode(SSLTransport.java:172)
	at java.base/sun.security.ssl.SSLEngineImpl.decode(SSLEngineImpl.java:736)
	at java.base/sun.security.ssl.SSLEngineImpl.readRecord(SSLEngineImpl.java:691)
	at java.base/sun.security.ssl.SSLEngineImpl.unwrap(SSLEngineImpl.java:506)
	at java.base/sun.security.ssl.SSLEngineImpl.unwrap(SSLEngineImpl.java:482)
	at java.base/javax.net.ssl.SSLEngine.unwrap(SSLEngine.java:679)
	at io.netty.handler.ssl.SslHandler$SslEngineType$3.unwrap(SslHandler.java:281)
	at io.netty.handler.ssl.SslHandler.unwrap(SslHandler.java:1215)
	at io.netty.handler.ssl.SslHandler.decodeJdkCompatible(SslHandler.java:1127)
	at io.netty.handler.ssl.SslHandler.decode(SslHandler.java:1162)
	at io.netty.handler.codec.ByteToMessageDecoder.decodeRemovalReentryProtection(ByteToMessageDecoder.java:489)
	at io.netty.handler.codec.ByteToMessageDecoder.callDecode(ByteToMessageDecoder.java:428)
	... 15 common frames omitted
19:56:20.954 WARN  vert.x-eventloop-thread-0 DefaultChannelPipeline : An exceptionCaught() event was fired, and it reached at the tail of the pipeline. It usually means the last handler in the pipeline did not handle the exception.
io.netty.handler.codec.DecoderException: javax.net.ssl.SSLHandshakeException: Received fatal alert: certificate_unknown
	at io.netty.handler.codec.ByteToMessageDecoder.callDecode(ByteToMessageDecoder.java:459)
	at io.netty.handler.codec.ByteToMessageDecoder.channelRead(ByteToMessageDecoder.java:265)
	at io.netty.channel.AbstractChannelHandlerContext.invokeChannelRead(AbstractChannelHandlerContext.java:362)
	at io.netty.channel.AbstractChannelHandlerContext.invokeChannelRead(AbstractChannelHandlerContext.java:348)
	at io.netty.channel.AbstractChannelHandlerContext.fireChannelRead(AbstractChannelHandlerContext.java:340)
	at io.netty.channel.DefaultChannelPipeline$HeadContext.channelRead(DefaultChannelPipeline.java:1359)
	at io.netty.channel.AbstractChannelHandlerContext.invokeChannelRead(AbstractChannelHandlerContext.java:362)
	at io.netty.channel.AbstractChannelHandlerContext.invokeChannelRead(AbstractChannelHandlerContext.java:348)
	at io.netty.channel.DefaultChannelPipeline.fireChannelRead(DefaultChannelPipeline.java:935)
	at io.netty.channel.nio.AbstractNioByteChannel$NioByteUnsafe.read(AbstractNioByteChannel.java:134)
	at io.netty.channel.nio.NioEventLoop.processSelectedKey(NioEventLoop.java:645)
	at io.netty.channel.nio.NioEventLoop.processSelectedKeysPlain(NioEventLoop.java:545)
	at io.netty.channel.nio.NioEventLoop.processSelectedKeys(NioEventLoop.java:499)
	at io.netty.channel.nio.NioEventLoop.run(NioEventLoop.java:459)
	at io.netty.util.concurrent.SingleThreadEventExecutor$5.run(SingleThreadEventExecutor.java:858)
	at java.base/java.lang.Thread.run(Thread.java:842)
Caused by: javax.net.ssl.SSLHandshakeException: Received fatal alert: certificate_unknown
	at java.base/sun.security.ssl.Alert.createSSLException(Alert.java:131)
	at java.base/sun.security.ssl.Alert.createSSLException(Alert.java:117)
	at java.base/sun.security.ssl.TransportContext.fatal(TransportContext.java:365)
	at java.base/sun.security.ssl.Alert$AlertConsumer.consume(Alert.java:293)
	at java.base/sun.security.ssl.TransportContext.dispatch(TransportContext.java:204)
	at java.base/sun.security.ssl.SSLTransport.decode(SSLTransport.java:172)
	at java.base/sun.security.ssl.SSLEngineImpl.decode(SSLEngineImpl.java:736)
	at java.base/sun.security.ssl.SSLEngineImpl.readRecord(SSLEngineImpl.java:691)
	at java.base/sun.security.ssl.SSLEngineImpl.unwrap(SSLEngineImpl.java:506)
	at java.base/sun.security.ssl.SSLEngineImpl.unwrap(SSLEngineImpl.java:482)
	at java.base/javax.net.ssl.SSLEngine.unwrap(SSLEngine.java:679)
	at io.netty.handler.ssl.SslHandler$SslEngineType$3.unwrap(SslHandler.java:281)
	at io.netty.handler.ssl.SslHandler.unwrap(SslHandler.java:1215)
	at io.netty.handler.ssl.SslHandler.decodeJdkCompatible(SslHandler.java:1127)
	at io.netty.handler.ssl.SslHandler.decode(SslHandler.java:1162)
	at io.netty.handler.codec.ByteToMessageDecoder.decodeRemovalReentryProtection(ByteToMessageDecoder.java:489)
	at io.netty.handler.codec.ByteToMessageDecoder.callDecode(ByteToMessageDecoder.java:428)
	... 15 common frames omitted
19:56:20.957 WARN  vert.x-eventloop-thread-0 DefaultChannelPipeline : An exceptionCaught() event was fired, and it reached at the tail of the pipeline. It usually means the last handler in the pipeline did not handle the exception.
io.netty.handler.codec.DecoderException: javax.net.ssl.SSLHandshakeException: Received fatal alert: certificate_unknown
	at io.netty.handler.codec.ByteToMessageDecoder.callDecode(ByteToMessageDecoder.java:459)
	at io.netty.handler.codec.ByteToMessageDecoder.channelRead(ByteToMessageDecoder.java:265)
	at io.netty.channel.AbstractChannelHandlerContext.invokeChannelRead(AbstractChannelHandlerContext.java:362)
	at io.netty.channel.AbstractChannelHandlerContext.invokeChannelRead(AbstractChannelHandlerContext.java:348)
	at io.netty.channel.AbstractChannelHandlerContext.fireChannelRead(AbstractChannelHandlerContext.java:340)
	at io.netty.channel.DefaultChannelPipeline$HeadContext.channelRead(DefaultChannelPipeline.java:1359)
	at io.netty.channel.AbstractChannelHandlerContext.invokeChannelRead(AbstractChannelHandlerContext.java:362)
	at io.netty.channel.AbstractChannelHandlerContext.invokeChannelRead(AbstractChannelHandlerContext.java:348)
	at io.netty.channel.DefaultChannelPipeline.fireChannelRead(DefaultChannelPipeline.java:935)
	at io.netty.channel.nio.AbstractNioByteChannel$NioByteUnsafe.read(AbstractNioByteChannel.java:134)
	at io.netty.channel.nio.NioEventLoop.processSelectedKey(NioEventLoop.java:645)
	at io.netty.channel.nio.NioEventLoop.processSelectedKeysPlain(NioEventLoop.java:545)
	at io.netty.channel.nio.NioEventLoop.processSelectedKeys(NioEventLoop.java:499)
	at io.netty.channel.nio.NioEventLoop.run(NioEventLoop.java:459)
	at io.netty.util.concurrent.SingleThreadEventExecutor$5.run(SingleThreadEventExecutor.java:858)
	at java.base/java.lang.Thread.run(Thread.java:842)
Caused by: javax.net.ssl.SSLHandshakeException: Received fatal alert: certificate_unknown
	at java.base/sun.security.ssl.Alert.createSSLException(Alert.java:131)
	at java.base/sun.security.ssl.Alert.createSSLException(Alert.java:117)
	at java.base/sun.security.ssl.TransportContext.fatal(TransportContext.java:365)
	at java.base/sun.security.ssl.Alert$AlertConsumer.consume(Alert.java:293)
	at java.base/sun.security.ssl.TransportContext.dispatch(TransportContext.java:204)
	at java.base/sun.security.ssl.SSLTransport.decode(SSLTransport.java:172)
	at java.base/sun.security.ssl.SSLEngineImpl.decode(SSLEngineImpl.java:736)
	at java.base/sun.security.ssl.SSLEngineImpl.readRecord(SSLEngineImpl.java:691)
	at java.base/sun.security.ssl.SSLEngineImpl.unwrap(SSLEngineImpl.java:506)
	at java.base/sun.security.ssl.SSLEngineImpl.unwrap(SSLEngineImpl.java:482)
	at java.base/javax.net.ssl.SSLEngine.unwrap(SSLEngine.java:679)
	at io.netty.handler.ssl.SslHandler$SslEngineType$3.unwrap(SslHandler.java:281)
	at io.netty.handler.ssl.SslHandler.unwrap(SslHandler.java:1215)
	at io.netty.handler.ssl.SslHandler.decodeJdkCompatible(SslHandler.java:1127)
	at io.netty.handler.ssl.SslHandler.decode(SslHandler.java:1162)
	at io.netty.handler.codec.ByteToMessageDecoder.decodeRemovalReentryProtection(ByteToMessageDecoder.java:489)
	at io.netty.handler.codec.ByteToMessageDecoder.callDecode(ByteToMessageDecoder.java:428)
	... 15 common frames omitted
19:56:21.113 INFO  vert.x-eventloop-thread-0 BaseServiceProxy     : -> GET /css/fontawesome-6.4.2/all.min.css,200|152ms
19:56:21.139 INFO  vert.x-eventloop-thread-0 BaseServiceProxy     : -> GET /css/reg-am/login.min.css,200|186ms
19:56:21.141 INFO  vert.x-eventloop-thread-0 BaseServiceProxy     : -> GET /css/bootstrap-switch-3.3.2/bootstrap-switch.min.css,200|183ms
19:56:21.159 INFO  vert.x-eventloop-thread-0 BaseServiceProxy     : -> GET /css/bootstrap-5.2.2/bootstrap.min.css,200|233ms
19:56:21.197 INFO  vert.x-eventloop-thread-0 BaseServiceProxy     : -> GET /css/ibkr/theme-ibkr-portal.min.css,200|237ms
19:56:21.222 INFO  vert.x-eventloop-thread-0 BaseServiceProxy     : -> GET /scripts/common/js/jquery-3.7.0/jquery.min.js,200|260ms
19:56:21.283 INFO  vert.x-eventloop-thread-0 BaseServiceProxy     : -> GET /scripts/common/js/bootstrap-5.2.2/bootstrap.bundle.min.js,200|139ms
19:56:21.329 INFO  vert.x-eventloop-thread-0 BaseServiceProxy     : -> GET /sso/lib/xyz.bundle.min.js,200|178ms
19:56:21.329 INFO  vert.x-eventloop-thread-0 CookieManager        : set cookies [x-sess-uuid=0.3feb1cb8.1777550181.2019a1f; secure; HttpOnly]
19:56:21.330 DEBUG vert.x-eventloop-thread-0 BaseServiceProxy     : Remapping Set-cookies [x-sess-uuid=0.3feb1cb8.1777550181.2019a1f; secure; HttpOnly] -> 
19:56:21.448 INFO  vert.x-eventloop-thread-0 BaseServiceProxy     : -> GET /images/common/logos/ibkr/interactive-brokers.svg,200|45ms
19:56:21.467 INFO  vert.x-eventloop-thread-0 BaseServiceProxy     : -> GET /fonts/proxima-nova/Proxima-Nova-Regular.woff2,200|42ms
19:56:21.494 INFO  vert.x-eventloop-thread-0 BaseServiceProxy     : -> GET /fonts/fontawesome-6.4.2/webfonts/fa-solid-900.woff2,200|65ms
19:56:21.523 INFO  vert.x-eventloop-thread-0 BaseServiceProxy     : -> GET /fonts/fontawesome-6.4.2/webfonts/fa-brands-400.woff2,200|93ms
19:56:21.576 INFO  vert.x-eventloop-thread-0 BaseServiceProxy     : -> GET /images/web/favicons/home-screen-icon-128x128.png,200|32ms
19:56:21.674 INFO  vert.x-eventloop-thread-0 BaseServiceProxy     : -> GET /portal.proxy/v1/gstat/bulletins,204|222ms
19:56:21.795 INFO  vert.x-eventloop-thread-0 BaseServiceProxy     : -> GET /sso/report,200|349ms
19:56:21.796 INFO  vert.x-eventloop-thread-0 CookieManager        : set cookies [x-sess-uuid=0.3feb1cb8.1777550181.2019ec5; secure; HttpOnly]
19:56:21.797 DEBUG vert.x-eventloop-thread-0 BaseServiceProxy     : Remapping Set-cookies [x-sess-uuid=0.3feb1cb8.1777550181.2019ec5; secure; HttpOnly] -> 
19:56:23.538 INFO  vert.x-eventloop-thread-0 BaseServiceProxy     : -> GET /sso/Authenticator,200|398ms
19:56:23.538 INFO  vert.x-eventloop-thread-0 CookieManager        : set cookies [x-sess-uuid=0.2deb1cb8.1777550183.1fff7ca9; secure; HttpOnly]
19:56:23.539 DEBUG vert.x-eventloop-thread-0 BaseServiceProxy     : Remapping Set-cookies [x-sess-uuid=0.2deb1cb8.1777550183.1fff7ca9; secure; HttpOnly] -> 
19:56:23.864 INFO  vert.x-eventloop-thread-0 BaseServiceProxy     : -> GET /sso/Authenticator,200|303ms
19:56:23.865 INFO  vert.x-eventloop-thread-0 CookieManager        : set cookies [web=3343352782; Domain=.ibkr.com; Expires=Fri, 30 Apr 2027 11:56:23 GMT; Path=/; Secure;Secure;SameSite=None, x-sess-uuid=0.3feb1cb8.1777550183.201a250; secure; HttpOnly]
19:56:23.865 DEBUG vert.x-eventloop-thread-0 BaseServiceProxy     : Remapping Set-cookies [web=3343352782; Domain=.ibkr.com; Expires=Fri, 30 Apr 2027 11:56:23 GMT; Path=/; Secure;Secure;SameSite=None, x-sess-uuid=0.3feb1cb8.1777550183.201a250; secure; HttpOnly] -> 
19:56:24.268 INFO  vert.x-eventloop-thread-0 BaseServiceProxy     : -> GET /sso/Authenticator,200|393ms
19:56:24.269 INFO  vert.x-eventloop-thread-0 CookieManager        : set cookies [x-sess-uuid=0.2deb1cb8.1777550183.1fff7e7f; secure; HttpOnly]
19:56:24.270 DEBUG vert.x-eventloop-thread-0 BaseServiceProxy     : Remapping Set-cookies [x-sess-uuid=0.2deb1cb8.1777550183.1fff7e7f; secure; HttpOnly] -> 
19:56:27.588 INFO  vert.x-eventloop-thread-0 BaseServiceProxy     : -> GET /sso/Authenticator,200|304ms
19:56:27.588 INFO  vert.x-eventloop-thread-0 CookieManager        : set cookies [x-sess-uuid=0.3feb1cb8.1777550187.201a574; secure; HttpOnly]
19:56:27.589 DEBUG vert.x-eventloop-thread-0 BaseServiceProxy     : Remapping Set-cookies [x-sess-uuid=0.3feb1cb8.1777550187.201a574; secure; HttpOnly] -> 
19:56:30.596 INFO  vert.x-eventloop-thread-0 BaseServiceProxy     : -> GET /sso/Authenticator,200|313ms
19:56:30.598 INFO  vert.x-eventloop-thread-0 CookieManager        : set cookies [x-sess-uuid=0.3feb1cb8.1777550190.201a7fe; secure; HttpOnly]
19:56:30.598 DEBUG vert.x-eventloop-thread-0 BaseServiceProxy     : Remapping Set-cookies [x-sess-uuid=0.3feb1cb8.1777550190.201a7fe; secure; HttpOnly] -> 
19:56:33.675 INFO  vert.x-eventloop-thread-0 BaseServiceProxy     : -> GET /sso/Authenticator,200|390ms
19:56:33.676 INFO  vert.x-eventloop-thread-0 CookieManager        : set cookies [x-sess-uuid=0.2deb1cb8.1777550193.1fffa7ee; secure; HttpOnly]
19:56:33.676 DEBUG vert.x-eventloop-thread-0 BaseServiceProxy     : Remapping Set-cookies [x-sess-uuid=0.2deb1cb8.1777550193.1fffa7ee; secure; HttpOnly] -> 
19:56:36.751 INFO  vert.x-eventloop-thread-0 BaseServiceProxy     : -> GET /sso/Authenticator,200|467ms
19:56:36.752 INFO  vert.x-eventloop-thread-0 CookieManager        : set cookies [x-sess-uuid=0.3feb1cb8.1777550196.201d502; secure; HttpOnly]
19:56:36.752 DEBUG vert.x-eventloop-thread-0 BaseServiceProxy     : Remapping Set-cookies [x-sess-uuid=0.3feb1cb8.1777550196.201d502; secure; HttpOnly] -> 
19:56:39.620 INFO  vert.x-eventloop-thread-0 BaseServiceProxy     : -> GET /sso/Authenticator,200|336ms
19:56:39.621 INFO  vert.x-eventloop-thread-0 CookieManager        : set cookies [x-sess-uuid=0.2deb1cb8.1777550199.1fffbc53; secure; HttpOnly]
19:56:39.621 DEBUG vert.x-eventloop-thread-0 BaseServiceProxy     : Remapping Set-cookies [x-sess-uuid=0.2deb1cb8.1777550199.1fffbc53; secure; HttpOnly] -> 
19:56:42.583 INFO  vert.x-eventloop-thread-0 BaseServiceProxy     : -> GET /sso/Authenticator,200|302ms
19:56:42.584 INFO  vert.x-eventloop-thread-0 CookieManager        : set cookies [x-sess-uuid=0.3feb1cb8.1777550202.20224d9; secure; HttpOnly]
19:56:42.584 DEBUG vert.x-eventloop-thread-0 BaseServiceProxy     : Remapping Set-cookies [x-sess-uuid=0.3feb1cb8.1777550202.20224d9; secure; HttpOnly] -> 
19:56:42.994 INFO  vert.x-eventloop-thread-0 BaseServiceProxy     : -> GET /sso/Authenticator,200|428ms
19:56:42.995 INFO  vert.x-eventloop-thread-0 CookieManager        : set cookies [x-sess-uuid=0.3feb1cb8.1777550202.2026636; secure; HttpOnly]
19:56:42.995 DEBUG vert.x-eventloop-thread-0 BaseServiceProxy     : Remapping Set-cookies [x-sess-uuid=0.3feb1cb8.1777550202.2026636; secure; HttpOnly] -> 
19:56:43.408 INFO  vert.x-eventloop-thread-0 BaseServiceProxy     : -> GET /sso/Authenticator,200|395ms
19:56:43.409 INFO  vert.x-eventloop-thread-0 CookieManager        : set cookies [x-sess-uuid=0.2deb1cb8.1777550203.200088e3; secure; HttpOnly]
19:56:43.409 DEBUG vert.x-eventloop-thread-0 BaseServiceProxy     : Remapping Set-cookies [x-sess-uuid=0.2deb1cb8.1777550203.200088e3; secure; HttpOnly] -> 
19:56:43.918 INFO  vert.x-eventloop-thread-0 BaseServiceProxy     : -> GET /sso/Authenticator,200|502ms
19:56:43.918 INFO  vert.x-eventloop-thread-0 CookieManager        : set cookies [x-sess-uuid=0.3feb1cb8.1777550203.202db97; secure; HttpOnly]
19:56:43.918 DEBUG vert.x-eventloop-thread-0 BaseServiceProxy     : Remapping Set-cookies [x-sess-uuid=0.3feb1cb8.1777550203.202db97; secure; HttpOnly] -> 
19:56:47.257 INFO  vert.x-eventloop-thread-0 BaseServiceProxy     : -> GET /sso/Authenticator,200|325ms
19:56:47.258 INFO  vert.x-eventloop-thread-0 CookieManager        : set cookies [x-sess-uuid=0.2deb1cb8.1777550207.20010884; secure; HttpOnly]
19:56:47.258 DEBUG vert.x-eventloop-thread-0 BaseServiceProxy     : Remapping Set-cookies [x-sess-uuid=0.2deb1cb8.1777550207.20010884; secure; HttpOnly] -> 
19:56:50.290 INFO  vert.x-eventloop-thread-0 BaseServiceProxy     : -> GET /sso/Authenticator,200|359ms
19:56:50.292 INFO  vert.x-eventloop-thread-0 CookieManager        : set cookies [x-sess-uuid=0.3feb1cb8.1777550210.203567d; secure; HttpOnly]
19:56:50.292 DEBUG vert.x-eventloop-thread-0 BaseServiceProxy     : Remapping Set-cookies [x-sess-uuid=0.3feb1cb8.1777550210.203567d; secure; HttpOnly] -> 
19:56:50.778 INFO  vert.x-eventloop-thread-0 BaseServiceProxy     : -> GET /sso/Dispatcher,302|458ms
19:56:50.778 INFO  vert.x-eventloop-thread-0 CookieManager        : set cookies [USERID=50301190; Domain=.ibkr.com; Path=/;Secure;SameSite=None, x-sess-uuid=0.3feb1cb8.1777550210.2035d27; secure; HttpOnly]
19:56:50.779 DEBUG vert.x-eventloop-thread-0 BaseServiceProxy     : Remapping Set-cookies [USERID=50301190; Domain=.ibkr.com; Path=/;Secure;SameSite=None, x-sess-uuid=0.3feb1cb8.1777550210.2035d27; secure; HttpOnly] -> 
19:56:50.780 INFO  vert.x-eventloop-thread-0 GatewayHttpProxy     : Client login succeeds
19:56:51.170 INFO  vert.x-eventloop-thread-0 BaseServiceProxy     : -> GET /v1/api/sso/validate?gw=1,200|387ms
19:56:51.176 DEBUG vert.x-eventloop-thread-0 ClientPortalService  : portal validate response: {"SFT":"5.2a","IS_PENDING_APPLICANT":false,"SF_ENABLED":true,"HARDWARE_INFO":"","UNIQUE_LOGIN_ID":"50301190-1777550208867","AUTH_TIME":1777550208914,"SF_CONFIG":"5.2a","USER_NAME":"pragu1020","CREDENTIAL_TYPE":0,"IS_FREE_TRIAL":false,"LOGIN_TYPE":1,"LANDING_APP":"PORTAL","CREDENTIAL":"pragu1020","ANOMALOUS_LOGIN":false,"RESULT":true,"IP":"116.88.81.189","USER_ID":50301190,"EXPIRES":1777550211261,"TOKEN":"1e6ffbca7e05d518f4a57870191f7cb19a4859aa","took":261,"IS_MASTER":false,"features":{"env":"PROD","wlms":true,"realtime":true,"bond":true,"optionChains":true,"calendar":true,"newMf":true},"region":"SG"}
19:56:51.277 INFO  vert.x-eventloop-thread-0 GatewayHttpProxy     : authenticated to cp
19:56:51.278 DEBUG vert.x-eventloop-thread-0 BaseServiceProxy     : cancel timer SsoService 0
19:56:51.278 DEBUG vert.x-eventloop-thread-0 BaseServiceProxy     : start timer 300000 SsoService
19:56:51.279 DEBUG vert.x-eventloop-thread-0 BaseServiceProxy     : forward event ON_SSO_VALIDATION, payload 50301190
19:56:51.657 INFO  vert.x-eventloop-thread-0 BaseServiceProxy     : -> GET /v1/api/one/user,200|380ms
19:56:51.658 INFO  vert.x-eventloop-thread-0 ClientPortalService  : get user reply {"username":"pragu1020","features":{"env":"PROD","wlms":true,"realtime":true,"bond":true,"optionChains":true,"calendar":true,"newMf":true},"wbId":"","uar":{"portfolioAnalyst":true,"userInfo":true,"messageCenter":true,"accountDetails":true,"tradingRestrictions":false,"tws":true,"fyi":true,"voting":true,"forum":true,"recentTransactions":true},"props":{"isIBAMClient":false,"ReadOnlySession":null},"firstApprovedDate":1592755200000,"accts":{"U5799398F":{"isIBAMClient":false,"clearingStatus":"O","openDate":1667577600000,"isFAClient":false,"isFunded":true,"tradingPermissions":["CMDTY"]},"U5799398":{"isIBAMClient":false,"clearingStatus":"O","openDate":1592150400000,"isFAClient":false,"isFunded":true,"tradingPermissions":["OPT","IOPT","WAR","STK","CASH","FOP"]}},"hasBrokerageAccessInd":true,"hfcipEligibleInd":false,"fa":false,"has2fa":false,"islite":false,"ispaper":false,"applicants":[{"id":6062329,"type":"INDIVIDUAL","businessType":"INDEPENDENT","nlcode":"en_US","legalCountry":{"name":"Singapore","alpha3":"SGP"}}]}
19:56:52.930 INFO  vert.x-eventloop-thread-0 SsoService           : sso init status=200, url=https://api.ibkr.com/v1/api/ssodh/init
19:56:53.043 DEBUG vert.x-eventloop-thread-0 SsoService           : K 9fd32dbaa1cec668260ef8f6e8c28626d0b425c5
19:56:53.044 DEBUG vert.x-eventloop-thread-0 BaseServiceProxy     : forward event ON_SSODH_COMPLETED, payload none
19:56:53.044 DEBUG vert.x-eventloop-thread-0 GatewayHttpProxy     : delaying authentication for 3000
19:56:53.053 ERROR vert.x-eventloop-thread-0 ContextImpl          : Unhandled exception
java.lang.NullPointerException: Cannot read the array length because "mac" is null
	at ibgroup.web.core.clientportal.gw.utils.TstTokenUtils.getMacAddress(TstTokenUtils.java:22)
	at ibgroup.web.core.clientportal.gw.services.SsoService.getMac(SsoService.java:81)
	at ibgroup.web.core.clientportal.gw.services.SsoService.getDeviceId(SsoService.java:70)
	at ibgroup.web.core.clientportal.gw.services.SsoService.setTstToken(SsoService.java:88)
	at ibgroup.web.core.clientportal.gw.http.GatewayHttpProxy.onEvent(GatewayHttpProxy.java:213)
	at ibgroup.web.core.clientportal.gw.http.GatewayHttpProxy.lambda$new$1(GatewayHttpProxy.java:56)
	at ibgroup.web.core.clientportal.gw.services.BaseServiceProxy.lambda$null$0(BaseServiceProxy.java:67)
	at java.base/java.util.ArrayList.forEach(ArrayList.java:1511)
	at ibgroup.web.core.clientportal.gw.services.BaseServiceProxy.lambda$on$1(BaseServiceProxy.java:67)
	at io.vertx.core.impl.ContextImpl.lambda$wrapTask$2(ContextImpl.java:344)
	at io.netty.util.concurrent.AbstractEventExecutor.safeExecute(AbstractEventExecutor.java:163)
	at io.netty.util.concurrent.SingleThreadEventExecutor.runAllTasks(SingleThreadEventExecutor.java:403)
	at io.netty.channel.nio.NioEventLoop.run(NioEventLoop.java:463)
	at io.netty.util.concurrent.SingleThreadEventExecutor$5.run(SingleThreadEventExecutor.java:858)
	at java.base/java.lang.Thread.run(Thread.java:842)
19:56:56.171 INFO  vert.x-eventloop-thread-0 BaseServiceProxy     : -> GET /v1/api/iserver/auth/status,200|124ms
19:56:56.173 DEBUG vert.x-eventloop-thread-0 ClientPortalService  : status {"authenticated":false,"established":false,"competing":false,"connected":false,"MAC":"06:A8:C0:D9:D5:E3"}
19:56:56.173 INFO  vert.x-eventloop-thread-0 ClientPortalService  : process auth status {"authenticated":false,"established":false,"competing":false,"connected":false,"MAC":"06:A8:C0:D9:D5:E3"}
19:56:56.208 DEBUG vert.x-eventloop-thread-0 ClientPortalService  : auth brokerage, k=9fd32dbaa1cec668260ef8f6e8c28626d0b425c5, post={"username":"pragu1020","machineId":"134af5f6","compete":true}
19:56:56.658 INFO  vert.x-eventloop-thread-0 BaseServiceProxy     : -> POST https://api.ibkr.com/v1/api/iserver/auth/ssodh/init,200|450ms
19:56:56.661 DEBUG vert.x-eventloop-thread-0 ClientPortalService  : iserver init : {"passed":true,"authenticated":true,"connected":true,"established":false,"competing":false,"hardware_info":"275c5aa2|06:A8:C0:D9:D5:E3"}
19:56:56.662 INFO  vert.x-eventloop-thread-0 ClientPortalService  : process auth status {"passed":true,"authenticated":true,"connected":true,"established":false,"competing":false,"hardware_info":"275c5aa2|06:A8:C0:D9:D5:E3"}
19:56:56.663 DEBUG vert.x-eventloop-thread-0 BaseServiceProxy     : start timer 30000 ClientPortalService
19:56:56.811 INFO  vert.x-eventloop-thread-0 BaseServiceProxy     : -> GET /v1/api/iserver/accounts,200|147ms
19:56:56.812 DEBUG vert.x-eventloop-thread-0 ClientPortalService  : iserver accounts {"accounts":["U5799398"],"acctProps":{"U5799398":{"hasChildAccounts":false,"supportsCashQty":true,"supportsFractions":false}},"aliases":{"U5799398":"U5799398"},"allowFeatures":{"showGFIS":true,"showEUCostReport":false,"allowEventContract":true,"allowFXConv":true,"allowFinancialLens":false,"allowMTA":true,"allowTypeAhead":true,"allowEventTrading":true,"snapshotRefreshTimeout":30,"liteUser":false,"showWebNews":true,"research":true,"debugPnl":true,"showTaxOpt":true,"showImpactDashboard":true,"allowDynAccount":false,"allowCrypto":false,"allowFA":false,"allowLiteUnderPro":false,"allowedAssetTypes":"STK,CFD,OPT,FOP,WAR,FUT,BAG,PDC,CASH,IND,BOND,BILL,FUND,SLB,News,CMDTY,IOPT,ICU,ICS,PHYSS,CRYPTO","restrictTradeSubscription":false,"showUkUserLabels":true,"sideBySide":true},"chartPeriods":{"STK":["*"],"CFD":["*"],"OPT":["2h","1d","2d","1w","1m"],"FOP":["2h","1d","2d","1w","1m"],"WAR":["*"],"IOPT":["*"],"FUT":["*"],"CASH":["*"],"IND":["*"],"BOND":["*"],"FUND":["*"],"CMDTY":["*"],"PHYSS":["*"],"CRYPTO":["*"]},"groups":[],"profiles":[],"selectedAccount":"U5799398","serverInfo":{"serverName":"JifS18127","serverVersion":"Build 10.45.1a, Apr 22, 2026 1:39:05 PM"},"sessionId":"69f272b0.00000052","isFT":false,"isPaper":false}
19:57:26.830 INFO  vert.x-eventloop-thread-0 BaseServiceProxy     : -> GET /v1/api/tickle,200|161ms
19:57:26.831 DEBUG vert.x-eventloop-thread-0 ClientPortalService  : tickle {"session":"286191c6c70a8eeb648a592371e157bc","ssoExpires":564392,"collission":false,"userId":50301190,"hmds":{"error":"no bridge"},"iserver":{"authStatus":{"authenticated":true,"established":true,"competing":false,"connected":true,"message":"","MAC":"06:A8:C0:D9:D5:E3","serverInfo":{"serverName":"JifS18127","serverVersion":"Build 10.45.1a, Apr 22, 2026 1:39:05 PM"},"hardware_info":"275c5aa2|06:A8:C0:D9:D5:E3"}}}
19:57:56.993 INFO  vert.x-eventloop-thread-0 BaseServiceProxy     : -> GET /v1/api/tickle,200|328ms
19:57:56.995 DEBUG vert.x-eventloop-thread-0 ClientPortalService  : tickle {"session":"286191c6c70a8eeb648a592371e157bc","ssoExpires":534179,"collission":false,"userId":50301190,"hmds":{"error":"no bridge"},"iserver":{"authStatus":{"authenticated":true,"established":true,"competing":false,"connected":true,"message":"","MAC":"06:A8:C0:D9:D5:E3","serverInfo":{"serverName":"JifS18127","serverVersion":"Build 10.45.1a, Apr 22, 2026 1:39:05 PM"},"hardware_info":"275c5aa2|06:A8:C0:D9:D5:E3"}}}
19:58:26.780 INFO  vert.x-eventloop-thread-0 BaseServiceProxy     : -> GET /v1/api/tickle,200|115ms
19:58:26.782 DEBUG vert.x-eventloop-thread-0 ClientPortalService  : tickle {"session":"286191c6c70a8eeb648a592371e157bc","ssoExpires":504406,"collission":false,"userId":50301190,"hmds":{"error":"no bridge"},"iserver":{"authStatus":{"authenticated":true,"established":true,"competing":false,"connected":true,"message":"","MAC":"06:A8:C0:D9:D5:E3","serverInfo":{"serverName":"JifS18127","serverVersion":"Build 10.45.1a, Apr 22, 2026 1:39:05 PM"},"hardware_info":"275c5aa2|06:A8:C0:D9:D5:E3"}}}
19:58:56.885 INFO  vert.x-eventloop-thread-0 BaseServiceProxy     : -> GET /v1/api/tickle,200|221ms
19:58:56.887 DEBUG vert.x-eventloop-thread-0 ClientPortalService  : tickle {"session":"286191c6c70a8eeb648a592371e157bc","ssoExpires":474283,"collission":false,"userId":50301190,"hmds":{"error":"no bridge"},"iserver":{"authStatus":{"authenticated":true,"established":true,"competing":false,"connected":true,"message":"","MAC":"06:A8:C0:D9:D5:E3","serverInfo":{"serverName":"JifS18127","serverVersion":"Build 10.45.1a, Apr 22, 2026 1:39:05 PM"},"hardware_info":"275c5aa2|06:A8:C0:D9:D5:E3"}}}
19:59:26.792 INFO  vert.x-eventloop-thread-0 BaseServiceProxy     : -> GET /v1/api/tickle,200|135ms
19:59:26.794 DEBUG vert.x-eventloop-thread-0 ClientPortalService  : tickle {"session":"286191c6c70a8eeb648a592371e157bc","ssoExpires":444419,"collission":false,"userId":50301190,"hmds":{"error":"no bridge"},"iserver":{"authStatus":{"authenticated":true,"established":true,"competing":false,"connected":true,"message":"","MAC":"06:A8:C0:D9:D5:E3","serverInfo":{"serverName":"JifS18127","serverVersion":"Build 10.45.1a, Apr 22, 2026 1:39:05 PM"},"hardware_info":"275c5aa2|06:A8:C0:D9:D5:E3"}}}
19:59:56.796 INFO  vert.x-eventloop-thread-0 BaseServiceProxy     : -> GET /v1/api/tickle,200|143ms
19:59:56.798 DEBUG vert.x-eventloop-thread-0 ClientPortalService  : tickle {"session":"286191c6c70a8eeb648a592371e157bc","ssoExpires":414361,"collission":false,"userId":50301190,"hmds":{"error":"no bridge"},"iserver":{"authStatus":{"authenticated":true,"established":true,"competing":false,"connected":true,"message":"","MAC":"06:A8:C0:D9:D5:E3","serverInfo":{"serverName":"JifS18127","serverVersion":"Build 10.45.1a, Apr 22, 2026 1:39:05 PM"},"hardware_info":"275c5aa2|06:A8:C0:D9:D5:E3"}}}
20:00:17.391 INFO  vert.x-eventloop-thread-0 BaseServiceProxy     : -> GET /v1/api/iserver/auth/ssodh/init?publish=true&compete=true,200|349ms
20:00:17.828 INFO  vert.x-eventloop-thread-0 BaseServiceProxy     : -> GET /v1/api/iserver/account/orders,200|163ms
20:00:18.021 INFO  vert.x-eventloop-thread-0 BaseServiceProxy     : -> GET /v1/api/tickle,200|164ms
20:00:26.760 INFO  vert.x-eventloop-thread-0 BaseServiceProxy     : -> GET /v1/api/tickle,200|109ms
20:00:26.761 DEBUG vert.x-eventloop-thread-0 ClientPortalService  : tickle {"session":"286191c6c70a8eeb648a592371e157bc","ssoExpires":384398,"collission":false,"userId":50301190,"hmds":{"error":"no bridge"},"iserver":{"authStatus":{"authenticated":true,"established":true,"competing":false,"connected":true,"message":"","MAC":"06:A8:C0:D9:D5:E3","serverInfo":{"serverName":"JifS18127","serverVersion":"Build 10.45.1a, Apr 22, 2026 1:39:05 PM"},"hardware_info":"275c5aa2|06:A8:C0:D9:D5:E3"}}}
20:00:57.042 INFO  vert.x-eventloop-thread-0 BaseServiceProxy     : -> GET /v1/api/tickle,200|390ms
20:00:57.057 DEBUG vert.x-eventloop-thread-0 ClientPortalService  : tickle {"session":"286191c6c70a8eeb648a592371e157bc","ssoExpires":354211,"collission":false,"userId":50301190,"hmds":{"error":"no bridge"},"iserver":{"authStatus":{"authenticated":true,"established":true,"competing":false,"connected":true,"message":"","MAC":"06:A8:C0:D9:D5:E3","serverInfo":{"serverName":"JifS18127","serverVersion":"Build 10.45.1a, Apr 22, 2026 1:39:05 PM"},"hardware_info":"275c5aa2|06:A8:C0:D9:D5:E3"}}}
20:01:26.936 INFO  vert.x-eventloop-thread-0 BaseServiceProxy     : -> GET /v1/api/tickle,200|286ms
20:01:26.939 DEBUG vert.x-eventloop-thread-0 ClientPortalService  : tickle {"session":"286191c6c70a8eeb648a592371e157bc","ssoExpires":324278,"collission":false,"userId":50301190,"hmds":{"error":"no bridge"},"iserver":{"authStatus":{"authenticated":true,"established":true,"competing":false,"connected":true,"message":"","MAC":"06:A8:C0:D9:D5:E3","serverInfo":{"serverName":"JifS18127","serverVersion":"Build 10.45.1a, Apr 22, 2026 1:39:05 PM"},"hardware_info":"275c5aa2|06:A8:C0:D9:D5:E3"}}}
20:01:41.140 INFO  vert.x-eventloop-thread-0 BaseServiceProxy     : -> GET /v1/api/portfolio/U5799398/summary,200|351ms
20:01:41.227 INFO  vert.x-eventloop-thread-0 BaseServiceProxy     : -> GET /v1/api/iserver/account/orders,200|77ms
20:01:41.318 INFO  vert.x-eventloop-thread-0 BaseServiceProxy     : -> GET /v1/api/portfolio/U5799398/positions/0?direction=a&period=1W&sort=position,200|151ms
20:01:51.613 INFO  vert.x-eventloop-thread-0 BaseServiceProxy     : -> GET /sso/ping,200|345ms
20:01:51.616 INFO  vert.x-eventloop-thread-0 SsoService           : sso ping {"result": "true"}
20:01:56.752 INFO  vert.x-eventloop-thread-0 BaseServiceProxy     : -> GET /v1/api/tickle,200|101ms
20:01:56.752 DEBUG vert.x-eventloop-thread-0 ClientPortalService  : tickle {"session":"286191c6c70a8eeb648a592371e157bc","ssoExpires":294416,"collission":false,"userId":50301190,"hmds":{"error":"no bridge"},"iserver":{"authStatus":{"authenticated":true,"established":true,"competing":false,"connected":true,"message":"","MAC":"06:A8:C0:D9:D5:E3","serverInfo":{"serverName":"JifS18127","serverVersion":"Build 10.45.1a, Apr 22, 2026 1:39:05 PM"},"hardware_info":"275c5aa2|06:A8:C0:D9:D5:E3"}}}
20:02:07.083 INFO  vert.x-eventloop-thread-0 BaseServiceProxy     : -> GET /v1/api/iserver/secdef/search?symbol=SYRE&secType=STK,200|87ms
20:02:07.162 INFO  vert.x-eventloop-thread-0 BaseServiceProxy     : -> GET /v1/api/iserver/account/orders,200|76ms
20:02:07.299 INFO  vert.x-eventloop-thread-0 BaseServiceProxy     : -> GET /v1/api/portfolio/U5799398/summary,200|124ms
20:02:07.712 INFO  vert.x-eventloop-thread-0 BaseServiceProxy     : -> GET /v1/api/iserver/account/U5799398/orders,200|409ms
20:02:07.776 INFO  vert.x-eventloop-thread-0 BaseServiceProxy     : -> GET /v1/api/iserver/reply/83a8ae9c-0361-4579-8dc9-b6ac11ade349,200|62ms
20:02:07.839 INFO  vert.x-eventloop-thread-0 BaseServiceProxy     : -> GET /v1/api/iserver/reply/f7dec3b9-7453-4cf8-8c96-eab4d22fcc28,200|62ms
20:02:07.906 INFO  vert.x-eventloop-thread-0 BaseServiceProxy     : -> GET /v1/api/iserver/reply/599979f0-9a98-474d-9134-4eaae9585aae,200|65ms
20:02:07.973 INFO  vert.x-eventloop-thread-0 BaseServiceProxy     : -> GET /v1/api/iserver/reply/f7528fd0-7698-4dea-b5d4-06022db8e158,200|65ms
20:02:08.075 INFO  vert.x-eventloop-thread-0 BaseServiceProxy     : -> GET /v1/api/iserver/reply/05f0dd09-63d5-486d-bad9-5d064279d12e,200|87ms
20:02:08.142 INFO  vert.x-eventloop-thread-0 BaseServiceProxy     : -> GET /v1/api/iserver/account/orders,200|65ms
20:02:08.507 INFO  vert.x-eventloop-thread-0 BaseServiceProxy     : -> GET /v1/api/iserver/marketdata/history?conid=652828849&period=30d&bar=1d&outsideRth=false,200|352ms
20:02:08.590 INFO  vert.x-eventloop-thread-0 BaseServiceProxy     : -> GET /v1/api/iserver/marketdata/history?conid=652828849&period=30d&bar=1d&outsideRth=false,200|81ms
20:02:14.665 INFO  vert.x-eventloop-thread-0 BaseServiceProxy     : -> GET /v1/api/iserver/account/orders,200|63ms
20:02:14.769 INFO  vert.x-eventloop-thread-0 BaseServiceProxy     : -> GET /v1/api/iserver/marketdata/history?conid=652828849&period=30d&bar=1d&outsideRth=false,200|85ms
20:02:14.841 INFO  vert.x-eventloop-thread-0 BaseServiceProxy     : -> GET /v1/api/iserver/marketdata/history?conid=652828849&period=30d&bar=1d&outsideRth=false,200|67ms
20:02:14.976 INFO  vert.x-eventloop-thread-0 BaseServiceProxy     : -> GET /v1/api/iserver/account/orders,200|75ms
20:02:15.050 INFO  vert.x-eventloop-thread-0 BaseServiceProxy     : -> GET /v1/api/iserver/account/orders,200|68ms
20:02:15.404 INFO  vert.x-eventloop-thread-0 BaseServiceProxy     : -> GET /v1/api/iserver/account/U5799398/order/348281179,200|345ms
20:02:15.480 INFO  vert.x-eventloop-thread-0 BaseServiceProxy     : -> GET /v1/api/iserver/account/orders,200|73ms
20:02:15.584 INFO  vert.x-eventloop-thread-0 BaseServiceProxy     : -> GET /v1/api/iserver/marketdata/history?conid=652828849&period=30d&bar=1d&outsideRth=false,200|80ms
20:02:15.653 INFO  vert.x-eventloop-thread-0 BaseServiceProxy     : -> GET /v1/api/iserver/marketdata/history?conid=652828849&period=30d&bar=1d&outsideRth=false,200|67ms
20:02:15.777 INFO  vert.x-eventloop-thread-0 BaseServiceProxy     : -> GET /v1/api/iserver/account/orders,200|95ms
20:02:26.718 INFO  vert.x-eventloop-thread-0 BaseServiceProxy     : -> GET /v1/api/tickle,200|68ms
20:02:26.718 DEBUG vert.x-eventloop-thread-0 ClientPortalService  : tickle {"session":"286191c6c70a8eeb648a592371e157bc","ssoExpires":264434,"collission":false,"userId":50301190,"hmds":{"error":"no bridge"},"iserver":{"authStatus":{"authenticated":true,"established":true,"competing":false,"connected":true,"message":"","MAC":"06:A8:C0:D9:D5:E3","serverInfo":{"serverName":"JifS18127","serverVersion":"Build 10.45.1a, Apr 22, 2026 1:39:05 PM"},"hardware_info":"275c5aa2|06:A8:C0:D9:D5:E3"}}}
20:02:56.874 INFO  vert.x-eventloop-thread-0 BaseServiceProxy     : -> GET /v1/api/tickle,200|224ms
20:02:56.876 DEBUG vert.x-eventloop-thread-0 ClientPortalService  : tickle {"session":"286191c6c70a8eeb648a592371e157bc","ssoExpires":234279,"collission":false,"userId":50301190,"hmds":{"error":"no bridge"},"iserver":{"authStatus":{"authenticated":true,"established":true,"competing":false,"connected":true,"message":"","MAC":"06:A8:C0:D9:D5:E3","serverInfo":{"serverName":"JifS18127","serverVersion":"Build 10.45.1a, Apr 22, 2026 1:39:05 PM"},"hardware_info":"275c5aa2|06:A8:C0:D9:D5:E3"}}}
20:03:18.265 INFO  vert.x-eventloop-thread-0 BaseServiceProxy     : -> GET /v1/api/tickle,200|109ms
20:03:20.867 INFO  vert.x-eventloop-thread-0 BaseServiceProxy     : -> GET /v1/api/iserver/account/orders,200|80ms
20:03:26.747 INFO  vert.x-eventloop-thread-0 BaseServiceProxy     : -> GET /v1/api/tickle,200|98ms
20:03:26.747 DEBUG vert.x-eventloop-thread-0 ClientPortalService  : tickle {"session":"286191c6c70a8eeb648a592371e157bc","ssoExpires":204418,"collission":false,"userId":50301190,"hmds":{"error":"no bridge"},"iserver":{"authStatus":{"authenticated":true,"established":true,"competing":false,"connected":true,"message":"","MAC":"06:A8:C0:D9:D5:E3","serverInfo":{"serverName":"JifS18127","serverVersion":"Build 10.45.1a, Apr 22, 2026 1:39:05 PM"},"hardware_info":"275c5aa2|06:A8:C0:D9:D5:E3"}}}
20:03:54.536 INFO  vert.x-eventloop-thread-0 BaseServiceProxy     : -> GET /v1/api/portfolio/U5799398/summary,200|112ms
20:03:54.625 INFO  vert.x-eventloop-thread-0 BaseServiceProxy     : -> GET /v1/api/iserver/account/orders,200|62ms
20:03:56.662 INFO  vert.x-eventloop-thread-0 BaseServiceProxy     : -> GET /v1/api/portfolio/U5799398/positions/0?direction=a&period=1W&sort=position,200|2119ms
20:03:56.742 INFO  vert.x-eventloop-thread-0 BaseServiceProxy     : -> GET /v1/api/tickle,200|92ms
20:03:56.742 DEBUG vert.x-eventloop-thread-0 ClientPortalService  : tickle {"session":"286191c6c70a8eeb648a592371e157bc","ssoExpires":174416,"collission":false,"userId":50301190,"hmds":{"error":"no bridge"},"iserver":{"authStatus":{"authenticated":true,"established":true,"competing":false,"connected":true,"message":"","MAC":"06:A8:C0:D9:D5:E3","serverInfo":{"serverName":"JifS18127","serverVersion":"Build 10.45.1a, Apr 22, 2026 1:39:05 PM"},"hardware_info":"275c5aa2|06:A8:C0:D9:D5:E3"}}}
20:04:26.984 INFO  vert.x-eventloop-thread-0 BaseServiceProxy     : -> GET /v1/api/tickle,200|335ms
20:04:26.987 DEBUG vert.x-eventloop-thread-0 ClientPortalService  : tickle {"session":"286191c6c70a8eeb648a592371e157bc","ssoExpires":144186,"collission":false,"userId":50301190,"hmds":{"error":"no bridge"},"iserver":{"authStatus":{"authenticated":true,"established":true,"competing":false,"connected":true,"message":"","MAC":"06:A8:C0:D9:D5:E3","serverInfo":{"serverName":"JifS18127","serverVersion":"Build 10.45.1a, Apr 22, 2026 1:39:05 PM"},"hardware_info":"275c5aa2|06:A8:C0:D9:D5:E3"}}}
20:04:40.804 INFO  vert.x-eventloop-thread-0 BaseServiceProxy     : -> GET /v1/api/iserver/secdef/search?symbol=BORR&secType=STK,200|74ms
20:04:40.872 INFO  vert.x-eventloop-thread-0 BaseServiceProxy     : -> GET /v1/api/iserver/account/orders,200|65ms
20:04:40.996 INFO  vert.x-eventloop-thread-0 BaseServiceProxy     : -> GET /v1/api/portfolio/U5799398/summary,200|112ms
20:04:41.387 INFO  vert.x-eventloop-thread-0 BaseServiceProxy     : -> GET /v1/api/iserver/account/U5799398/orders,200|384ms
20:04:41.494 INFO  vert.x-eventloop-thread-0 BaseServiceProxy     : -> GET /v1/api/iserver/reply/c7d83ba1-b03a-477e-b2a8-943ce5babb9b,200|104ms
20:04:41.626 INFO  vert.x-eventloop-thread-0 BaseServiceProxy     : -> GET /v1/api/iserver/reply/3a038ec5-aca0-4630-822e-348277ff7455,200|129ms
20:04:41.695 INFO  vert.x-eventloop-thread-0 BaseServiceProxy     : -> GET /v1/api/iserver/reply/ff115b62-59cc-4749-b973-68000adc461a,200|66ms
20:04:41.826 INFO  vert.x-eventloop-thread-0 BaseServiceProxy     : -> GET /v1/api/iserver/reply/0c79c11a-7d47-4819-984a-62cc5cd0b8a1,200|128ms
20:04:41.893 INFO  vert.x-eventloop-thread-0 BaseServiceProxy     : -> GET /v1/api/iserver/reply/14c49cd2-004f-4b92-b928-f32453fb4f40,200|65ms
20:04:41.959 INFO  vert.x-eventloop-thread-0 BaseServiceProxy     : -> GET /v1/api/iserver/reply/eb26c022-7270-49ef-b8ac-a765fe52ce8d,200|64ms
20:04:42.020 INFO  vert.x-eventloop-thread-0 BaseServiceProxy     : -> GET /v1/api/iserver/reply/710560e9-a928-4db5-bd3a-e83e2569dacd,200|60ms
20:04:42.083 INFO  vert.x-eventloop-thread-0 BaseServiceProxy     : -> GET /v1/api/iserver/reply/24d6c2a9-4f47-4625-b759-f245c42652e6,200|61ms
20:04:42.161 INFO  vert.x-eventloop-thread-0 BaseServiceProxy     : -> GET /v1/api/iserver/reply/d2cd62a8-b1a9-4361-baca-a47b8f442d08,200|76ms
20:04:42.225 INFO  vert.x-eventloop-thread-0 BaseServiceProxy     : -> GET /v1/api/iserver/account/orders,200|62ms
20:04:42.575 INFO  vert.x-eventloop-thread-0 BaseServiceProxy     : -> GET /v1/api/iserver/marketdata/history?conid=531398916&period=30d&bar=1d&outsideRth=false,200|333ms
20:04:42.651 INFO  vert.x-eventloop-thread-0 BaseServiceProxy     : -> GET /v1/api/iserver/marketdata/history?conid=531398916&period=30d&bar=1d&outsideRth=false,200|74ms
20:04:45.992 INFO  vert.x-eventloop-thread-0 BaseServiceProxy     : -> GET /v1/api/iserver/account/orders,200|74ms
20:04:46.085 INFO  vert.x-eventloop-thread-0 BaseServiceProxy     : -> GET /v1/api/iserver/marketdata/history?conid=531398916&period=30d&bar=1d&outsideRth=false,200|77ms
20:04:46.165 INFO  vert.x-eventloop-thread-0 BaseServiceProxy     : -> GET /v1/api/iserver/marketdata/history?conid=531398916&period=30d&bar=1d&outsideRth=false,200|77ms
20:04:46.317 INFO  vert.x-eventloop-thread-0 BaseServiceProxy     : -> GET /v1/api/iserver/account/orders,200|64ms
20:04:46.420 INFO  vert.x-eventloop-thread-0 BaseServiceProxy     : -> GET /v1/api/iserver/account/orders,200|97ms
20:04:46.780 INFO  vert.x-eventloop-thread-0 BaseServiceProxy     : -> GET /v1/api/iserver/account/U5799398/order/348281182,200|355ms
20:04:46.844 INFO  vert.x-eventloop-thread-0 BaseServiceProxy     : -> GET /v1/api/iserver/account/orders,200|62ms
20:04:46.933 INFO  vert.x-eventloop-thread-0 BaseServiceProxy     : -> GET /v1/api/iserver/marketdata/history?conid=531398916&period=30d&bar=1d&outsideRth=false,200|77ms
20:04:47.007 INFO  vert.x-eventloop-thread-0 BaseServiceProxy     : -> GET /v1/api/iserver/marketdata/history?conid=531398916&period=30d&bar=1d&outsideRth=false,200|70ms
20:04:47.195 INFO  vert.x-eventloop-thread-0 BaseServiceProxy     : -> GET /v1/api/iserver/account/orders,200|133ms
20:04:56.916 INFO  vert.x-eventloop-thread-0 BaseServiceProxy     : -> GET /v1/api/tickle,200|259ms
20:04:56.917 DEBUG vert.x-eventloop-thread-0 ClientPortalService  : tickle {"session":"286191c6c70a8eeb648a592371e157bc","ssoExpires":114238,"collission":false,"userId":50301190,"hmds":{"error":"no bridge"},"iserver":{"authStatus":{"authenticated":true,"established":true,"competing":false,"connected":true,"message":"","MAC":"06:A8:C0:D9:D5:E3","serverInfo":{"serverName":"JifS18127","serverVersion":"Build 10.45.1a, Apr 22, 2026 1:39:05 PM"},"hardware_info":"275c5aa2|06:A8:C0:D9:D5:E3"}}}
20:05:26.821 INFO  vert.x-eventloop-thread-0 BaseServiceProxy     : -> GET /v1/api/tickle,200|172ms
20:05:26.823 DEBUG vert.x-eventloop-thread-0 ClientPortalService  : tickle {"session":"286191c6c70a8eeb648a592371e157bc","ssoExpires":84374,"collission":false,"userId":50301190,"hmds":{"error":"no bridge"},"iserver":{"authStatus":{"authenticated":true,"established":true,"competing":false,"connected":true,"message":"","MAC":"06:A8:C0:D9:D5:E3","serverInfo":{"serverName":"JifS18127","serverVersion":"Build 10.45.1a, Apr 22, 2026 1:39:05 PM"},"hardware_info":"275c5aa2|06:A8:C0:D9:D5:E3"}}}
20:05:56.808 INFO  vert.x-eventloop-thread-0 BaseServiceProxy     : -> GET /v1/api/tickle,200|160ms
20:05:56.809 DEBUG vert.x-eventloop-thread-0 ClientPortalService  : tickle {"session":"286191c6c70a8eeb648a592371e157bc","ssoExpires":54345,"collission":false,"userId":50301190,"hmds":{"error":"no bridge"},"iserver":{"authStatus":{"authenticated":true,"established":true,"competing":false,"connected":true,"message":"","MAC":"06:A8:C0:D9:D5:E3","serverInfo":{"serverName":"JifS18127","serverVersion":"Build 10.45.1a, Apr 22, 2026 1:39:05 PM"},"hardware_info":"275c5aa2|06:A8:C0:D9:D5:E3"}}}
20:06:18.668 INFO  vert.x-eventloop-thread-0 BaseServiceProxy     : -> GET /v1/api/tickle,200|282ms
20:06:26.811 INFO  vert.x-eventloop-thread-0 BaseServiceProxy     : -> GET /v1/api/tickle,200|163ms
20:06:26.812 DEBUG vert.x-eventloop-thread-0 ClientPortalService  : tickle {"session":"286191c6c70a8eeb648a592371e157bc","ssoExpires":24342,"collission":false,"userId":50301190,"hmds":{"error":"no bridge"},"iserver":{"authStatus":{"authenticated":true,"established":true,"competing":false,"connected":true,"message":"","MAC":"06:A8:C0:D9:D5:E3","serverInfo":{"serverName":"JifS18127","serverVersion":"Build 10.45.1a, Apr 22, 2026 1:39:05 PM"},"hardware_info":"275c5aa2|06:A8:C0:D9:D5:E3"}}}
20:06:51.756 INFO  vert.x-eventloop-thread-0 BaseServiceProxy     : -> GET /sso/ping,200|494ms
20:06:51.757 INFO  vert.x-eventloop-thread-0 SsoService           : sso ping {"result": "true"}
20:06:56.762 INFO  vert.x-eventloop-thread-0 BaseServiceProxy     : -> GET /v1/api/tickle,200|115ms
20:06:56.763 DEBUG vert.x-eventloop-thread-0 ClientPortalService  : tickle {"session":"286191c6c70a8eeb648a592371e157bc","ssoExpires":600000,"collission":false,"userId":50301190,"hmds":{"error":"no bridge"},"iserver":{"authStatus":{"authenticated":true,"established":true,"competing":false,"connected":true,"message":"","MAC":"06:A8:C0:D9:D5:E3","serverInfo":{"serverName":"JifS18127","serverVersion":"Build 10.45.1a, Apr 22, 2026 1:39:05 PM"},"hardware_info":"275c5aa2|06:A8:C0:D9:D5:E3"}}}
20:06:57.198 INFO  vert.x-eventloop-thread-0 BaseServiceProxy     : -> GET /v1/api/portfolio/U5799398/summary,200|188ms
20:06:57.279 INFO  vert.x-eventloop-thread-0 BaseServiceProxy     : -> GET /v1/api/iserver/account/orders,200|69ms
20:06:57.313 INFO  vert.x-eventloop-thread-0 BaseServiceProxy     : -> GET /v1/api/portfolio/U5799398/positions/0?direction=a&period=1W&sort=position,200|112ms
20:07:12.318 INFO  vert.x-eventloop-thread-0 BaseServiceProxy     : -> GET /v1/api/iserver/secdef/search?symbol=TDW&secType=STK,200|80ms
20:07:12.384 INFO  vert.x-eventloop-thread-0 BaseServiceProxy     : -> GET /v1/api/iserver/account/orders,200|64ms
20:07:12.511 INFO  vert.x-eventloop-thread-0 BaseServiceProxy     : -> GET /v1/api/portfolio/U5799398/summary,200|98ms
20:07:12.921 INFO  vert.x-eventloop-thread-0 BaseServiceProxy     : -> GET /v1/api/iserver/account/U5799398/orders,200|403ms
20:07:13.014 INFO  vert.x-eventloop-thread-0 BaseServiceProxy     : -> GET /v1/api/iserver/reply/1e82b8a7-90fa-4c37-b57c-d6ec8fdc2abe,200|91ms
20:07:13.093 INFO  vert.x-eventloop-thread-0 BaseServiceProxy     : -> GET /v1/api/iserver/reply/6e2ff4eb-7508-4947-b9af-8572d81b7f87,200|78ms
20:07:13.247 INFO  vert.x-eventloop-thread-0 BaseServiceProxy     : -> GET /v1/api/iserver/reply/64c79fa0-14ae-4ee4-8ced-33b991eec704,200|153ms
20:07:13.315 INFO  vert.x-eventloop-thread-0 BaseServiceProxy     : -> GET /v1/api/iserver/reply/e3a5d99b-eecd-4e89-b1dd-3c9e0c835d66,200|64ms
20:07:13.401 INFO  vert.x-eventloop-thread-0 BaseServiceProxy     : -> GET /v1/api/iserver/reply/9073abdd-10c3-4499-a730-e03611f7eb20,200|83ms
20:07:13.504 INFO  vert.x-eventloop-thread-0 BaseServiceProxy     : -> GET /v1/api/iserver/reply/6dc6c7fa-ddce-4397-b2de-dd898d318648,200|99ms
20:07:13.605 INFO  vert.x-eventloop-thread-0 BaseServiceProxy     : -> GET /v1/api/iserver/account/orders,200|97ms
20:07:13.967 INFO  vert.x-eventloop-thread-0 BaseServiceProxy     : -> GET /v1/api/iserver/marketdata/history?conid=284447308&period=30d&bar=1d&outsideRth=false,200|342ms
20:07:14.040 INFO  vert.x-eventloop-thread-0 BaseServiceProxy     : -> GET /v1/api/iserver/marketdata/history?conid=284447308&period=30d&bar=1d&outsideRth=false,200|71ms
20:07:26.714 INFO  vert.x-eventloop-thread-0 BaseServiceProxy     : -> GET /v1/api/tickle,200|67ms
20:07:26.714 DEBUG vert.x-eventloop-thread-0 ClientPortalService  : tickle {"session":"286191c6c70a8eeb648a592371e157bc","ssoExpires":570043,"collission":false,"userId":50301190,"hmds":{"error":"no bridge"},"iserver":{"authStatus":{"authenticated":true,"established":true,"competing":false,"connected":true,"message":"","MAC":"06:A8:C0:D9:D5:E3","serverInfo":{"serverName":"JifS18127","serverVersion":"Build 10.45.1a, Apr 22, 2026 1:39:05 PM"},"hardware_info":"275c5aa2|06:A8:C0:D9:D5:E3"}}}
20:07:32.305 INFO  vert.x-eventloop-thread-0 BaseServiceProxy     : -> GET /v1/api/iserver/account/orders,200|108ms
20:07:32.385 INFO  vert.x-eventloop-thread-0 BaseServiceProxy     : -> GET /v1/api/iserver/marketdata/history?conid=284447308&period=30d&bar=1d&outsideRth=false,200|67ms
20:07:32.471 INFO  vert.x-eventloop-thread-0 BaseServiceProxy     : -> GET /v1/api/iserver/marketdata/history?conid=284447308&period=30d&bar=1d&outsideRth=false,200|82ms
20:07:32.614 INFO  vert.x-eventloop-thread-0 BaseServiceProxy     : -> GET /v1/api/iserver/account/orders,200|80ms
20:07:32.691 INFO  vert.x-eventloop-thread-0 BaseServiceProxy     : -> GET /v1/api/iserver/account/orders,200|70ms
20:07:33.530 INFO  vert.x-eventloop-thread-0 BaseServiceProxy     : -> GET /v1/api/iserver/account/U5799398/order/348281185,200|834ms
20:07:33.605 INFO  vert.x-eventloop-thread-0 BaseServiceProxy     : -> GET /v1/api/iserver/account/orders,200|73ms
20:07:33.703 INFO  vert.x-eventloop-thread-0 BaseServiceProxy     : -> GET /v1/api/iserver/marketdata/history?conid=284447308&period=30d&bar=1d&outsideRth=false,200|69ms
20:07:33.770 INFO  vert.x-eventloop-thread-0 BaseServiceProxy     : -> GET /v1/api/iserver/marketdata/history?conid=284447308&period=30d&bar=1d&outsideRth=false,200|65ms
20:07:33.936 INFO  vert.x-eventloop-thread-0 BaseServiceProxy     : -> GET /v1/api/iserver/account/orders,200|103ms
20:07:56.736 INFO  vert.x-eventloop-thread-0 BaseServiceProxy     : -> GET /v1/api/tickle,200|89ms
20:07:56.739 DEBUG vert.x-eventloop-thread-0 ClientPortalService  : tickle {"session":"286191c6c70a8eeb648a592371e157bc","ssoExpires":540026,"collission":false,"userId":50301190,"hmds":{"error":"no bridge"},"iserver":{"authStatus":{"authenticated":true,"established":true,"competing":false,"connected":true,"message":"","MAC":"06:A8:C0:D9:D5:E3","serverInfo":{"serverName":"JifS18127","serverVersion":"Build 10.45.1a, Apr 22, 2026 1:39:05 PM"},"hardware_info":"275c5aa2|06:A8:C0:D9:D5:E3"}}}
20:08:26.743 INFO  vert.x-eventloop-thread-0 BaseServiceProxy     : -> GET /v1/api/tickle,200|96ms
20:08:26.744 DEBUG vert.x-eventloop-thread-0 ClientPortalService  : tickle {"session":"286191c6c70a8eeb648a592371e157bc","ssoExpires":510018,"collission":false,"userId":50301190,"hmds":{"error":"no bridge"},"iserver":{"authStatus":{"authenticated":true,"established":true,"competing":false,"connected":true,"message":"","MAC":"06:A8:C0:D9:D5:E3","serverInfo":{"serverName":"JifS18127","serverVersion":"Build 10.45.1a, Apr 22, 2026 1:39:05 PM"},"hardware_info":"275c5aa2|06:A8:C0:D9:D5:E3"}}}
20:08:56.758 INFO  vert.x-eventloop-thread-0 BaseServiceProxy     : -> GET /v1/api/tickle,200|112ms
20:08:56.760 DEBUG vert.x-eventloop-thread-0 ClientPortalService  : tickle {"session":"286191c6c70a8eeb648a592371e157bc","ssoExpires":480037,"collission":false,"userId":50301190,"hmds":{"error":"no bridge"},"iserver":{"authStatus":{"authenticated":true,"established":true,"competing":false,"connected":true,"message":"","MAC":"06:A8:C0:D9:D5:E3","serverInfo":{"serverName":"JifS18127","serverVersion":"Build 10.45.1a, Apr 22, 2026 1:39:05 PM"},"hardware_info":"275c5aa2|06:A8:C0:D9:D5:E3"}}}
20:09:18.881 INFO  vert.x-eventloop-thread-0 BaseServiceProxy     : -> GET /v1/api/tickle,200|78ms
20:09:26.732 INFO  vert.x-eventloop-thread-0 BaseServiceProxy     : -> GET /v1/api/tickle,200|87ms
20:09:26.732 DEBUG vert.x-eventloop-thread-0 ClientPortalService  : tickle {"session":"286191c6c70a8eeb648a592371e157bc","ssoExpires":450038,"collission":false,"userId":50301190,"hmds":{"error":"no bridge"},"iserver":{"authStatus":{"authenticated":true,"established":true,"competing":false,"connected":true,"message":"","MAC":"06:A8:C0:D9:D5:E3","serverInfo":{"serverName":"JifS18127","serverVersion":"Build 10.45.1a, Apr 22, 2026 1:39:05 PM"},"hardware_info":"275c5aa2|06:A8:C0:D9:D5:E3"}}}
20:09:32.194 INFO  vert.x-eventloop-thread-0 BaseServiceProxy     : -> GET /v1/api/iserver/secdef/search?symbol=ALHC&secType=STK,200|273ms
20:09:43.341 INFO  vert.x-eventloop-thread-0 BaseServiceProxy     : -> GET /v1/api/portfolio/U5799398/summary,200|125ms
20:09:43.431 INFO  vert.x-eventloop-thread-0 BaseServiceProxy     : -> GET /v1/api/iserver/account/orders,200|87ms
20:09:44.765 INFO  vert.x-eventloop-thread-0 BaseServiceProxy     : -> GET /v1/api/portfolio/U5799398/positions/0?direction=a&period=1W&sort=position,200|1411ms
20:09:50.959 INFO  vert.x-eventloop-thread-0 BaseServiceProxy     : -> GET /v1/api/iserver/secdef/search?symbol=ALHC&secType=STK,200|108ms
20:09:51.038 INFO  vert.x-eventloop-thread-0 BaseServiceProxy     : -> GET /v1/api/iserver/account/orders,200|76ms
20:09:51.154 INFO  vert.x-eventloop-thread-0 BaseServiceProxy     : -> GET /v1/api/portfolio/U5799398/summary,200|102ms
20:09:51.665 INFO  vert.x-eventloop-thread-0 BaseServiceProxy     : -> GET /v1/api/iserver/account/U5799398/orders,200|503ms
20:09:51.845 INFO  vert.x-eventloop-thread-0 BaseServiceProxy     : -> GET /v1/api/iserver/reply/0e5bf3dc-b92f-4da5-9a3f-3eead3205cc0,200|178ms
20:09:51.953 INFO  vert.x-eventloop-thread-0 BaseServiceProxy     : -> GET /v1/api/iserver/reply/6d889b96-1acc-4878-988d-5c4475f027b6,200|106ms
20:09:52.025 INFO  vert.x-eventloop-thread-0 BaseServiceProxy     : -> GET /v1/api/iserver/reply/f68595b9-a769-417e-a783-bed9ad5b3f53,200|70ms
20:09:52.119 INFO  vert.x-eventloop-thread-0 BaseServiceProxy     : -> GET /v1/api/iserver/reply/48e09bb7-79ca-4b86-a03e-e08f7cbd1549,200|89ms
20:09:52.189 INFO  vert.x-eventloop-thread-0 BaseServiceProxy     : -> GET /v1/api/iserver/reply/04b70e41-fe6c-47cb-8caf-f747d945899c,200|68ms
20:09:52.276 INFO  vert.x-eventloop-thread-0 BaseServiceProxy     : -> GET /v1/api/iserver/reply/07615203-9d2f-471d-91d6-f35fe3f58f18,200|85ms
20:09:52.353 INFO  vert.x-eventloop-thread-0 BaseServiceProxy     : -> GET /v1/api/iserver/account/orders,200|73ms
20:09:52.701 INFO  vert.x-eventloop-thread-0 BaseServiceProxy     : -> GET /v1/api/iserver/marketdata/history?conid=478811042&period=30d&bar=1d&outsideRth=false,200|331ms
20:09:52.776 INFO  vert.x-eventloop-thread-0 BaseServiceProxy     : -> GET /v1/api/iserver/marketdata/history?conid=478811042&period=30d&bar=1d&outsideRth=false,200|71ms
20:09:56.735 INFO  vert.x-eventloop-thread-0 BaseServiceProxy     : -> GET /v1/api/tickle,200|89ms
20:09:56.736 DEBUG vert.x-eventloop-thread-0 ClientPortalService  : tickle {"session":"286191c6c70a8eeb648a592371e157bc","ssoExpires":420035,"collission":false,"userId":50301190,"hmds":{"error":"no bridge"},"iserver":{"authStatus":{"authenticated":true,"established":true,"competing":false,"connected":true,"message":"","MAC":"06:A8:C0:D9:D5:E3","serverInfo":{"serverName":"JifS18127","serverVersion":"Build 10.45.1a, Apr 22, 2026 1:39:05 PM"},"hardware_info":"275c5aa2|06:A8:C0:D9:D5:E3"}}}
20:10:26.745 INFO  vert.x-eventloop-thread-0 BaseServiceProxy     : -> GET /v1/api/tickle,200|100ms
20:10:26.747 DEBUG vert.x-eventloop-thread-0 ClientPortalService  : tickle {"session":"286191c6c70a8eeb648a592371e157bc","ssoExpires":390009,"collission":false,"userId":50301190,"hmds":{"error":"no bridge"},"iserver":{"authStatus":{"authenticated":true,"established":true,"competing":false,"connected":true,"message":"","MAC":"06:A8:C0:D9:D5:E3","serverInfo":{"serverName":"JifS18127","serverVersion":"Build 10.45.1a, Apr 22, 2026 1:39:05 PM"},"hardware_info":"275c5aa2|06:A8:C0:D9:D5:E3"}}}
20:10:26.755 INFO  vert.x-eventloop-thread-0 BaseServiceProxy     : -> GET /v1/api/iserver/account/orders,200|94ms
20:10:26.842 INFO  vert.x-eventloop-thread-0 BaseServiceProxy     : -> GET /v1/api/iserver/marketdata/history?conid=478811042&period=30d&bar=1d&outsideRth=false,200|76ms
20:10:26.924 INFO  vert.x-eventloop-thread-0 BaseServiceProxy     : -> GET /v1/api/iserver/marketdata/history?conid=478811042&period=30d&bar=1d&outsideRth=false,200|79ms
20:10:27.034 INFO  vert.x-eventloop-thread-0 BaseServiceProxy     : -> GET /v1/api/iserver/account/orders,200|69ms
20:10:27.112 INFO  vert.x-eventloop-thread-0 BaseServiceProxy     : -> GET /v1/api/iserver/account/orders,200|71ms
20:10:27.470 INFO  vert.x-eventloop-thread-0 BaseServiceProxy     : -> GET /v1/api/iserver/account/U5799398/order/348281189,200|340ms
20:10:27.563 INFO  vert.x-eventloop-thread-0 BaseServiceProxy     : -> GET /v1/api/iserver/account/orders,200|91ms
20:10:27.753 INFO  vert.x-eventloop-thread-0 BaseServiceProxy     : -> GET /v1/api/iserver/marketdata/history?conid=478811042&period=30d&bar=1d&outsideRth=false,200|177ms
20:10:27.839 INFO  vert.x-eventloop-thread-0 BaseServiceProxy     : -> GET /v1/api/iserver/marketdata/history?conid=478811042&period=30d&bar=1d&outsideRth=false,200|83ms
20:10:27.992 INFO  vert.x-eventloop-thread-0 BaseServiceProxy     : -> GET /v1/api/iserver/account/orders,200|88ms
20:10:56.784 INFO  vert.x-eventloop-thread-0 BaseServiceProxy     : -> GET /v1/api/tickle,200|139ms
20:10:56.786 DEBUG vert.x-eventloop-thread-0 ClientPortalService  : tickle {"session":"286191c6c70a8eeb648a592371e157bc","ssoExpires":359973,"collission":false,"userId":50301190,"hmds":{"error":"no bridge"},"iserver":{"authStatus":{"authenticated":true,"established":true,"competing":false,"connected":true,"message":"","MAC":"06:A8:C0:D9:D5:E3","serverInfo":{"serverName":"JifS18127","serverVersion":"Build 10.45.1a, Apr 22, 2026 1:39:05 PM"},"hardware_info":"275c5aa2|06:A8:C0:D9:D5:E3"}}}
20:11:26.764 INFO  vert.x-eventloop-thread-0 BaseServiceProxy     : -> GET /v1/api/tickle,200|119ms
20:11:26.783 DEBUG vert.x-eventloop-thread-0 ClientPortalService  : tickle {"session":"286191c6c70a8eeb648a592371e157bc","ssoExpires":330030,"collission":false,"userId":50301190,"hmds":{"error":"no bridge"},"iserver":{"authStatus":{"authenticated":true,"established":true,"competing":false,"connected":true,"message":"","MAC":"06:A8:C0:D9:D5:E3","serverInfo":{"serverName":"JifS18127","serverVersion":"Build 10.45.1a, Apr 22, 2026 1:39:05 PM"},"hardware_info":"275c5aa2|06:A8:C0:D9:D5:E3"}}}
20:11:51.566 INFO  vert.x-eventloop-thread-0 BaseServiceProxy     : -> GET /sso/ping,200|306ms
20:11:51.567 INFO  vert.x-eventloop-thread-0 SsoService           : sso ping {"result": "true"}
20:11:54.206 INFO  vert.x-eventloop-thread-0 BaseServiceProxy     : -> GET /v1/api/portfolio/U5799398/summary,200|118ms
20:11:54.298 INFO  vert.x-eventloop-thread-0 BaseServiceProxy     : -> GET /v1/api/portfolio/U5799398/positions/0?direction=a&period=1W&sort=position,200|86ms
20:11:54.304 INFO  vert.x-eventloop-thread-0 BaseServiceProxy     : -> GET /v1/api/iserver/account/orders,200|76ms
20:11:56.882 INFO  vert.x-eventloop-thread-0 BaseServiceProxy     : -> GET /v1/api/tickle,200|239ms
20:11:56.882 DEBUG vert.x-eventloop-thread-0 ClientPortalService  : tickle {"session":"286191c6c70a8eeb648a592371e157bc","ssoExpires":299869,"collission":false,"userId":50301190,"hmds":{"error":"no bridge"},"iserver":{"authStatus":{"authenticated":true,"established":true,"competing":false,"connected":true,"message":"","MAC":"06:A8:C0:D9:D5:E3","serverInfo":{"serverName":"JifS18127","serverVersion":"Build 10.45.1a, Apr 22, 2026 1:39:05 PM"},"hardware_info":"275c5aa2|06:A8:C0:D9:D5:E3"}}}
20:12:04.861 INFO  vert.x-eventloop-thread-0 BaseServiceProxy     : -> GET /v1/api/iserver/secdef/search?symbol=PARR&secType=STK,200|75ms
20:12:05.001 INFO  vert.x-eventloop-thread-0 BaseServiceProxy     : -> GET /v1/api/iserver/account/orders,200|138ms
20:12:05.122 INFO  vert.x-eventloop-thread-0 BaseServiceProxy     : -> GET /v1/api/portfolio/U5799398/summary,200|108ms
20:12:05.526 INFO  vert.x-eventloop-thread-0 BaseServiceProxy     : -> GET /v1/api/iserver/account/U5799398/orders,200|398ms
20:12:05.597 INFO  vert.x-eventloop-thread-0 BaseServiceProxy     : -> GET /v1/api/iserver/reply/30a67f76-7ea6-4b18-9c23-04eed3304bbf,200|68ms
20:12:05.662 INFO  vert.x-eventloop-thread-0 BaseServiceProxy     : -> GET /v1/api/iserver/reply/d166473f-2e0c-4342-b728-e867223af666,200|62ms
20:12:05.800 INFO  vert.x-eventloop-thread-0 BaseServiceProxy     : -> GET /v1/api/iserver/reply/2db8b3ff-5819-407c-9419-8bd5ae124507,200|137ms
20:12:05.873 INFO  vert.x-eventloop-thread-0 BaseServiceProxy     : -> GET /v1/api/iserver/reply/95bc507b-5f9d-495e-a22c-5456a642ccda,200|67ms
20:12:05.999 INFO  vert.x-eventloop-thread-0 BaseServiceProxy     : -> GET /v1/api/iserver/reply/754b22dd-a98d-423b-8d84-5ac3cb719c71,200|125ms
20:12:06.060 INFO  vert.x-eventloop-thread-0 BaseServiceProxy     : -> GET /v1/api/iserver/account/orders,200|59ms
20:12:06.392 INFO  vert.x-eventloop-thread-0 BaseServiceProxy     : -> GET /v1/api/iserver/marketdata/history?conid=143288167&period=30d&bar=1d&outsideRth=false,200|309ms
20:12:06.481 INFO  vert.x-eventloop-thread-0 BaseServiceProxy     : -> GET /v1/api/iserver/marketdata/history?conid=143288167&period=30d&bar=1d&outsideRth=false,200|87ms
20:12:19.090 INFO  vert.x-eventloop-thread-0 BaseServiceProxy     : -> GET /v1/api/tickle,200|108ms
20:12:20.358 INFO  vert.x-eventloop-thread-0 BaseServiceProxy     : -> GET /v1/api/iserver/account/orders,200|83ms
20:12:20.513 INFO  vert.x-eventloop-thread-0 BaseServiceProxy     : -> GET /v1/api/iserver/marketdata/history?conid=143288167&period=30d&bar=1d&outsideRth=false,200|81ms
20:12:20.618 INFO  vert.x-eventloop-thread-0 BaseServiceProxy     : -> GET /v1/api/iserver/marketdata/history?conid=143288167&period=30d&bar=1d&outsideRth=false,200|101ms
20:12:20.745 INFO  vert.x-eventloop-thread-0 BaseServiceProxy     : -> GET /v1/api/iserver/account/orders,200|63ms
20:12:20.853 INFO  vert.x-eventloop-thread-0 BaseServiceProxy     : -> GET /v1/api/iserver/account/orders,200|101ms
20:12:21.203 INFO  vert.x-eventloop-thread-0 BaseServiceProxy     : -> GET /v1/api/iserver/account/U5799398/order/348281192,200|337ms
20:12:21.266 INFO  vert.x-eventloop-thread-0 BaseServiceProxy     : -> GET /v1/api/iserver/account/orders,200|62ms
20:12:21.348 INFO  vert.x-eventloop-thread-0 BaseServiceProxy     : -> GET /v1/api/iserver/marketdata/history?conid=143288167&period=30d&bar=1d&outsideRth=false,200|75ms
20:12:21.431 INFO  vert.x-eventloop-thread-0 BaseServiceProxy     : -> GET /v1/api/iserver/marketdata/history?conid=143288167&period=30d&bar=1d&outsideRth=false,200|82ms
20:12:21.534 INFO  vert.x-eventloop-thread-0 BaseServiceProxy     : -> GET /v1/api/iserver/account/orders,200|72ms
20:12:26.753 INFO  vert.x-eventloop-thread-0 BaseServiceProxy     : -> GET /v1/api/tickle,200|109ms
20:12:26.753 DEBUG vert.x-eventloop-thread-0 ClientPortalService  : tickle {"session":"286191c6c70a8eeb648a592371e157bc","ssoExpires":270024,"collission":false,"userId":50301190,"hmds":{"error":"no bridge"},"iserver":{"authStatus":{"authenticated":true,"established":true,"competing":false,"connected":true,"message":"","MAC":"06:A8:C0:D9:D5:E3","serverInfo":{"serverName":"JifS18127","serverVersion":"Build 10.45.1a, Apr 22, 2026 1:39:05 PM"},"hardware_info":"275c5aa2|06:A8:C0:D9:D5:E3"}}}
20:12:56.717 INFO  vert.x-eventloop-thread-0 BaseServiceProxy     : -> GET /v1/api/tickle,200|73ms
20:12:56.719 DEBUG vert.x-eventloop-thread-0 ClientPortalService  : tickle {"session":"286191c6c70a8eeb648a592371e157bc","ssoExpires":240035,"collission":false,"userId":50301190,"hmds":{"error":"no bridge"},"iserver":{"authStatus":{"authenticated":true,"established":true,"competing":false,"connected":true,"message":"","MAC":"06:A8:C0:D9:D5:E3","serverInfo":{"serverName":"JifS18127","serverVersion":"Build 10.45.1a, Apr 22, 2026 1:39:05 PM"},"hardware_info":"275c5aa2|06:A8:C0:D9:D5:E3"}}}
20:13:26.880 INFO  vert.x-eventloop-thread-0 BaseServiceProxy     : -> GET /v1/api/tickle,200|236ms
20:13:26.883 DEBUG vert.x-eventloop-thread-0 ClientPortalService  : tickle {"session":"286191c6c70a8eeb648a592371e157bc","ssoExpires":209873,"collission":false,"userId":50301190,"hmds":{"error":"no bridge"},"iserver":{"authStatus":{"authenticated":true,"established":true,"competing":false,"connected":true,"message":"","MAC":"06:A8:C0:D9:D5:E3","serverInfo":{"serverName":"JifS18127","serverVersion":"Build 10.45.1a, Apr 22, 2026 1:39:05 PM"},"hardware_info":"275c5aa2|06:A8:C0:D9:D5:E3"}}}
20:13:56.742 INFO  vert.x-eventloop-thread-0 BaseServiceProxy     : -> GET /v1/api/tickle,200|98ms
20:13:56.745 DEBUG vert.x-eventloop-thread-0 ClientPortalService  : tickle {"session":"286191c6c70a8eeb648a592371e157bc","ssoExpires":180014,"collission":false,"userId":50301190,"hmds":{"error":"no bridge"},"iserver":{"authStatus":{"authenticated":true,"established":true,"competing":false,"connected":true,"message":"","MAC":"06:A8:C0:D9:D5:E3","serverInfo":{"serverName":"JifS18127","serverVersion":"Build 10.45.1a, Apr 22, 2026 1:39:05 PM"},"hardware_info":"275c5aa2|06:A8:C0:D9:D5:E3"}}}
20:14:07.560 INFO  vert.x-eventloop-thread-0 BaseServiceProxy     : -> GET /v1/api/iserver/account/orders,200|65ms
20:14:07.646 INFO  vert.x-eventloop-thread-0 BaseServiceProxy     : -> GET /v1/api/portfolio/U5799398/positions/0?direction=a&period=1W&sort=position,200|150ms
20:14:26.736 INFO  vert.x-eventloop-thread-0 BaseServiceProxy     : -> GET /v1/api/tickle,200|79ms
20:14:26.737 DEBUG vert.x-eventloop-thread-0 ClientPortalService  : tickle {"session":"286191c6c70a8eeb648a592371e157bc","ssoExpires":150035,"collission":false,"userId":50301190,"hmds":{"error":"no bridge"},"iserver":{"authStatus":{"authenticated":true,"established":true,"competing":false,"connected":true,"message":"","MAC":"06:A8:C0:D9:D5:E3","serverInfo":{"serverName":"JifS18127","serverVersion":"Build 10.45.1a, Apr 22, 2026 1:39:05 PM"},"hardware_info":"275c5aa2|06:A8:C0:D9:D5:E3"}}}
20:14:54.558 INFO  vert.x-eventloop-thread-0 BaseServiceProxy     : -> GET /v1/api/iserver/account/orders,200|142ms
20:14:55.054 INFO  vert.x-eventloop-thread-0 BaseServiceProxy     : -> GET /v1/api/iserver/account/U5799398/order/2080396977,200|478ms
20:14:55.383 INFO  vert.x-eventloop-thread-0 BaseServiceProxy     : -> GET /v1/api/iserver/account/U5799398/order/2080396978,400|325ms
20:14:55.705 INFO  vert.x-eventloop-thread-0 BaseServiceProxy     : -> GET /v1/api/iserver/account/U5799398/order/2080396979,400|321ms
20:14:56.734 INFO  vert.x-eventloop-thread-0 BaseServiceProxy     : -> GET /v1/api/tickle,200|65ms
20:14:56.734 DEBUG vert.x-eventloop-thread-0 ClientPortalService  : tickle {"session":"286191c6c70a8eeb648a592371e157bc","ssoExpires":120042,"collission":false,"userId":50301190,"hmds":{"error":"no bridge"},"iserver":{"authStatus":{"authenticated":true,"established":true,"competing":false,"connected":true,"message":"","MAC":"06:A8:C0:D9:D5:E3","serverInfo":{"serverName":"JifS18127","serverVersion":"Build 10.45.1a, Apr 22, 2026 1:39:05 PM"},"hardware_info":"275c5aa2|06:A8:C0:D9:D5:E3"}}}
20:14:59.313 INFO  vert.x-eventloop-thread-0 BaseServiceProxy     : -> GET /v1/api/iserver/account/orders,200|95ms
20:14:59.697 INFO  vert.x-eventloop-thread-0 BaseServiceProxy     : -> GET /v1/api/iserver/account/U5799398/order/882479289,200|375ms
20:15:00.086 INFO  vert.x-eventloop-thread-0 BaseServiceProxy     : -> GET /v1/api/iserver/account/U5799398/order/882479291,400|388ms
20:15:00.422 INFO  vert.x-eventloop-thread-0 BaseServiceProxy     : -> GET /v1/api/iserver/account/U5799398/order/882479290,400|324ms
20:15:19.343 INFO  vert.x-eventloop-thread-0 BaseServiceProxy     : -> GET /v1/api/tickle,200|76ms
20:15:26.748 INFO  vert.x-eventloop-thread-0 BaseServiceProxy     : -> GET /v1/api/tickle,200|76ms
20:15:26.749 DEBUG vert.x-eventloop-thread-0 ClientPortalService  : tickle {"session":"286191c6c70a8eeb648a592371e157bc","ssoExpires":90044,"collission":false,"userId":50301190,"hmds":{"error":"no bridge"},"iserver":{"authStatus":{"authenticated":true,"established":true,"competing":false,"connected":true,"message":"","MAC":"06:A8:C0:D9:D5:E3","serverInfo":{"serverName":"JifS18127","serverVersion":"Build 10.45.1a, Apr 22, 2026 1:39:05 PM"},"hardware_info":"275c5aa2|06:A8:C0:D9:D5:E3"}}}
20:15:38.726 INFO  vert.x-eventloop-thread-0 BaseServiceProxy     : -> GET /v1/api/iserver/account/orders,200|61ms
20:15:39.118 INFO  vert.x-eventloop-thread-0 BaseServiceProxy     : -> GET /v1/api/iserver/account/U5799398/order/2080397036,200|360ms
20:15:39.456 INFO  vert.x-eventloop-thread-0 BaseServiceProxy     : -> GET /v1/api/iserver/account/U5799398/order/2080397037,400|336ms
20:15:39.826 INFO  vert.x-eventloop-thread-0 BaseServiceProxy     : -> GET /v1/api/iserver/account/U5799398/order/2080397038,400|356ms
20:15:52.843 INFO  vert.x-eventloop-thread-0 BaseServiceProxy     : -> GET /v1/api/iserver/account/orders,500|81ms
20:15:55.773 INFO  vert.x-eventloop-thread-0 BaseServiceProxy     : -> GET /v1/api/iserver/account/orders,500|67ms
20:15:56.759 INFO  vert.x-eventloop-thread-0 BaseServiceProxy     : -> GET /v1/api/tickle,200|88ms
20:15:56.759 DEBUG vert.x-eventloop-thread-0 ClientPortalService  : tickle {"session":"286191c6c70a8eeb648a592371e157bc","ssoExpires":60038,"collission":false,"userId":50301190,"hmds":{"error":"no bridge"},"iserver":{"authStatus":{"authenticated":false,"established":false,"competing":false,"connected":false,"message":"","MAC":"06:A8:C0:D9:D5:E3","serverInfo":{"serverName":"JifS18127","serverVersion":"Build 10.45.1a, Apr 22, 2026 1:39:05 PM"}}}}
20:16:07.843 INFO  vert.x-eventloop-thread-0 BaseServiceProxy     : -> GET /v1/api/iserver/account/orders,500|519ms
20:16:18.048 INFO  vert.x-eventloop-thread-0 BaseServiceProxy     : -> GET /v1/api/iserver/account/orders,500|85ms
20:16:19.425 INFO  vert.x-eventloop-thread-0 BaseServiceProxy     : -> GET /v1/api/iserver/account/orders,500|62ms
20:16:24.792 INFO  vert.x-eventloop-thread-0 BaseServiceProxy     : -> GET /v1/api/iserver/auth/ssodh/init?publish=true&compete=true,500|3171ms
20:16:26.266 INFO  vert.x-eventloop-thread-0 BaseServiceProxy     : -> GET /v1/api/iserver/auth/ssodh/init?publish=true&compete=true,200|419ms
20:16:26.644 INFO  vert.x-eventloop-thread-0 BaseServiceProxy     : -> GET /v1/api/iserver/account/orders,200|149ms
20:16:26.777 INFO  vert.x-eventloop-thread-0 BaseServiceProxy     : -> GET /v1/api/tickle,200|93ms
20:16:26.970 INFO  vert.x-eventloop-thread-0 BaseServiceProxy     : -> GET /v1/api/tickle,200|299ms
20:16:26.970 DEBUG vert.x-eventloop-thread-0 ClientPortalService  : tickle {"session":"286191c6c70a8eeb648a592371e157bc","ssoExpires":29875,"collission":false,"userId":50301190,"hmds":{"error":"no bridge"},"iserver":{"authStatus":{"authenticated":true,"established":true,"competing":false,"connected":true,"message":"","MAC":"06:A8:C0:D9:D5:E3","serverInfo":{"serverName":"JifS25088","serverVersion":"Build 10.45.1a, Apr 22, 2026 1:39:05 PM"},"hardware_info":"275c5aa2|06:A8:C0:D9:D5:E3"}}}
20:16:32.313 INFO  vert.x-eventloop-thread-0 BaseServiceProxy     : -> GET /v1/api/iserver/account/orders,200|124ms
20:16:32.780 INFO  vert.x-eventloop-thread-0 BaseServiceProxy     : -> GET /v1/api/iserver/marketdata/history?conid=792312084&period=30d&bar=1d&outsideRth=false,200|456ms
20:16:32.890 INFO  vert.x-eventloop-thread-0 BaseServiceProxy     : -> GET /v1/api/iserver/marketdata/history?conid=792312084&period=30d&bar=1d&outsideRth=false,200|106ms
20:16:37.354 INFO  vert.x-eventloop-thread-0 BaseServiceProxy     : -> GET /v1/api/iserver/account/orders,200|65ms
20:16:37.700 INFO  vert.x-eventloop-thread-0 BaseServiceProxy     : -> GET /v1/api/iserver/account/U5799398/order/1054803085,200|335ms
20:16:38.103 INFO  vert.x-eventloop-thread-0 BaseServiceProxy     : -> GET /v1/api/iserver/account/U5799398/order/1054803084,400|397ms
20:16:38.451 INFO  vert.x-eventloop-thread-0 BaseServiceProxy     : -> GET /v1/api/iserver/account/U5799398/order/1054803083,200|332ms
20:16:51.618 INFO  vert.x-eventloop-thread-0 BaseServiceProxy     : -> GET /sso/ping,200|331ms
20:16:51.620 INFO  vert.x-eventloop-thread-0 SsoService           : sso ping {"result": "true"}
20:16:56.816 INFO  vert.x-eventloop-thread-0 BaseServiceProxy     : -> GET /v1/api/tickle,200|145ms
20:16:56.817 DEBUG vert.x-eventloop-thread-0 ClientPortalService  : tickle {"session":"286191c6c70a8eeb648a592371e157bc","ssoExpires":600000,"collission":false,"userId":50301190,"hmds":{"error":"no bridge"},"iserver":{"authStatus":{"authenticated":true,"established":true,"competing":false,"connected":true,"message":"","MAC":"06:A8:C0:D9:D5:E3","serverInfo":{"serverName":"JifS25088","serverVersion":"Build 10.45.1a, Apr 22, 2026 1:39:05 PM"},"hardware_info":"275c5aa2|06:A8:C0:D9:D5:E3"}}}
20:17:26.748 INFO  vert.x-eventloop-thread-0 BaseServiceProxy     : -> GET /v1/api/tickle,200|77ms
20:17:26.750 DEBUG vert.x-eventloop-thread-0 ClientPortalService  : tickle {"session":"286191c6c70a8eeb648a592371e157bc","ssoExpires":570050,"collission":false,"userId":50301190,"hmds":{"error":"no bridge"},"iserver":{"authStatus":{"authenticated":true,"established":true,"competing":false,"connected":true,"message":"","MAC":"06:A8:C0:D9:D5:E3","serverInfo":{"serverName":"JifS25088","serverVersion":"Build 10.45.1a, Apr 22, 2026 1:39:05 PM"},"hardware_info":"275c5aa2|06:A8:C0:D9:D5:E3"}}}
20:17:45.479 INFO  vert.x-eventloop-thread-0 BaseServiceProxy     : -> GET /v1/api/iserver/account/orders,200|63ms
20:17:46.500 INFO  vert.x-eventloop-thread-0 BaseServiceProxy     : -> GET /v1/api/iserver/account/U5799398/order/2080397126,200|1007ms
20:17:46.833 INFO  vert.x-eventloop-thread-0 BaseServiceProxy     : -> GET /v1/api/iserver/account/U5799398/order/2080397127,400|331ms
20:17:47.178 INFO  vert.x-eventloop-thread-0 BaseServiceProxy     : -> GET /v1/api/iserver/account/U5799398/order/2080397128,400|322ms
20:17:57.052 INFO  vert.x-eventloop-thread-0 BaseServiceProxy     : -> GET /v1/api/tickle,200|381ms
20:17:57.054 DEBUG vert.x-eventloop-thread-0 ClientPortalService  : tickle {"session":"286191c6c70a8eeb648a592371e157bc","ssoExpires":539823,"collission":false,"userId":50301190,"hmds":{"error":"no bridge"},"iserver":{"authStatus":{"authenticated":true,"established":true,"competing":false,"connected":true,"message":"","MAC":"06:A8:C0:D9:D5:E3","serverInfo":{"serverName":"JifS25088","serverVersion":"Build 10.45.1a, Apr 22, 2026 1:39:05 PM"},"hardware_info":"275c5aa2|06:A8:C0:D9:D5:E3"}}}
20:18:16.678 INFO  vert.x-eventloop-thread-0 BaseServiceProxy     : -> GET /v1/api/iserver/account/orders,200|242ms
20:18:17.012 INFO  vert.x-eventloop-thread-0 BaseServiceProxy     : -> GET /v1/api/iserver/marketdata/history?conid=522320539&period=30d&bar=1d&outsideRth=false,200|318ms
20:18:20.376 INFO  vert.x-eventloop-thread-0 BaseServiceProxy     : -> GET /v1/api/iserver/account/orders,200|72ms
20:18:20.809 INFO  vert.x-eventloop-thread-0 BaseServiceProxy     : -> GET /v1/api/iserver/account/U5799398/order/2080396969,200|397ms
20:18:21.293 INFO  vert.x-eventloop-thread-0 BaseServiceProxy     : -> GET /v1/api/iserver/account/U5799398/order/2080396970,400|483ms
20:18:21.659 INFO  vert.x-eventloop-thread-0 BaseServiceProxy     : -> GET /v1/api/iserver/account/U5799398/order/2080396971,400|353ms
20:18:26.742 INFO  vert.x-eventloop-thread-0 BaseServiceProxy     : -> GET /v1/api/tickle,200|71ms
20:18:26.742 DEBUG vert.x-eventloop-thread-0 ClientPortalService  : tickle {"session":"286191c6c70a8eeb648a592371e157bc","ssoExpires":510056,"collission":false,"userId":50301190,"hmds":{"error":"no bridge"},"iserver":{"authStatus":{"authenticated":true,"established":true,"competing":false,"connected":true,"message":"","MAC":"06:A8:C0:D9:D5:E3","serverInfo":{"serverName":"JifS25088","serverVersion":"Build 10.45.1a, Apr 22, 2026 1:39:05 PM"},"hardware_info":"275c5aa2|06:A8:C0:D9:D5:E3"}}}
20:18:56.747 INFO  vert.x-eventloop-thread-0 BaseServiceProxy     : -> GET /v1/api/tickle,200|76ms
20:18:56.750 DEBUG vert.x-eventloop-thread-0 ClientPortalService  : tickle {"session":"286191c6c70a8eeb648a592371e157bc","ssoExpires":480050,"collission":false,"userId":50301190,"hmds":{"error":"no bridge"},"iserver":{"authStatus":{"authenticated":true,"established":true,"competing":false,"connected":true,"message":"","MAC":"06:A8:C0:D9:D5:E3","serverInfo":{"serverName":"JifS25088","serverVersion":"Build 10.45.1a, Apr 22, 2026 1:39:05 PM"},"hardware_info":"275c5aa2|06:A8:C0:D9:D5:E3"}}}
20:19:26.976 INFO  vert.x-eventloop-thread-0 BaseServiceProxy     : -> GET /v1/api/tickle,200|305ms
20:19:26.977 DEBUG vert.x-eventloop-thread-0 ClientPortalService  : tickle {"session":"286191c6c70a8eeb648a592371e157bc","ssoExpires":449821,"collission":false,"userId":50301190,"hmds":{"error":"no bridge"},"iserver":{"authStatus":{"authenticated":true,"established":true,"competing":false,"connected":true,"message":"","MAC":"06:A8:C0:D9:D5:E3","serverInfo":{"serverName":"JifS25088","serverVersion":"Build 10.45.1a, Apr 22, 2026 1:39:05 PM"},"hardware_info":"275c5aa2|06:A8:C0:D9:D5:E3"}}}
20:19:27.149 INFO  vert.x-eventloop-thread-0 BaseServiceProxy     : -> GET /v1/api/tickle,200|257ms
20:19:56.794 INFO  vert.x-eventloop-thread-0 BaseServiceProxy     : -> GET /v1/api/tickle,200|122ms
20:19:56.800 DEBUG vert.x-eventloop-thread-0 ClientPortalService  : tickle {"session":"286191c6c70a8eeb648a592371e157bc","ssoExpires":420018,"collission":false,"userId":50301190,"hmds":{"error":"no bridge"},"iserver":{"authStatus":{"authenticated":true,"established":true,"competing":false,"connected":true,"message":"","MAC":"06:A8:C0:D9:D5:E3","serverInfo":{"serverName":"JifS25088","serverVersion":"Build 10.45.1a, Apr 22, 2026 1:39:05 PM"},"hardware_info":"275c5aa2|06:A8:C0:D9:D5:E3"}}}
20:20:26.757 INFO  vert.x-eventloop-thread-0 BaseServiceProxy     : -> GET /v1/api/tickle,200|87ms
20:20:26.758 DEBUG vert.x-eventloop-thread-0 ClientPortalService  : tickle {"session":"286191c6c70a8eeb648a592371e157bc","ssoExpires":390054,"collission":false,"userId":50301190,"hmds":{"error":"no bridge"},"iserver":{"authStatus":{"authenticated":true,"established":true,"competing":false,"connected":true,"message":"","MAC":"06:A8:C0:D9:D5:E3","serverInfo":{"serverName":"JifS25088","serverVersion":"Build 10.45.1a, Apr 22, 2026 1:39:05 PM"},"hardware_info":"275c5aa2|06:A8:C0:D9:D5:E3"}}}
20:20:56.973 INFO  vert.x-eventloop-thread-0 BaseServiceProxy     : -> GET /v1/api/tickle,200|303ms
20:20:56.974 DEBUG vert.x-eventloop-thread-0 ClientPortalService  : tickle {"session":"286191c6c70a8eeb648a592371e157bc","ssoExpires":359897,"collission":false,"userId":50301190,"hmds":{"error":"no bridge"},"iserver":{"authStatus":{"authenticated":true,"established":true,"competing":false,"connected":true,"message":"","MAC":"06:A8:C0:D9:D5:E3","serverInfo":{"serverName":"JifS25088","serverVersion":"Build 10.45.1a, Apr 22, 2026 1:39:05 PM"},"hardware_info":"275c5aa2|06:A8:C0:D9:D5:E3"}}}
20:21:26.743 INFO  vert.x-eventloop-thread-0 BaseServiceProxy     : -> GET /v1/api/tickle,200|73ms
20:21:26.752 DEBUG vert.x-eventloop-thread-0 ClientPortalService  : tickle {"session":"286191c6c70a8eeb648a592371e157bc","ssoExpires":330053,"collission":false,"userId":50301190,"hmds":{"error":"no bridge"},"iserver":{"authStatus":{"authenticated":true,"established":true,"competing":false,"connected":true,"message":"","MAC":"06:A8:C0:D9:D5:E3","serverInfo":{"serverName":"JifS25088","serverVersion":"Build 10.45.1a, Apr 22, 2026 1:39:05 PM"},"hardware_info":"275c5aa2|06:A8:C0:D9:D5:E3"}}}
20:21:39.118 INFO  vert.x-eventloop-thread-0 BaseServiceProxy     : -> GET /v1/api/iserver/account/orders,200|72ms
20:21:39.208 INFO  vert.x-eventloop-thread-0 BaseServiceProxy     : -> GET /v1/api/portfolio/U5799398/positions/0?direction=a&period=1W&sort=position,200|162ms
20:21:51.587 INFO  vert.x-eventloop-thread-0 BaseServiceProxy     : -> GET /sso/ping,200|303ms
20:21:51.589 INFO  vert.x-eventloop-thread-0 SsoService           : sso ping {"result": "true"}
20:21:56.735 INFO  vert.x-eventloop-thread-0 BaseServiceProxy     : -> GET /v1/api/tickle,200|66ms
20:21:56.735 DEBUG vert.x-eventloop-thread-0 ClientPortalService  : tickle {"session":"286191c6c70a8eeb648a592371e157bc","ssoExpires":300063,"collission":false,"userId":50301190,"hmds":{"error":"no bridge"},"iserver":{"authStatus":{"authenticated":true,"established":true,"competing":false,"connected":true,"message":"","MAC":"06:A8:C0:D9:D5:E3","serverInfo":{"serverName":"JifS25088","serverVersion":"Build 10.45.1a, Apr 22, 2026 1:39:05 PM"},"hardware_info":"275c5aa2|06:A8:C0:D9:D5:E3"}}}
20:22:26.822 INFO  vert.x-eventloop-thread-0 BaseServiceProxy     : -> GET /v1/api/tickle,200|153ms
20:22:26.823 DEBUG vert.x-eventloop-thread-0 ClientPortalService  : tickle {"session":"286191c6c70a8eeb648a592371e157bc","ssoExpires":269971,"collission":false,"userId":50301190,"hmds":{"error":"no bridge"},"iserver":{"authStatus":{"authenticated":true,"established":true,"competing":false,"connected":true,"message":"","MAC":"06:A8:C0:D9:D5:E3","serverInfo":{"serverName":"JifS25088","serverVersion":"Build 10.45.1a, Apr 22, 2026 1:39:05 PM"},"hardware_info":"275c5aa2|06:A8:C0:D9:D5:E3"}}}
20:22:27.329 INFO  vert.x-eventloop-thread-0 BaseServiceProxy     : -> GET /v1/api/tickle,200|72ms
20:22:56.761 INFO  vert.x-eventloop-thread-0 BaseServiceProxy     : -> GET /v1/api/tickle,200|92ms
20:22:56.763 DEBUG vert.x-eventloop-thread-0 ClientPortalService  : tickle {"session":"286191c6c70a8eeb648a592371e157bc","ssoExpires":240033,"collission":false,"userId":50301190,"hmds":{"error":"no bridge"},"iserver":{"authStatus":{"authenticated":true,"established":true,"competing":false,"connected":true,"message":"","MAC":"06:A8:C0:D9:D5:E3","serverInfo":{"serverName":"JifS25088","serverVersion":"Build 10.45.1a, Apr 22, 2026 1:39:05 PM"},"hardware_info":"275c5aa2|06:A8:C0:D9:D5:E3"}}}
20:23:26.743 INFO  vert.x-eventloop-thread-0 BaseServiceProxy     : -> GET /v1/api/tickle,200|74ms
20:23:26.745 DEBUG vert.x-eventloop-thread-0 ClientPortalService  : tickle {"session":"286191c6c70a8eeb648a592371e157bc","ssoExpires":210049,"collission":false,"userId":50301190,"hmds":{"error":"no bridge"},"iserver":{"authStatus":{"authenticated":true,"established":true,"competing":false,"connected":true,"message":"","MAC":"06:A8:C0:D9:D5:E3","serverInfo":{"serverName":"JifS25088","serverVersion":"Build 10.45.1a, Apr 22, 2026 1:39:05 PM"},"hardware_info":"275c5aa2|06:A8:C0:D9:D5:E3"}}}
20:23:56.757 INFO  vert.x-eventloop-thread-0 BaseServiceProxy     : -> GET /v1/api/tickle,200|86ms
20:23:56.758 DEBUG vert.x-eventloop-thread-0 ClientPortalService  : tickle {"session":"286191c6c70a8eeb648a592371e157bc","ssoExpires":180037,"collission":false,"userId":50301190,"hmds":{"error":"no bridge"},"iserver":{"authStatus":{"authenticated":true,"established":true,"competing":false,"connected":true,"message":"","MAC":"06:A8:C0:D9:D5:E3","serverInfo":{"serverName":"JifS25088","serverVersion":"Build 10.45.1a, Apr 22, 2026 1:39:05 PM"},"hardware_info":"275c5aa2|06:A8:C0:D9:D5:E3"}}}
20:24:26.800 INFO  vert.x-eventloop-thread-0 BaseServiceProxy     : -> GET /v1/api/tickle,200|131ms
20:24:26.800 DEBUG vert.x-eventloop-thread-0 ClientPortalService  : tickle {"session":"286191c6c70a8eeb648a592371e157bc","ssoExpires":150002,"collission":false,"userId":50301190,"hmds":{"error":"no bridge"},"iserver":{"authStatus":{"authenticated":true,"established":true,"competing":false,"connected":true,"message":"","MAC":"06:A8:C0:D9:D5:E3","serverInfo":{"serverName":"JifS25088","serverVersion":"Build 10.45.1a, Apr 22, 2026 1:39:05 PM"},"hardware_info":"275c5aa2|06:A8:C0:D9:D5:E3"}}}
20:24:56.743 INFO  vert.x-eventloop-thread-0 BaseServiceProxy     : -> GET /v1/api/tickle,200|73ms
20:24:56.746 DEBUG vert.x-eventloop-thread-0 ClientPortalService  : tickle {"session":"286191c6c70a8eeb648a592371e157bc","ssoExpires":120051,"collission":false,"userId":50301190,"hmds":{"error":"no bridge"},"iserver":{"authStatus":{"authenticated":true,"established":true,"competing":false,"connected":true,"message":"","MAC":"06:A8:C0:D9:D5:E3","serverInfo":{"serverName":"JifS25088","serverVersion":"Build 10.45.1a, Apr 22, 2026 1:39:05 PM"},"hardware_info":"275c5aa2|06:A8:C0:D9:D5:E3"}}}
20:25:26.770 INFO  vert.x-eventloop-thread-0 BaseServiceProxy     : -> GET /v1/api/tickle,200|101ms
20:25:26.771 DEBUG vert.x-eventloop-thread-0 ClientPortalService  : tickle {"session":"286191c6c70a8eeb648a592371e157bc","ssoExpires":90024,"collission":false,"userId":50301190,"hmds":{"error":"no bridge"},"iserver":{"authStatus":{"authenticated":true,"established":true,"competing":false,"connected":true,"message":"","MAC":"06:A8:C0:D9:D5:E3","serverInfo":{"serverName":"JifS25088","serverVersion":"Build 10.45.1a, Apr 22, 2026 1:39:05 PM"},"hardware_info":"275c5aa2|06:A8:C0:D9:D5:E3"}}}
20:25:27.525 INFO  vert.x-eventloop-thread-0 BaseServiceProxy     : -> GET /v1/api/tickle,200|106ms
20:25:56.776 INFO  vert.x-eventloop-thread-0 BaseServiceProxy     : -> GET /v1/api/tickle,200|108ms
20:25:56.778 DEBUG vert.x-eventloop-thread-0 ClientPortalService  : tickle {"session":"286191c6c70a8eeb648a592371e157bc","ssoExpires":60018,"collission":false,"userId":50301190,"hmds":{"error":"no bridge"},"iserver":{"authStatus":{"authenticated":true,"established":true,"competing":false,"connected":true,"message":"","MAC":"06:A8:C0:D9:D5:E3","serverInfo":{"serverName":"JifS25088","serverVersion":"Build 10.45.1a, Apr 22, 2026 1:39:05 PM"},"hardware_info":"275c5aa2|06:A8:C0:D9:D5:E3"}}}
20:26:13.153 INFO  vert.x-eventloop-thread-0 BaseServiceProxy     : -> GET /v1/api/iserver/account/trades,200|145ms
20:26:15.400 INFO  vert.x-eventloop-thread-0 BaseServiceProxy     : -> GET /v1/api/iserver/account/trades,200|196ms
20:26:26.751 INFO  vert.x-eventloop-thread-0 BaseServiceProxy     : -> GET /v1/api/tickle,200|83ms
20:26:26.752 DEBUG vert.x-eventloop-thread-0 ClientPortalService  : tickle {"session":"286191c6c70a8eeb648a592371e157bc","ssoExpires":30041,"collission":false,"userId":50301190,"hmds":{"error":"no bridge"},"iserver":{"authStatus":{"authenticated":true,"established":true,"competing":false,"connected":true,"message":"","MAC":"06:A8:C0:D9:D5:E3","serverInfo":{"serverName":"JifS25088","serverVersion":"Build 10.45.1a, Apr 22, 2026 1:39:05 PM"},"hardware_info":"275c5aa2|06:A8:C0:D9:D5:E3"}}}
20:26:51.679 INFO  vert.x-eventloop-thread-0 BaseServiceProxy     : -> GET /sso/ping,200|396ms
20:26:51.680 INFO  vert.x-eventloop-thread-0 SsoService           : sso ping {"result": "true"}
20:26:56.812 INFO  vert.x-eventloop-thread-0 BaseServiceProxy     : -> GET /v1/api/tickle,200|145ms
20:26:56.812 DEBUG vert.x-eventloop-thread-0 ClientPortalService  : tickle {"session":"286191c6c70a8eeb648a592371e157bc","ssoExpires":600000,"collission":false,"userId":50301190,"hmds":{"error":"no bridge"},"iserver":{"authStatus":{"authenticated":true,"established":true,"competing":false,"connected":true,"message":"","MAC":"06:A8:C0:D9:D5:E3","serverInfo":{"serverName":"JifS25088","serverVersion":"Build 10.45.1a, Apr 22, 2026 1:39:05 PM"},"hardware_info":"275c5aa2|06:A8:C0:D9:D5:E3"}}}
20:27:26.755 INFO  vert.x-eventloop-thread-0 BaseServiceProxy     : -> GET /v1/api/tickle,200|87ms
20:27:26.757 DEBUG vert.x-eventloop-thread-0 ClientPortalService  : tickle {"session":"286191c6c70a8eeb648a592371e157bc","ssoExpires":570043,"collission":false,"userId":50301190,"hmds":{"error":"no bridge"},"iserver":{"authStatus":{"authenticated":true,"established":true,"competing":false,"connected":true,"message":"","MAC":"06:A8:C0:D9:D5:E3","serverInfo":{"serverName":"JifS25088","serverVersion":"Build 10.45.1a, Apr 22, 2026 1:39:05 PM"},"hardware_info":"275c5aa2|06:A8:C0:D9:D5:E3"}}}
20:27:56.767 INFO  vert.x-eventloop-thread-0 BaseServiceProxy     : -> GET /v1/api/tickle,200|99ms
20:27:56.768 DEBUG vert.x-eventloop-thread-0 ClientPortalService  : tickle {"session":"286191c6c70a8eeb648a592371e157bc","ssoExpires":540031,"collission":false,"userId":50301190,"hmds":{"error":"no bridge"},"iserver":{"authStatus":{"authenticated":true,"established":true,"competing":false,"connected":true,"message":"","MAC":"06:A8:C0:D9:D5:E3","serverInfo":{"serverName":"JifS25088","serverVersion":"Build 10.45.1a, Apr 22, 2026 1:39:05 PM"},"hardware_info":"275c5aa2|06:A8:C0:D9:D5:E3"}}}
20:28:27.112 INFO  vert.x-eventloop-thread-0 BaseServiceProxy     : -> GET /v1/api/tickle,200|445ms
20:28:27.113 DEBUG vert.x-eventloop-thread-0 ClientPortalService  : tickle {"session":"286191c6c70a8eeb648a592371e157bc","ssoExpires":509759,"collission":false,"userId":50301190,"hmds":{"error":"no bridge"},"iserver":{"authStatus":{"authenticated":true,"established":true,"competing":false,"connected":true,"message":"","MAC":"06:A8:C0:D9:D5:E3","serverInfo":{"serverName":"JifS25088","serverVersion":"Build 10.45.1a, Apr 22, 2026 1:39:05 PM"},"hardware_info":"275c5aa2|06:A8:C0:D9:D5:E3"}}}
20:28:56.931 INFO  vert.x-eventloop-thread-0 BaseServiceProxy     : -> GET /v1/api/tickle,200|263ms
20:28:56.934 DEBUG vert.x-eventloop-thread-0 ClientPortalService  : tickle {"session":"286191c6c70a8eeb648a592371e157bc","ssoExpires":479954,"collission":false,"userId":50301190,"hmds":{"error":"no bridge"},"iserver":{"authStatus":{"authenticated":true,"established":true,"competing":false,"connected":true,"message":"","MAC":"06:A8:C0:D9:D5:E3","serverInfo":{"serverName":"JifS25088","serverVersion":"Build 10.45.1a, Apr 22, 2026 1:39:05 PM"},"hardware_info":"275c5aa2|06:A8:C0:D9:D5:E3"}}}
20:29:27.017 INFO  vert.x-eventloop-thread-0 BaseServiceProxy     : -> GET /v1/api/tickle,200|349ms
20:29:27.019 DEBUG vert.x-eventloop-thread-0 ClientPortalService  : tickle {"session":"286191c6c70a8eeb648a592371e157bc","ssoExpires":449871,"collission":false,"userId":50301190,"hmds":{"error":"no bridge"},"iserver":{"authStatus":{"authenticated":true,"established":true,"competing":false,"connected":true,"message":"","MAC":"06:A8:C0:D9:D5:E3","serverInfo":{"serverName":"JifS25088","serverVersion":"Build 10.45.1a, Apr 22, 2026 1:39:05 PM"},"hardware_info":"275c5aa2|06:A8:C0:D9:D5:E3"}}}
20:29:56.748 INFO  vert.x-eventloop-thread-0 BaseServiceProxy     : -> GET /v1/api/tickle,200|80ms
20:29:56.751 DEBUG vert.x-eventloop-thread-0 ClientPortalService  : tickle {"session":"286191c6c70a8eeb648a592371e157bc","ssoExpires":420047,"collission":false,"userId":50301190,"hmds":{"error":"no bridge"},"iserver":{"authStatus":{"authenticated":true,"established":true,"competing":false,"connected":true,"message":"","MAC":"06:A8:C0:D9:D5:E3","serverInfo":{"serverName":"JifS25088","serverVersion":"Build 10.45.1a, Apr 22, 2026 1:39:05 PM"},"hardware_info":"275c5aa2|06:A8:C0:D9:D5:E3"}}}
20:30:26.740 INFO  vert.x-eventloop-thread-0 BaseServiceProxy     : -> GET /v1/api/tickle,200|72ms
20:30:26.745 DEBUG vert.x-eventloop-thread-0 ClientPortalService  : tickle {"session":"286191c6c70a8eeb648a592371e157bc","ssoExpires":390057,"collission":false,"userId":50301190,"hmds":{"error":"no bridge"},"iserver":{"authStatus":{"authenticated":true,"established":true,"competing":false,"connected":true,"message":"","MAC":"06:A8:C0:D9:D5:E3","serverInfo":{"serverName":"JifS25088","serverVersion":"Build 10.45.1a, Apr 22, 2026 1:39:05 PM"},"hardware_info":"275c5aa2|06:A8:C0:D9:D5:E3"}}}
20:30:57.125 INFO  vert.x-eventloop-thread-0 BaseServiceProxy     : -> GET /v1/api/tickle,200|458ms
20:30:57.127 DEBUG vert.x-eventloop-thread-0 ClientPortalService  : tickle {"session":"286191c6c70a8eeb648a592371e157bc","ssoExpires":359774,"collission":false,"userId":50301190,"hmds":{"error":"no bridge"},"iserver":{"authStatus":{"authenticated":true,"established":true,"competing":false,"connected":true,"message":"","MAC":"06:A8:C0:D9:D5:E3","serverInfo":{"serverName":"JifS25088","serverVersion":"Build 10.45.1a, Apr 22, 2026 1:39:05 PM"},"hardware_info":"275c5aa2|06:A8:C0:D9:D5:E3"}}}
20:31:26.760 INFO  vert.x-eventloop-thread-0 BaseServiceProxy     : -> GET /v1/api/tickle,200|92ms
20:31:26.760 DEBUG vert.x-eventloop-thread-0 ClientPortalService  : tickle {"session":"286191c6c70a8eeb648a592371e157bc","ssoExpires":330046,"collission":false,"userId":50301190,"hmds":{"error":"no bridge"},"iserver":{"authStatus":{"authenticated":true,"established":true,"competing":false,"connected":true,"message":"","MAC":"06:A8:C0:D9:D5:E3","serverInfo":{"serverName":"JifS25088","serverVersion":"Build 10.45.1a, Apr 22, 2026 1:39:05 PM"},"hardware_info":"275c5aa2|06:A8:C0:D9:D5:E3"}}}
20:31:51.805 INFO  vert.x-eventloop-thread-0 BaseServiceProxy     : -> GET /sso/ping,200|524ms
20:31:51.807 INFO  vert.x-eventloop-thread-0 SsoService           : sso ping {"result": "true"}
20:31:56.741 INFO  vert.x-eventloop-thread-0 BaseServiceProxy     : -> GET /v1/api/tickle,200|76ms
20:31:56.741 DEBUG vert.x-eventloop-thread-0 ClientPortalService  : tickle {"session":"286191c6c70a8eeb648a592371e157bc","ssoExpires":300051,"collission":false,"userId":50301190,"hmds":{"error":"no bridge"},"iserver":{"authStatus":{"authenticated":true,"established":true,"competing":false,"connected":true,"message":"","MAC":"06:A8:C0:D9:D5:E3","serverInfo":{"serverName":"JifS25088","serverVersion":"Build 10.45.1a, Apr 22, 2026 1:39:05 PM"},"hardware_info":"275c5aa2|06:A8:C0:D9:D5:E3"}}}
20:32:25.782 INFO  vert.x-eventloop-thread-0 BaseServiceProxy     : -> GET /v1/api/portfolio/U5799398/summary,200|113ms
20:32:25.851 INFO  vert.x-eventloop-thread-0 BaseServiceProxy     : -> GET /v1/api/iserver/account/orders,200|64ms
20:32:25.924 INFO  vert.x-eventloop-thread-0 BaseServiceProxy     : -> GET /v1/api/portfolio/U5799398/positions/0?direction=a&period=1W&sort=position,200|128ms
20:32:26.751 INFO  vert.x-eventloop-thread-0 BaseServiceProxy     : -> GET /v1/api/tickle,200|86ms
20:32:26.751 DEBUG vert.x-eventloop-thread-0 ClientPortalService  : tickle {"session":"286191c6c70a8eeb648a592371e157bc","ssoExpires":270054,"collission":false,"userId":50301190,"hmds":{"error":"no bridge"},"iserver":{"authStatus":{"authenticated":true,"established":true,"competing":false,"connected":true,"message":"","MAC":"06:A8:C0:D9:D5:E3","serverInfo":{"serverName":"JifS25088","serverVersion":"Build 10.45.1a, Apr 22, 2026 1:39:05 PM"},"hardware_info":"275c5aa2|06:A8:C0:D9:D5:E3"}}}
20:32:36.454 INFO  vert.x-eventloop-thread-0 BaseServiceProxy     : -> GET /v1/api/iserver/secdef/search?symbol=UMC&secType=STK,200|132ms
20:32:36.574 INFO  vert.x-eventloop-thread-0 BaseServiceProxy     : -> GET /v1/api/iserver/account/orders,200|116ms
20:32:36.703 INFO  vert.x-eventloop-thread-0 BaseServiceProxy     : -> GET /v1/api/portfolio/U5799398/summary,200|110ms
20:32:37.479 INFO  vert.x-eventloop-thread-0 BaseServiceProxy     : -> GET /v1/api/iserver/account/U5799398/orders,200|770ms
20:32:37.602 INFO  vert.x-eventloop-thread-0 BaseServiceProxy     : -> GET /v1/api/iserver/reply/a34a621f-9a63-4bca-a836-91ab83351fd2,200|121ms
20:32:37.673 INFO  vert.x-eventloop-thread-0 BaseServiceProxy     : -> GET /v1/api/iserver/reply/859f83c3-dd28-45a7-91f0-68058ab29cc6,200|69ms
20:32:37.775 INFO  vert.x-eventloop-thread-0 BaseServiceProxy     : -> GET /v1/api/iserver/reply/6dc660af-815f-4b2d-a11c-f8a78827387c,200|100ms
20:32:37.857 INFO  vert.x-eventloop-thread-0 BaseServiceProxy     : -> GET /v1/api/iserver/reply/f9616104-7577-41a2-9615-eeb11c82d904,200|81ms
20:32:37.938 INFO  vert.x-eventloop-thread-0 BaseServiceProxy     : -> GET /v1/api/iserver/reply/f9c285d6-cd28-44ef-bd3a-dc4a5adc23b1,200|79ms
20:32:38.030 INFO  vert.x-eventloop-thread-0 BaseServiceProxy     : -> GET /v1/api/iserver/reply/8f8bb379-137d-4470-89f0-5d8d3a4585c3,200|89ms
20:32:38.122 INFO  vert.x-eventloop-thread-0 BaseServiceProxy     : -> GET /v1/api/iserver/account/orders,200|89ms
20:32:38.501 INFO  vert.x-eventloop-thread-0 BaseServiceProxy     : -> GET /v1/api/iserver/marketdata/history?conid=46613372&period=30d&bar=1d&outsideRth=false,200|361ms
20:32:38.587 INFO  vert.x-eventloop-thread-0 BaseServiceProxy     : -> GET /v1/api/iserver/marketdata/history?conid=46613372&period=30d&bar=1d&outsideRth=false,200|82ms
20:32:56.777 INFO  vert.x-eventloop-thread-0 BaseServiceProxy     : -> GET /v1/api/tickle,200|112ms
20:32:56.779 DEBUG vert.x-eventloop-thread-0 ClientPortalService  : tickle {"session":"286191c6c70a8eeb648a592371e157bc","ssoExpires":240042,"collission":false,"userId":50301190,"hmds":{"error":"no bridge"},"iserver":{"authStatus":{"authenticated":true,"established":true,"competing":false,"connected":true,"message":"","MAC":"06:A8:C0:D9:D5:E3","serverInfo":{"serverName":"JifS25088","serverVersion":"Build 10.45.1a, Apr 22, 2026 1:39:05 PM"},"hardware_info":"275c5aa2|06:A8:C0:D9:D5:E3"}}}
20:33:23.096 INFO  vert.x-eventloop-thread-0 BaseServiceProxy     : -> GET /v1/api/iserver/account/orders,200|100ms
20:33:23.186 INFO  vert.x-eventloop-thread-0 BaseServiceProxy     : -> GET /v1/api/iserver/marketdata/history?conid=46613372&period=30d&bar=1d&outsideRth=false,200|72ms
20:33:23.282 INFO  vert.x-eventloop-thread-0 BaseServiceProxy     : -> GET /v1/api/iserver/marketdata/history?conid=46613372&period=30d&bar=1d&outsideRth=false,200|94ms
20:33:23.418 INFO  vert.x-eventloop-thread-0 BaseServiceProxy     : -> GET /v1/api/iserver/account/orders,200|72ms
20:33:23.502 INFO  vert.x-eventloop-thread-0 BaseServiceProxy     : -> GET /v1/api/iserver/account/orders,200|77ms
20:33:23.937 INFO  vert.x-eventloop-thread-0 BaseServiceProxy     : -> GET /v1/api/iserver/account/U5799398/order/1758614762,200|424ms
20:33:24.022 INFO  vert.x-eventloop-thread-0 BaseServiceProxy     : -> GET /v1/api/iserver/account/orders,200|83ms
20:33:24.129 INFO  vert.x-eventloop-thread-0 BaseServiceProxy     : -> GET /v1/api/iserver/marketdata/history?conid=46613372&period=30d&bar=1d&outsideRth=false,200|89ms
20:33:24.206 INFO  vert.x-eventloop-thread-0 BaseServiceProxy     : -> GET /v1/api/iserver/marketdata/history?conid=46613372&period=30d&bar=1d&outsideRth=false,200|75ms
20:33:24.344 INFO  vert.x-eventloop-thread-0 BaseServiceProxy     : -> GET /v1/api/iserver/account/orders,200|80ms
20:33:26.824 INFO  vert.x-eventloop-thread-0 BaseServiceProxy     : -> GET /v1/api/tickle,200|158ms
20:33:26.825 DEBUG vert.x-eventloop-thread-0 ClientPortalService  : tickle {"session":"286191c6c70a8eeb648a592371e157bc","ssoExpires":209985,"collission":false,"userId":50301190,"hmds":{"error":"no bridge"},"iserver":{"authStatus":{"authenticated":true,"established":true,"competing":false,"connected":true,"message":"","MAC":"06:A8:C0:D9:D5:E3","serverInfo":{"serverName":"JifS25088","serverVersion":"Build 10.45.1a, Apr 22, 2026 1:39:05 PM"},"hardware_info":"275c5aa2|06:A8:C0:D9:D5:E3"}}}
20:33:52.228 INFO  vert.x-eventloop-thread-0 BaseServiceProxy     : -> GET /v1/api/iserver/account/orders,200|133ms
20:33:56.793 INFO  vert.x-eventloop-thread-0 BaseServiceProxy     : -> GET /v1/api/tickle,200|128ms
20:33:56.793 DEBUG vert.x-eventloop-thread-0 ClientPortalService  : tickle {"session":"286191c6c70a8eeb648a592371e157bc","ssoExpires":180041,"collission":false,"userId":50301190,"hmds":{"error":"no bridge"},"iserver":{"authStatus":{"authenticated":true,"established":true,"competing":false,"connected":true,"message":"","MAC":"06:A8:C0:D9:D5:E3","serverInfo":{"serverName":"JifS25088","serverVersion":"Build 10.45.1a, Apr 22, 2026 1:39:05 PM"},"hardware_info":"275c5aa2|06:A8:C0:D9:D5:E3"}}}
20:34:26.898 INFO  vert.x-eventloop-thread-0 BaseServiceProxy     : -> GET /v1/api/tickle,200|232ms
20:34:26.899 DEBUG vert.x-eventloop-thread-0 ClientPortalService  : tickle {"session":"286191c6c70a8eeb648a592371e157bc","ssoExpires":150046,"collission":false,"userId":50301190,"hmds":{"error":"no bridge"},"iserver":{"authStatus":{"authenticated":true,"established":true,"competing":false,"connected":true,"message":"","MAC":"06:A8:C0:D9:D5:E3","serverInfo":{"serverName":"JifS25088","serverVersion":"Build 10.45.1a, Apr 22, 2026 1:39:05 PM"},"hardware_info":"275c5aa2|06:A8:C0:D9:D5:E3"}}}
20:34:56.827 INFO  vert.x-eventloop-thread-0 BaseServiceProxy     : -> GET /v1/api/tickle,200|161ms
20:34:56.829 DEBUG vert.x-eventloop-thread-0 ClientPortalService  : tickle {"session":"286191c6c70a8eeb648a592371e157bc","ssoExpires":119974,"collission":false,"userId":50301190,"hmds":{"error":"no bridge"},"iserver":{"authStatus":{"authenticated":true,"established":true,"competing":false,"connected":true,"message":"","MAC":"06:A8:C0:D9:D5:E3","serverInfo":{"serverName":"JifS25088","serverVersion":"Build 10.45.1a, Apr 22, 2026 1:39:05 PM"},"hardware_info":"275c5aa2|06:A8:C0:D9:D5:E3"}}}
20:35:26.766 INFO  vert.x-eventloop-thread-0 BaseServiceProxy     : -> GET /v1/api/tickle,200|102ms
20:35:26.768 DEBUG vert.x-eventloop-thread-0 ClientPortalService  : tickle {"session":"286191c6c70a8eeb648a592371e157bc","ssoExpires":90049,"collission":false,"userId":50301190,"hmds":{"error":"no bridge"},"iserver":{"authStatus":{"authenticated":true,"established":true,"competing":false,"connected":true,"message":"","MAC":"06:A8:C0:D9:D5:E3","serverInfo":{"serverName":"JifS25088","serverVersion":"Build 10.45.1a, Apr 22, 2026 1:39:05 PM"},"hardware_info":"275c5aa2|06:A8:C0:D9:D5:E3"}}}
20:35:56.784 INFO  vert.x-eventloop-thread-0 BaseServiceProxy     : -> GET /v1/api/tickle,200|120ms
20:35:56.786 DEBUG vert.x-eventloop-thread-0 ClientPortalService  : tickle {"session":"286191c6c70a8eeb648a592371e157bc","ssoExpires":60022,"collission":false,"userId":50301190,"hmds":{"error":"no bridge"},"iserver":{"authStatus":{"authenticated":true,"established":true,"competing":false,"connected":true,"message":"","MAC":"06:A8:C0:D9:D5:E3","serverInfo":{"serverName":"JifS25088","serverVersion":"Build 10.45.1a, Apr 22, 2026 1:39:05 PM"},"hardware_info":"275c5aa2|06:A8:C0:D9:D5:E3"}}}
20:36:27.055 INFO  vert.x-eventloop-thread-0 BaseServiceProxy     : -> GET /v1/api/tickle,200|390ms
20:36:27.056 DEBUG vert.x-eventloop-thread-0 ClientPortalService  : tickle {"session":"286191c6c70a8eeb648a592371e157bc","ssoExpires":29883,"collission":false,"userId":50301190,"hmds":{"error":"no bridge"},"iserver":{"authStatus":{"authenticated":true,"established":true,"competing":false,"connected":true,"message":"","MAC":"06:A8:C0:D9:D5:E3","serverInfo":{"serverName":"JifS25088","serverVersion":"Build 10.45.1a, Apr 22, 2026 1:39:05 PM"},"hardware_info":"275c5aa2|06:A8:C0:D9:D5:E3"}}}
20:36:51.576 INFO  vert.x-eventloop-thread-0 BaseServiceProxy     : -> GET /sso/ping,200|297ms
20:36:51.578 INFO  vert.x-eventloop-thread-0 SsoService           : sso ping {"result": "true"}
20:36:56.742 INFO  vert.x-eventloop-thread-0 BaseServiceProxy     : -> GET /v1/api/tickle,200|78ms
20:36:56.744 DEBUG vert.x-eventloop-thread-0 ClientPortalService  : tickle {"session":"286191c6c70a8eeb648a592371e157bc","ssoExpires":62,"collission":false,"userId":50301190,"hmds":{"error":"no bridge"},"iserver":{"authStatus":{"authenticated":true,"established":true,"competing":false,"connected":true,"message":"","MAC":"06:A8:C0:D9:D5:E3","serverInfo":{"serverName":"JifS25088","serverVersion":"Build 10.45.1a, Apr 22, 2026 1:39:05 PM"},"hardware_info":"275c5aa2|06:A8:C0:D9:D5:E3"}}}
20:37:26.761 INFO  vert.x-eventloop-thread-0 BaseServiceProxy     : -> GET /v1/api/tickle,200|97ms
20:37:26.763 DEBUG vert.x-eventloop-thread-0 ClientPortalService  : tickle {"session":"286191c6c70a8eeb648a592371e157bc","ssoExpires":600000,"collission":false,"userId":50301190,"hmds":{"error":"no bridge"},"iserver":{"authStatus":{"authenticated":true,"established":true,"competing":false,"connected":true,"message":"","MAC":"06:A8:C0:D9:D5:E3","serverInfo":{"serverName":"JifS25088","serverVersion":"Build 10.45.1a, Apr 22, 2026 1:39:05 PM"},"hardware_info":"275c5aa2|06:A8:C0:D9:D5:E3"}}}
20:37:56.803 INFO  vert.x-eventloop-thread-0 BaseServiceProxy     : -> GET /v1/api/tickle,200|139ms
20:37:56.804 DEBUG vert.x-eventloop-thread-0 ClientPortalService  : tickle {"session":"286191c6c70a8eeb648a592371e157bc","ssoExpires":569957,"collission":false,"userId":50301190,"hmds":{"error":"no bridge"},"iserver":{"authStatus":{"authenticated":true,"established":true,"competing":false,"connected":true,"message":"","MAC":"06:A8:C0:D9:D5:E3","serverInfo":{"serverName":"JifS25088","serverVersion":"Build 10.45.1a, Apr 22, 2026 1:39:05 PM"},"hardware_info":"275c5aa2|06:A8:C0:D9:D5:E3"}}}
20:38:26.753 INFO  vert.x-eventloop-thread-0 BaseServiceProxy     : -> GET /v1/api/tickle,200|90ms
20:38:26.754 DEBUG vert.x-eventloop-thread-0 ClientPortalService  : tickle {"session":"286191c6c70a8eeb648a592371e157bc","ssoExpires":540011,"collission":false,"userId":50301190,"hmds":{"error":"no bridge"},"iserver":{"authStatus":{"authenticated":true,"established":true,"competing":false,"connected":true,"message":"","MAC":"06:A8:C0:D9:D5:E3","serverInfo":{"serverName":"JifS25088","serverVersion":"Build 10.45.1a, Apr 22, 2026 1:39:05 PM"},"hardware_info":"275c5aa2|06:A8:C0:D9:D5:E3"}}}
20:38:56.734 INFO  vert.x-eventloop-thread-0 BaseServiceProxy     : -> GET /v1/api/tickle,200|71ms
20:38:56.735 DEBUG vert.x-eventloop-thread-0 ClientPortalService  : tickle {"session":"286191c6c70a8eeb648a592371e157bc","ssoExpires":510012,"collission":false,"userId":50301190,"hmds":{"error":"no bridge"},"iserver":{"authStatus":{"authenticated":true,"established":true,"competing":false,"connected":true,"message":"","MAC":"06:A8:C0:D9:D5:E3","serverInfo":{"serverName":"JifS25088","serverVersion":"Build 10.45.1a, Apr 22, 2026 1:39:05 PM"},"hardware_info":"275c5aa2|06:A8:C0:D9:D5:E3"}}}
20:39:26.772 INFO  vert.x-eventloop-thread-0 BaseServiceProxy     : -> GET /v1/api/tickle,200|107ms
20:39:26.775 DEBUG vert.x-eventloop-thread-0 ClientPortalService  : tickle {"session":"286191c6c70a8eeb648a592371e157bc","ssoExpires":479976,"collission":false,"userId":50301190,"hmds":{"error":"no bridge"},"iserver":{"authStatus":{"authenticated":true,"established":true,"competing":false,"connected":true,"message":"","MAC":"06:A8:C0:D9:D5:E3","serverInfo":{"serverName":"JifS25088","serverVersion":"Build 10.45.1a, Apr 22, 2026 1:39:05 PM"},"hardware_info":"275c5aa2|06:A8:C0:D9:D5:E3"}}}
20:39:56.775 INFO  vert.x-eventloop-thread-0 BaseServiceProxy     : -> GET /v1/api/tickle,200|111ms
20:39:56.777 DEBUG vert.x-eventloop-thread-0 ClientPortalService  : tickle {"session":"286191c6c70a8eeb648a592371e157bc","ssoExpires":449972,"collission":false,"userId":50301190,"hmds":{"error":"no bridge"},"iserver":{"authStatus":{"authenticated":true,"established":true,"competing":false,"connected":true,"message":"","MAC":"06:A8:C0:D9:D5:E3","serverInfo":{"serverName":"JifS25088","serverVersion":"Build 10.45.1a, Apr 22, 2026 1:39:05 PM"},"hardware_info":"275c5aa2|06:A8:C0:D9:D5:E3"}}}
20:40:26.764 INFO  vert.x-eventloop-thread-0 BaseServiceProxy     : -> GET /v1/api/tickle,200|101ms
20:40:26.766 DEBUG vert.x-eventloop-thread-0 ClientPortalService  : tickle {"session":"286191c6c70a8eeb648a592371e157bc","ssoExpires":419982,"collission":false,"userId":50301190,"hmds":{"error":"no bridge"},"iserver":{"authStatus":{"authenticated":true,"established":true,"competing":false,"connected":true,"message":"","MAC":"06:A8:C0:D9:D5:E3","serverInfo":{"serverName":"JifS25088","serverVersion":"Build 10.45.1a, Apr 22, 2026 1:39:05 PM"},"hardware_info":"275c5aa2|06:A8:C0:D9:D5:E3"}}}
20:40:56.758 INFO  vert.x-eventloop-thread-0 BaseServiceProxy     : -> GET /v1/api/tickle,200|96ms
20:40:56.760 DEBUG vert.x-eventloop-thread-0 ClientPortalService  : tickle {"session":"286191c6c70a8eeb648a592371e157bc","ssoExpires":389990,"collission":false,"userId":50301190,"hmds":{"error":"no bridge"},"iserver":{"authStatus":{"authenticated":true,"established":true,"competing":false,"connected":true,"message":"","MAC":"06:A8:C0:D9:D5:E3","serverInfo":{"serverName":"JifS25088","serverVersion":"Build 10.45.1a, Apr 22, 2026 1:39:05 PM"},"hardware_info":"275c5aa2|06:A8:C0:D9:D5:E3"}}}
20:41:26.792 INFO  vert.x-eventloop-thread-0 BaseServiceProxy     : -> GET /v1/api/tickle,200|129ms
20:41:26.795 DEBUG vert.x-eventloop-thread-0 ClientPortalService  : tickle {"session":"286191c6c70a8eeb648a592371e157bc","ssoExpires":359955,"collission":false,"userId":50301190,"hmds":{"error":"no bridge"},"iserver":{"authStatus":{"authenticated":true,"established":true,"competing":false,"connected":true,"message":"","MAC":"06:A8:C0:D9:D5:E3","serverInfo":{"serverName":"JifS25088","serverVersion":"Build 10.45.1a, Apr 22, 2026 1:39:05 PM"},"hardware_info":"275c5aa2|06:A8:C0:D9:D5:E3"}}}
20:41:51.736 INFO  vert.x-eventloop-thread-0 BaseServiceProxy     : -> GET /sso/ping,200|458ms
20:41:51.737 INFO  vert.x-eventloop-thread-0 SsoService           : sso ping {"result": "true"}
20:41:56.743 INFO  vert.x-eventloop-thread-0 BaseServiceProxy     : -> GET /v1/api/tickle,200|80ms
20:41:56.743 DEBUG vert.x-eventloop-thread-0 ClientPortalService  : tickle {"session":"286191c6c70a8eeb648a592371e157bc","ssoExpires":330009,"collission":false,"userId":50301190,"hmds":{"error":"no bridge"},"iserver":{"authStatus":{"authenticated":true,"established":true,"competing":false,"connected":true,"message":"","MAC":"06:A8:C0:D9:D5:E3","serverInfo":{"serverName":"JifS25088","serverVersion":"Build 10.45.1a, Apr 22, 2026 1:39:05 PM"},"hardware_info":"275c5aa2|06:A8:C0:D9:D5:E3"}}}
20:42:26.949 INFO  vert.x-eventloop-thread-0 BaseServiceProxy     : -> GET /v1/api/tickle,200|287ms
20:42:26.951 DEBUG vert.x-eventloop-thread-0 ClientPortalService  : tickle {"session":"286191c6c70a8eeb648a592371e157bc","ssoExpires":299800,"collission":false,"userId":50301190,"hmds":{"error":"no bridge"},"iserver":{"authStatus":{"authenticated":true,"established":true,"competing":false,"connected":true,"message":"","MAC":"06:A8:C0:D9:D5:E3","serverInfo":{"serverName":"JifS25088","serverVersion":"Build 10.45.1a, Apr 22, 2026 1:39:05 PM"},"hardware_info":"275c5aa2|06:A8:C0:D9:D5:E3"}}}
20:42:56.822 INFO  vert.x-eventloop-thread-0 BaseServiceProxy     : -> GET /v1/api/tickle,200|151ms
20:42:56.826 DEBUG vert.x-eventloop-thread-0 ClientPortalService  : tickle {"session":"286191c6c70a8eeb648a592371e157bc","ssoExpires":269938,"collission":false,"userId":50301190,"hmds":{"error":"no bridge"},"iserver":{"authStatus":{"authenticated":true,"established":true,"competing":false,"connected":true,"message":"","MAC":"06:A8:C0:D9:D5:E3","serverInfo":{"serverName":"JifS25088","serverVersion":"Build 10.45.1a, Apr 22, 2026 1:39:05 PM"},"hardware_info":"275c5aa2|06:A8:C0:D9:D5:E3"}}}
20:43:27.067 INFO  vert.x-eventloop-thread-0 BaseServiceProxy     : -> GET /v1/api/tickle,200|405ms
20:43:27.068 DEBUG vert.x-eventloop-thread-0 ClientPortalService  : tickle {"session":"286191c6c70a8eeb648a592371e157bc","ssoExpires":239696,"collission":false,"userId":50301190,"hmds":{"error":"no bridge"},"iserver":{"authStatus":{"authenticated":true,"established":true,"competing":false,"connected":true,"message":"","MAC":"06:A8:C0:D9:D5:E3","serverInfo":{"serverName":"JifS25088","serverVersion":"Build 10.45.1a, Apr 22, 2026 1:39:05 PM"},"hardware_info":"275c5aa2|06:A8:C0:D9:D5:E3"}}}
20:43:56.730 INFO  vert.x-eventloop-thread-0 BaseServiceProxy     : -> GET /v1/api/tickle,200|68ms
20:43:56.731 DEBUG vert.x-eventloop-thread-0 ClientPortalService  : tickle {"session":"286191c6c70a8eeb648a592371e157bc","ssoExpires":210013,"collission":false,"userId":50301190,"hmds":{"error":"no bridge"},"iserver":{"authStatus":{"authenticated":true,"established":true,"competing":false,"connected":true,"message":"","MAC":"06:A8:C0:D9:D5:E3","serverInfo":{"serverName":"JifS25088","serverVersion":"Build 10.45.1a, Apr 22, 2026 1:39:05 PM"},"hardware_info":"275c5aa2|06:A8:C0:D9:D5:E3"}}}
20:44:26.772 INFO  vert.x-eventloop-thread-0 BaseServiceProxy     : -> GET /v1/api/tickle,200|109ms
20:44:26.774 DEBUG vert.x-eventloop-thread-0 ClientPortalService  : tickle {"session":"286191c6c70a8eeb648a592371e157bc","ssoExpires":179985,"collission":false,"userId":50301190,"hmds":{"error":"no bridge"},"iserver":{"authStatus":{"authenticated":true,"established":true,"competing":false,"connected":true,"message":"","MAC":"06:A8:C0:D9:D5:E3","serverInfo":{"serverName":"JifS25088","serverVersion":"Build 10.45.1a, Apr 22, 2026 1:39:05 PM"},"hardware_info":"275c5aa2|06:A8:C0:D9:D5:E3"}}}
20:44:56.738 INFO  vert.x-eventloop-thread-0 BaseServiceProxy     : -> GET /v1/api/tickle,200|69ms
20:44:56.740 DEBUG vert.x-eventloop-thread-0 ClientPortalService  : tickle {"session":"286191c6c70a8eeb648a592371e157bc","ssoExpires":150013,"collission":false,"userId":50301190,"hmds":{"error":"no bridge"},"iserver":{"authStatus":{"authenticated":true,"established":true,"competing":false,"connected":true,"message":"","MAC":"06:A8:C0:D9:D5:E3","serverInfo":{"serverName":"JifS25088","serverVersion":"Build 10.45.1a, Apr 22, 2026 1:39:05 PM"},"hardware_info":"275c5aa2|06:A8:C0:D9:D5:E3"}}}
20:45:26.769 INFO  vert.x-eventloop-thread-0 BaseServiceProxy     : -> GET /v1/api/tickle,200|77ms
20:45:26.772 DEBUG vert.x-eventloop-thread-0 ClientPortalService  : tickle {"session":"286191c6c70a8eeb648a592371e157bc","ssoExpires":120004,"collission":false,"userId":50301190,"hmds":{"error":"no bridge"},"iserver":{"authStatus":{"authenticated":true,"established":true,"competing":false,"connected":true,"message":"","MAC":"06:A8:C0:D9:D5:E3","serverInfo":{"serverName":"JifS25088","serverVersion":"Build 10.45.1a, Apr 22, 2026 1:39:05 PM"},"hardware_info":"275c5aa2|06:A8:C0:D9:D5:E3"}}}
20:45:30.679 INFO  vert.x-eventloop-thread-0 BaseServiceProxy     : -> GET /v1/api/iserver/secdef/search?symbol=RIG&secType=STK,200|105ms
20:45:44.307 INFO  vert.x-eventloop-thread-0 BaseServiceProxy     : -> GET /v1/api/portfolio/U5799398/summary,200|125ms
20:45:44.392 INFO  vert.x-eventloop-thread-0 BaseServiceProxy     : -> GET /v1/api/iserver/account/orders,200|74ms
20:45:44.419 INFO  vert.x-eventloop-thread-0 BaseServiceProxy     : -> GET /v1/api/portfolio/U5799398/positions/0?direction=a&period=1W&sort=position,200|107ms
20:45:56.879 INFO  vert.x-eventloop-thread-0 BaseServiceProxy     : -> GET /v1/api/tickle,200|184ms
20:45:56.880 DEBUG vert.x-eventloop-thread-0 ClientPortalService  : tickle {"session":"286191c6c70a8eeb648a592371e157bc","ssoExpires":89930,"collission":false,"userId":50301190,"hmds":{"error":"no bridge"},"iserver":{"authStatus":{"authenticated":true,"established":true,"competing":false,"connected":true,"message":"","MAC":"06:A8:C0:D9:D5:E3","serverInfo":{"serverName":"JifS25088","serverVersion":"Build 10.45.1a, Apr 22, 2026 1:39:05 PM"},"hardware_info":"275c5aa2|06:A8:C0:D9:D5:E3"}}}
20:46:01.678 INFO  vert.x-eventloop-thread-0 BaseServiceProxy     : -> GET /v1/api/iserver/secdef/search?symbol=RIG&secType=STK,200|279ms
20:46:01.748 INFO  vert.x-eventloop-thread-0 BaseServiceProxy     : -> GET /v1/api/iserver/account/orders,200|66ms
20:46:01.966 INFO  vert.x-eventloop-thread-0 BaseServiceProxy     : -> GET /v1/api/portfolio/U5799398/summary,200|198ms
20:46:02.424 INFO  vert.x-eventloop-thread-0 BaseServiceProxy     : -> GET /v1/api/iserver/account/U5799398/orders,200|454ms
20:46:02.504 INFO  vert.x-eventloop-thread-0 BaseServiceProxy     : -> GET /v1/api/iserver/reply/cd78599b-0062-4466-97c9-62a5db0431ea,200|76ms
20:46:02.591 INFO  vert.x-eventloop-thread-0 BaseServiceProxy     : -> GET /v1/api/iserver/reply/5034da90-6ceb-40d4-bdd2-0ab021c2426b,200|85ms
20:46:02.671 INFO  vert.x-eventloop-thread-0 BaseServiceProxy     : -> GET /v1/api/iserver/reply/c95eb004-a93b-4c0e-b6e5-cc036146eaa3,200|78ms
20:46:02.750 INFO  vert.x-eventloop-thread-0 BaseServiceProxy     : -> GET /v1/api/iserver/reply/ed75466f-92f1-4321-85d0-f2182bfbc0f8,200|76ms
20:46:02.924 INFO  vert.x-eventloop-thread-0 BaseServiceProxy     : -> GET /v1/api/iserver/reply/5f9f69c3-f055-4247-92ec-ffc0326d1ca2,200|172ms
20:46:03.071 INFO  vert.x-eventloop-thread-0 BaseServiceProxy     : -> GET /v1/api/iserver/account/orders,200|145ms
20:46:03.406 INFO  vert.x-eventloop-thread-0 BaseServiceProxy     : -> GET /v1/api/iserver/marketdata/history?conid=56505491&period=30d&bar=1d&outsideRth=false,200|313ms
20:46:03.516 INFO  vert.x-eventloop-thread-0 BaseServiceProxy     : -> GET /v1/api/iserver/marketdata/history?conid=56505491&period=30d&bar=1d&outsideRth=false,200|109ms
20:46:07.127 INFO  vert.x-eventloop-thread-0 BaseServiceProxy     : -> GET /v1/api/iserver/account/orders,200|69ms
20:46:07.199 INFO  vert.x-eventloop-thread-0 BaseServiceProxy     : -> GET /v1/api/iserver/marketdata/history?conid=56505491&period=30d&bar=1d&outsideRth=false,200|65ms
20:46:07.262 INFO  vert.x-eventloop-thread-0 BaseServiceProxy     : -> GET /v1/api/iserver/marketdata/history?conid=56505491&period=30d&bar=1d&outsideRth=false,200|62ms
20:46:07.458 INFO  vert.x-eventloop-thread-0 BaseServiceProxy     : -> GET /v1/api/iserver/account/orders,200|86ms
20:46:07.528 INFO  vert.x-eventloop-thread-0 BaseServiceProxy     : -> GET /v1/api/iserver/account/orders,200|65ms
20:46:07.892 INFO  vert.x-eventloop-thread-0 BaseServiceProxy     : -> GET /v1/api/iserver/account/U5799398/order/1758614907,200|354ms
20:46:07.967 INFO  vert.x-eventloop-thread-0 BaseServiceProxy     : -> GET /v1/api/iserver/account/orders,200|73ms
20:46:08.049 INFO  vert.x-eventloop-thread-0 BaseServiceProxy     : -> GET /v1/api/iserver/marketdata/history?conid=56505491&period=30d&bar=1d&outsideRth=false,200|68ms
20:46:08.133 INFO  vert.x-eventloop-thread-0 BaseServiceProxy     : -> GET /v1/api/iserver/marketdata/history?conid=56505491&period=30d&bar=1d&outsideRth=false,200|80ms
20:46:08.299 INFO  vert.x-eventloop-thread-0 BaseServiceProxy     : -> GET /v1/api/iserver/account/orders,200|122ms
20:46:26.779 INFO  vert.x-eventloop-thread-0 BaseServiceProxy     : -> GET /v1/api/tickle,200|83ms
20:46:26.782 DEBUG vert.x-eventloop-thread-0 ClientPortalService  : tickle {"session":"286191c6c70a8eeb648a592371e157bc","ssoExpires":59994,"collission":false,"userId":50301190,"hmds":{"error":"no bridge"},"iserver":{"authStatus":{"authenticated":true,"established":true,"competing":false,"connected":true,"message":"","MAC":"06:A8:C0:D9:D5:E3","serverInfo":{"serverName":"JifS25088","serverVersion":"Build 10.45.1a, Apr 22, 2026 1:39:05 PM"},"hardware_info":"275c5aa2|06:A8:C0:D9:D5:E3"}}}
20:46:51.617 INFO  vert.x-eventloop-thread-0 BaseServiceProxy     : -> GET /sso/ping,200|309ms
20:46:51.618 INFO  vert.x-eventloop-thread-0 SsoService           : sso ping {"result": "true"}
20:46:56.777 INFO  vert.x-eventloop-thread-0 BaseServiceProxy     : -> GET /v1/api/tickle,200|82ms
20:46:56.777 DEBUG vert.x-eventloop-thread-0 ClientPortalService  : tickle {"session":"286191c6c70a8eeb648a592371e157bc","ssoExpires":30001,"collission":false,"userId":50301190,"hmds":{"error":"no bridge"},"iserver":{"authStatus":{"authenticated":true,"established":true,"competing":false,"connected":true,"message":"","MAC":"06:A8:C0:D9:D5:E3","serverInfo":{"serverName":"JifS25088","serverVersion":"Build 10.45.1a, Apr 22, 2026 1:39:05 PM"},"hardware_info":"275c5aa2|06:A8:C0:D9:D5:E3"}}}
20:47:26.770 INFO  vert.x-eventloop-thread-0 BaseServiceProxy     : -> GET /v1/api/tickle,200|75ms
20:47:26.771 DEBUG vert.x-eventloop-thread-0 ClientPortalService  : tickle {"session":"286191c6c70a8eeb648a592371e157bc","ssoExpires":2,"collission":false,"userId":50301190,"hmds":{"error":"no bridge"},"iserver":{"authStatus":{"authenticated":true,"established":true,"competing":false,"connected":true,"message":"","MAC":"06:A8:C0:D9:D5:E3","serverInfo":{"serverName":"JifS25088","serverVersion":"Build 10.45.1a, Apr 22, 2026 1:39:05 PM"},"hardware_info":"275c5aa2|06:A8:C0:D9:D5:E3"}}}
20:47:56.818 INFO  vert.x-eventloop-thread-0 BaseServiceProxy     : -> GET /v1/api/tickle,200|123ms
20:47:56.819 DEBUG vert.x-eventloop-thread-0 ClientPortalService  : tickle {"session":"286191c6c70a8eeb648a592371e157bc","ssoExpires":600000,"collission":false,"userId":50301190,"hmds":{"error":"no bridge"},"iserver":{"authStatus":{"authenticated":true,"established":true,"competing":false,"connected":true,"message":"","MAC":"06:A8:C0:D9:D5:E3","serverInfo":{"serverName":"JifS25088","serverVersion":"Build 10.45.1a, Apr 22, 2026 1:39:05 PM"},"hardware_info":"275c5aa2|06:A8:C0:D9:D5:E3"}}}
20:48:26.782 INFO  vert.x-eventloop-thread-0 BaseServiceProxy     : -> GET /v1/api/tickle,200|88ms
20:48:26.783 DEBUG vert.x-eventloop-thread-0 ClientPortalService  : tickle {"session":"286191c6c70a8eeb648a592371e157bc","ssoExpires":570027,"collission":false,"userId":50301190,"hmds":{"error":"no bridge"},"iserver":{"authStatus":{"authenticated":true,"established":true,"competing":false,"connected":true,"message":"","MAC":"06:A8:C0:D9:D5:E3","serverInfo":{"serverName":"JifS25088","serverVersion":"Build 10.45.1a, Apr 22, 2026 1:39:05 PM"},"hardware_info":"275c5aa2|06:A8:C0:D9:D5:E3"}}}
20:48:56.798 INFO  vert.x-eventloop-thread-0 BaseServiceProxy     : -> GET /v1/api/tickle,200|102ms
20:48:56.802 DEBUG vert.x-eventloop-thread-0 ClientPortalService  : tickle {"session":"286191c6c70a8eeb648a592371e157bc","ssoExpires":540002,"collission":false,"userId":50301190,"hmds":{"error":"no bridge"},"iserver":{"authStatus":{"authenticated":true,"established":true,"competing":false,"connected":true,"message":"","MAC":"06:A8:C0:D9:D5:E3","serverInfo":{"serverName":"JifS25088","serverVersion":"Build 10.45.1a, Apr 22, 2026 1:39:05 PM"},"hardware_info":"275c5aa2|06:A8:C0:D9:D5:E3"}}}
20:49:26.825 INFO  vert.x-eventloop-thread-0 BaseServiceProxy     : -> GET /v1/api/tickle,200|131ms
20:49:26.827 DEBUG vert.x-eventloop-thread-0 ClientPortalService  : tickle {"session":"286191c6c70a8eeb648a592371e157bc","ssoExpires":509964,"collission":false,"userId":50301190,"hmds":{"error":"no bridge"},"iserver":{"authStatus":{"authenticated":true,"established":true,"competing":false,"connected":true,"message":"","MAC":"06:A8:C0:D9:D5:E3","serverInfo":{"serverName":"JifS25088","serverVersion":"Build 10.45.1a, Apr 22, 2026 1:39:05 PM"},"hardware_info":"275c5aa2|06:A8:C0:D9:D5:E3"}}}
20:49:56.773 INFO  vert.x-eventloop-thread-0 BaseServiceProxy     : -> GET /v1/api/tickle,200|77ms
20:49:56.774 DEBUG vert.x-eventloop-thread-0 ClientPortalService  : tickle {"session":"286191c6c70a8eeb648a592371e157bc","ssoExpires":480013,"collission":false,"userId":50301190,"hmds":{"error":"no bridge"},"iserver":{"authStatus":{"authenticated":true,"established":true,"competing":false,"connected":true,"message":"","MAC":"06:A8:C0:D9:D5:E3","serverInfo":{"serverName":"JifS25088","serverVersion":"Build 10.45.1a, Apr 22, 2026 1:39:05 PM"},"hardware_info":"275c5aa2|06:A8:C0:D9:D5:E3"}}}
20:50:26.788 INFO  vert.x-eventloop-thread-0 BaseServiceProxy     : -> GET /v1/api/tickle,200|93ms
20:50:26.789 DEBUG vert.x-eventloop-thread-0 ClientPortalService  : tickle {"session":"286191c6c70a8eeb648a592371e157bc","ssoExpires":450004,"collission":false,"userId":50301190,"hmds":{"error":"no bridge"},"iserver":{"authStatus":{"authenticated":true,"established":true,"competing":false,"connected":true,"message":"","MAC":"06:A8:C0:D9:D5:E3","serverInfo":{"serverName":"JifS25088","serverVersion":"Build 10.45.1a, Apr 22, 2026 1:39:05 PM"},"hardware_info":"275c5aa2|06:A8:C0:D9:D5:E3"}}}
20:50:56.795 INFO  vert.x-eventloop-thread-0 BaseServiceProxy     : -> GET /v1/api/tickle,200|101ms
20:50:56.796 DEBUG vert.x-eventloop-thread-0 ClientPortalService  : tickle {"session":"286191c6c70a8eeb648a592371e157bc","ssoExpires":420017,"collission":false,"userId":50301190,"hmds":{"error":"no bridge"},"iserver":{"authStatus":{"authenticated":true,"established":true,"competing":false,"connected":true,"message":"","MAC":"06:A8:C0:D9:D5:E3","serverInfo":{"serverName":"JifS25088","serverVersion":"Build 10.45.1a, Apr 22, 2026 1:39:05 PM"},"hardware_info":"275c5aa2|06:A8:C0:D9:D5:E3"}}}
20:51:26.804 INFO  vert.x-eventloop-thread-0 BaseServiceProxy     : -> GET /v1/api/tickle,200|110ms
20:51:26.805 DEBUG vert.x-eventloop-thread-0 ClientPortalService  : tickle {"session":"286191c6c70a8eeb648a592371e157bc","ssoExpires":389988,"collission":false,"userId":50301190,"hmds":{"error":"no bridge"},"iserver":{"authStatus":{"authenticated":true,"established":true,"competing":false,"connected":true,"message":"","MAC":"06:A8:C0:D9:D5:E3","serverInfo":{"serverName":"JifS25088","serverVersion":"Build 10.45.1a, Apr 22, 2026 1:39:05 PM"},"hardware_info":"275c5aa2|06:A8:C0:D9:D5:E3"}}}
20:51:51.648 INFO  vert.x-eventloop-thread-0 BaseServiceProxy     : -> GET /sso/ping,200|338ms
20:51:51.650 INFO  vert.x-eventloop-thread-0 SsoService           : sso ping {"result": "true"}
20:51:56.886 INFO  vert.x-eventloop-thread-0 BaseServiceProxy     : -> GET /v1/api/tickle,200|192ms
20:51:56.887 DEBUG vert.x-eventloop-thread-0 ClientPortalService  : tickle {"session":"286191c6c70a8eeb648a592371e157bc","ssoExpires":359972,"collission":false,"userId":50301190,"hmds":{"error":"no bridge"},"iserver":{"authStatus":{"authenticated":true,"established":true,"competing":false,"connected":true,"message":"","MAC":"06:A8:C0:D9:D5:E3","serverInfo":{"serverName":"JifS25088","serverVersion":"Build 10.45.1a, Apr 22, 2026 1:39:05 PM"},"hardware_info":"275c5aa2|06:A8:C0:D9:D5:E3"}}}
20:52:26.768 INFO  vert.x-eventloop-thread-0 BaseServiceProxy     : -> GET /v1/api/tickle,200|74ms
20:52:26.770 DEBUG vert.x-eventloop-thread-0 ClientPortalService  : tickle {"session":"286191c6c70a8eeb648a592371e157bc","ssoExpires":330017,"collission":false,"userId":50301190,"hmds":{"error":"no bridge"},"iserver":{"authStatus":{"authenticated":true,"established":true,"competing":false,"connected":true,"message":"","MAC":"06:A8:C0:D9:D5:E3","serverInfo":{"serverName":"JifS25088","serverVersion":"Build 10.45.1a, Apr 22, 2026 1:39:05 PM"},"hardware_info":"275c5aa2|06:A8:C0:D9:D5:E3"}}}
20:52:56.807 INFO  vert.x-eventloop-thread-0 BaseServiceProxy     : -> GET /v1/api/tickle,200|112ms
20:52:56.810 DEBUG vert.x-eventloop-thread-0 ClientPortalService  : tickle {"session":"286191c6c70a8eeb648a592371e157bc","ssoExpires":299979,"collission":false,"userId":50301190,"hmds":{"error":"no bridge"},"iserver":{"authStatus":{"authenticated":true,"established":true,"competing":false,"connected":true,"message":"","MAC":"06:A8:C0:D9:D5:E3","serverInfo":{"serverName":"JifS25088","serverVersion":"Build 10.45.1a, Apr 22, 2026 1:39:05 PM"},"hardware_info":"275c5aa2|06:A8:C0:D9:D5:E3"}}}
20:53:26.810 INFO  vert.x-eventloop-thread-0 BaseServiceProxy     : -> GET /v1/api/tickle,200|116ms
20:53:26.811 DEBUG vert.x-eventloop-thread-0 ClientPortalService  : tickle {"session":"286191c6c70a8eeb648a592371e157bc","ssoExpires":269976,"collission":false,"userId":50301190,"hmds":{"error":"no bridge"},"iserver":{"authStatus":{"authenticated":true,"established":true,"competing":false,"connected":true,"message":"","MAC":"06:A8:C0:D9:D5:E3","serverInfo":{"serverName":"JifS25088","serverVersion":"Build 10.45.1a, Apr 22, 2026 1:39:05 PM"},"hardware_info":"275c5aa2|06:A8:C0:D9:D5:E3"}}}
20:53:56.772 INFO  vert.x-eventloop-thread-0 BaseServiceProxy     : -> GET /v1/api/tickle,200|79ms
20:53:56.774 DEBUG vert.x-eventloop-thread-0 ClientPortalService  : tickle {"session":"286191c6c70a8eeb648a592371e157bc","ssoExpires":240013,"collission":false,"userId":50301190,"hmds":{"error":"no bridge"},"iserver":{"authStatus":{"authenticated":true,"established":true,"competing":false,"connected":true,"message":"","MAC":"06:A8:C0:D9:D5:E3","serverInfo":{"serverName":"JifS25088","serverVersion":"Build 10.45.1a, Apr 22, 2026 1:39:05 PM"},"hardware_info":"275c5aa2|06:A8:C0:D9:D5:E3"}}}
20:54:26.931 INFO  vert.x-eventloop-thread-0 BaseServiceProxy     : -> GET /v1/api/tickle,200|237ms
20:54:26.934 DEBUG vert.x-eventloop-thread-0 ClientPortalService  : tickle {"session":"286191c6c70a8eeb648a592371e157bc","ssoExpires":209859,"collission":false,"userId":50301190,"hmds":{"error":"no bridge"},"iserver":{"authStatus":{"authenticated":true,"established":true,"competing":false,"connected":true,"message":"","MAC":"06:A8:C0:D9:D5:E3","serverInfo":{"serverName":"JifS25088","serverVersion":"Build 10.45.1a, Apr 22, 2026 1:39:05 PM"},"hardware_info":"275c5aa2|06:A8:C0:D9:D5:E3"}}}
20:54:56.800 INFO  vert.x-eventloop-thread-0 BaseServiceProxy     : -> GET /v1/api/tickle,200|106ms
20:54:56.801 DEBUG vert.x-eventloop-thread-0 ClientPortalService  : tickle {"session":"286191c6c70a8eeb648a592371e157bc","ssoExpires":180007,"collission":false,"userId":50301190,"hmds":{"error":"no bridge"},"iserver":{"authStatus":{"authenticated":true,"established":true,"competing":false,"connected":true,"message":"","MAC":"06:A8:C0:D9:D5:E3","serverInfo":{"serverName":"JifS25088","serverVersion":"Build 10.45.1a, Apr 22, 2026 1:39:05 PM"},"hardware_info":"275c5aa2|06:A8:C0:D9:D5:E3"}}}
20:55:26.786 INFO  vert.x-eventloop-thread-0 BaseServiceProxy     : -> GET /v1/api/tickle,200|92ms
20:55:26.788 DEBUG vert.x-eventloop-thread-0 ClientPortalService  : tickle {"session":"286191c6c70a8eeb648a592371e157bc","ssoExpires":150000,"collission":false,"userId":50301190,"hmds":{"error":"no bridge"},"iserver":{"authStatus":{"authenticated":true,"established":true,"competing":false,"connected":true,"message":"","MAC":"06:A8:C0:D9:D5:E3","serverInfo":{"serverName":"JifS25088","serverVersion":"Build 10.45.1a, Apr 22, 2026 1:39:05 PM"},"hardware_info":"275c5aa2|06:A8:C0:D9:D5:E3"}}}
20:55:56.787 INFO  vert.x-eventloop-thread-0 BaseServiceProxy     : -> GET /v1/api/tickle,200|92ms
20:55:56.789 DEBUG vert.x-eventloop-thread-0 ClientPortalService  : tickle {"session":"286191c6c70a8eeb648a592371e157bc","ssoExpires":120011,"collission":false,"userId":50301190,"hmds":{"error":"no bridge"},"iserver":{"authStatus":{"authenticated":true,"established":true,"competing":false,"connected":true,"message":"","MAC":"06:A8:C0:D9:D5:E3","serverInfo":{"serverName":"JifS25088","serverVersion":"Build 10.45.1a, Apr 22, 2026 1:39:05 PM"},"hardware_info":"275c5aa2|06:A8:C0:D9:D5:E3"}}}
20:56:27.111 INFO  vert.x-eventloop-thread-0 BaseServiceProxy     : -> GET /v1/api/tickle,200|417ms
20:56:27.113 DEBUG vert.x-eventloop-thread-0 ClientPortalService  : tickle {"session":"286191c6c70a8eeb648a592371e157bc","ssoExpires":89754,"collission":false,"userId":50301190,"hmds":{"error":"no bridge"},"iserver":{"authStatus":{"authenticated":true,"established":true,"competing":false,"connected":true,"message":"","MAC":"06:A8:C0:D9:D5:E3","serverInfo":{"serverName":"JifS25088","serverVersion":"Build 10.45.1a, Apr 22, 2026 1:39:05 PM"},"hardware_info":"275c5aa2|06:A8:C0:D9:D5:E3"}}}
20:56:51.884 INFO  vert.x-eventloop-thread-0 BaseServiceProxy     : -> GET /sso/ping,200|574ms
20:56:51.887 INFO  vert.x-eventloop-thread-0 SsoService           : sso ping {"result": "true"}
20:56:56.777 INFO  vert.x-eventloop-thread-0 BaseServiceProxy     : -> GET /v1/api/tickle,200|84ms
20:56:56.777 DEBUG vert.x-eventloop-thread-0 ClientPortalService  : tickle {"session":"286191c6c70a8eeb648a592371e157bc","ssoExpires":60004,"collission":false,"userId":50301190,"hmds":{"error":"no bridge"},"iserver":{"authStatus":{"authenticated":true,"established":true,"competing":false,"connected":true,"message":"","MAC":"06:A8:C0:D9:D5:E3","serverInfo":{"serverName":"JifS25088","serverVersion":"Build 10.45.1a, Apr 22, 2026 1:39:05 PM"},"hardware_info":"275c5aa2|06:A8:C0:D9:D5:E3"}}}
20:57:26.776 INFO  vert.x-eventloop-thread-0 BaseServiceProxy     : -> GET /v1/api/tickle,200|82ms
20:57:26.778 DEBUG vert.x-eventloop-thread-0 ClientPortalService  : tickle {"session":"286191c6c70a8eeb648a592371e157bc","ssoExpires":30007,"collission":false,"userId":50301190,"hmds":{"error":"no bridge"},"iserver":{"authStatus":{"authenticated":true,"established":true,"competing":false,"connected":true,"message":"","MAC":"06:A8:C0:D9:D5:E3","serverInfo":{"serverName":"JifS25088","serverVersion":"Build 10.45.1a, Apr 22, 2026 1:39:05 PM"},"hardware_info":"275c5aa2|06:A8:C0:D9:D5:E3"}}}
20:57:48.920 INFO  vert.x-eventloop-thread-0 BaseServiceProxy     : -> GET /v1/api/iserver/account/orders,200|298ms
20:57:49.433 INFO  vert.x-eventloop-thread-0 BaseServiceProxy     : -> GET /v1/api/iserver/marketdata/history?conid=6482&period=30d&bar=1d&outsideRth=false,200|503ms
20:57:49.523 INFO  vert.x-eventloop-thread-0 BaseServiceProxy     : -> GET /v1/api/iserver/marketdata/history?conid=6482&period=30d&bar=1d&outsideRth=false,200|87ms
20:57:57.020 INFO  vert.x-eventloop-thread-0 BaseServiceProxy     : -> GET /v1/api/tickle,200|327ms
20:57:57.021 DEBUG vert.x-eventloop-thread-0 ClientPortalService  : tickle {"session":"286191c6c70a8eeb648a592371e157bc","ssoExpires":600000,"collission":false,"userId":50301190,"hmds":{"error":"no bridge"},"iserver":{"authStatus":{"authenticated":true,"established":true,"competing":false,"connected":true,"message":"","MAC":"06:A8:C0:D9:D5:E3","serverInfo":{"serverName":"JifS25088","serverVersion":"Build 10.45.1a, Apr 22, 2026 1:39:05 PM"},"hardware_info":"275c5aa2|06:A8:C0:D9:D5:E3"}}}
20:58:26.452 INFO  vert.x-eventloop-thread-0 BaseServiceProxy     : -> GET /v1/api/iserver/account/orders,200|90ms
20:58:26.546 INFO  vert.x-eventloop-thread-0 BaseServiceProxy     : -> GET /v1/api/iserver/account/orders,200|63ms
20:58:26.769 INFO  vert.x-eventloop-thread-0 BaseServiceProxy     : -> GET /v1/api/tickle,200|75ms
20:58:26.769 DEBUG vert.x-eventloop-thread-0 ClientPortalService  : tickle {"session":"286191c6c70a8eeb648a592371e157bc","ssoExpires":570249,"collission":false,"userId":50301190,"hmds":{"error":"no bridge"},"iserver":{"authStatus":{"authenticated":true,"established":true,"competing":false,"connected":true,"message":"","MAC":"06:A8:C0:D9:D5:E3","serverInfo":{"serverName":"JifS25088","serverVersion":"Build 10.45.1a, Apr 22, 2026 1:39:05 PM"},"hardware_info":"275c5aa2|06:A8:C0:D9:D5:E3"}}}
20:58:26.900 INFO  vert.x-eventloop-thread-0 BaseServiceProxy     : -> GET /v1/api/iserver/account/U5799398/order/1848206440,200|334ms
20:58:27.015 INFO  vert.x-eventloop-thread-0 BaseServiceProxy     : -> GET /v1/api/iserver/reply/fea9daad-6b46-48b0-abbc-7022d5f14f64,200|114ms
20:58:27.105 INFO  vert.x-eventloop-thread-0 BaseServiceProxy     : -> GET /v1/api/iserver/account/orders,200|88ms
20:58:27.213 INFO  vert.x-eventloop-thread-0 BaseServiceProxy     : -> GET /v1/api/iserver/marketdata/history?conid=6482&period=30d&bar=1d&outsideRth=false,200|84ms
20:58:27.295 INFO  vert.x-eventloop-thread-0 BaseServiceProxy     : -> GET /v1/api/iserver/marketdata/history?conid=6482&period=30d&bar=1d&outsideRth=false,200|78ms
20:58:27.424 INFO  vert.x-eventloop-thread-0 BaseServiceProxy     : -> GET /v1/api/iserver/account/orders,200|66ms
20:58:56.787 INFO  vert.x-eventloop-thread-0 BaseServiceProxy     : -> GET /v1/api/tickle,200|93ms
20:58:56.788 DEBUG vert.x-eventloop-thread-0 ClientPortalService  : tickle {"session":"286191c6c70a8eeb648a592371e157bc","ssoExpires":540226,"collission":false,"userId":50301190,"hmds":{"error":"no bridge"},"iserver":{"authStatus":{"authenticated":true,"established":true,"competing":false,"connected":true,"message":"","MAC":"06:A8:C0:D9:D5:E3","serverInfo":{"serverName":"JifS25088","serverVersion":"Build 10.45.1a, Apr 22, 2026 1:39:05 PM"},"hardware_info":"275c5aa2|06:A8:C0:D9:D5:E3"}}}
20:59:26.783 INFO  vert.x-eventloop-thread-0 BaseServiceProxy     : -> GET /v1/api/tickle,200|89ms
20:59:26.785 DEBUG vert.x-eventloop-thread-0 ClientPortalService  : tickle {"session":"286191c6c70a8eeb648a592371e157bc","ssoExpires":510228,"collission":false,"userId":50301190,"hmds":{"error":"no bridge"},"iserver":{"authStatus":{"authenticated":true,"established":true,"competing":false,"connected":true,"message":"","MAC":"06:A8:C0:D9:D5:E3","serverInfo":{"serverName":"JifS25088","serverVersion":"Build 10.45.1a, Apr 22, 2026 1:39:05 PM"},"hardware_info":"275c5aa2|06:A8:C0:D9:D5:E3"}}}
20:59:56.789 INFO  vert.x-eventloop-thread-0 BaseServiceProxy     : -> GET /v1/api/tickle,200|95ms
20:59:56.794 DEBUG vert.x-eventloop-thread-0 ClientPortalService  : tickle {"session":"286191c6c70a8eeb648a592371e157bc","ssoExpires":480228,"collission":false,"userId":50301190,"hmds":{"error":"no bridge"},"iserver":{"authStatus":{"authenticated":true,"established":true,"competing":false,"connected":true,"message":"","MAC":"06:A8:C0:D9:D5:E3","serverInfo":{"serverName":"JifS25088","serverVersion":"Build 10.45.1a, Apr 22, 2026 1:39:05 PM"},"hardware_info":"275c5aa2|06:A8:C0:D9:D5:E3"}}}
21:00:26.806 INFO  vert.x-eventloop-thread-0 BaseServiceProxy     : -> GET /v1/api/tickle,200|112ms
21:00:26.807 DEBUG vert.x-eventloop-thread-0 ClientPortalService  : tickle {"session":"286191c6c70a8eeb648a592371e157bc","ssoExpires":450208,"collission":false,"userId":50301190,"hmds":{"error":"no bridge"},"iserver":{"authStatus":{"authenticated":true,"established":true,"competing":false,"connected":true,"message":"","MAC":"06:A8:C0:D9:D5:E3","serverInfo":{"serverName":"JifS25088","serverVersion":"Build 10.45.1a, Apr 22, 2026 1:39:05 PM"},"hardware_info":"275c5aa2|06:A8:C0:D9:D5:E3"}}}
21:00:56.831 INFO  vert.x-eventloop-thread-0 BaseServiceProxy     : -> GET /v1/api/tickle,200|116ms
21:00:56.833 DEBUG vert.x-eventloop-thread-0 ClientPortalService  : tickle {"session":"286191c6c70a8eeb648a592371e157bc","ssoExpires":420212,"collission":false,"userId":50301190,"hmds":{"error":"no bridge"},"iserver":{"authStatus":{"authenticated":true,"established":true,"competing":false,"connected":true,"message":"","MAC":"06:A8:C0:D9:D5:E3","serverInfo":{"serverName":"JifS25088","serverVersion":"Build 10.45.1a, Apr 22, 2026 1:39:05 PM"},"hardware_info":"275c5aa2|06:A8:C0:D9:D5:E3"}}}
21:01:05.648 INFO  vert.x-eventloop-thread-0 BaseServiceProxy     : -> GET /v1/api/iserver/secdef/search?symbol=CF&secType=STK,200|183ms
21:01:11.903 INFO  vert.x-eventloop-thread-0 BaseServiceProxy     : -> GET /v1/api/portfolio/U5799398/summary,200|108ms
21:01:11.984 INFO  vert.x-eventloop-thread-0 BaseServiceProxy     : -> GET /v1/api/iserver/account/orders,200|69ms
21:01:12.023 INFO  vert.x-eventloop-thread-0 BaseServiceProxy     : -> GET /v1/api/portfolio/U5799398/positions/0?direction=a&period=1W&sort=position,200|116ms
21:01:26.807 INFO  vert.x-eventloop-thread-0 BaseServiceProxy     : -> GET /v1/api/tickle,200|87ms
21:01:26.809 DEBUG vert.x-eventloop-thread-0 ClientPortalService  : tickle {"session":"286191c6c70a8eeb648a592371e157bc","ssoExpires":390231,"collission":false,"userId":50301190,"hmds":{"error":"no bridge"},"iserver":{"authStatus":{"authenticated":true,"established":true,"competing":false,"connected":true,"message":"","MAC":"06:A8:C0:D9:D5:E3","serverInfo":{"serverName":"JifS25088","serverVersion":"Build 10.45.1a, Apr 22, 2026 1:39:05 PM"},"hardware_info":"275c5aa2|06:A8:C0:D9:D5:E3"}}}
21:01:45.918 INFO  vert.x-eventloop-thread-0 BaseServiceProxy     : -> GET /v1/api/iserver/secdef/search?symbol=CF&secType=STK,200|227ms
21:01:46.089 INFO  vert.x-eventloop-thread-0 BaseServiceProxy     : -> GET /v1/api/iserver/account/orders,200|167ms
21:01:46.470 INFO  vert.x-eventloop-thread-0 BaseServiceProxy     : -> GET /v1/api/portfolio/U5799398/summary,200|358ms
21:01:46.835 INFO  vert.x-eventloop-thread-0 BaseServiceProxy     : -> GET /v1/api/iserver/account/U5799398/orders,200|361ms
21:01:46.909 INFO  vert.x-eventloop-thread-0 BaseServiceProxy     : -> GET /v1/api/iserver/reply/17427063-b9b8-41fd-8213-8e65f70cdfb8,200|70ms
21:01:46.991 INFO  vert.x-eventloop-thread-0 BaseServiceProxy     : -> GET /v1/api/iserver/reply/fd886d83-617c-42a3-a8d6-ba5875ef1e89,200|80ms
21:01:47.092 INFO  vert.x-eventloop-thread-0 BaseServiceProxy     : -> GET /v1/api/iserver/reply/b1a41b23-a690-4327-ac6b-6f7bb13b3837,200|98ms
21:01:47.166 INFO  vert.x-eventloop-thread-0 BaseServiceProxy     : -> GET /v1/api/iserver/reply/9d6a6f6a-8a96-4ff5-9b35-271961c4bc90,200|71ms
21:01:47.333 INFO  vert.x-eventloop-thread-0 BaseServiceProxy     : -> GET /v1/api/iserver/reply/75f0c383-820c-4c70-b6ba-6868cae8a3d7,200|162ms
21:01:47.419 INFO  vert.x-eventloop-thread-0 BaseServiceProxy     : -> GET /v1/api/iserver/account/orders,200|85ms
21:01:47.843 INFO  vert.x-eventloop-thread-0 BaseServiceProxy     : -> GET /v1/api/iserver/marketdata/history?conid=35447205&period=30d&bar=1d&outsideRth=false,200|406ms
21:01:48.084 INFO  vert.x-eventloop-thread-0 BaseServiceProxy     : -> GET /v1/api/iserver/marketdata/history?conid=35447205&period=30d&bar=1d&outsideRth=false,200|238ms
21:01:51.836 INFO  vert.x-eventloop-thread-0 BaseServiceProxy     : -> GET /sso/ping,200|502ms
21:01:51.837 INFO  vert.x-eventloop-thread-0 SsoService           : sso ping {"result": "true"}
21:01:56.799 INFO  vert.x-eventloop-thread-0 BaseServiceProxy     : -> GET /v1/api/tickle,200|79ms
21:01:56.800 DEBUG vert.x-eventloop-thread-0 ClientPortalService  : tickle {"session":"286191c6c70a8eeb648a592371e157bc","ssoExpires":360242,"collission":false,"userId":50301190,"hmds":{"error":"no bridge"},"iserver":{"authStatus":{"authenticated":true,"established":true,"competing":false,"connected":true,"message":"","MAC":"06:A8:C0:D9:D5:E3","serverInfo":{"serverName":"JifS25088","serverVersion":"Build 10.45.1a, Apr 22, 2026 1:39:05 PM"},"hardware_info":"275c5aa2|06:A8:C0:D9:D5:E3"}}}
21:02:01.929 INFO  vert.x-eventloop-thread-0 BaseServiceProxy     : -> GET /v1/api/iserver/account/orders,200|83ms
21:02:02.032 INFO  vert.x-eventloop-thread-0 BaseServiceProxy     : -> GET /v1/api/iserver/marketdata/history?conid=35447205&period=30d&bar=1d&outsideRth=false,200|77ms
21:02:02.101 INFO  vert.x-eventloop-thread-0 BaseServiceProxy     : -> GET /v1/api/iserver/marketdata/history?conid=35447205&period=30d&bar=1d&outsideRth=false,200|68ms
21:02:02.237 INFO  vert.x-eventloop-thread-0 BaseServiceProxy     : -> GET /v1/api/iserver/account/orders,200|85ms
21:02:02.399 INFO  vert.x-eventloop-thread-0 BaseServiceProxy     : -> GET /v1/api/iserver/account/orders,200|105ms
21:02:02.746 INFO  vert.x-eventloop-thread-0 BaseServiceProxy     : -> GET /v1/api/iserver/account/U5799398/order/1758614982,200|340ms
21:02:02.818 INFO  vert.x-eventloop-thread-0 BaseServiceProxy     : -> GET /v1/api/iserver/account/orders,200|71ms
21:02:02.994 INFO  vert.x-eventloop-thread-0 BaseServiceProxy     : -> GET /v1/api/iserver/marketdata/history?conid=35447205&period=30d&bar=1d&outsideRth=false,200|133ms
21:02:03.083 INFO  vert.x-eventloop-thread-0 BaseServiceProxy     : -> GET /v1/api/iserver/marketdata/history?conid=35447205&period=30d&bar=1d&outsideRth=false,200|87ms
21:02:03.277 INFO  vert.x-eventloop-thread-0 BaseServiceProxy     : -> GET /v1/api/iserver/account/orders,200|106ms
21:02:27.164 INFO  vert.x-eventloop-thread-0 BaseServiceProxy     : -> GET /v1/api/tickle,200|444ms
21:02:27.165 DEBUG vert.x-eventloop-thread-0 ClientPortalService  : tickle {"session":"286191c6c70a8eeb648a592371e157bc","ssoExpires":330061,"collission":false,"userId":50301190,"hmds":{"error":"no bridge"},"iserver":{"authStatus":{"authenticated":true,"established":true,"competing":false,"connected":true,"message":"","MAC":"06:A8:C0:D9:D5:E3","serverInfo":{"serverName":"JifS25088","serverVersion":"Build 10.45.1a, Apr 22, 2026 1:39:05 PM"},"hardware_info":"275c5aa2|06:A8:C0:D9:D5:E3"}}}
21:02:56.824 INFO  vert.x-eventloop-thread-0 BaseServiceProxy     : -> GET /v1/api/tickle,200|103ms
21:02:56.826 DEBUG vert.x-eventloop-thread-0 ClientPortalService  : tickle {"session":"286191c6c70a8eeb648a592371e157bc","ssoExpires":300216,"collission":false,"userId":50301190,"hmds":{"error":"no bridge"},"iserver":{"authStatus":{"authenticated":true,"established":true,"competing":false,"connected":true,"message":"","MAC":"06:A8:C0:D9:D5:E3","serverInfo":{"serverName":"JifS25088","serverVersion":"Build 10.45.1a, Apr 22, 2026 1:39:05 PM"},"hardware_info":"275c5aa2|06:A8:C0:D9:D5:E3"}}}
21:03:26.966 INFO  vert.x-eventloop-thread-0 BaseServiceProxy     : -> GET /v1/api/tickle,200|246ms
21:03:26.968 DEBUG vert.x-eventloop-thread-0 ClientPortalService  : tickle {"session":"286191c6c70a8eeb648a592371e157bc","ssoExpires":270085,"collission":false,"userId":50301190,"hmds":{"error":"no bridge"},"iserver":{"authStatus":{"authenticated":true,"established":true,"competing":false,"connected":true,"message":"","MAC":"06:A8:C0:D9:D5:E3","serverInfo":{"serverName":"JifS25088","serverVersion":"Build 10.45.1a, Apr 22, 2026 1:39:05 PM"},"hardware_info":"275c5aa2|06:A8:C0:D9:D5:E3"}}}
21:03:57.041 INFO  vert.x-eventloop-thread-0 BaseServiceProxy     : -> GET /v1/api/tickle,200|320ms
21:03:57.042 DEBUG vert.x-eventloop-thread-0 ClientPortalService  : tickle {"session":"286191c6c70a8eeb648a592371e157bc","ssoExpires":240019,"collission":false,"userId":50301190,"hmds":{"error":"no bridge"},"iserver":{"authStatus":{"authenticated":true,"established":true,"competing":false,"connected":true,"message":"","MAC":"06:A8:C0:D9:D5:E3","serverInfo":{"serverName":"JifS25088","serverVersion":"Build 10.45.1a, Apr 22, 2026 1:39:05 PM"},"hardware_info":"275c5aa2|06:A8:C0:D9:D5:E3"}}}
21:04:26.815 INFO  vert.x-eventloop-thread-0 BaseServiceProxy     : -> GET /v1/api/tickle,200|95ms
21:04:26.817 DEBUG vert.x-eventloop-thread-0 ClientPortalService  : tickle {"session":"286191c6c70a8eeb648a592371e157bc","ssoExpires":210223,"collission":false,"userId":50301190,"hmds":{"error":"no bridge"},"iserver":{"authStatus":{"authenticated":true,"established":true,"competing":false,"connected":true,"message":"","MAC":"06:A8:C0:D9:D5:E3","serverInfo":{"serverName":"JifS25088","serverVersion":"Build 10.45.1a, Apr 22, 2026 1:39:05 PM"},"hardware_info":"275c5aa2|06:A8:C0:D9:D5:E3"}}}
21:04:56.875 INFO  vert.x-eventloop-thread-0 BaseServiceProxy     : -> GET /v1/api/tickle,200|153ms
21:04:56.877 DEBUG vert.x-eventloop-thread-0 ClientPortalService  : tickle {"session":"286191c6c70a8eeb648a592371e157bc","ssoExpires":180165,"collission":false,"userId":50301190,"hmds":{"error":"no bridge"},"iserver":{"authStatus":{"authenticated":true,"established":true,"competing":false,"connected":true,"message":"","MAC":"06:A8:C0:D9:D5:E3","serverInfo":{"serverName":"JifS25088","serverVersion":"Build 10.45.1a, Apr 22, 2026 1:39:05 PM"},"hardware_info":"275c5aa2|06:A8:C0:D9:D5:E3"}}}
21:05:26.807 INFO  vert.x-eventloop-thread-0 BaseServiceProxy     : -> GET /v1/api/tickle,200|86ms
21:05:26.809 DEBUG vert.x-eventloop-thread-0 ClientPortalService  : tickle {"session":"286191c6c70a8eeb648a592371e157bc","ssoExpires":150232,"collission":false,"userId":50301190,"hmds":{"error":"no bridge"},"iserver":{"authStatus":{"authenticated":true,"established":true,"competing":false,"connected":true,"message":"","MAC":"06:A8:C0:D9:D5:E3","serverInfo":{"serverName":"JifS25088","serverVersion":"Build 10.45.1a, Apr 22, 2026 1:39:05 PM"},"hardware_info":"275c5aa2|06:A8:C0:D9:D5:E3"}}}
21:05:56.807 INFO  vert.x-eventloop-thread-0 BaseServiceProxy     : -> GET /v1/api/tickle,200|88ms
21:05:56.809 DEBUG vert.x-eventloop-thread-0 ClientPortalService  : tickle {"session":"286191c6c70a8eeb648a592371e157bc","ssoExpires":120230,"collission":false,"userId":50301190,"hmds":{"error":"no bridge"},"iserver":{"authStatus":{"authenticated":true,"established":true,"competing":false,"connected":true,"message":"","MAC":"06:A8:C0:D9:D5:E3","serverInfo":{"serverName":"JifS25088","serverVersion":"Build 10.45.1a, Apr 22, 2026 1:39:05 PM"},"hardware_info":"275c5aa2|06:A8:C0:D9:D5:E3"}}}
21:06:27.087 INFO  vert.x-eventloop-thread-0 BaseServiceProxy     : -> GET /v1/api/tickle,200|366ms
21:06:27.089 DEBUG vert.x-eventloop-thread-0 ClientPortalService  : tickle {"session":"286191c6c70a8eeb648a592371e157bc","ssoExpires":90016,"collission":false,"userId":50301190,"hmds":{"error":"no bridge"},"iserver":{"authStatus":{"authenticated":true,"established":true,"competing":false,"connected":true,"message":"","MAC":"06:A8:C0:D9:D5:E3","serverInfo":{"serverName":"JifS25088","serverVersion":"Build 10.45.1a, Apr 22, 2026 1:39:05 PM"},"hardware_info":"275c5aa2|06:A8:C0:D9:D5:E3"}}}
21:06:51.664 INFO  vert.x-eventloop-thread-0 BaseServiceProxy     : -> GET /sso/ping,200|328ms
21:06:51.666 INFO  vert.x-eventloop-thread-0 SsoService           : sso ping {"result": "true"}
21:06:56.814 INFO  vert.x-eventloop-thread-0 BaseServiceProxy     : -> GET /v1/api/tickle,200|94ms
21:06:56.816 DEBUG vert.x-eventloop-thread-0 ClientPortalService  : tickle {"session":"286191c6c70a8eeb648a592371e157bc","ssoExpires":60225,"collission":false,"userId":50301190,"hmds":{"error":"no bridge"},"iserver":{"authStatus":{"authenticated":true,"established":true,"competing":false,"connected":true,"message":"","MAC":"06:A8:C0:D9:D5:E3","serverInfo":{"serverName":"JifS25088","serverVersion":"Build 10.45.1a, Apr 22, 2026 1:39:05 PM"},"hardware_info":"275c5aa2|06:A8:C0:D9:D5:E3"}}}
21:07:26.865 INFO  vert.x-eventloop-thread-0 BaseServiceProxy     : -> GET /v1/api/tickle,200|144ms
21:07:26.867 DEBUG vert.x-eventloop-thread-0 ClientPortalService  : tickle {"session":"286191c6c70a8eeb648a592371e157bc","ssoExpires":30174,"collission":false,"userId":50301190,"hmds":{"error":"no bridge"},"iserver":{"authStatus":{"authenticated":true,"established":true,"competing":false,"connected":true,"message":"","MAC":"06:A8:C0:D9:D5:E3","serverInfo":{"serverName":"JifS25088","serverVersion":"Build 10.45.1a, Apr 22, 2026 1:39:05 PM"},"hardware_info":"275c5aa2|06:A8:C0:D9:D5:E3"}}}
21:07:57.099 INFO  vert.x-eventloop-thread-0 BaseServiceProxy     : -> GET /v1/api/tickle,200|379ms
21:07:57.102 DEBUG vert.x-eventloop-thread-0 ClientPortalService  : tickle {"session":"286191c6c70a8eeb648a592371e157bc","ssoExpires":49,"collission":false,"userId":50301190,"hmds":{"error":"no bridge"},"iserver":{"authStatus":{"authenticated":true,"established":true,"competing":false,"connected":true,"message":"","MAC":"06:A8:C0:D9:D5:E3","serverInfo":{"serverName":"JifS25088","serverVersion":"Build 10.45.1a, Apr 22, 2026 1:39:05 PM"},"hardware_info":"275c5aa2|06:A8:C0:D9:D5:E3"}}}
21:08:26.892 INFO  vert.x-eventloop-thread-0 BaseServiceProxy     : -> GET /v1/api/tickle,200|171ms
21:08:26.895 DEBUG vert.x-eventloop-thread-0 ClientPortalService  : tickle {"session":"286191c6c70a8eeb648a592371e157bc","ssoExpires":600000,"collission":false,"userId":50301190,"hmds":{"error":"no bridge"},"iserver":{"authStatus":{"authenticated":true,"established":true,"competing":false,"connected":true,"message":"","MAC":"06:A8:C0:D9:D5:E3","serverInfo":{"serverName":"JifS25088","serverVersion":"Build 10.45.1a, Apr 22, 2026 1:39:05 PM"},"hardware_info":"275c5aa2|06:A8:C0:D9:D5:E3"}}}
21:08:28.771 INFO  vert.x-eventloop-thread-0 BaseServiceProxy     : -> GET /v1/api/iserver/account/orders,200|106ms
21:08:28.861 INFO  vert.x-eventloop-thread-0 BaseServiceProxy     : -> GET /v1/api/iserver/account/orders,200|73ms
21:08:29.233 INFO  vert.x-eventloop-thread-0 BaseServiceProxy     : -> GET /v1/api/iserver/account/U5799398/order/2080396995,200|336ms
21:08:29.319 INFO  vert.x-eventloop-thread-0 BaseServiceProxy     : -> GET /v1/api/iserver/reply/2f15910e-98eb-4836-b1af-565840819a82,200|84ms
21:08:29.403 INFO  vert.x-eventloop-thread-0 BaseServiceProxy     : -> GET /v1/api/iserver/account/orders,200|83ms
21:08:29.865 INFO  vert.x-eventloop-thread-0 BaseServiceProxy     : -> GET /v1/api/iserver/marketdata/history?conid=14019&period=30d&bar=1d&outsideRth=false,200|444ms
21:08:29.968 INFO  vert.x-eventloop-thread-0 BaseServiceProxy     : -> GET /v1/api/iserver/marketdata/history?conid=14019&period=30d&bar=1d&outsideRth=false,200|99ms
21:08:30.119 INFO  vert.x-eventloop-thread-0 BaseServiceProxy     : -> GET /v1/api/iserver/account/orders,200|65ms
21:08:56.855 INFO  vert.x-eventloop-thread-0 BaseServiceProxy     : -> GET /v1/api/tickle,200|133ms
21:08:56.857 DEBUG vert.x-eventloop-thread-0 ClientPortalService  : tickle {"session":"286191c6c70a8eeb648a592371e157bc","ssoExpires":570023,"collission":false,"userId":50301190,"hmds":{"error":"no bridge"},"iserver":{"authStatus":{"authenticated":true,"established":true,"competing":false,"connected":true,"message":"","MAC":"06:A8:C0:D9:D5:E3","serverInfo":{"serverName":"JifS25088","serverVersion":"Build 10.45.1a, Apr 22, 2026 1:39:05 PM"},"hardware_info":"275c5aa2|06:A8:C0:D9:D5:E3"}}}
21:09:17.243 INFO  vert.x-eventloop-thread-0 BaseServiceProxy     : -> GET /v1/api/iserver/secdef/search?symbol=ZM&secType=STK,200|218ms
21:09:26.826 INFO  vert.x-eventloop-thread-0 BaseServiceProxy     : -> GET /v1/api/tickle,200|104ms
21:09:26.828 DEBUG vert.x-eventloop-thread-0 ClientPortalService  : tickle {"session":"286191c6c70a8eeb648a592371e157bc","ssoExpires":540027,"collission":false,"userId":50301190,"hmds":{"error":"no bridge"},"iserver":{"authStatus":{"authenticated":true,"established":true,"competing":false,"connected":true,"message":"","MAC":"06:A8:C0:D9:D5:E3","serverInfo":{"serverName":"JifS25088","serverVersion":"Build 10.45.1a, Apr 22, 2026 1:39:05 PM"},"hardware_info":"275c5aa2|06:A8:C0:D9:D5:E3"}}}
21:09:56.908 INFO  vert.x-eventloop-thread-0 BaseServiceProxy     : -> GET /v1/api/tickle,200|187ms
21:09:56.910 DEBUG vert.x-eventloop-thread-0 ClientPortalService  : tickle {"session":"286191c6c70a8eeb648a592371e157bc","ssoExpires":510003,"collission":false,"userId":50301190,"hmds":{"error":"no bridge"},"iserver":{"authStatus":{"authenticated":true,"established":true,"competing":false,"connected":true,"message":"","MAC":"06:A8:C0:D9:D5:E3","serverInfo":{"serverName":"JifS25088","serverVersion":"Build 10.45.1a, Apr 22, 2026 1:39:05 PM"},"hardware_info":"275c5aa2|06:A8:C0:D9:D5:E3"}}}
21:10:00.758 INFO  vert.x-eventloop-thread-0 BaseServiceProxy     : -> GET /v1/api/portfolio/U5799398/summary,200|127ms
21:10:00.854 INFO  vert.x-eventloop-thread-0 BaseServiceProxy     : -> GET /v1/api/iserver/account/orders,200|80ms
21:10:00.896 INFO  vert.x-eventloop-thread-0 BaseServiceProxy     : -> GET /v1/api/portfolio/U5799398/positions/0?direction=a&period=1W&sort=position,200|134ms
21:10:05.669 INFO  vert.x-eventloop-thread-0 BaseServiceProxy     : -> GET /v1/api/iserver/secdef/search?symbol=ZM&secType=STK,200|85ms
21:10:05.746 INFO  vert.x-eventloop-thread-0 BaseServiceProxy     : -> GET /v1/api/iserver/account/orders,200|76ms
21:10:05.884 INFO  vert.x-eventloop-thread-0 BaseServiceProxy     : -> GET /v1/api/portfolio/U5799398/summary,200|112ms
21:10:06.530 INFO  vert.x-eventloop-thread-0 BaseServiceProxy     : -> GET /v1/api/iserver/account/U5799398/orders,200|642ms
21:10:06.615 INFO  vert.x-eventloop-thread-0 BaseServiceProxy     : -> GET /v1/api/iserver/reply/7baa5170-1448-4333-899c-bd71e381bcae,200|83ms
21:10:06.694 INFO  vert.x-eventloop-thread-0 BaseServiceProxy     : -> GET /v1/api/iserver/reply/131e568d-f692-4196-a6c5-42144e1ca181,200|78ms
21:10:06.784 INFO  vert.x-eventloop-thread-0 BaseServiceProxy     : -> GET /v1/api/iserver/reply/2aaf1616-4fa0-411d-b35a-43bbc8aea604,200|88ms
21:10:06.874 INFO  vert.x-eventloop-thread-0 BaseServiceProxy     : -> GET /v1/api/iserver/reply/ad7d8ea8-d957-4f69-8ee9-13aee36d0f56,200|89ms
21:10:06.994 INFO  vert.x-eventloop-thread-0 BaseServiceProxy     : -> GET /v1/api/iserver/reply/09138855-4b24-4353-a044-ec477ee3182c,200|119ms
21:10:07.086 INFO  vert.x-eventloop-thread-0 BaseServiceProxy     : -> GET /v1/api/iserver/reply/6fcfb852-1ae5-4d97-8aef-62b9c00f0907,200|91ms
21:10:07.172 INFO  vert.x-eventloop-thread-0 BaseServiceProxy     : -> GET /v1/api/iserver/account/orders,200|84ms
21:10:07.547 INFO  vert.x-eventloop-thread-0 BaseServiceProxy     : -> GET /v1/api/iserver/marketdata/history?conid=361181057&period=30d&bar=1d&outsideRth=false,200|335ms
21:10:07.715 INFO  vert.x-eventloop-thread-0 BaseServiceProxy     : -> GET /v1/api/iserver/marketdata/history?conid=361181057&period=30d&bar=1d&outsideRth=false,200|166ms
21:10:27.018 INFO  vert.x-eventloop-thread-0 BaseServiceProxy     : -> GET /v1/api/tickle,200|297ms
21:10:27.019 DEBUG vert.x-eventloop-thread-0 ClientPortalService  : tickle {"session":"286191c6c70a8eeb648a592371e157bc","ssoExpires":479851,"collission":false,"userId":50301190,"hmds":{"error":"no bridge"},"iserver":{"authStatus":{"authenticated":true,"established":true,"competing":false,"connected":true,"message":"","MAC":"06:A8:C0:D9:D5:E3","serverInfo":{"serverName":"JifS25088","serverVersion":"Build 10.45.1a, Apr 22, 2026 1:39:05 PM"},"hardware_info":"275c5aa2|06:A8:C0:D9:D5:E3"}}}
21:10:55.024 INFO  vert.x-eventloop-thread-0 BaseServiceProxy     : -> GET /v1/api/iserver/account/orders,200|100ms
21:10:55.113 INFO  vert.x-eventloop-thread-0 BaseServiceProxy     : -> GET /v1/api/iserver/marketdata/history?conid=361181057&period=30d&bar=1d&outsideRth=false,200|79ms
21:10:55.181 INFO  vert.x-eventloop-thread-0 BaseServiceProxy     : -> GET /v1/api/iserver/marketdata/history?conid=361181057&period=30d&bar=1d&outsideRth=false,200|66ms
21:10:55.313 INFO  vert.x-eventloop-thread-0 BaseServiceProxy     : -> GET /v1/api/iserver/account/orders,200|72ms
21:10:55.548 INFO  vert.x-eventloop-thread-0 BaseServiceProxy     : -> GET /v1/api/iserver/account/orders,200|126ms
21:10:55.990 INFO  vert.x-eventloop-thread-0 BaseServiceProxy     : -> GET /v1/api/iserver/account/U5799398/order/1758614985,200|436ms
21:10:56.102 INFO  vert.x-eventloop-thread-0 BaseServiceProxy     : -> GET /v1/api/iserver/account/orders,200|110ms
21:10:56.239 INFO  vert.x-eventloop-thread-0 BaseServiceProxy     : -> GET /v1/api/iserver/marketdata/history?conid=361181057&period=30d&bar=1d&outsideRth=false,200|124ms
21:10:56.321 INFO  vert.x-eventloop-thread-0 BaseServiceProxy     : -> GET /v1/api/iserver/marketdata/history?conid=361181057&period=30d&bar=1d&outsideRth=false,200|79ms
21:10:56.481 INFO  vert.x-eventloop-thread-0 BaseServiceProxy     : -> GET /v1/api/iserver/account/orders,200|84ms
21:10:56.857 INFO  vert.x-eventloop-thread-0 BaseServiceProxy     : -> GET /v1/api/tickle,200|136ms
21:10:56.857 DEBUG vert.x-eventloop-thread-0 ClientPortalService  : tickle {"session":"286191c6c70a8eeb648a592371e157bc","ssoExpires":450037,"collission":false,"userId":50301190,"hmds":{"error":"no bridge"},"iserver":{"authStatus":{"authenticated":true,"established":true,"competing":false,"connected":true,"message":"","MAC":"06:A8:C0:D9:D5:E3","serverInfo":{"serverName":"JifS25088","serverVersion":"Build 10.45.1a, Apr 22, 2026 1:39:05 PM"},"hardware_info":"275c5aa2|06:A8:C0:D9:D5:E3"}}}
21:11:26.795 INFO  vert.x-eventloop-thread-0 BaseServiceProxy     : -> GET /v1/api/tickle,200|73ms
21:11:26.796 DEBUG vert.x-eventloop-thread-0 ClientPortalService  : tickle {"session":"286191c6c70a8eeb648a592371e157bc","ssoExpires":420052,"collission":false,"userId":50301190,"hmds":{"error":"no bridge"},"iserver":{"authStatus":{"authenticated":true,"established":true,"competing":false,"connected":true,"message":"","MAC":"06:A8:C0:D9:D5:E3","serverInfo":{"serverName":"JifS25088","serverVersion":"Build 10.45.1a, Apr 22, 2026 1:39:05 PM"},"hardware_info":"275c5aa2|06:A8:C0:D9:D5:E3"}}}
21:11:51.902 INFO  vert.x-eventloop-thread-0 BaseServiceProxy     : -> GET /sso/ping,200|566ms
21:11:51.904 INFO  vert.x-eventloop-thread-0 SsoService           : sso ping {"result": "true"}
21:11:57.047 INFO  vert.x-eventloop-thread-0 BaseServiceProxy     : -> GET /v1/api/tickle,200|327ms
21:11:57.047 DEBUG vert.x-eventloop-thread-0 ClientPortalService  : tickle {"session":"286191c6c70a8eeb648a592371e157bc","ssoExpires":389801,"collission":false,"userId":50301190,"hmds":{"error":"no bridge"},"iserver":{"authStatus":{"authenticated":true,"established":true,"competing":false,"connected":true,"message":"","MAC":"06:A8:C0:D9:D5:E3","serverInfo":{"serverName":"JifS25088","serverVersion":"Build 10.45.1a, Apr 22, 2026 1:39:05 PM"},"hardware_info":"275c5aa2|06:A8:C0:D9:D5:E3"}}}
21:12:27.043 INFO  vert.x-eventloop-thread-0 BaseServiceProxy     : -> GET /v1/api/tickle,200|321ms
21:12:27.044 DEBUG vert.x-eventloop-thread-0 ClientPortalService  : tickle {"session":"286191c6c70a8eeb648a592371e157bc","ssoExpires":359807,"collission":false,"userId":50301190,"hmds":{"error":"no bridge"},"iserver":{"authStatus":{"authenticated":true,"established":true,"competing":false,"connected":true,"message":"","MAC":"06:A8:C0:D9:D5:E3","serverInfo":{"serverName":"JifS25088","serverVersion":"Build 10.45.1a, Apr 22, 2026 1:39:05 PM"},"hardware_info":"275c5aa2|06:A8:C0:D9:D5:E3"}}}
21:12:56.815 INFO  vert.x-eventloop-thread-0 BaseServiceProxy     : -> GET /v1/api/tickle,200|93ms
21:12:56.816 DEBUG vert.x-eventloop-thread-0 ClientPortalService  : tickle {"session":"286191c6c70a8eeb648a592371e157bc","ssoExpires":330040,"collission":false,"userId":50301190,"hmds":{"error":"no bridge"},"iserver":{"authStatus":{"authenticated":true,"established":true,"competing":false,"connected":true,"message":"","MAC":"06:A8:C0:D9:D5:E3","serverInfo":{"serverName":"JifS25088","serverVersion":"Build 10.45.1a, Apr 22, 2026 1:39:05 PM"},"hardware_info":"275c5aa2|06:A8:C0:D9:D5:E3"}}}
21:13:26.806 INFO  vert.x-eventloop-thread-0 BaseServiceProxy     : -> GET /v1/api/tickle,200|84ms
21:13:26.806 DEBUG vert.x-eventloop-thread-0 ClientPortalService  : tickle {"session":"286191c6c70a8eeb648a592371e157bc","ssoExpires":300043,"collission":false,"userId":50301190,"hmds":{"error":"no bridge"},"iserver":{"authStatus":{"authenticated":true,"established":true,"competing":false,"connected":true,"message":"","MAC":"06:A8:C0:D9:D5:E3","serverInfo":{"serverName":"JifS25088","serverVersion":"Build 10.45.1a, Apr 22, 2026 1:39:05 PM"},"hardware_info":"275c5aa2|06:A8:C0:D9:D5:E3"}}}
21:13:56.969 INFO  vert.x-eventloop-thread-0 BaseServiceProxy     : -> GET /v1/api/tickle,200|248ms
21:13:56.970 DEBUG vert.x-eventloop-thread-0 ClientPortalService  : tickle {"session":"286191c6c70a8eeb648a592371e157bc","ssoExpires":269893,"collission":false,"userId":50301190,"hmds":{"error":"no bridge"},"iserver":{"authStatus":{"authenticated":true,"established":true,"competing":false,"connected":true,"message":"","MAC":"06:A8:C0:D9:D5:E3","serverInfo":{"serverName":"JifS25088","serverVersion":"Build 10.45.1a, Apr 22, 2026 1:39:05 PM"},"hardware_info":"275c5aa2|06:A8:C0:D9:D5:E3"}}}
21:14:26.808 INFO  vert.x-eventloop-thread-0 BaseServiceProxy     : -> GET /v1/api/tickle,200|86ms
21:14:26.809 DEBUG vert.x-eventloop-thread-0 ClientPortalService  : tickle {"session":"286191c6c70a8eeb648a592371e157bc","ssoExpires":240039,"collission":false,"userId":50301190,"hmds":{"error":"no bridge"},"iserver":{"authStatus":{"authenticated":true,"established":true,"competing":false,"connected":true,"message":"","MAC":"06:A8:C0:D9:D5:E3","serverInfo":{"serverName":"JifS25088","serverVersion":"Build 10.45.1a, Apr 22, 2026 1:39:05 PM"},"hardware_info":"275c5aa2|06:A8:C0:D9:D5:E3"}}}
21:14:56.812 INFO  vert.x-eventloop-thread-0 BaseServiceProxy     : -> GET /v1/api/tickle,200|90ms
21:14:56.814 DEBUG vert.x-eventloop-thread-0 ClientPortalService  : tickle {"session":"286191c6c70a8eeb648a592371e157bc","ssoExpires":210053,"collission":false,"userId":50301190,"hmds":{"error":"no bridge"},"iserver":{"authStatus":{"authenticated":true,"established":true,"competing":false,"connected":true,"message":"","MAC":"06:A8:C0:D9:D5:E3","serverInfo":{"serverName":"JifS25088","serverVersion":"Build 10.45.1a, Apr 22, 2026 1:39:05 PM"},"hardware_info":"275c5aa2|06:A8:C0:D9:D5:E3"}}}
21:15:26.835 INFO  vert.x-eventloop-thread-0 BaseServiceProxy     : -> GET /v1/api/tickle,200|112ms
21:15:26.837 DEBUG vert.x-eventloop-thread-0 ClientPortalService  : tickle {"session":"286191c6c70a8eeb648a592371e157bc","ssoExpires":180028,"collission":false,"userId":50301190,"hmds":{"error":"no bridge"},"iserver":{"authStatus":{"authenticated":true,"established":true,"competing":false,"connected":true,"message":"","MAC":"06:A8:C0:D9:D5:E3","serverInfo":{"serverName":"JifS25088","serverVersion":"Build 10.45.1a, Apr 22, 2026 1:39:05 PM"},"hardware_info":"275c5aa2|06:A8:C0:D9:D5:E3"}}}
21:15:57.004 INFO  vert.x-eventloop-thread-0 BaseServiceProxy     : -> GET /v1/api/tickle,200|268ms
21:15:57.007 DEBUG vert.x-eventloop-thread-0 ClientPortalService  : tickle {"session":"286191c6c70a8eeb648a592371e157bc","ssoExpires":149932,"collission":false,"userId":50301190,"hmds":{"error":"no bridge"},"iserver":{"authStatus":{"authenticated":true,"established":true,"competing":false,"connected":true,"message":"","MAC":"06:A8:C0:D9:D5:E3","serverInfo":{"serverName":"JifS25088","serverVersion":"Build 10.45.1a, Apr 22, 2026 1:39:05 PM"},"hardware_info":"275c5aa2|06:A8:C0:D9:D5:E3"}}}
21:16:26.880 INFO  vert.x-eventloop-thread-0 BaseServiceProxy     : -> GET /v1/api/tickle,200|141ms
21:16:26.881 DEBUG vert.x-eventloop-thread-0 ClientPortalService  : tickle {"session":"286191c6c70a8eeb648a592371e157bc","ssoExpires":119984,"collission":false,"userId":50301190,"hmds":{"error":"no bridge"},"iserver":{"authStatus":{"authenticated":true,"established":true,"competing":false,"connected":true,"message":"","MAC":"06:A8:C0:D9:D5:E3","serverInfo":{"serverName":"JifS25088","serverVersion":"Build 10.45.1a, Apr 22, 2026 1:39:05 PM"},"hardware_info":"275c5aa2|06:A8:C0:D9:D5:E3"}}}
21:16:51.817 INFO  vert.x-eventloop-thread-0 BaseServiceProxy     : -> GET /sso/ping,200|463ms
21:16:51.818 INFO  vert.x-eventloop-thread-0 SsoService           : sso ping {"result": "true"}
21:16:56.838 INFO  vert.x-eventloop-thread-0 BaseServiceProxy     : -> GET /v1/api/tickle,200|99ms
21:16:56.838 DEBUG vert.x-eventloop-thread-0 ClientPortalService  : tickle {"session":"286191c6c70a8eeb648a592371e157bc","ssoExpires":90052,"collission":false,"userId":50301190,"hmds":{"error":"no bridge"},"iserver":{"authStatus":{"authenticated":true,"established":true,"competing":false,"connected":true,"message":"","MAC":"06:A8:C0:D9:D5:E3","serverInfo":{"serverName":"JifS25088","serverVersion":"Build 10.45.1a, Apr 22, 2026 1:39:05 PM"},"hardware_info":"275c5aa2|06:A8:C0:D9:D5:E3"}}}
21:17:27.072 INFO  vert.x-eventloop-thread-0 BaseServiceProxy     : -> GET /v1/api/tickle,200|333ms
21:17:27.074 DEBUG vert.x-eventloop-thread-0 ClientPortalService  : tickle {"session":"286191c6c70a8eeb648a592371e157bc","ssoExpires":59879,"collission":false,"userId":50301190,"hmds":{"error":"no bridge"},"iserver":{"authStatus":{"authenticated":true,"established":true,"competing":false,"connected":true,"message":"","MAC":"06:A8:C0:D9:D5:E3","serverInfo":{"serverName":"JifS25088","serverVersion":"Build 10.45.1a, Apr 22, 2026 1:39:05 PM"},"hardware_info":"275c5aa2|06:A8:C0:D9:D5:E3"}}}
21:17:56.857 INFO  vert.x-eventloop-thread-0 BaseServiceProxy     : -> GET /v1/api/tickle,200|116ms
21:17:56.860 DEBUG vert.x-eventloop-thread-0 ClientPortalService  : tickle {"session":"286191c6c70a8eeb648a592371e157bc","ssoExpires":30007,"collission":false,"userId":50301190,"hmds":{"error":"no bridge"},"iserver":{"authStatus":{"authenticated":true,"established":true,"competing":false,"connected":true,"message":"","MAC":"06:A8:C0:D9:D5:E3","serverInfo":{"serverName":"JifS25088","serverVersion":"Build 10.45.1a, Apr 22, 2026 1:39:05 PM"},"hardware_info":"275c5aa2|06:A8:C0:D9:D5:E3"}}}
21:18:26.870 INFO  vert.x-eventloop-thread-0 BaseServiceProxy     : -> GET /v1/api/tickle,200|130ms
21:18:26.872 DEBUG vert.x-eventloop-thread-0 ClientPortalService  : tickle {"session":"286191c6c70a8eeb648a592371e157bc","ssoExpires":8,"collission":false,"userId":50301190,"hmds":{"error":"no bridge"},"iserver":{"authStatus":{"authenticated":true,"established":true,"competing":false,"connected":true,"message":"","MAC":"06:A8:C0:D9:D5:E3","serverInfo":{"serverName":"JifS25088","serverVersion":"Build 10.45.1a, Apr 22, 2026 1:39:05 PM"},"hardware_info":"275c5aa2|06:A8:C0:D9:D5:E3"}}}
21:18:56.846 INFO  vert.x-eventloop-thread-0 BaseServiceProxy     : -> GET /v1/api/tickle,200|106ms
21:18:56.847 DEBUG vert.x-eventloop-thread-0 ClientPortalService  : tickle {"session":"286191c6c70a8eeb648a592371e157bc","ssoExpires":600000,"collission":false,"userId":50301190,"hmds":{"error":"no bridge"},"iserver":{"authStatus":{"authenticated":true,"established":true,"competing":false,"connected":true,"message":"","MAC":"06:A8:C0:D9:D5:E3","serverInfo":{"serverName":"JifS25088","serverVersion":"Build 10.45.1a, Apr 22, 2026 1:39:05 PM"},"hardware_info":"275c5aa2|06:A8:C0:D9:D5:E3"}}}
21:19:26.884 INFO  vert.x-eventloop-thread-0 BaseServiceProxy     : -> GET /v1/api/tickle,200|143ms
21:19:26.886 DEBUG vert.x-eventloop-thread-0 ClientPortalService  : tickle {"session":"286191c6c70a8eeb648a592371e157bc","ssoExpires":569999,"collission":false,"userId":50301190,"hmds":{"error":"no bridge"},"iserver":{"authStatus":{"authenticated":true,"established":true,"competing":false,"connected":true,"message":"","MAC":"06:A8:C0:D9:D5:E3","serverInfo":{"serverName":"JifS25088","serverVersion":"Build 10.45.1a, Apr 22, 2026 1:39:05 PM"},"hardware_info":"275c5aa2|06:A8:C0:D9:D5:E3"}}}
21:19:57.092 INFO  vert.x-eventloop-thread-0 BaseServiceProxy     : -> GET /v1/api/tickle,200|350ms
21:19:57.093 DEBUG vert.x-eventloop-thread-0 ClientPortalService  : tickle {"session":"286191c6c70a8eeb648a592371e157bc","ssoExpires":539781,"collission":false,"userId":50301190,"hmds":{"error":"no bridge"},"iserver":{"authStatus":{"authenticated":true,"established":true,"competing":false,"connected":true,"message":"","MAC":"06:A8:C0:D9:D5:E3","serverInfo":{"serverName":"JifS25088","serverVersion":"Build 10.45.1a, Apr 22, 2026 1:39:05 PM"},"hardware_info":"275c5aa2|06:A8:C0:D9:D5:E3"}}}
21:20:26.843 INFO  vert.x-eventloop-thread-0 BaseServiceProxy     : -> GET /v1/api/tickle,200|102ms
21:20:26.844 DEBUG vert.x-eventloop-thread-0 ClientPortalService  : tickle {"session":"286191c6c70a8eeb648a592371e157bc","ssoExpires":510003,"collission":false,"userId":50301190,"hmds":{"error":"no bridge"},"iserver":{"authStatus":{"authenticated":true,"established":true,"competing":false,"connected":true,"message":"","MAC":"06:A8:C0:D9:D5:E3","serverInfo":{"serverName":"JifS25088","serverVersion":"Build 10.45.1a, Apr 22, 2026 1:39:05 PM"},"hardware_info":"275c5aa2|06:A8:C0:D9:D5:E3"}}}
21:20:57.197 INFO  vert.x-eventloop-thread-0 BaseServiceProxy     : -> GET /v1/api/tickle,200|455ms
21:20:57.200 DEBUG vert.x-eventloop-thread-0 ClientPortalService  : tickle {"session":"286191c6c70a8eeb648a592371e157bc","ssoExpires":479755,"collission":false,"userId":50301190,"hmds":{"error":"no bridge"},"iserver":{"authStatus":{"authenticated":true,"established":true,"competing":false,"connected":true,"message":"","MAC":"06:A8:C0:D9:D5:E3","serverInfo":{"serverName":"JifS25088","serverVersion":"Build 10.45.1a, Apr 22, 2026 1:39:05 PM"},"hardware_info":"275c5aa2|06:A8:C0:D9:D5:E3"}}}
21:21:26.229 INFO  vert.x-eventloop-thread-0 BaseServiceProxy     : -> GET /v1/api/iserver/account/orders,200|82ms
21:21:26.589 INFO  vert.x-eventloop-thread-0 BaseServiceProxy     : -> GET /v1/api/iserver/account/orders,200|350ms
21:21:26.806 INFO  vert.x-eventloop-thread-0 BaseServiceProxy     : -> GET /v1/api/tickle,200|66ms
21:21:26.806 DEBUG vert.x-eventloop-thread-0 ClientPortalService  : tickle {"session":"286191c6c70a8eeb648a592371e157bc","ssoExpires":450036,"collission":false,"userId":50301190,"hmds":{"error":"no bridge"},"iserver":{"authStatus":{"authenticated":true,"established":true,"competing":false,"connected":true,"message":"","MAC":"06:A8:C0:D9:D5:E3","serverInfo":{"serverName":"JifS25088","serverVersion":"Build 10.45.1a, Apr 22, 2026 1:39:05 PM"},"hardware_info":"275c5aa2|06:A8:C0:D9:D5:E3"}}}
21:21:26.942 INFO  vert.x-eventloop-thread-0 BaseServiceProxy     : -> GET /v1/api/iserver/account/U5799398/order/2093908162,200|335ms
21:21:27.055 INFO  vert.x-eventloop-thread-0 BaseServiceProxy     : -> GET /v1/api/iserver/reply/727c80d2-4be7-4956-a8ce-46546c3bf101,200|112ms
21:21:27.134 INFO  vert.x-eventloop-thread-0 BaseServiceProxy     : -> GET /v1/api/iserver/account/orders,200|77ms
21:21:27.306 INFO  vert.x-eventloop-thread-0 BaseServiceProxy     : -> GET /v1/api/iserver/account/orders,200|67ms
21:21:51.675 INFO  vert.x-eventloop-thread-0 BaseServiceProxy     : -> GET /sso/ping,200|319ms
21:21:51.677 INFO  vert.x-eventloop-thread-0 SsoService           : sso ping {"result": "true"}
21:21:56.825 INFO  vert.x-eventloop-thread-0 BaseServiceProxy     : -> GET /v1/api/tickle,200|84ms
21:21:56.826 DEBUG vert.x-eventloop-thread-0 ClientPortalService  : tickle {"session":"286191c6c70a8eeb648a592371e157bc","ssoExpires":420032,"collission":false,"userId":50301190,"hmds":{"error":"no bridge"},"iserver":{"authStatus":{"authenticated":true,"established":true,"competing":false,"connected":true,"message":"","MAC":"06:A8:C0:D9:D5:E3","serverInfo":{"serverName":"JifS25088","serverVersion":"Build 10.45.1a, Apr 22, 2026 1:39:05 PM"},"hardware_info":"275c5aa2|06:A8:C0:D9:D5:E3"}}}
21:22:27.116 INFO  vert.x-eventloop-thread-0 BaseServiceProxy     : -> GET /v1/api/tickle,200|374ms
21:22:27.119 DEBUG vert.x-eventloop-thread-0 ClientPortalService  : tickle {"session":"286191c6c70a8eeb648a592371e157bc","ssoExpires":389742,"collission":false,"userId":50301190,"hmds":{"error":"no bridge"},"iserver":{"authStatus":{"authenticated":true,"established":true,"competing":false,"connected":true,"message":"","MAC":"06:A8:C0:D9:D5:E3","serverInfo":{"serverName":"JifS25088","serverVersion":"Build 10.45.1a, Apr 22, 2026 1:39:05 PM"},"hardware_info":"275c5aa2|06:A8:C0:D9:D5:E3"}}}
21:22:56.874 INFO  vert.x-eventloop-thread-0 BaseServiceProxy     : -> GET /v1/api/tickle,200|132ms
21:22:56.875 DEBUG vert.x-eventloop-thread-0 ClientPortalService  : tickle {"session":"286191c6c70a8eeb648a592371e157bc","ssoExpires":359982,"collission":false,"userId":50301190,"hmds":{"error":"no bridge"},"iserver":{"authStatus":{"authenticated":true,"established":true,"competing":false,"connected":true,"message":"","MAC":"06:A8:C0:D9:D5:E3","serverInfo":{"serverName":"JifS25088","serverVersion":"Build 10.45.1a, Apr 22, 2026 1:39:05 PM"},"hardware_info":"275c5aa2|06:A8:C0:D9:D5:E3"}}}
21:23:26.827 INFO  vert.x-eventloop-thread-0 BaseServiceProxy     : -> GET /v1/api/tickle,200|86ms
21:23:26.828 DEBUG vert.x-eventloop-thread-0 ClientPortalService  : tickle {"session":"286191c6c70a8eeb648a592371e157bc","ssoExpires":330017,"collission":false,"userId":50301190,"hmds":{"error":"no bridge"},"iserver":{"authStatus":{"authenticated":true,"established":true,"competing":false,"connected":true,"message":"","MAC":"06:A8:C0:D9:D5:E3","serverInfo":{"serverName":"JifS25088","serverVersion":"Build 10.45.1a, Apr 22, 2026 1:39:05 PM"},"hardware_info":"275c5aa2|06:A8:C0:D9:D5:E3"}}}
21:23:56.983 INFO  vert.x-eventloop-thread-0 BaseServiceProxy     : -> GET /v1/api/tickle,200|240ms
21:23:56.985 DEBUG vert.x-eventloop-thread-0 ClientPortalService  : tickle {"session":"286191c6c70a8eeb648a592371e157bc","ssoExpires":299860,"collission":false,"userId":50301190,"hmds":{"error":"no bridge"},"iserver":{"authStatus":{"authenticated":true,"established":true,"competing":false,"connected":true,"message":"","MAC":"06:A8:C0:D9:D5:E3","serverInfo":{"serverName":"JifS25088","serverVersion":"Build 10.45.1a, Apr 22, 2026 1:39:05 PM"},"hardware_info":"275c5aa2|06:A8:C0:D9:D5:E3"}}}
21:24:26.939 INFO  vert.x-eventloop-thread-0 BaseServiceProxy     : -> GET /v1/api/tickle,200|197ms
21:24:26.940 DEBUG vert.x-eventloop-thread-0 ClientPortalService  : tickle {"session":"286191c6c70a8eeb648a592371e157bc","ssoExpires":269920,"collission":false,"userId":50301190,"hmds":{"error":"no bridge"},"iserver":{"authStatus":{"authenticated":true,"established":true,"competing":false,"connected":true,"message":"","MAC":"06:A8:C0:D9:D5:E3","serverInfo":{"serverName":"JifS25088","serverVersion":"Build 10.45.1a, Apr 22, 2026 1:39:05 PM"},"hardware_info":"275c5aa2|06:A8:C0:D9:D5:E3"}}}
21:24:56.890 INFO  vert.x-eventloop-thread-0 BaseServiceProxy     : -> GET /v1/api/tickle,200|147ms
21:24:56.893 DEBUG vert.x-eventloop-thread-0 ClientPortalService  : tickle {"session":"286191c6c70a8eeb648a592371e157bc","ssoExpires":239963,"collission":false,"userId":50301190,"hmds":{"error":"no bridge"},"iserver":{"authStatus":{"authenticated":true,"established":true,"competing":false,"connected":true,"message":"","MAC":"06:A8:C0:D9:D5:E3","serverInfo":{"serverName":"JifS25088","serverVersion":"Build 10.45.1a, Apr 22, 2026 1:39:05 PM"},"hardware_info":"275c5aa2|06:A8:C0:D9:D5:E3"}}}
21:25:26.834 INFO  vert.x-eventloop-thread-0 BaseServiceProxy     : -> GET /v1/api/tickle,200|91ms
21:25:26.834 DEBUG vert.x-eventloop-thread-0 ClientPortalService  : tickle {"session":"286191c6c70a8eeb648a592371e157bc","ssoExpires":210024,"collission":false,"userId":50301190,"hmds":{"error":"no bridge"},"iserver":{"authStatus":{"authenticated":true,"established":true,"competing":false,"connected":true,"message":"","MAC":"06:A8:C0:D9:D5:E3","serverInfo":{"serverName":"JifS25088","serverVersion":"Build 10.45.1a, Apr 22, 2026 1:39:05 PM"},"hardware_info":"275c5aa2|06:A8:C0:D9:D5:E3"}}}
21:25:56.924 INFO  vert.x-eventloop-thread-0 BaseServiceProxy     : -> GET /v1/api/tickle,200|179ms
21:25:56.927 DEBUG vert.x-eventloop-thread-0 ClientPortalService  : tickle {"session":"286191c6c70a8eeb648a592371e157bc","ssoExpires":180011,"collission":false,"userId":50301190,"hmds":{"error":"no bridge"},"iserver":{"authStatus":{"authenticated":true,"established":true,"competing":false,"connected":true,"message":"","MAC":"06:A8:C0:D9:D5:E3","serverInfo":{"serverName":"JifS25088","serverVersion":"Build 10.45.1a, Apr 22, 2026 1:39:05 PM"},"hardware_info":"275c5aa2|06:A8:C0:D9:D5:E3"}}}
21:41:25.502 ERROR vert.x-eventloop-thread-0 ConnectionBase       : java.net.SocketException: Connection reset
21:41:25.504 ERROR vert.x-eventloop-thread-0 BaseServiceProxy     : request failed Connection reset
java.net.SocketException: Connection reset
	at java.base/sun.nio.ch.SocketChannelImpl.throwConnectionReset(SocketChannelImpl.java:394)
	at java.base/sun.nio.ch.SocketChannelImpl.read(SocketChannelImpl.java:426)
	at io.netty.buffer.PooledUnsafeDirectByteBuf.setBytes(PooledUnsafeDirectByteBuf.java:288)
	at io.netty.buffer.AbstractByteBuf.writeBytes(AbstractByteBuf.java:1106)
	at io.netty.channel.socket.nio.NioSocketChannel.doReadBytes(NioSocketChannel.java:373)
	at io.netty.channel.nio.AbstractNioByteChannel$NioByteUnsafe.read(AbstractNioByteChannel.java:123)
	at io.netty.channel.nio.NioEventLoop.processSelectedKey(NioEventLoop.java:645)
	at io.netty.channel.nio.NioEventLoop.processSelectedKeysPlain(NioEventLoop.java:545)
	at io.netty.channel.nio.NioEventLoop.processSelectedKeys(NioEventLoop.java:499)
	at io.netty.channel.nio.NioEventLoop.run(NioEventLoop.java:459)
	at io.netty.util.concurrent.SingleThreadEventExecutor$5.run(SingleThreadEventExecutor.java:858)
	at java.base/java.lang.Thread.run(Thread.java:842)
21:57:16.771 ERROR vert.x-eventloop-thread-0 ConnectionBase       : java.net.SocketException: Connection reset
21:57:16.772 ERROR vert.x-eventloop-thread-0 BaseServiceProxy     : request failed Connection reset
java.net.SocketException: Connection reset
	at java.base/sun.nio.ch.SocketChannelImpl.throwConnectionReset(SocketChannelImpl.java:394)
	at java.base/sun.nio.ch.SocketChannelImpl.read(SocketChannelImpl.java:426)
	at io.netty.buffer.PooledUnsafeDirectByteBuf.setBytes(PooledUnsafeDirectByteBuf.java:288)
	at io.netty.buffer.AbstractByteBuf.writeBytes(AbstractByteBuf.java:1106)
	at io.netty.channel.socket.nio.NioSocketChannel.doReadBytes(NioSocketChannel.java:373)
	at io.netty.channel.nio.AbstractNioByteChannel$NioByteUnsafe.read(AbstractNioByteChannel.java:123)
	at io.netty.channel.nio.NioEventLoop.processSelectedKey(NioEventLoop.java:645)
	at io.netty.channel.nio.NioEventLoop.processSelectedKeysPlain(NioEventLoop.java:545)
	at io.netty.channel.nio.NioEventLoop.processSelectedKeys(NioEventLoop.java:499)
	at io.netty.channel.nio.NioEventLoop.run(NioEventLoop.java:459)
	at io.netty.util.concurrent.SingleThreadEventExecutor$5.run(SingleThreadEventExecutor.java:858)
	at java.base/java.lang.Thread.run(Thread.java:842)
21:57:22.093 ERROR vert.x-eventloop-thread-0 ConnectionBase       : java.net.SocketException: Connection reset
21:57:22.093 ERROR vert.x-eventloop-thread-0 BaseServiceProxy     : request failed Connection reset
java.net.SocketException: Connection reset
	at java.base/sun.nio.ch.SocketChannelImpl.throwConnectionReset(SocketChannelImpl.java:394)
	at java.base/sun.nio.ch.SocketChannelImpl.read(SocketChannelImpl.java:426)
	at io.netty.buffer.PooledUnsafeDirectByteBuf.setBytes(PooledUnsafeDirectByteBuf.java:288)
	at io.netty.buffer.AbstractByteBuf.writeBytes(AbstractByteBuf.java:1106)
	at io.netty.channel.socket.nio.NioSocketChannel.doReadBytes(NioSocketChannel.java:373)
	at io.netty.channel.nio.AbstractNioByteChannel$NioByteUnsafe.read(AbstractNioByteChannel.java:123)
	at io.netty.channel.nio.NioEventLoop.processSelectedKey(NioEventLoop.java:645)
	at io.netty.channel.nio.NioEventLoop.processSelectedKeysPlain(NioEventLoop.java:545)
	at io.netty.channel.nio.NioEventLoop.processSelectedKeys(NioEventLoop.java:499)
	at io.netty.channel.nio.NioEventLoop.run(NioEventLoop.java:459)
	at io.netty.util.concurrent.SingleThreadEventExecutor$5.run(SingleThreadEventExecutor.java:858)
	at java.base/java.lang.Thread.run(Thread.java:842)
21:57:52.104 ERROR vert.x-eventloop-thread-0 ConnectionBase       : java.net.SocketException: Connection reset
21:57:52.106 ERROR vert.x-eventloop-thread-0 BaseServiceProxy     : request failed Connection reset
java.net.SocketException: Connection reset
	at java.base/sun.nio.ch.SocketChannelImpl.throwConnectionReset(SocketChannelImpl.java:394)
	at java.base/sun.nio.ch.SocketChannelImpl.read(SocketChannelImpl.java:426)
	at io.netty.buffer.PooledUnsafeDirectByteBuf.setBytes(PooledUnsafeDirectByteBuf.java:288)
	at io.netty.buffer.AbstractByteBuf.writeBytes(AbstractByteBuf.java:1106)
	at io.netty.channel.socket.nio.NioSocketChannel.doReadBytes(NioSocketChannel.java:373)
	at io.netty.channel.nio.AbstractNioByteChannel$NioByteUnsafe.read(AbstractNioByteChannel.java:123)
	at io.netty.channel.nio.NioEventLoop.processSelectedKey(NioEventLoop.java:645)
	at io.netty.channel.nio.NioEventLoop.processSelectedKeysPlain(NioEventLoop.java:545)
	at io.netty.channel.nio.NioEventLoop.processSelectedKeys(NioEventLoop.java:499)
	at io.netty.channel.nio.NioEventLoop.run(NioEventLoop.java:459)
	at io.netty.util.concurrent.SingleThreadEventExecutor$5.run(SingleThreadEventExecutor.java:858)
	at java.base/java.lang.Thread.run(Thread.java:842)
21:58:22.556 INFO  vert.x-eventloop-thread-0 BaseServiceProxy     : -> GET /v1/api/tickle,200|470ms
21:58:22.558 DEBUG vert.x-eventloop-thread-0 ClientPortalService  : tickle {"session":"c0618afb883e2575ac7a20852a4b9aee","ssoExpires":600000,"collission":false,"userId":50301190,"hmds":{"error":"no bridge"},"iserver":{"authStatus":{"authenticated":false,"established":false,"competing":false,"connected":false,"MAC":null}}}
21:58:52.307 INFO  vert.x-eventloop-thread-0 BaseServiceProxy     : -> GET /v1/api/tickle,200|222ms
21:58:52.307 DEBUG vert.x-eventloop-thread-0 ClientPortalService  : tickle {"session":"c0618afb883e2575ac7a20852a4b9aee","ssoExpires":570193,"collission":false,"userId":50301190,"hmds":{"error":"no bridge"},"iserver":{"authStatus":{"authenticated":false,"established":false,"competing":false,"connected":false,"MAC":null}}}
21:59:22.176 INFO  vert.x-eventloop-thread-0 BaseServiceProxy     : -> GET /v1/api/tickle,200|89ms
21:59:22.178 DEBUG vert.x-eventloop-thread-0 ClientPortalService  : tickle {"session":"c0618afb883e2575ac7a20852a4b9aee","ssoExpires":540339,"collission":false,"userId":50301190,"hmds":{"error":"no bridge"},"iserver":{"authStatus":{"authenticated":false,"established":false,"competing":false,"connected":false,"MAC":null}}}
22:02:38.201 INFO  vert.x-eventloop-thread-0 BaseServiceProxy     : -> GET /v1/api/tickle,200|277ms
22:02:38.203 DEBUG vert.x-eventloop-thread-0 ClientPortalService  : tickle {"session":"c0618afb883e2575ac7a20852a4b9aee","ssoExpires":344420,"collission":false,"userId":50301190,"hmds":{"error":"no bridge"},"iserver":{"authStatus":{"authenticated":false,"established":false,"competing":false,"connected":false,"MAC":null}}}
22:07:20.575 INFO  vert.x-eventloop-thread-0 BaseServiceProxy     : -> GET /v1/api/tickle,200|158ms
22:07:20.577 DEBUG vert.x-eventloop-thread-0 ClientPortalService  : tickle {"session":"c0618afb883e2575ac7a20852a4b9aee","ssoExpires":61994,"collission":false,"userId":50301190,"hmds":{"error":"no bridge"},"iserver":{"authStatus":{"authenticated":false,"established":false,"competing":false,"connected":false,"MAC":null}}}
22:07:50.479 INFO  vert.x-eventloop-thread-0 BaseServiceProxy     : -> GET /v1/api/tickle,200|63ms
22:07:50.480 DEBUG vert.x-eventloop-thread-0 ClientPortalService  : tickle {"session":"c0618afb883e2575ac7a20852a4b9aee","ssoExpires":32023,"collission":false,"userId":50301190,"hmds":{"error":"no bridge"},"iserver":{"authStatus":{"authenticated":false,"established":false,"competing":false,"connected":false,"MAC":null}}}
22:10:41.281 INFO  vert.x-eventloop-thread-0 BaseServiceProxy     : -> GET /v1/api/tickle,200|329ms
22:10:41.282 DEBUG vert.x-eventloop-thread-0 ClientPortalService  : tickle {"session":"c0618afb883e2575ac7a20852a4b9aee","ssoExpires":600000,"collission":false,"userId":50301190,"hmds":{"error":"no bridge"},"iserver":{"authStatus":{"authenticated":false,"established":false,"competing":false,"connected":false,"MAC":null}}}
22:11:11.037 INFO  vert.x-eventloop-thread-0 BaseServiceProxy     : -> GET /v1/api/tickle,200|86ms
22:11:11.039 DEBUG vert.x-eventloop-thread-0 ClientPortalService  : tickle {"session":"c0618afb883e2575ac7a20852a4b9aee","ssoExpires":570248,"collission":false,"userId":50301190,"hmds":{"error":"no bridge"},"iserver":{"authStatus":{"authenticated":false,"established":false,"competing":false,"connected":false,"MAC":null}}}
22:11:35.893 INFO  vert.x-eventloop-thread-0 BaseServiceProxy     : -> GET /sso/ping,200|327ms
22:11:35.895 INFO  vert.x-eventloop-thread-0 SsoService           : sso ping {"result": "true"}
22:11:41.058 INFO  vert.x-eventloop-thread-0 BaseServiceProxy     : -> GET /v1/api/tickle,200|108ms
22:11:41.059 DEBUG vert.x-eventloop-thread-0 ClientPortalService  : tickle {"session":"c0618afb883e2575ac7a20852a4b9aee","ssoExpires":540226,"collission":false,"userId":50301190,"hmds":{"error":"no bridge"},"iserver":{"authStatus":{"authenticated":false,"established":false,"competing":false,"connected":false,"MAC":null}}}
22:12:11.220 INFO  vert.x-eventloop-thread-0 BaseServiceProxy     : -> GET /v1/api/tickle,200|270ms
22:12:11.221 DEBUG vert.x-eventloop-thread-0 ClientPortalService  : tickle {"session":"c0618afb883e2575ac7a20852a4b9aee","ssoExpires":510088,"collission":false,"userId":50301190,"hmds":{"error":"no bridge"},"iserver":{"authStatus":{"authenticated":false,"established":false,"competing":false,"connected":false,"MAC":null}}}
22:12:41.081 INFO  vert.x-eventloop-thread-0 BaseServiceProxy     : -> GET /v1/api/tickle,200|127ms
22:12:41.083 DEBUG vert.x-eventloop-thread-0 ClientPortalService  : tickle {"session":"c0618afb883e2575ac7a20852a4b9aee","ssoExpires":480235,"collission":false,"userId":50301190,"hmds":{"error":"no bridge"},"iserver":{"authStatus":{"authenticated":false,"established":false,"competing":false,"connected":false,"MAC":null}}}
22:13:11.220 INFO  vert.x-eventloop-thread-0 BaseServiceProxy     : -> GET /v1/api/tickle,200|252ms
22:13:11.221 DEBUG vert.x-eventloop-thread-0 ClientPortalService  : tickle {"session":"c0618afb883e2575ac7a20852a4b9aee","ssoExpires":450081,"collission":false,"userId":50301190,"hmds":{"error":"no bridge"},"iserver":{"authStatus":{"authenticated":false,"established":false,"competing":false,"connected":false,"MAC":null}}}
22:13:41.166 INFO  vert.x-eventloop-thread-0 BaseServiceProxy     : -> GET /v1/api/tickle,200|195ms
22:13:41.167 DEBUG vert.x-eventloop-thread-0 ClientPortalService  : tickle {"session":"c0618afb883e2575ac7a20852a4b9aee","ssoExpires":420144,"collission":false,"userId":50301190,"hmds":{"error":"no bridge"},"iserver":{"authStatus":{"authenticated":false,"established":false,"competing":false,"connected":false,"MAC":null}}}
22:14:11.106 INFO  vert.x-eventloop-thread-0 BaseServiceProxy     : -> GET /v1/api/tickle,200|134ms
22:14:11.108 DEBUG vert.x-eventloop-thread-0 ClientPortalService  : tickle {"session":"c0618afb883e2575ac7a20852a4b9aee","ssoExpires":390200,"collission":false,"userId":50301190,"hmds":{"error":"no bridge"},"iserver":{"authStatus":{"authenticated":false,"established":false,"competing":false,"connected":false,"MAC":null}}}
22:14:41.065 INFO  vert.x-eventloop-thread-0 BaseServiceProxy     : -> GET /v1/api/tickle,200|93ms
22:14:41.067 DEBUG vert.x-eventloop-thread-0 ClientPortalService  : tickle {"session":"c0618afb883e2575ac7a20852a4b9aee","ssoExpires":360243,"collission":false,"userId":50301190,"hmds":{"error":"no bridge"},"iserver":{"authStatus":{"authenticated":false,"established":false,"competing":false,"connected":false,"MAC":null}}}
22:15:11.095 INFO  vert.x-eventloop-thread-0 BaseServiceProxy     : -> GET /v1/api/tickle,200|124ms
22:15:11.095 DEBUG vert.x-eventloop-thread-0 ClientPortalService  : tickle {"session":"c0618afb883e2575ac7a20852a4b9aee","ssoExpires":330224,"collission":false,"userId":50301190,"hmds":{"error":"no bridge"},"iserver":{"authStatus":{"authenticated":false,"established":false,"competing":false,"connected":false,"MAC":null}}}
22:15:41.083 INFO  vert.x-eventloop-thread-0 BaseServiceProxy     : -> GET /v1/api/tickle,200|110ms
22:15:41.086 DEBUG vert.x-eventloop-thread-0 ClientPortalService  : tickle {"session":"c0618afb883e2575ac7a20852a4b9aee","ssoExpires":300226,"collission":false,"userId":50301190,"hmds":{"error":"no bridge"},"iserver":{"authStatus":{"authenticated":false,"established":false,"competing":false,"connected":false,"MAC":null}}}
22:16:11.089 INFO  vert.x-eventloop-thread-0 BaseServiceProxy     : -> GET /v1/api/tickle,200|116ms
22:16:11.090 DEBUG vert.x-eventloop-thread-0 ClientPortalService  : tickle {"session":"c0618afb883e2575ac7a20852a4b9aee","ssoExpires":270257,"collission":false,"userId":50301190,"hmds":{"error":"no bridge"},"iserver":{"authStatus":{"authenticated":false,"established":false,"competing":false,"connected":false,"MAC":null}}}
22:16:35.948 INFO  vert.x-eventloop-thread-0 BaseServiceProxy     : -> GET /sso/ping,200|362ms
22:16:35.950 INFO  vert.x-eventloop-thread-0 SsoService           : sso ping {"result": "true"}
22:16:41.055 INFO  vert.x-eventloop-thread-0 BaseServiceProxy     : -> GET /v1/api/tickle,200|83ms
22:16:41.055 DEBUG vert.x-eventloop-thread-0 ClientPortalService  : tickle {"session":"c0618afb883e2575ac7a20852a4b9aee","ssoExpires":240243,"collission":false,"userId":50301190,"hmds":{"error":"no bridge"},"iserver":{"authStatus":{"authenticated":false,"established":false,"competing":false,"connected":false,"MAC":null}}}
22:17:11.060 INFO  vert.x-eventloop-thread-0 BaseServiceProxy     : -> GET /v1/api/tickle,200|88ms
22:17:11.062 DEBUG vert.x-eventloop-thread-0 ClientPortalService  : tickle {"session":"c0618afb883e2575ac7a20852a4b9aee","ssoExpires":210238,"collission":false,"userId":50301190,"hmds":{"error":"no bridge"},"iserver":{"authStatus":{"authenticated":false,"established":false,"competing":false,"connected":false,"MAC":null}}}
22:17:41.039 INFO  vert.x-eventloop-thread-0 BaseServiceProxy     : -> GET /v1/api/tickle,200|67ms
22:17:41.041 DEBUG vert.x-eventloop-thread-0 ClientPortalService  : tickle {"session":"c0618afb883e2575ac7a20852a4b9aee","ssoExpires":180258,"collission":false,"userId":50301190,"hmds":{"error":"no bridge"},"iserver":{"authStatus":{"authenticated":false,"established":false,"competing":false,"connected":false,"MAC":null}}}
22:18:11.069 INFO  vert.x-eventloop-thread-0 BaseServiceProxy     : -> GET /v1/api/tickle,200|97ms
22:18:11.071 DEBUG vert.x-eventloop-thread-0 ClientPortalService  : tickle {"session":"c0618afb883e2575ac7a20852a4b9aee","ssoExpires":150252,"collission":false,"userId":50301190,"hmds":{"error":"no bridge"},"iserver":{"authStatus":{"authenticated":false,"established":false,"competing":false,"connected":false,"MAC":null}}}
22:18:41.045 INFO  vert.x-eventloop-thread-0 BaseServiceProxy     : -> GET /v1/api/tickle,200|73ms
22:18:41.047 DEBUG vert.x-eventloop-thread-0 ClientPortalService  : tickle {"session":"c0618afb883e2575ac7a20852a4b9aee","ssoExpires":120263,"collission":false,"userId":50301190,"hmds":{"error":"no bridge"},"iserver":{"authStatus":{"authenticated":false,"established":false,"competing":false,"connected":false,"MAC":null}}}
22:19:11.049 INFO  vert.x-eventloop-thread-0 BaseServiceProxy     : -> GET /v1/api/tickle,200|77ms
22:19:11.052 DEBUG vert.x-eventloop-thread-0 ClientPortalService  : tickle {"session":"c0618afb883e2575ac7a20852a4b9aee","ssoExpires":90249,"collission":false,"userId":50301190,"hmds":{"error":"no bridge"},"iserver":{"authStatus":{"authenticated":false,"established":false,"competing":false,"connected":false,"MAC":null}}}
22:19:33.007 INFO  vert.x-eventloop-thread-0 BaseServiceProxy     : -> GET /v1/api/iserver/secdef/search?symbol=BWA&secType=STK,400|81ms
22:19:41.110 INFO  vert.x-eventloop-thread-0 BaseServiceProxy     : -> GET /v1/api/tickle,200|138ms
22:19:41.112 DEBUG vert.x-eventloop-thread-0 ClientPortalService  : tickle {"session":"c0618afb883e2575ac7a20852a4b9aee","ssoExpires":60197,"collission":false,"userId":50301190,"hmds":{"error":"no bridge"},"iserver":{"authStatus":{"authenticated":false,"established":false,"competing":false,"connected":false,"MAC":null}}}
22:19:42.005 INFO  vert.x-eventloop-thread-0 BaseServiceProxy     : -> GET /v1/api/iserver/auth/ssodh/init?publish=true&compete=true,200|2318ms
22:19:42.387 INFO  vert.x-eventloop-thread-0 BaseServiceProxy     : -> GET /v1/api/iserver/account/orders,200|70ms
22:19:42.487 INFO  vert.x-eventloop-thread-0 BaseServiceProxy     : -> GET /v1/api/tickle,200|73ms
22:19:53.672 INFO  vert.x-eventloop-thread-0 BaseServiceProxy     : -> GET /v1/api/iserver/secdef/search?symbol=BWA&secType=STK,200|120ms
22:20:11.062 INFO  vert.x-eventloop-thread-0 BaseServiceProxy     : -> GET /v1/api/tickle,200|89ms
22:20:11.062 DEBUG vert.x-eventloop-thread-0 ClientPortalService  : tickle {"session":"c0618afb883e2575ac7a20852a4b9aee","ssoExpires":30249,"collission":false,"userId":50301190,"hmds":{"error":"no bridge"},"iserver":{"authStatus":{"authenticated":true,"established":true,"competing":false,"connected":true,"message":"","MAC":null,"serverInfo":{"serverName":"JifS09110","serverVersion":"Build 10.45.1a, Apr 22, 2026 1:39:05 PM"},"hardware_info":"29d56a1e|F4:03:43:DB:8E:10"}}}
22:20:41.294 INFO  vert.x-eventloop-thread-0 BaseServiceProxy     : -> GET /v1/api/tickle,200|322ms
22:20:41.295 DEBUG vert.x-eventloop-thread-0 ClientPortalService  : tickle {"session":"c0618afb883e2575ac7a20852a4b9aee","ssoExpires":12,"collission":false,"userId":50301190,"hmds":{"error":"no bridge"},"iserver":{"authStatus":{"authenticated":true,"established":true,"competing":false,"connected":true,"message":"","MAC":null,"serverInfo":{"serverName":"JifS09110","serverVersion":"Build 10.45.1a, Apr 22, 2026 1:39:05 PM"},"hardware_info":"37d46747|F4:03:43:DB:8E:10"}}}
22:21:11.121 INFO  vert.x-eventloop-thread-0 BaseServiceProxy     : -> GET /v1/api/tickle,200|148ms
22:21:11.122 DEBUG vert.x-eventloop-thread-0 ClientPortalService  : tickle {"session":"c0618afb883e2575ac7a20852a4b9aee","ssoExpires":600000,"collission":false,"userId":50301190,"hmds":{"error":"no bridge"},"iserver":{"authStatus":{"authenticated":true,"established":true,"competing":false,"connected":true,"message":"","MAC":null,"serverInfo":{"serverName":"JifS09110","serverVersion":"Build 10.45.1a, Apr 22, 2026 1:39:05 PM"},"hardware_info":"1e5070aa|F4:03:43:DB:8E:10"}}}
22:21:36.084 INFO  vert.x-eventloop-thread-0 BaseServiceProxy     : -> GET /sso/ping,200|498ms
22:21:36.086 INFO  vert.x-eventloop-thread-0 SsoService           : sso ping {"result": "true"}
22:21:40.322 INFO  vert.x-eventloop-thread-0 BaseServiceProxy     : -> GET /v1/api/portfolio/U5799398/summary,200|378ms
22:21:40.410 INFO  vert.x-eventloop-thread-0 BaseServiceProxy     : -> GET /v1/api/iserver/account/orders,200|77ms
22:21:40.432 INFO  vert.x-eventloop-thread-0 BaseServiceProxy     : -> GET /v1/api/portfolio/U5799398/positions/0?direction=a&period=1W&sort=position,200|103ms
22:21:41.030 INFO  vert.x-eventloop-thread-0 BaseServiceProxy     : -> GET /v1/api/tickle,200|58ms
22:21:41.031 DEBUG vert.x-eventloop-thread-0 ClientPortalService  : tickle {"session":"c0618afb883e2575ac7a20852a4b9aee","ssoExpires":570024,"collission":false,"userId":50301190,"hmds":{"error":"no bridge"},"iserver":{"authStatus":{"authenticated":true,"established":true,"competing":false,"connected":true,"message":"","MAC":null,"serverInfo":{"serverName":"JifS09110","serverVersion":"Build 10.45.1a, Apr 22, 2026 1:39:05 PM"},"hardware_info":"30bc7c47|F4:03:43:DB:8E:10"}}}
22:21:59.947 INFO  vert.x-eventloop-thread-0 BaseServiceProxy     : -> GET /v1/api/iserver/secdef/search?symbol=BWA&secType=STK,200|117ms
22:22:00.010 INFO  vert.x-eventloop-thread-0 BaseServiceProxy     : -> GET /v1/api/iserver/account/orders,200|61ms
22:22:00.182 INFO  vert.x-eventloop-thread-0 BaseServiceProxy     : -> GET /v1/api/portfolio/U5799398/summary,200|155ms
22:22:00.602 INFO  vert.x-eventloop-thread-0 BaseServiceProxy     : -> GET /v1/api/iserver/account/U5799398/orders,200|413ms
22:22:00.776 INFO  vert.x-eventloop-thread-0 BaseServiceProxy     : -> GET /v1/api/iserver/reply/2065fff2-8098-4727-94ce-b94775451dca,200|173ms
22:22:00.838 INFO  vert.x-eventloop-thread-0 BaseServiceProxy     : -> GET /v1/api/iserver/reply/0b28a9fd-ed7c-43f5-be09-8dd2f538f945,200|61ms
22:22:00.927 INFO  vert.x-eventloop-thread-0 BaseServiceProxy     : -> GET /v1/api/iserver/reply/ee4c4a29-fb90-440c-bd07-e82777607962,200|87ms
22:22:01.078 INFO  vert.x-eventloop-thread-0 BaseServiceProxy     : -> GET /v1/api/iserver/account/orders,200|150ms
22:22:01.896 INFO  vert.x-eventloop-thread-0 BaseServiceProxy     : -> GET /v1/api/iserver/marketdata/history?conid=5336&period=30d&bar=1d&outsideRth=false,200|776ms
22:22:01.964 INFO  vert.x-eventloop-thread-0 BaseServiceProxy     : -> GET /v1/api/iserver/marketdata/history?conid=5336&period=30d&bar=1d&outsideRth=false,200|65ms
22:22:11.220 INFO  vert.x-eventloop-thread-0 BaseServiceProxy     : -> GET /v1/api/tickle,200|248ms
22:22:11.221 DEBUG vert.x-eventloop-thread-0 ClientPortalService  : tickle {"session":"c0618afb883e2575ac7a20852a4b9aee","ssoExpires":539865,"collission":false,"userId":50301190,"hmds":{"error":"no bridge"},"iserver":{"authStatus":{"authenticated":true,"established":true,"competing":false,"connected":true,"message":"","MAC":null,"serverInfo":{"serverName":"JifS09110","serverVersion":"Build 10.45.1a, Apr 22, 2026 1:39:05 PM"},"hardware_info":"1039cafd|F4:03:43:DB:8E:10"}}}
22:22:32.711 INFO  vert.x-eventloop-thread-0 BaseServiceProxy     : -> GET /v1/api/iserver/account/orders,200|68ms
22:22:32.819 INFO  vert.x-eventloop-thread-0 BaseServiceProxy     : -> GET /v1/api/iserver/marketdata/history?conid=5336&period=30d&bar=1d&outsideRth=false,200|94ms
22:22:32.921 INFO  vert.x-eventloop-thread-0 BaseServiceProxy     : -> GET /v1/api/iserver/marketdata/history?conid=5336&period=30d&bar=1d&outsideRth=false,200|99ms
22:22:33.059 INFO  vert.x-eventloop-thread-0 BaseServiceProxy     : -> GET /v1/api/iserver/account/orders,200|77ms
22:22:33.143 INFO  vert.x-eventloop-thread-0 BaseServiceProxy     : -> GET /v1/api/iserver/account/orders,200|63ms
22:22:33.502 INFO  vert.x-eventloop-thread-0 BaseServiceProxy     : -> GET /v1/api/iserver/account/U5799398/order/1493021515,200|332ms
22:22:33.569 INFO  vert.x-eventloop-thread-0 BaseServiceProxy     : -> GET /v1/api/iserver/account/orders,200|64ms
22:22:33.658 INFO  vert.x-eventloop-thread-0 BaseServiceProxy     : -> GET /v1/api/iserver/marketdata/history?conid=5336&period=30d&bar=1d&outsideRth=false,200|75ms
22:22:33.721 INFO  vert.x-eventloop-thread-0 BaseServiceProxy     : -> GET /v1/api/iserver/marketdata/history?conid=5336&period=30d&bar=1d&outsideRth=false,200|60ms
22:22:33.851 INFO  vert.x-eventloop-thread-0 BaseServiceProxy     : -> GET /v1/api/iserver/account/orders,200|74ms
22:22:41.280 INFO  vert.x-eventloop-thread-0 BaseServiceProxy     : -> GET /v1/api/tickle,200|308ms
22:22:41.281 DEBUG vert.x-eventloop-thread-0 ClientPortalService  : tickle {"session":"c0618afb883e2575ac7a20852a4b9aee","ssoExpires":509784,"collission":false,"userId":50301190,"hmds":{"error":"no bridge"},"iserver":{"authStatus":{"authenticated":true,"established":true,"competing":false,"connected":true,"message":"","MAC":null,"serverInfo":{"serverName":"JifS09110","serverVersion":"Build 10.45.1a, Apr 22, 2026 1:39:05 PM"},"hardware_info":"223857fa|F4:03:43:DB:8E:10"}}}
22:22:42.672 INFO  vert.x-eventloop-thread-0 BaseServiceProxy     : -> GET /v1/api/tickle,200|107ms
22:23:11.077 INFO  vert.x-eventloop-thread-0 BaseServiceProxy     : -> GET /v1/api/tickle,200|105ms
22:23:11.079 DEBUG vert.x-eventloop-thread-0 ClientPortalService  : tickle {"session":"c0618afb883e2575ac7a20852a4b9aee","ssoExpires":480001,"collission":false,"userId":50301190,"hmds":{"error":"no bridge"},"iserver":{"authStatus":{"authenticated":true,"established":true,"competing":false,"connected":true,"message":"","MAC":null,"serverInfo":{"serverName":"JifS09110","serverVersion":"Build 10.45.1a, Apr 22, 2026 1:39:05 PM"},"hardware_info":"3a66249b|F4:03:43:DB:8E:10"}}}
22:23:41.059 INFO  vert.x-eventloop-thread-0 BaseServiceProxy     : -> GET /v1/api/tickle,200|86ms
22:23:41.061 DEBUG vert.x-eventloop-thread-0 ClientPortalService  : tickle {"session":"c0618afb883e2575ac7a20852a4b9aee","ssoExpires":450008,"collission":false,"userId":50301190,"hmds":{"error":"no bridge"},"iserver":{"authStatus":{"authenticated":true,"established":true,"competing":false,"connected":true,"message":"","MAC":null,"serverInfo":{"serverName":"JifS09110","serverVersion":"Build 10.45.1a, Apr 22, 2026 1:39:05 PM"},"hardware_info":"11464fca|F4:03:43:DB:8E:10"}}}
22:24:11.322 INFO  vert.x-eventloop-thread-0 BaseServiceProxy     : -> GET /v1/api/tickle,200|349ms
22:24:11.324 DEBUG vert.x-eventloop-thread-0 ClientPortalService  : tickle {"session":"c0618afb883e2575ac7a20852a4b9aee","ssoExpires":419843,"collission":false,"userId":50301190,"hmds":{"error":"no bridge"},"iserver":{"authStatus":{"authenticated":true,"established":true,"competing":false,"connected":true,"message":"","MAC":null,"serverInfo":{"serverName":"JifS09110","serverVersion":"Build 10.45.1a, Apr 22, 2026 1:39:05 PM"},"hardware_info":"26ec7d08|F4:03:43:DB:8E:10"}}}
22:24:41.125 INFO  vert.x-eventloop-thread-0 BaseServiceProxy     : -> GET /v1/api/tickle,200|153ms
22:24:41.126 DEBUG vert.x-eventloop-thread-0 ClientPortalService  : tickle {"session":"c0618afb883e2575ac7a20852a4b9aee","ssoExpires":389992,"collission":false,"userId":50301190,"hmds":{"error":"no bridge"},"iserver":{"authStatus":{"authenticated":true,"established":true,"competing":false,"connected":true,"message":"","MAC":null,"serverInfo":{"serverName":"JifS09110","serverVersion":"Build 10.45.1a, Apr 22, 2026 1:39:05 PM"},"hardware_info":"0e904ecf|F4:03:43:DB:8E:10"}}}
22:25:11.276 INFO  vert.x-eventloop-thread-0 BaseServiceProxy     : -> GET /v1/api/tickle,200|304ms
22:25:11.278 DEBUG vert.x-eventloop-thread-0 ClientPortalService  : tickle {"session":"c0618afb883e2575ac7a20852a4b9aee","ssoExpires":359786,"collission":false,"userId":50301190,"hmds":{"error":"no bridge"},"iserver":{"authStatus":{"authenticated":true,"established":true,"competing":false,"connected":true,"message":"","MAC":null,"serverInfo":{"serverName":"JifS09110","serverVersion":"Build 10.45.1a, Apr 22, 2026 1:39:05 PM"},"hardware_info":"3a56c01d|F4:03:43:DB:8E:10"}}}
22:25:41.059 INFO  vert.x-eventloop-thread-0 BaseServiceProxy     : -> GET /v1/api/tickle,200|86ms
22:25:41.062 DEBUG vert.x-eventloop-thread-0 ClientPortalService  : tickle {"session":"c0618afb883e2575ac7a20852a4b9aee","ssoExpires":330006,"collission":false,"userId":50301190,"hmds":{"error":"no bridge"},"iserver":{"authStatus":{"authenticated":true,"established":true,"competing":false,"connected":true,"message":"","MAC":null,"serverInfo":{"serverName":"JifS09110","serverVersion":"Build 10.45.1a, Apr 22, 2026 1:39:05 PM"},"hardware_info":"0fac4777|F4:03:43:DB:8E:10"}}}
22:25:43.114 INFO  vert.x-eventloop-thread-0 BaseServiceProxy     : -> GET /v1/api/tickle,200|310ms
22:26:11.064 INFO  vert.x-eventloop-thread-0 BaseServiceProxy     : -> GET /v1/api/tickle,200|92ms
22:26:11.065 DEBUG vert.x-eventloop-thread-0 ClientPortalService  : tickle {"session":"c0618afb883e2575ac7a20852a4b9aee","ssoExpires":300003,"collission":false,"userId":50301190,"hmds":{"error":"no bridge"},"iserver":{"authStatus":{"authenticated":true,"established":true,"competing":false,"connected":true,"message":"","MAC":null,"serverInfo":{"serverName":"JifS09110","serverVersion":"Build 10.45.1a, Apr 22, 2026 1:39:05 PM"},"hardware_info":"3b563b13|F4:03:43:DB:8E:10"}}}
22:26:36.012 INFO  vert.x-eventloop-thread-0 BaseServiceProxy     : -> GET /sso/ping,200|424ms
22:26:36.015 INFO  vert.x-eventloop-thread-0 SsoService           : sso ping {"result": "true"}
22:26:41.120 INFO  vert.x-eventloop-thread-0 BaseServiceProxy     : -> GET /v1/api/tickle,200|148ms
22:26:41.120 DEBUG vert.x-eventloop-thread-0 ClientPortalService  : tickle {"session":"c0618afb883e2575ac7a20852a4b9aee","ssoExpires":269969,"collission":false,"userId":50301190,"hmds":{"error":"no bridge"},"iserver":{"authStatus":{"authenticated":true,"established":true,"competing":false,"connected":true,"message":"","MAC":null,"serverInfo":{"serverName":"JifS09110","serverVersion":"Build 10.45.1a, Apr 22, 2026 1:39:05 PM"},"hardware_info":"2b4473f5|F4:03:43:DB:8E:10"}}}
22:27:11.047 INFO  vert.x-eventloop-thread-0 BaseServiceProxy     : -> GET /v1/api/tickle,200|74ms
22:27:11.050 DEBUG vert.x-eventloop-thread-0 ClientPortalService  : tickle {"session":"c0618afb883e2575ac7a20852a4b9aee","ssoExpires":240016,"collission":false,"userId":50301190,"hmds":{"error":"no bridge"},"iserver":{"authStatus":{"authenticated":true,"established":true,"competing":false,"connected":true,"message":"","MAC":null,"serverInfo":{"serverName":"JifS09110","serverVersion":"Build 10.45.1a, Apr 22, 2026 1:39:05 PM"},"hardware_info":"1a2e41a5|F4:03:43:DB:8E:10"}}}
22:27:41.108 INFO  vert.x-eventloop-thread-0 BaseServiceProxy     : -> GET /v1/api/tickle,200|135ms
22:27:41.110 DEBUG vert.x-eventloop-thread-0 ClientPortalService  : tickle {"session":"c0618afb883e2575ac7a20852a4b9aee","ssoExpires":209960,"collission":false,"userId":50301190,"hmds":{"error":"no bridge"},"iserver":{"authStatus":{"authenticated":true,"established":true,"competing":false,"connected":true,"message":"","MAC":null,"serverInfo":{"serverName":"JifS09110","serverVersion":"Build 10.45.1a, Apr 22, 2026 1:39:05 PM"},"hardware_info":"115159d8|F4:03:43:DB:8E:10"}}}
22:28:11.265 INFO  vert.x-eventloop-thread-0 BaseServiceProxy     : -> GET /v1/api/tickle,200|293ms
22:28:11.266 DEBUG vert.x-eventloop-thread-0 ClientPortalService  : tickle {"session":"c0618afb883e2575ac7a20852a4b9aee","ssoExpires":179842,"collission":false,"userId":50301190,"hmds":{"error":"no bridge"},"iserver":{"authStatus":{"authenticated":true,"established":true,"competing":false,"connected":true,"message":"","MAC":null,"serverInfo":{"serverName":"JifS09110","serverVersion":"Build 10.45.1a, Apr 22, 2026 1:39:05 PM"},"hardware_info":"302bfc98|F4:03:43:DB:8E:10"}}}
22:28:41.121 INFO  vert.x-eventloop-thread-0 BaseServiceProxy     : -> GET /v1/api/tickle,200|149ms
22:28:41.122 DEBUG vert.x-eventloop-thread-0 ClientPortalService  : tickle {"session":"c0618afb883e2575ac7a20852a4b9aee","ssoExpires":149987,"collission":false,"userId":50301190,"hmds":{"error":"no bridge"},"iserver":{"authStatus":{"authenticated":true,"established":true,"competing":false,"connected":true,"message":"","MAC":null,"serverInfo":{"serverName":"JifS09110","serverVersion":"Build 10.45.1a, Apr 22, 2026 1:39:05 PM"},"hardware_info":"1a96c6fa|F4:03:43:DB:8E:10"}}}
22:28:43.345 INFO  vert.x-eventloop-thread-0 BaseServiceProxy     : -> GET /v1/api/tickle,200|110ms
22:29:11.055 INFO  vert.x-eventloop-thread-0 BaseServiceProxy     : -> GET /v1/api/tickle,200|83ms
22:29:11.056 DEBUG vert.x-eventloop-thread-0 ClientPortalService  : tickle {"session":"c0618afb883e2575ac7a20852a4b9aee","ssoExpires":120000,"collission":false,"userId":50301190,"hmds":{"error":"no bridge"},"iserver":{"authStatus":{"authenticated":true,"established":true,"competing":false,"connected":true,"message":"","MAC":null,"serverInfo":{"serverName":"JifS09110","serverVersion":"Build 10.45.1a, Apr 22, 2026 1:39:05 PM"},"hardware_info":"0c6595a2|F4:03:43:DB:8E:10"}}}
22:29:41.113 INFO  vert.x-eventloop-thread-0 BaseServiceProxy     : -> GET /v1/api/tickle,200|139ms
22:29:41.123 DEBUG vert.x-eventloop-thread-0 ClientPortalService  : tickle {"session":"c0618afb883e2575ac7a20852a4b9aee","ssoExpires":90005,"collission":false,"userId":50301190,"hmds":{"error":"no bridge"},"iserver":{"authStatus":{"authenticated":true,"established":true,"competing":false,"connected":true,"message":"","MAC":null,"serverInfo":{"serverName":"JifS09110","serverVersion":"Build 10.45.1a, Apr 22, 2026 1:39:05 PM"},"hardware_info":"31f7a2bd|F4:03:43:DB:8E:10"}}}
22:30:11.046 INFO  vert.x-eventloop-thread-0 BaseServiceProxy     : -> GET /v1/api/tickle,200|72ms
22:30:11.047 DEBUG vert.x-eventloop-thread-0 ClientPortalService  : tickle {"session":"c0618afb883e2575ac7a20852a4b9aee","ssoExpires":60012,"collission":false,"userId":50301190,"hmds":{"error":"no bridge"},"iserver":{"authStatus":{"authenticated":true,"established":true,"competing":false,"connected":true,"message":"","MAC":null,"serverInfo":{"serverName":"JifS09110","serverVersion":"Build 10.45.1a, Apr 22, 2026 1:39:05 PM"},"hardware_info":"20539f41|F4:03:43:DB:8E:10"}}}
22:30:41.208 INFO  vert.x-eventloop-thread-0 BaseServiceProxy     : -> GET /v1/api/tickle,200|235ms
22:30:41.209 DEBUG vert.x-eventloop-thread-0 ClientPortalService  : tickle {"session":"c0618afb883e2575ac7a20852a4b9aee","ssoExpires":29852,"collission":false,"userId":50301190,"hmds":{"error":"no bridge"},"iserver":{"authStatus":{"authenticated":true,"established":true,"competing":false,"connected":true,"message":"","MAC":null,"serverInfo":{"serverName":"JifS09110","serverVersion":"Build 10.45.1a, Apr 22, 2026 1:39:05 PM"},"hardware_info":"279687a4|F4:03:43:DB:8E:10"}}}
22:31:11.060 INFO  vert.x-eventloop-thread-0 BaseServiceProxy     : -> GET /v1/api/tickle,200|88ms
22:31:11.061 DEBUG vert.x-eventloop-thread-0 ClientPortalService  : tickle {"session":"c0618afb883e2575ac7a20852a4b9aee","ssoExpires":600000,"collission":false,"userId":50301190,"hmds":{"error":"no bridge"},"iserver":{"authStatus":{"authenticated":true,"established":true,"competing":false,"connected":true,"message":"","MAC":null,"serverInfo":{"serverName":"JifS09110","serverVersion":"Build 10.45.1a, Apr 22, 2026 1:39:05 PM"},"hardware_info":"1d883186|F4:03:43:DB:8E:10"}}}
22:31:35.881 INFO  vert.x-eventloop-thread-0 BaseServiceProxy     : -> GET /sso/ping,200|292ms
22:31:35.882 INFO  vert.x-eventloop-thread-0 SsoService           : sso ping {"result": "true"}
22:31:41.048 INFO  vert.x-eventloop-thread-0 BaseServiceProxy     : -> GET /v1/api/tickle,200|74ms
22:31:41.048 DEBUG vert.x-eventloop-thread-0 ClientPortalService  : tickle {"session":"c0618afb883e2575ac7a20852a4b9aee","ssoExpires":570016,"collission":false,"userId":50301190,"hmds":{"error":"no bridge"},"iserver":{"authStatus":{"authenticated":true,"established":true,"competing":false,"connected":true,"message":"","MAC":null,"serverInfo":{"serverName":"JifS09110","serverVersion":"Build 10.45.1a, Apr 22, 2026 1:39:05 PM"},"hardware_info":"289ee968|F4:03:43:DB:8E:10"}}}
22:32:11.374 INFO  vert.x-eventloop-thread-0 BaseServiceProxy     : -> GET /v1/api/tickle,200|401ms
22:32:11.375 DEBUG vert.x-eventloop-thread-0 ClientPortalService  : tickle {"session":"c0618afb883e2575ac7a20852a4b9aee","ssoExpires":539759,"collission":false,"userId":50301190,"hmds":{"error":"no bridge"},"iserver":{"authStatus":{"authenticated":true,"established":true,"competing":false,"connected":true,"message":"","MAC":null,"serverInfo":{"serverName":"JifS09110","serverVersion":"Build 10.45.1a, Apr 22, 2026 1:39:05 PM"},"hardware_info":"1a233ee8|F4:03:43:DB:8E:10"}}}
22:32:41.381 INFO  vert.x-eventloop-thread-0 BaseServiceProxy     : -> GET /v1/api/tickle,200|407ms
22:32:41.383 DEBUG vert.x-eventloop-thread-0 ClientPortalService  : tickle {"session":"c0618afb883e2575ac7a20852a4b9aee","ssoExpires":509694,"collission":false,"userId":50301190,"hmds":{"error":"no bridge"},"iserver":{"authStatus":{"authenticated":true,"established":true,"competing":false,"connected":true,"message":"","MAC":null,"serverInfo":{"serverName":"JifS09110","serverVersion":"Build 10.45.1a, Apr 22, 2026 1:39:05 PM"},"hardware_info":"3468b1de|F4:03:43:DB:8E:10"}}}
22:33:11.091 INFO  vert.x-eventloop-thread-0 BaseServiceProxy     : -> GET /v1/api/tickle,200|118ms
22:33:11.093 DEBUG vert.x-eventloop-thread-0 ClientPortalService  : tickle {"session":"c0618afb883e2575ac7a20852a4b9aee","ssoExpires":479976,"collission":false,"userId":50301190,"hmds":{"error":"no bridge"},"iserver":{"authStatus":{"authenticated":true,"established":true,"competing":false,"connected":true,"message":"","MAC":null,"serverInfo":{"serverName":"JifS09110","serverVersion":"Build 10.45.1a, Apr 22, 2026 1:39:05 PM"},"hardware_info":"2ba169cd|F4:03:43:DB:8E:10"}}}
22:33:41.073 INFO  vert.x-eventloop-thread-0 BaseServiceProxy     : -> GET /v1/api/tickle,200|99ms
22:33:41.075 DEBUG vert.x-eventloop-thread-0 ClientPortalService  : tickle {"session":"c0618afb883e2575ac7a20852a4b9aee","ssoExpires":450010,"collission":false,"userId":50301190,"hmds":{"error":"no bridge"},"iserver":{"authStatus":{"authenticated":true,"established":true,"competing":false,"connected":true,"message":"","MAC":null,"serverInfo":{"serverName":"JifS09110","serverVersion":"Build 10.45.1a, Apr 22, 2026 1:39:05 PM"},"hardware_info":"1185c21c|F4:03:43:DB:8E:10"}}}
22:34:11.237 INFO  vert.x-eventloop-thread-0 BaseServiceProxy     : -> GET /v1/api/tickle,200|263ms
22:34:11.238 DEBUG vert.x-eventloop-thread-0 ClientPortalService  : tickle {"session":"c0618afb883e2575ac7a20852a4b9aee","ssoExpires":419862,"collission":false,"userId":50301190,"hmds":{"error":"no bridge"},"iserver":{"authStatus":{"authenticated":true,"established":true,"competing":false,"connected":true,"message":"","MAC":null,"serverInfo":{"serverName":"JifS09110","serverVersion":"Build 10.45.1a, Apr 22, 2026 1:39:05 PM"},"hardware_info":"2ef252b6|F4:03:43:DB:8E:10"}}}
22:34:41.283 INFO  vert.x-eventloop-thread-0 BaseServiceProxy     : -> GET /v1/api/tickle,200|310ms
22:34:41.285 DEBUG vert.x-eventloop-thread-0 ClientPortalService  : tickle {"session":"c0618afb883e2575ac7a20852a4b9aee","ssoExpires":389842,"collission":false,"userId":50301190,"hmds":{"error":"no bridge"},"iserver":{"authStatus":{"authenticated":true,"established":true,"competing":false,"connected":true,"message":"","MAC":null,"serverInfo":{"serverName":"JifS09110","serverVersion":"Build 10.45.1a, Apr 22, 2026 1:39:05 PM"},"hardware_info":"340705af|F4:03:43:DB:8E:10"}}}
22:35:11.390 INFO  vert.x-eventloop-thread-0 BaseServiceProxy     : -> GET /v1/api/tickle,200|416ms
22:35:11.392 DEBUG vert.x-eventloop-thread-0 ClientPortalService  : tickle {"session":"c0618afb883e2575ac7a20852a4b9aee","ssoExpires":359769,"collission":false,"userId":50301190,"hmds":{"error":"no bridge"},"iserver":{"authStatus":{"authenticated":true,"established":true,"competing":false,"connected":true,"message":"","MAC":null,"serverInfo":{"serverName":"JifS09110","serverVersion":"Build 10.45.1a, Apr 22, 2026 1:39:05 PM"},"hardware_info":"1f145493|F4:03:43:DB:8E:10"}}}
22:35:41.292 INFO  vert.x-eventloop-thread-0 BaseServiceProxy     : -> GET /v1/api/tickle,200|318ms
22:35:41.293 DEBUG vert.x-eventloop-thread-0 ClientPortalService  : tickle {"session":"c0618afb883e2575ac7a20852a4b9aee","ssoExpires":329766,"collission":false,"userId":50301190,"hmds":{"error":"no bridge"},"iserver":{"authStatus":{"authenticated":true,"established":true,"competing":false,"connected":true,"message":"","MAC":null,"serverInfo":{"serverName":"JifS09110","serverVersion":"Build 10.45.1a, Apr 22, 2026 1:39:05 PM"},"hardware_info":"29f7d092|F4:03:43:DB:8E:10"}}}
22:36:11.043 INFO  vert.x-eventloop-thread-0 BaseServiceProxy     : -> GET /v1/api/tickle,200|70ms
22:36:11.044 DEBUG vert.x-eventloop-thread-0 ClientPortalService  : tickle {"session":"c0618afb883e2575ac7a20852a4b9aee","ssoExpires":300019,"collission":false,"userId":50301190,"hmds":{"error":"no bridge"},"iserver":{"authStatus":{"authenticated":true,"established":true,"competing":false,"connected":true,"message":"","MAC":null,"serverInfo":{"serverName":"JifS09110","serverVersion":"Build 10.45.1a, Apr 22, 2026 1:39:05 PM"},"hardware_info":"2587edcf|F4:03:43:DB:8E:10"}}}
22:36:35.974 INFO  vert.x-eventloop-thread-0 BaseServiceProxy     : -> GET /sso/ping,200|385ms
22:36:35.977 INFO  vert.x-eventloop-thread-0 SsoService           : sso ping {"result": "true"}
22:36:41.067 INFO  vert.x-eventloop-thread-0 BaseServiceProxy     : -> GET /v1/api/tickle,200|94ms
22:36:41.067 DEBUG vert.x-eventloop-thread-0 ClientPortalService  : tickle {"session":"c0618afb883e2575ac7a20852a4b9aee","ssoExpires":270017,"collission":false,"userId":50301190,"hmds":{"error":"no bridge"},"iserver":{"authStatus":{"authenticated":true,"established":true,"competing":false,"connected":true,"message":"","MAC":null,"serverInfo":{"serverName":"JifS09110","serverVersion":"Build 10.45.1a, Apr 22, 2026 1:39:05 PM"},"hardware_info":"24a13dc6|F4:03:43:DB:8E:10"}}}
22:37:10.572 INFO  vert.x-eventloop-thread-0 BaseServiceProxy     : -> GET /v1/api/iserver/secdef/search?symbol=FDX&secType=STK,200|131ms
22:37:11.056 INFO  vert.x-eventloop-thread-0 BaseServiceProxy     : -> GET /v1/api/tickle,200|83ms
22:37:11.057 DEBUG vert.x-eventloop-thread-0 ClientPortalService  : tickle {"session":"c0618afb883e2575ac7a20852a4b9aee","ssoExpires":240011,"collission":false,"userId":50301190,"hmds":{"error":"no bridge"},"iserver":{"authStatus":{"authenticated":true,"established":true,"competing":false,"connected":true,"message":"","MAC":null,"serverInfo":{"serverName":"JifS09110","serverVersion":"Build 10.45.1a, Apr 22, 2026 1:39:05 PM"},"hardware_info":"11de8055|F4:03:43:DB:8E:10"}}}
22:37:38.193 INFO  vert.x-eventloop-thread-0 BaseServiceProxy     : -> GET /v1/api/portfolio/U5799398/summary,200|117ms
22:37:38.282 INFO  vert.x-eventloop-thread-0 BaseServiceProxy     : -> GET /v1/api/iserver/account/orders,200|84ms
22:37:38.315 INFO  vert.x-eventloop-thread-0 BaseServiceProxy     : -> GET /v1/api/portfolio/U5799398/positions/0?direction=a&period=1W&sort=position,200|109ms
22:37:41.054 INFO  vert.x-eventloop-thread-0 BaseServiceProxy     : -> GET /v1/api/tickle,200|81ms
22:37:41.054 DEBUG vert.x-eventloop-thread-0 ClientPortalService  : tickle {"session":"c0618afb883e2575ac7a20852a4b9aee","ssoExpires":210001,"collission":false,"userId":50301190,"hmds":{"error":"no bridge"},"iserver":{"authStatus":{"authenticated":true,"established":true,"competing":false,"connected":true,"message":"","MAC":null,"serverInfo":{"serverName":"JifS09110","serverVersion":"Build 10.45.1a, Apr 22, 2026 1:39:05 PM"},"hardware_info":"3b039210|F4:03:43:DB:8E:10"}}}
22:38:11.055 INFO  vert.x-eventloop-thread-0 BaseServiceProxy     : -> GET /v1/api/tickle,200|82ms
22:38:11.057 DEBUG vert.x-eventloop-thread-0 ClientPortalService  : tickle {"session":"c0618afb883e2575ac7a20852a4b9aee","ssoExpires":180013,"collission":false,"userId":50301190,"hmds":{"error":"no bridge"},"iserver":{"authStatus":{"authenticated":true,"established":true,"competing":false,"connected":true,"message":"","MAC":null,"serverInfo":{"serverName":"JifS09110","serverVersion":"Build 10.45.1a, Apr 22, 2026 1:39:05 PM"},"hardware_info":"3b7671b6|F4:03:43:DB:8E:10"}}}
22:38:41.058 INFO  vert.x-eventloop-thread-0 BaseServiceProxy     : -> GET /v1/api/tickle,200|85ms
22:38:41.060 DEBUG vert.x-eventloop-thread-0 ClientPortalService  : tickle {"session":"c0618afb883e2575ac7a20852a4b9aee","ssoExpires":150011,"collission":false,"userId":50301190,"hmds":{"error":"no bridge"},"iserver":{"authStatus":{"authenticated":true,"established":true,"competing":false,"connected":true,"message":"","MAC":null,"serverInfo":{"serverName":"JifS09110","serverVersion":"Build 10.45.1a, Apr 22, 2026 1:39:05 PM"},"hardware_info":"12447aba|F4:03:43:DB:8E:10"}}}
22:38:55.732 INFO  vert.x-eventloop-thread-0 BaseServiceProxy     : -> GET /v1/api/iserver/secdef/search?symbol=FDX&secType=STK,200|110ms
22:38:55.871 INFO  vert.x-eventloop-thread-0 BaseServiceProxy     : -> GET /v1/api/iserver/account/orders,200|136ms
22:38:56.561 INFO  vert.x-eventloop-thread-0 BaseServiceProxy     : -> GET /v1/api/portfolio/U5799398/summary,200|429ms
22:38:57.255 INFO  vert.x-eventloop-thread-0 BaseServiceProxy     : -> GET /v1/api/iserver/account/U5799398/orders,200|660ms
22:38:57.394 INFO  vert.x-eventloop-thread-0 BaseServiceProxy     : -> GET /v1/api/iserver/reply/9168cba9-c7eb-40ab-acb4-46c1847de002,200|138ms
22:38:57.558 INFO  vert.x-eventloop-thread-0 BaseServiceProxy     : -> GET /v1/api/iserver/account/orders,200|163ms
22:38:58.613 INFO  vert.x-eventloop-thread-0 BaseServiceProxy     : -> GET /v1/api/iserver/marketdata/history?conid=5100583&period=30d&bar=1d&outsideRth=false,200|624ms
22:38:58.692 INFO  vert.x-eventloop-thread-0 BaseServiceProxy     : -> GET /v1/api/iserver/marketdata/history?conid=5100583&period=30d&bar=1d&outsideRth=false,200|77ms
22:39:08.272 INFO  vert.x-eventloop-thread-0 BaseServiceProxy     : -> GET /v1/api/iserver/account/orders,200|96ms
22:39:08.403 INFO  vert.x-eventloop-thread-0 BaseServiceProxy     : -> GET /v1/api/iserver/marketdata/history?conid=5100583&period=30d&bar=1d&outsideRth=false,200|92ms
22:39:08.573 INFO  vert.x-eventloop-thread-0 BaseServiceProxy     : -> GET /v1/api/iserver/marketdata/history?conid=5100583&period=30d&bar=1d&outsideRth=false,200|167ms
22:39:08.889 INFO  vert.x-eventloop-thread-0 BaseServiceProxy     : -> GET /v1/api/iserver/account/orders,200|245ms
22:39:09.689 INFO  vert.x-eventloop-thread-0 BaseServiceProxy     : -> GET /v1/api/iserver/account/orders,200|164ms
22:39:10.736 INFO  vert.x-eventloop-thread-0 BaseServiceProxy     : -> GET /v1/api/iserver/account/U5799398/order/1493021527,200|524ms
22:39:10.851 INFO  vert.x-eventloop-thread-0 BaseServiceProxy     : -> GET /v1/api/iserver/account/orders,200|113ms
22:39:11.062 INFO  vert.x-eventloop-thread-0 BaseServiceProxy     : -> GET /v1/api/iserver/marketdata/history?conid=5100583&period=30d&bar=1d&outsideRth=false,200|134ms
22:39:11.068 INFO  vert.x-eventloop-thread-0 BaseServiceProxy     : -> GET /v1/api/tickle,200|95ms
22:39:11.068 DEBUG vert.x-eventloop-thread-0 ClientPortalService  : tickle {"session":"c0618afb883e2575ac7a20852a4b9aee","ssoExpires":120020,"collission":false,"userId":50301190,"hmds":{"error":"no bridge"},"iserver":{"authStatus":{"authenticated":true,"established":true,"competing":false,"connected":true,"message":"","MAC":null,"serverInfo":{"serverName":"JifS09110","serverVersion":"Build 10.45.1a, Apr 22, 2026 1:39:05 PM"},"hardware_info":"0a21eebe|F4:03:43:DB:8E:10"}}}
22:39:11.165 INFO  vert.x-eventloop-thread-0 BaseServiceProxy     : -> GET /v1/api/iserver/marketdata/history?conid=5100583&period=30d&bar=1d&outsideRth=false,200|101ms
22:39:11.325 INFO  vert.x-eventloop-thread-0 BaseServiceProxy     : -> GET /v1/api/iserver/account/orders,200|106ms
22:39:41.089 INFO  vert.x-eventloop-thread-0 BaseServiceProxy     : -> GET /v1/api/tickle,200|115ms
22:39:41.091 DEBUG vert.x-eventloop-thread-0 ClientPortalService  : tickle {"session":"c0618afb883e2575ac7a20852a4b9aee","ssoExpires":90003,"collission":false,"userId":50301190,"hmds":{"error":"no bridge"},"iserver":{"authStatus":{"authenticated":true,"established":true,"competing":false,"connected":true,"message":"","MAC":null,"serverInfo":{"serverName":"JifS09110","serverVersion":"Build 10.45.1a, Apr 22, 2026 1:39:05 PM"},"hardware_info":"136ff672|F4:03:43:DB:8E:10"}}}
22:39:48.024 INFO  vert.x-eventloop-thread-0 BaseServiceProxy     : -> GET /v1/api/iserver/account/orders,200|131ms
22:39:48.289 INFO  vert.x-eventloop-thread-0 BaseServiceProxy     : -> GET /v1/api/iserver/marketdata/history?conid=5100583&period=30d&bar=1d&outsideRth=false,200|163ms
22:39:48.402 INFO  vert.x-eventloop-thread-0 BaseServiceProxy     : -> GET /v1/api/iserver/marketdata/history?conid=5100583&period=30d&bar=1d&outsideRth=false,200|109ms
22:40:11.090 INFO  vert.x-eventloop-thread-0 BaseServiceProxy     : -> GET /v1/api/tickle,200|116ms
22:40:11.093 DEBUG vert.x-eventloop-thread-0 ClientPortalService  : tickle {"session":"c0618afb883e2575ac7a20852a4b9aee","ssoExpires":59991,"collission":false,"userId":50301190,"hmds":{"error":"no bridge"},"iserver":{"authStatus":{"authenticated":true,"established":true,"competing":false,"connected":true,"message":"","MAC":null,"serverInfo":{"serverName":"JifS09110","serverVersion":"Build 10.45.1a, Apr 22, 2026 1:39:05 PM"},"hardware_info":"17205a07|F4:03:43:DB:8E:10"}}}
22:40:41.117 INFO  vert.x-eventloop-thread-0 BaseServiceProxy     : -> GET /v1/api/tickle,200|144ms
22:40:41.119 DEBUG vert.x-eventloop-thread-0 ClientPortalService  : tickle {"session":"c0618afb883e2575ac7a20852a4b9aee","ssoExpires":29982,"collission":false,"userId":50301190,"hmds":{"error":"no bridge"},"iserver":{"authStatus":{"authenticated":true,"established":true,"competing":false,"connected":true,"message":"","MAC":null,"serverInfo":{"serverName":"JifS09110","serverVersion":"Build 10.45.1a, Apr 22, 2026 1:39:05 PM"},"hardware_info":"1bfc3bdf|F4:03:43:DB:8E:10"}}}
22:41:11.429 INFO  vert.x-eventloop-thread-0 BaseServiceProxy     : -> GET /v1/api/tickle,200|455ms
22:41:11.431 DEBUG vert.x-eventloop-thread-0 ClientPortalService  : tickle {"session":"c0618afb883e2575ac7a20852a4b9aee","ssoExpires":600000,"collission":false,"userId":50301190,"hmds":{"error":"no bridge"},"iserver":{"authStatus":{"authenticated":true,"established":true,"competing":false,"connected":true,"message":"","MAC":null,"serverInfo":{"serverName":"JifS09110","serverVersion":"Build 10.45.1a, Apr 22, 2026 1:39:05 PM"},"hardware_info":"1189df86|F4:03:43:DB:8E:10"}}}
22:41:35.895 INFO  vert.x-eventloop-thread-0 BaseServiceProxy     : -> GET /sso/ping,200|306ms
22:41:35.897 INFO  vert.x-eventloop-thread-0 SsoService           : sso ping {"result": "true"}
22:41:41.058 INFO  vert.x-eventloop-thread-0 BaseServiceProxy     : -> GET /v1/api/tickle,200|84ms
22:41:41.059 DEBUG vert.x-eventloop-thread-0 ClientPortalService  : tickle {"session":"c0618afb883e2575ac7a20852a4b9aee","ssoExpires":570268,"collission":false,"userId":50301190,"hmds":{"error":"no bridge"},"iserver":{"authStatus":{"authenticated":true,"established":true,"competing":false,"connected":true,"message":"","MAC":null,"serverInfo":{"serverName":"JifS09110","serverVersion":"Build 10.45.1a, Apr 22, 2026 1:39:05 PM"},"hardware_info":"2bcf18b0|F4:03:43:DB:8E:10"}}}
22:42:11.156 INFO  vert.x-eventloop-thread-0 BaseServiceProxy     : -> GET /v1/api/tickle,200|181ms
22:42:11.158 DEBUG vert.x-eventloop-thread-0 ClientPortalService  : tickle {"session":"c0618afb883e2575ac7a20852a4b9aee","ssoExpires":540194,"collission":false,"userId":50301190,"hmds":{"error":"no bridge"},"iserver":{"authStatus":{"authenticated":true,"established":true,"competing":false,"connected":true,"message":"","MAC":null,"serverInfo":{"serverName":"JifS09110","serverVersion":"Build 10.45.1a, Apr 22, 2026 1:39:05 PM"},"hardware_info":"1bf33972|F4:03:43:DB:8E:10"}}}
22:42:41.337 INFO  vert.x-eventloop-thread-0 BaseServiceProxy     : -> GET /v1/api/tickle,200|363ms
22:42:41.339 DEBUG vert.x-eventloop-thread-0 ClientPortalService  : tickle {"session":"c0618afb883e2575ac7a20852a4b9aee","ssoExpires":510105,"collission":false,"userId":50301190,"hmds":{"error":"no bridge"},"iserver":{"authStatus":{"authenticated":true,"established":true,"competing":false,"connected":true,"message":"","MAC":null,"serverInfo":{"serverName":"JifS09110","serverVersion":"Build 10.45.1a, Apr 22, 2026 1:39:05 PM"},"hardware_info":"084f10fd|F4:03:43:DB:8E:10"}}}
22:43:11.128 INFO  vert.x-eventloop-thread-0 BaseServiceProxy     : -> GET /v1/api/tickle,200|155ms
22:43:11.128 DEBUG vert.x-eventloop-thread-0 ClientPortalService  : tickle {"session":"c0618afb883e2575ac7a20852a4b9aee","ssoExpires":480238,"collission":false,"userId":50301190,"hmds":{"error":"no bridge"},"iserver":{"authStatus":{"authenticated":true,"established":true,"competing":false,"connected":true,"message":"","MAC":null,"serverInfo":{"serverName":"JifS09110","serverVersion":"Build 10.45.1a, Apr 22, 2026 1:39:05 PM"},"hardware_info":"35eb25ad|F4:03:43:DB:8E:10"}}}
22:43:41.103 INFO  vert.x-eventloop-thread-0 BaseServiceProxy     : -> GET /v1/api/tickle,200|130ms
22:43:41.105 DEBUG vert.x-eventloop-thread-0 ClientPortalService  : tickle {"session":"c0618afb883e2575ac7a20852a4b9aee","ssoExpires":450244,"collission":false,"userId":50301190,"hmds":{"error":"no bridge"},"iserver":{"authStatus":{"authenticated":true,"established":true,"competing":false,"connected":true,"message":"","MAC":null,"serverInfo":{"serverName":"JifS09110","serverVersion":"Build 10.45.1a, Apr 22, 2026 1:39:05 PM"},"hardware_info":"0aa49ab0|F4:03:43:DB:8E:10"}}}
22:44:11.149 INFO  vert.x-eventloop-thread-0 BaseServiceProxy     : -> GET /v1/api/tickle,200|176ms
22:44:11.151 DEBUG vert.x-eventloop-thread-0 ClientPortalService  : tickle {"session":"c0618afb883e2575ac7a20852a4b9aee","ssoExpires":420256,"collission":false,"userId":50301190,"hmds":{"error":"no bridge"},"iserver":{"authStatus":{"authenticated":true,"established":true,"competing":false,"connected":true,"message":"","MAC":null,"serverInfo":{"serverName":"JifS09110","serverVersion":"Build 10.45.1a, Apr 22, 2026 1:39:05 PM"},"hardware_info":"19b87414|F4:03:43:DB:8E:10"}}}
22:44:41.062 INFO  vert.x-eventloop-thread-0 BaseServiceProxy     : -> GET /v1/api/tickle,200|87ms
22:44:41.065 DEBUG vert.x-eventloop-thread-0 ClientPortalService  : tickle {"session":"c0618afb883e2575ac7a20852a4b9aee","ssoExpires":390252,"collission":false,"userId":50301190,"hmds":{"error":"no bridge"},"iserver":{"authStatus":{"authenticated":true,"established":true,"competing":false,"connected":true,"message":"","MAC":null,"serverInfo":{"serverName":"JifS09110","serverVersion":"Build 10.45.1a, Apr 22, 2026 1:39:05 PM"},"hardware_info":"3b141d3b|F4:03:43:DB:8E:10"}}}
22:45:11.109 INFO  vert.x-eventloop-thread-0 BaseServiceProxy     : -> GET /v1/api/tickle,200|135ms
22:45:11.111 DEBUG vert.x-eventloop-thread-0 ClientPortalService  : tickle {"session":"c0618afb883e2575ac7a20852a4b9aee","ssoExpires":360252,"collission":false,"userId":50301190,"hmds":{"error":"no bridge"},"iserver":{"authStatus":{"authenticated":true,"established":true,"competing":false,"connected":true,"message":"","MAC":null,"serverInfo":{"serverName":"JifS09110","serverVersion":"Build 10.45.1a, Apr 22, 2026 1:39:05 PM"},"hardware_info":"1ffe56b5|F4:03:43:DB:8E:10"}}}
22:45:41.359 INFO  vert.x-eventloop-thread-0 BaseServiceProxy     : -> GET /v1/api/tickle,200|384ms
22:45:41.362 DEBUG vert.x-eventloop-thread-0 ClientPortalService  : tickle {"session":"c0618afb883e2575ac7a20852a4b9aee","ssoExpires":330105,"collission":false,"userId":50301190,"hmds":{"error":"no bridge"},"iserver":{"authStatus":{"authenticated":true,"established":true,"competing":false,"connected":true,"message":"","MAC":null,"serverInfo":{"serverName":"JifS09110","serverVersion":"Build 10.45.1a, Apr 22, 2026 1:39:05 PM"},"hardware_info":"28f8e9d9|F4:03:43:DB:8E:10"}}}
22:46:11.051 INFO  vert.x-eventloop-thread-0 BaseServiceProxy     : -> GET /v1/api/tickle,200|77ms
22:46:11.053 DEBUG vert.x-eventloop-thread-0 ClientPortalService  : tickle {"session":"c0618afb883e2575ac7a20852a4b9aee","ssoExpires":300262,"collission":false,"userId":50301190,"hmds":{"error":"no bridge"},"iserver":{"authStatus":{"authenticated":true,"established":true,"competing":false,"connected":true,"message":"","MAC":null,"serverInfo":{"serverName":"JifS09110","serverVersion":"Build 10.45.1a, Apr 22, 2026 1:39:05 PM"},"hardware_info":"3b29ed99|F4:03:43:DB:8E:10"}}}
22:46:36.143 INFO  vert.x-eventloop-thread-0 BaseServiceProxy     : -> GET /sso/ping,200|555ms
22:46:36.145 INFO  vert.x-eventloop-thread-0 SsoService           : sso ping {"result": "true"}
22:46:41.068 INFO  vert.x-eventloop-thread-0 BaseServiceProxy     : -> GET /v1/api/tickle,200|95ms
22:46:41.068 DEBUG vert.x-eventloop-thread-0 ClientPortalService  : tickle {"session":"c0618afb883e2575ac7a20852a4b9aee","ssoExpires":270270,"collission":false,"userId":50301190,"hmds":{"error":"no bridge"},"iserver":{"authStatus":{"authenticated":true,"established":true,"competing":false,"connected":true,"message":"","MAC":null,"serverInfo":{"serverName":"JifS09110","serverVersion":"Build 10.45.1a, Apr 22, 2026 1:39:05 PM"},"hardware_info":"2a4559de|F4:03:43:DB:8E:10"}}}
22:47:11.106 INFO  vert.x-eventloop-thread-0 BaseServiceProxy     : -> GET /v1/api/tickle,200|133ms
22:47:11.108 DEBUG vert.x-eventloop-thread-0 ClientPortalService  : tickle {"session":"c0618afb883e2575ac7a20852a4b9aee","ssoExpires":240265,"collission":false,"userId":50301190,"hmds":{"error":"no bridge"},"iserver":{"authStatus":{"authenticated":true,"established":true,"competing":false,"connected":true,"message":"","MAC":null,"serverInfo":{"serverName":"JifS09110","serverVersion":"Build 10.45.1a, Apr 22, 2026 1:39:05 PM"},"hardware_info":"4082bc88|F4:03:43:DB:8E:10"}}}
22:47:41.119 INFO  vert.x-eventloop-thread-0 BaseServiceProxy     : -> GET /v1/api/tickle,200|145ms
22:47:41.122 DEBUG vert.x-eventloop-thread-0 ClientPortalService  : tickle {"session":"c0618afb883e2575ac7a20852a4b9aee","ssoExpires":210258,"collission":false,"userId":50301190,"hmds":{"error":"no bridge"},"iserver":{"authStatus":{"authenticated":true,"established":true,"competing":false,"connected":true,"message":"","MAC":null,"serverInfo":{"serverName":"JifS09110","serverVersion":"Build 10.45.1a, Apr 22, 2026 1:39:05 PM"},"hardware_info":"08c34757|F4:03:43:DB:8E:10"}}}
22:48:11.059 INFO  vert.x-eventloop-thread-0 BaseServiceProxy     : -> GET /v1/api/tickle,200|85ms
22:48:11.061 DEBUG vert.x-eventloop-thread-0 ClientPortalService  : tickle {"session":"c0618afb883e2575ac7a20852a4b9aee","ssoExpires":180258,"collission":false,"userId":50301190,"hmds":{"error":"no bridge"},"iserver":{"authStatus":{"authenticated":true,"established":true,"competing":false,"connected":true,"message":"","MAC":null,"serverInfo":{"serverName":"JifS09110","serverVersion":"Build 10.45.1a, Apr 22, 2026 1:39:05 PM"},"hardware_info":"1a257e2c|F4:03:43:DB:8E:10"}}}
22:48:41.079 INFO  vert.x-eventloop-thread-0 BaseServiceProxy     : -> GET /v1/api/tickle,200|104ms
22:48:41.082 DEBUG vert.x-eventloop-thread-0 ClientPortalService  : tickle {"session":"c0618afb883e2575ac7a20852a4b9aee","ssoExpires":150256,"collission":false,"userId":50301190,"hmds":{"error":"no bridge"},"iserver":{"authStatus":{"authenticated":true,"established":true,"competing":false,"connected":true,"message":"","MAC":null,"serverInfo":{"serverName":"JifS09110","serverVersion":"Build 10.45.1a, Apr 22, 2026 1:39:05 PM"},"hardware_info":"2f0d90a7|F4:03:43:DB:8E:10"}}}
22:49:12.136 INFO  vert.x-eventloop-thread-0 BaseServiceProxy     : -> GET /v1/api/tickle,200|1163ms
22:49:12.137 DEBUG vert.x-eventloop-thread-0 ClientPortalService  : tickle {"session":"c0618afb883e2575ac7a20852a4b9aee","ssoExpires":119176,"collission":false,"userId":50301190,"hmds":{"error":"no bridge"},"iserver":{"authStatus":{"authenticated":true,"established":true,"competing":false,"connected":true,"message":"","MAC":null,"serverInfo":{"serverName":"JifS09110","serverVersion":"Build 10.45.1a, Apr 22, 2026 1:39:05 PM"},"hardware_info":"1f205eac|F4:03:43:DB:8E:10"}}}
22:49:41.078 INFO  vert.x-eventloop-thread-0 BaseServiceProxy     : -> GET /v1/api/tickle,200|103ms
22:49:41.081 DEBUG vert.x-eventloop-thread-0 ClientPortalService  : tickle {"session":"c0618afb883e2575ac7a20852a4b9aee","ssoExpires":90261,"collission":false,"userId":50301190,"hmds":{"error":"no bridge"},"iserver":{"authStatus":{"authenticated":true,"established":true,"competing":false,"connected":true,"message":"","MAC":null,"serverInfo":{"serverName":"JifS09110","serverVersion":"Build 10.45.1a, Apr 22, 2026 1:39:05 PM"},"hardware_info":"14291041|F4:03:43:DB:8E:10"}}}
22:50:11.115 INFO  vert.x-eventloop-thread-0 BaseServiceProxy     : -> GET /v1/api/tickle,200|142ms
22:50:11.116 DEBUG vert.x-eventloop-thread-0 ClientPortalService  : tickle {"session":"c0618afb883e2575ac7a20852a4b9aee","ssoExpires":60200,"collission":false,"userId":50301190,"hmds":{"error":"no bridge"},"iserver":{"authStatus":{"authenticated":true,"established":true,"competing":false,"connected":true,"message":"","MAC":null,"serverInfo":{"serverName":"JifS09110","serverVersion":"Build 10.45.1a, Apr 22, 2026 1:39:05 PM"},"hardware_info":"1dfb9c43|F4:03:43:DB:8E:10"}}}
22:50:41.054 INFO  vert.x-eventloop-thread-0 BaseServiceProxy     : -> GET /v1/api/tickle,200|80ms
22:50:41.055 DEBUG vert.x-eventloop-thread-0 ClientPortalService  : tickle {"session":"c0618afb883e2575ac7a20852a4b9aee","ssoExpires":30266,"collission":false,"userId":50301190,"hmds":{"error":"no bridge"},"iserver":{"authStatus":{"authenticated":true,"established":true,"competing":false,"connected":true,"message":"","MAC":null,"serverInfo":{"serverName":"JifS09110","serverVersion":"Build 10.45.1a, Apr 22, 2026 1:39:05 PM"},"hardware_info":"2a8bf7a9|F4:03:43:DB:8E:10"}}}
22:51:11.057 INFO  vert.x-eventloop-thread-0 BaseServiceProxy     : -> GET /v1/api/tickle,200|83ms
22:51:11.060 DEBUG vert.x-eventloop-thread-0 ClientPortalService  : tickle {"session":"c0618afb883e2575ac7a20852a4b9aee","ssoExpires":254,"collission":false,"userId":50301190,"hmds":{"error":"no bridge"},"iserver":{"authStatus":{"authenticated":true,"established":true,"competing":false,"connected":true,"message":"","MAC":null,"serverInfo":{"serverName":"JifS09110","serverVersion":"Build 10.45.1a, Apr 22, 2026 1:39:05 PM"},"hardware_info":"0b95756e|F4:03:43:DB:8E:10"}}}
22:51:35.878 INFO  vert.x-eventloop-thread-0 BaseServiceProxy     : -> GET /sso/ping,200|289ms
22:51:35.879 INFO  vert.x-eventloop-thread-0 SsoService           : sso ping {"result": "true"}
22:51:41.086 INFO  vert.x-eventloop-thread-0 BaseServiceProxy     : -> GET /v1/api/tickle,200|112ms
22:51:41.087 DEBUG vert.x-eventloop-thread-0 ClientPortalService  : tickle {"session":"c0618afb883e2575ac7a20852a4b9aee","ssoExpires":600000,"collission":false,"userId":50301190,"hmds":{"error":"no bridge"},"iserver":{"authStatus":{"authenticated":true,"established":true,"competing":false,"connected":true,"message":"","MAC":null,"serverInfo":{"serverName":"JifS09110","serverVersion":"Build 10.45.1a, Apr 22, 2026 1:39:05 PM"},"hardware_info":"1db99ca7|F4:03:43:DB:8E:10"}}}
22:52:11.072 INFO  vert.x-eventloop-thread-0 BaseServiceProxy     : -> GET /v1/api/tickle,200|99ms
22:52:11.073 DEBUG vert.x-eventloop-thread-0 ClientPortalService  : tickle {"session":"c0618afb883e2575ac7a20852a4b9aee","ssoExpires":569998,"collission":false,"userId":50301190,"hmds":{"error":"no bridge"},"iserver":{"authStatus":{"authenticated":true,"established":true,"competing":false,"connected":true,"message":"","MAC":null,"serverInfo":{"serverName":"JifS09110","serverVersion":"Build 10.45.1a, Apr 22, 2026 1:39:05 PM"},"hardware_info":"3e709175|F4:03:43:DB:8E:10"}}}
22:52:41.117 INFO  vert.x-eventloop-thread-0 BaseServiceProxy     : -> GET /v1/api/tickle,200|142ms
22:52:41.120 DEBUG vert.x-eventloop-thread-0 ClientPortalService  : tickle {"session":"c0618afb883e2575ac7a20852a4b9aee","ssoExpires":539982,"collission":false,"userId":50301190,"hmds":{"error":"no bridge"},"iserver":{"authStatus":{"authenticated":true,"established":true,"competing":false,"connected":true,"message":"","MAC":null,"serverInfo":{"serverName":"JifS09110","serverVersion":"Build 10.45.1a, Apr 22, 2026 1:39:05 PM"},"hardware_info":"32907a66|F4:03:43:DB:8E:10"}}}
22:53:11.075 INFO  vert.x-eventloop-thread-0 BaseServiceProxy     : -> GET /v1/api/tickle,200|102ms
22:53:11.076 DEBUG vert.x-eventloop-thread-0 ClientPortalService  : tickle {"session":"c0618afb883e2575ac7a20852a4b9aee","ssoExpires":509996,"collission":false,"userId":50301190,"hmds":{"error":"no bridge"},"iserver":{"authStatus":{"authenticated":true,"established":true,"competing":false,"connected":true,"message":"","MAC":null,"serverInfo":{"serverName":"JifS09110","serverVersion":"Build 10.45.1a, Apr 22, 2026 1:39:05 PM"},"hardware_info":"1be819a1|F4:03:43:DB:8E:10"}}}
22:53:41.181 INFO  vert.x-eventloop-thread-0 BaseServiceProxy     : -> GET /v1/api/tickle,200|206ms
22:53:41.182 DEBUG vert.x-eventloop-thread-0 ClientPortalService  : tickle {"session":"c0618afb883e2575ac7a20852a4b9aee","ssoExpires":479895,"collission":false,"userId":50301190,"hmds":{"error":"no bridge"},"iserver":{"authStatus":{"authenticated":true,"established":true,"competing":false,"connected":true,"message":"","MAC":null,"serverInfo":{"serverName":"JifS09110","serverVersion":"Build 10.45.1a, Apr 22, 2026 1:39:05 PM"},"hardware_info":"07547024|F4:03:43:DB:8E:10"}}}
22:54:11.083 INFO  vert.x-eventloop-thread-0 BaseServiceProxy     : -> GET /v1/api/tickle,200|108ms
22:54:11.086 DEBUG vert.x-eventloop-thread-0 ClientPortalService  : tickle {"session":"c0618afb883e2575ac7a20852a4b9aee","ssoExpires":449990,"collission":false,"userId":50301190,"hmds":{"error":"no bridge"},"iserver":{"authStatus":{"authenticated":true,"established":true,"competing":false,"connected":true,"message":"","MAC":null,"serverInfo":{"serverName":"JifS09110","serverVersion":"Build 10.45.1a, Apr 22, 2026 1:39:05 PM"},"hardware_info":"0dca8289|F4:03:43:DB:8E:10"}}}
22:54:41.209 INFO  vert.x-eventloop-thread-0 BaseServiceProxy     : -> GET /v1/api/tickle,200|234ms
22:54:41.210 DEBUG vert.x-eventloop-thread-0 ClientPortalService  : tickle {"session":"c0618afb883e2575ac7a20852a4b9aee","ssoExpires":419987,"collission":false,"userId":50301190,"hmds":{"error":"no bridge"},"iserver":{"authStatus":{"authenticated":true,"established":true,"competing":false,"connected":true,"message":"","MAC":null,"serverInfo":{"serverName":"JifS09110","serverVersion":"Build 10.45.1a, Apr 22, 2026 1:39:05 PM"},"hardware_info":"05fdf335|F4:03:43:DB:8E:10"}}}
22:55:11.217 INFO  vert.x-eventloop-thread-0 BaseServiceProxy     : -> GET /v1/api/tickle,200|243ms
22:55:11.218 DEBUG vert.x-eventloop-thread-0 ClientPortalService  : tickle {"session":"c0618afb883e2575ac7a20852a4b9aee","ssoExpires":389989,"collission":false,"userId":50301190,"hmds":{"error":"no bridge"},"iserver":{"authStatus":{"authenticated":true,"established":true,"competing":false,"connected":true,"message":"","MAC":null,"serverInfo":{"serverName":"JifS09110","serverVersion":"Build 10.45.1a, Apr 22, 2026 1:39:05 PM"},"hardware_info":"4036cadc|F4:03:43:DB:8E:10"}}}
22:55:41.087 INFO  vert.x-eventloop-thread-0 BaseServiceProxy     : -> GET /v1/api/tickle,200|112ms
22:55:41.088 DEBUG vert.x-eventloop-thread-0 ClientPortalService  : tickle {"session":"c0618afb883e2575ac7a20852a4b9aee","ssoExpires":359987,"collission":false,"userId":50301190,"hmds":{"error":"no bridge"},"iserver":{"authStatus":{"authenticated":true,"established":true,"competing":false,"connected":true,"message":"","MAC":null,"serverInfo":{"serverName":"JifS09110","serverVersion":"Build 10.45.1a, Apr 22, 2026 1:39:05 PM"},"hardware_info":"223136c1|F4:03:43:DB:8E:10"}}}
22:55:52.468 INFO  vert.x-eventloop-thread-0 BaseServiceProxy     : -> GET /v1/api/iserver/secdef/search?symbol=DBA&secType=STK,200|110ms
22:56:11.095 INFO  vert.x-eventloop-thread-0 BaseServiceProxy     : -> GET /v1/api/tickle,200|120ms
22:56:11.096 DEBUG vert.x-eventloop-thread-0 ClientPortalService  : tickle {"session":"c0618afb883e2575ac7a20852a4b9aee","ssoExpires":329985,"collission":false,"userId":50301190,"hmds":{"error":"no bridge"},"iserver":{"authStatus":{"authenticated":true,"established":true,"competing":false,"connected":true,"message":"","MAC":null,"serverInfo":{"serverName":"JifS09110","serverVersion":"Build 10.45.1a, Apr 22, 2026 1:39:05 PM"},"hardware_info":"10785fc1|F4:03:43:DB:8E:10"}}}
22:56:21.126 INFO  vert.x-eventloop-thread-0 BaseServiceProxy     : -> GET /v1/api/portfolio/U5799398/summary,200|140ms
22:56:21.295 INFO  vert.x-eventloop-thread-0 BaseServiceProxy     : -> GET /v1/api/portfolio/U5799398/positions/0?direction=a&period=1W&sort=position,200|157ms
22:56:21.325 INFO  vert.x-eventloop-thread-0 BaseServiceProxy     : -> GET /v1/api/iserver/account/orders,200|195ms
22:56:29.683 INFO  vert.x-eventloop-thread-0 BaseServiceProxy     : -> GET /v1/api/iserver/secdef/search?symbol=DBA&secType=STK,200|96ms
22:56:29.815 INFO  vert.x-eventloop-thread-0 BaseServiceProxy     : -> GET /v1/api/iserver/account/orders,200|130ms
22:56:30.005 INFO  vert.x-eventloop-thread-0 BaseServiceProxy     : -> GET /v1/api/portfolio/U5799398/summary,200|175ms
22:56:30.464 INFO  vert.x-eventloop-thread-0 BaseServiceProxy     : -> GET /v1/api/iserver/account/U5799398/orders,200|450ms
22:56:30.530 INFO  vert.x-eventloop-thread-0 BaseServiceProxy     : -> GET /v1/api/iserver/reply/1009419c-b9ed-40de-9217-d3b0090499df,200|64ms
22:56:30.650 INFO  vert.x-eventloop-thread-0 BaseServiceProxy     : -> GET /v1/api/iserver/reply/51b9ed36-715c-4443-a3b7-d9503844abb0,200|118ms
22:56:30.720 INFO  vert.x-eventloop-thread-0 BaseServiceProxy     : -> GET /v1/api/iserver/reply/0ac0fc8b-394e-4c8b-bb59-418e0088dc84,200|69ms
22:56:30.821 INFO  vert.x-eventloop-thread-0 BaseServiceProxy     : -> GET /v1/api/iserver/account/orders,200|100ms
22:56:31.911 INFO  vert.x-eventloop-thread-0 BaseServiceProxy     : -> GET /v1/api/iserver/marketdata/history?conid=319355717&period=30d&bar=1d&outsideRth=false,200|569ms
22:56:32.216 INFO  vert.x-eventloop-thread-0 BaseServiceProxy     : -> GET /v1/api/iserver/marketdata/history?conid=319355717&period=30d&bar=1d&outsideRth=false,200|301ms
22:56:36.412 INFO  vert.x-eventloop-thread-0 BaseServiceProxy     : -> GET /sso/ping,200|823ms
22:56:36.414 INFO  vert.x-eventloop-thread-0 SsoService           : sso ping {"result": "true"}
22:56:41.096 INFO  vert.x-eventloop-thread-0 BaseServiceProxy     : -> GET /v1/api/tickle,200|123ms
22:56:41.097 DEBUG vert.x-eventloop-thread-0 ClientPortalService  : tickle {"session":"c0618afb883e2575ac7a20852a4b9aee","ssoExpires":300000,"collission":false,"userId":50301190,"hmds":{"error":"no bridge"},"iserver":{"authStatus":{"authenticated":true,"established":true,"competing":false,"connected":true,"message":"","MAC":null,"serverInfo":{"serverName":"JifS09110","serverVersion":"Build 10.45.1a, Apr 22, 2026 1:39:05 PM"},"hardware_info":"2ec6237a|F4:03:43:DB:8E:10"}}}
22:56:53.000 INFO  vert.x-eventloop-thread-0 BaseServiceProxy     : -> GET /v1/api/iserver/account/orders,200|304ms
22:56:53.356 INFO  vert.x-eventloop-thread-0 BaseServiceProxy     : -> GET /v1/api/iserver/marketdata/history?conid=319355717&period=30d&bar=1d&outsideRth=false,200|102ms
22:56:53.451 INFO  vert.x-eventloop-thread-0 BaseServiceProxy     : -> GET /v1/api/iserver/marketdata/history?conid=319355717&period=30d&bar=1d&outsideRth=false,200|92ms
22:56:53.611 INFO  vert.x-eventloop-thread-0 BaseServiceProxy     : -> GET /v1/api/iserver/account/orders,200|98ms
22:56:53.860 INFO  vert.x-eventloop-thread-0 BaseServiceProxy     : -> GET /v1/api/iserver/account/orders,200|72ms
22:56:54.259 INFO  vert.x-eventloop-thread-0 BaseServiceProxy     : -> GET /v1/api/iserver/account/U5799398/order/1493021530,200|375ms
22:56:54.340 INFO  vert.x-eventloop-thread-0 BaseServiceProxy     : -> GET /v1/api/iserver/account/orders,200|78ms
22:56:54.463 INFO  vert.x-eventloop-thread-0 BaseServiceProxy     : -> GET /v1/api/iserver/marketdata/history?conid=319355717&period=30d&bar=1d&outsideRth=false,200|90ms
22:56:54.561 INFO  vert.x-eventloop-thread-0 BaseServiceProxy     : -> GET /v1/api/iserver/marketdata/history?conid=319355717&period=30d&bar=1d&outsideRth=false,200|95ms
22:56:54.779 INFO  vert.x-eventloop-thread-0 BaseServiceProxy     : -> GET /v1/api/iserver/account/orders,200|161ms
22:57:11.067 INFO  vert.x-eventloop-thread-0 BaseServiceProxy     : -> GET /v1/api/tickle,200|93ms
22:57:11.068 DEBUG vert.x-eventloop-thread-0 ClientPortalService  : tickle {"session":"c0618afb883e2575ac7a20852a4b9aee","ssoExpires":270001,"collission":false,"userId":50301190,"hmds":{"error":"no bridge"},"iserver":{"authStatus":{"authenticated":true,"established":true,"competing":false,"connected":true,"message":"","MAC":null,"serverInfo":{"serverName":"JifS09110","serverVersion":"Build 10.45.1a, Apr 22, 2026 1:39:05 PM"},"hardware_info":"179e708b|F4:03:43:DB:8E:10"}}}
22:57:41.241 INFO  vert.x-eventloop-thread-0 BaseServiceProxy     : -> GET /v1/api/tickle,200|267ms
22:57:41.244 DEBUG vert.x-eventloop-thread-0 ClientPortalService  : tickle {"session":"c0618afb883e2575ac7a20852a4b9aee","ssoExpires":239811,"collission":false,"userId":50301190,"hmds":{"error":"no bridge"},"iserver":{"authStatus":{"authenticated":true,"established":true,"competing":false,"connected":true,"message":"","MAC":null,"serverInfo":{"serverName":"JifS09110","serverVersion":"Build 10.45.1a, Apr 22, 2026 1:39:05 PM"},"hardware_info":"212cc89b|F4:03:43:DB:8E:10"}}}
22:58:11.335 INFO  vert.x-eventloop-thread-0 BaseServiceProxy     : -> GET /v1/api/tickle,200|360ms
22:58:11.337 DEBUG vert.x-eventloop-thread-0 ClientPortalService  : tickle {"session":"c0618afb883e2575ac7a20852a4b9aee","ssoExpires":209783,"collission":false,"userId":50301190,"hmds":{"error":"no bridge"},"iserver":{"authStatus":{"authenticated":true,"established":true,"competing":false,"connected":true,"message":"","MAC":null,"serverInfo":{"serverName":"JifS09110","serverVersion":"Build 10.45.1a, Apr 22, 2026 1:39:05 PM"},"hardware_info":"2156dc04|F4:03:43:DB:8E:10"}}}
22:58:41.075 INFO  vert.x-eventloop-thread-0 BaseServiceProxy     : -> GET /v1/api/tickle,200|100ms
22:58:41.076 DEBUG vert.x-eventloop-thread-0 ClientPortalService  : tickle {"session":"c0618afb883e2575ac7a20852a4b9aee","ssoExpires":179960,"collission":false,"userId":50301190,"hmds":{"error":"no bridge"},"iserver":{"authStatus":{"authenticated":true,"established":true,"competing":false,"connected":true,"message":"","MAC":null,"serverInfo":{"serverName":"JifS09110","serverVersion":"Build 10.45.1a, Apr 22, 2026 1:39:05 PM"},"hardware_info":"18a57142|F4:03:43:DB:8E:10"}}}
22:59:11.041 INFO  vert.x-eventloop-thread-0 BaseServiceProxy     : -> GET /v1/api/tickle,200|81ms
22:59:11.042 DEBUG vert.x-eventloop-thread-0 ClientPortalService  : tickle {"session":"c0618afb883e2575ac7a20852a4b9aee","ssoExpires":149995,"collission":false,"userId":50301190,"hmds":{"error":"no bridge"},"iserver":{"authStatus":{"authenticated":true,"established":true,"competing":false,"connected":true,"message":"","MAC":null,"serverInfo":{"serverName":"JifS09110","serverVersion":"Build 10.45.1a, Apr 22, 2026 1:39:05 PM"},"hardware_info":"140b40d7|F4:03:43:DB:8E:10"}}}
22:59:41.061 INFO  vert.x-eventloop-thread-0 BaseServiceProxy     : -> GET /v1/api/tickle,200|105ms
22:59:41.062 DEBUG vert.x-eventloop-thread-0 ClientPortalService  : tickle {"session":"c0618afb883e2575ac7a20852a4b9aee","ssoExpires":119979,"collission":false,"userId":50301190,"hmds":{"error":"no bridge"},"iserver":{"authStatus":{"authenticated":true,"established":true,"competing":false,"connected":true,"message":"","MAC":null,"serverInfo":{"serverName":"JifS09110","serverVersion":"Build 10.45.1a, Apr 22, 2026 1:39:05 PM"},"hardware_info":"368cb674|F4:03:43:DB:8E:10"}}}
23:00:11.186 INFO  vert.x-eventloop-thread-0 BaseServiceProxy     : -> GET /v1/api/tickle,200|230ms
23:00:11.188 DEBUG vert.x-eventloop-thread-0 ClientPortalService  : tickle {"session":"c0618afb883e2575ac7a20852a4b9aee","ssoExpires":89835,"collission":false,"userId":50301190,"hmds":{"error":"no bridge"},"iserver":{"authStatus":{"authenticated":true,"established":true,"competing":false,"connected":true,"message":"","MAC":null,"serverInfo":{"serverName":"JifS09110","serverVersion":"Build 10.45.1a, Apr 22, 2026 1:39:05 PM"},"hardware_info":"22be35af|F4:03:43:DB:8E:10"}}}
23:00:41.097 INFO  vert.x-eventloop-thread-0 BaseServiceProxy     : -> GET /v1/api/tickle,200|139ms
23:00:41.099 DEBUG vert.x-eventloop-thread-0 ClientPortalService  : tickle {"session":"c0618afb883e2575ac7a20852a4b9aee","ssoExpires":59955,"collission":false,"userId":50301190,"hmds":{"error":"no bridge"},"iserver":{"authStatus":{"authenticated":true,"established":true,"competing":false,"connected":true,"message":"","MAC":null,"serverInfo":{"serverName":"JifS09110","serverVersion":"Build 10.45.1a, Apr 22, 2026 1:39:05 PM"},"hardware_info":"166e351b|F4:03:43:DB:8E:10"}}}
23:01:11.064 INFO  vert.x-eventloop-thread-0 BaseServiceProxy     : -> GET /v1/api/tickle,200|108ms
23:01:11.064 DEBUG vert.x-eventloop-thread-0 ClientPortalService  : tickle {"session":"c0618afb883e2575ac7a20852a4b9aee","ssoExpires":30004,"collission":false,"userId":50301190,"hmds":{"error":"no bridge"},"iserver":{"authStatus":{"authenticated":true,"established":true,"competing":false,"connected":true,"message":"","MAC":null,"serverInfo":{"serverName":"JifS09110","serverVersion":"Build 10.45.1a, Apr 22, 2026 1:39:05 PM"},"hardware_info":"37c8f7cb|F4:03:43:DB:8E:10"}}}
23:01:35.863 INFO  vert.x-eventloop-thread-0 BaseServiceProxy     : -> GET /sso/ping,200|293ms
23:01:35.864 INFO  vert.x-eventloop-thread-0 SsoService           : sso ping {"result": "true"}
23:01:41.054 INFO  vert.x-eventloop-thread-0 BaseServiceProxy     : -> GET /v1/api/tickle,200|98ms
23:01:41.055 DEBUG vert.x-eventloop-thread-0 ClientPortalService  : tickle {"session":"c0618afb883e2575ac7a20852a4b9aee","ssoExpires":600000,"collission":false,"userId":50301190,"hmds":{"error":"no bridge"},"iserver":{"authStatus":{"authenticated":true,"established":true,"competing":false,"connected":true,"message":"","MAC":null,"serverInfo":{"serverName":"JifS09110","serverVersion":"Build 10.45.1a, Apr 22, 2026 1:39:05 PM"},"hardware_info":"08250560|F4:03:43:DB:8E:10"}}}
23:02:11.078 INFO  vert.x-eventloop-thread-0 BaseServiceProxy     : -> GET /v1/api/tickle,200|123ms
23:02:11.080 DEBUG vert.x-eventloop-thread-0 ClientPortalService  : tickle {"session":"c0618afb883e2575ac7a20852a4b9aee","ssoExpires":570016,"collission":false,"userId":50301190,"hmds":{"error":"no bridge"},"iserver":{"authStatus":{"authenticated":true,"established":true,"competing":false,"connected":true,"message":"","MAC":null,"serverInfo":{"serverName":"JifS09110","serverVersion":"Build 10.45.1a, Apr 22, 2026 1:39:05 PM"},"hardware_info":"247ae25c|F4:03:43:DB:8E:10"}}}
23:02:41.070 INFO  vert.x-eventloop-thread-0 BaseServiceProxy     : -> GET /v1/api/tickle,200|116ms
23:02:41.072 DEBUG vert.x-eventloop-thread-0 ClientPortalService  : tickle {"session":"c0618afb883e2575ac7a20852a4b9aee","ssoExpires":540025,"collission":false,"userId":50301190,"hmds":{"error":"no bridge"},"iserver":{"authStatus":{"authenticated":true,"established":true,"competing":false,"connected":true,"message":"","MAC":null,"serverInfo":{"serverName":"JifS09110","serverVersion":"Build 10.45.1a, Apr 22, 2026 1:39:05 PM"},"hardware_info":"0a6c7435|F4:03:43:DB:8E:10"}}}
23:03:11.070 INFO  vert.x-eventloop-thread-0 BaseServiceProxy     : -> GET /v1/api/tickle,200|114ms
23:03:11.071 DEBUG vert.x-eventloop-thread-0 ClientPortalService  : tickle {"session":"c0618afb883e2575ac7a20852a4b9aee","ssoExpires":510011,"collission":false,"userId":50301190,"hmds":{"error":"no bridge"},"iserver":{"authStatus":{"authenticated":true,"established":true,"competing":false,"connected":true,"message":"","MAC":null,"serverInfo":{"serverName":"JifS09110","serverVersion":"Build 10.45.1a, Apr 22, 2026 1:39:05 PM"},"hardware_info":"2431c828|F4:03:43:DB:8E:10"}}}
23:03:41.026 INFO  vert.x-eventloop-thread-0 BaseServiceProxy     : -> GET /v1/api/tickle,200|70ms
23:03:41.027 DEBUG vert.x-eventloop-thread-0 ClientPortalService  : tickle {"session":"c0618afb883e2575ac7a20852a4b9aee","ssoExpires":480029,"collission":false,"userId":50301190,"hmds":{"error":"no bridge"},"iserver":{"authStatus":{"authenticated":true,"established":true,"competing":false,"connected":true,"message":"","MAC":null,"serverInfo":{"serverName":"JifS09110","serverVersion":"Build 10.45.1a, Apr 22, 2026 1:39:05 PM"},"hardware_info":"2fab1e1f|F4:03:43:DB:8E:10"}}}
23:04:11.107 INFO  vert.x-eventloop-thread-0 BaseServiceProxy     : -> GET /v1/api/tickle,200|152ms
23:04:11.108 DEBUG vert.x-eventloop-thread-0 ClientPortalService  : tickle {"session":"c0618afb883e2575ac7a20852a4b9aee","ssoExpires":450000,"collission":false,"userId":50301190,"hmds":{"error":"no bridge"},"iserver":{"authStatus":{"authenticated":true,"established":true,"competing":false,"connected":true,"message":"","MAC":null,"serverInfo":{"serverName":"JifS09110","serverVersion":"Build 10.45.1a, Apr 22, 2026 1:39:05 PM"},"hardware_info":"233afe6c|F4:03:43:DB:8E:10"}}}
23:04:41.047 INFO  vert.x-eventloop-thread-0 BaseServiceProxy     : -> GET /v1/api/tickle,200|91ms
23:04:41.048 DEBUG vert.x-eventloop-thread-0 ClientPortalService  : tickle {"session":"c0618afb883e2575ac7a20852a4b9aee","ssoExpires":420024,"collission":false,"userId":50301190,"hmds":{"error":"no bridge"},"iserver":{"authStatus":{"authenticated":true,"established":true,"competing":false,"connected":true,"message":"","MAC":null,"serverInfo":{"serverName":"JifS09110","serverVersion":"Build 10.45.1a, Apr 22, 2026 1:39:05 PM"},"hardware_info":"38373c1f|F4:03:43:DB:8E:10"}}}
23:05:11.258 INFO  vert.x-eventloop-thread-0 BaseServiceProxy     : -> GET /v1/api/tickle,200|303ms
23:05:11.258 DEBUG vert.x-eventloop-thread-0 ClientPortalService  : tickle {"session":"c0618afb883e2575ac7a20852a4b9aee","ssoExpires":389914,"collission":false,"userId":50301190,"hmds":{"error":"no bridge"},"iserver":{"authStatus":{"authenticated":true,"established":true,"competing":false,"connected":true,"message":"","MAC":null,"serverInfo":{"serverName":"JifS09110","serverVersion":"Build 10.45.1a, Apr 22, 2026 1:39:05 PM"},"hardware_info":"23e391e9|F4:03:43:DB:8E:10"}}}
23:05:41.198 INFO  vert.x-eventloop-thread-0 BaseServiceProxy     : -> GET /v1/api/tickle,200|242ms
23:05:41.200 DEBUG vert.x-eventloop-thread-0 ClientPortalService  : tickle {"session":"c0618afb883e2575ac7a20852a4b9aee","ssoExpires":359858,"collission":false,"userId":50301190,"hmds":{"error":"no bridge"},"iserver":{"authStatus":{"authenticated":true,"established":true,"competing":false,"connected":true,"message":"","MAC":null,"serverInfo":{"serverName":"JifS09110","serverVersion":"Build 10.45.1a, Apr 22, 2026 1:39:05 PM"},"hardware_info":"281e1664|F4:03:43:DB:8E:10"}}}
23:06:11.044 INFO  vert.x-eventloop-thread-0 BaseServiceProxy     : -> GET /v1/api/tickle,200|89ms
23:06:11.045 DEBUG vert.x-eventloop-thread-0 ClientPortalService  : tickle {"session":"c0618afb883e2575ac7a20852a4b9aee","ssoExpires":330008,"collission":false,"userId":50301190,"hmds":{"error":"no bridge"},"iserver":{"authStatus":{"authenticated":true,"established":true,"competing":false,"connected":true,"message":"","MAC":null,"serverInfo":{"serverName":"JifS09110","serverVersion":"Build 10.45.1a, Apr 22, 2026 1:39:05 PM"},"hardware_info":"253fd0d9|F4:03:43:DB:8E:10"}}}
23:06:35.943 INFO  vert.x-eventloop-thread-0 BaseServiceProxy     : -> GET /sso/ping,200|374ms
23:06:35.945 INFO  vert.x-eventloop-thread-0 SsoService           : sso ping {"result": "true"}
23:06:41.046 INFO  vert.x-eventloop-thread-0 BaseServiceProxy     : -> GET /v1/api/tickle,200|92ms
23:06:41.047 DEBUG vert.x-eventloop-thread-0 ClientPortalService  : tickle {"session":"c0618afb883e2575ac7a20852a4b9aee","ssoExpires":300032,"collission":false,"userId":50301190,"hmds":{"error":"no bridge"},"iserver":{"authStatus":{"authenticated":true,"established":true,"competing":false,"connected":true,"message":"","MAC":null,"serverInfo":{"serverName":"JifS09110","serverVersion":"Build 10.45.1a, Apr 22, 2026 1:39:05 PM"},"hardware_info":"1f592171|F4:03:43:DB:8E:10"}}}
23:07:11.579 INFO  vert.x-eventloop-thread-0 BaseServiceProxy     : -> GET /v1/api/tickle,200|623ms
23:07:11.580 DEBUG vert.x-eventloop-thread-0 ClientPortalService  : tickle {"session":"c0618afb883e2575ac7a20852a4b9aee","ssoExpires":269600,"collission":false,"userId":50301190,"hmds":{"error":"no bridge"},"iserver":{"authStatus":{"authenticated":true,"established":true,"competing":false,"connected":true,"message":"","MAC":null,"serverInfo":{"serverName":"JifS09110","serverVersion":"Build 10.45.1a, Apr 22, 2026 1:39:05 PM"},"hardware_info":"1ae2d4d3|F4:03:43:DB:8E:10"}}}
23:07:41.077 INFO  vert.x-eventloop-thread-0 BaseServiceProxy     : -> GET /v1/api/tickle,200|122ms
23:07:41.078 DEBUG vert.x-eventloop-thread-0 ClientPortalService  : tickle {"session":"c0618afb883e2575ac7a20852a4b9aee","ssoExpires":240008,"collission":false,"userId":50301190,"hmds":{"error":"no bridge"},"iserver":{"authStatus":{"authenticated":true,"established":true,"competing":false,"connected":true,"message":"","MAC":null,"serverInfo":{"serverName":"JifS09110","serverVersion":"Build 10.45.1a, Apr 22, 2026 1:39:05 PM"},"hardware_info":"39d654fc|F4:03:43:DB:8E:10"}}}
23:08:11.208 INFO  vert.x-eventloop-thread-0 BaseServiceProxy     : -> GET /v1/api/tickle,200|253ms
23:08:11.210 DEBUG vert.x-eventloop-thread-0 ClientPortalService  : tickle {"session":"c0618afb883e2575ac7a20852a4b9aee","ssoExpires":209869,"collission":false,"userId":50301190,"hmds":{"error":"no bridge"},"iserver":{"authStatus":{"authenticated":true,"established":true,"competing":false,"connected":true,"message":"","MAC":null,"serverInfo":{"serverName":"JifS09110","serverVersion":"Build 10.45.1a, Apr 22, 2026 1:39:05 PM"},"hardware_info":"2a5ea1db|F4:03:43:DB:8E:10"}}}
23:08:41.039 INFO  vert.x-eventloop-thread-0 BaseServiceProxy     : -> GET /v1/api/tickle,200|85ms
23:08:41.040 DEBUG vert.x-eventloop-thread-0 ClientPortalService  : tickle {"session":"c0618afb883e2575ac7a20852a4b9aee","ssoExpires":180026,"collission":false,"userId":50301190,"hmds":{"error":"no bridge"},"iserver":{"authStatus":{"authenticated":true,"established":true,"competing":false,"connected":true,"message":"","MAC":null,"serverInfo":{"serverName":"JifS09110","serverVersion":"Build 10.45.1a, Apr 22, 2026 1:39:05 PM"},"hardware_info":"207db1f8|F4:03:43:DB:8E:10"}}}
23:09:11.207 INFO  vert.x-eventloop-thread-0 BaseServiceProxy     : -> GET /v1/api/tickle,200|252ms
23:09:11.209 DEBUG vert.x-eventloop-thread-0 ClientPortalService  : tickle {"session":"c0618afb883e2575ac7a20852a4b9aee","ssoExpires":149873,"collission":false,"userId":50301190,"hmds":{"error":"no bridge"},"iserver":{"authStatus":{"authenticated":true,"established":true,"competing":false,"connected":true,"message":"","MAC":null,"serverInfo":{"serverName":"JifS09110","serverVersion":"Build 10.45.1a, Apr 22, 2026 1:39:05 PM"},"hardware_info":"4105ab31|F4:03:43:DB:8E:10"}}}
23:09:41.053 INFO  vert.x-eventloop-thread-0 BaseServiceProxy     : -> GET /v1/api/tickle,200|97ms
23:09:41.055 DEBUG vert.x-eventloop-thread-0 ClientPortalService  : tickle {"session":"c0618afb883e2575ac7a20852a4b9aee","ssoExpires":119999,"collission":false,"userId":50301190,"hmds":{"error":"no bridge"},"iserver":{"authStatus":{"authenticated":true,"established":true,"competing":false,"connected":true,"message":"","MAC":null,"serverInfo":{"serverName":"JifS09110","serverVersion":"Build 10.45.1a, Apr 22, 2026 1:39:05 PM"},"hardware_info":"259b6e0a|F4:03:43:DB:8E:10"}}}
23:10:11.144 INFO  vert.x-eventloop-thread-0 BaseServiceProxy     : -> GET /v1/api/tickle,200|190ms
23:10:11.145 DEBUG vert.x-eventloop-thread-0 ClientPortalService  : tickle {"session":"c0618afb883e2575ac7a20852a4b9aee","ssoExpires":89943,"collission":false,"userId":50301190,"hmds":{"error":"no bridge"},"iserver":{"authStatus":{"authenticated":true,"established":true,"competing":false,"connected":true,"message":"","MAC":null,"serverInfo":{"serverName":"JifS09110","serverVersion":"Build 10.45.1a, Apr 22, 2026 1:39:05 PM"},"hardware_info":"2a224ed4|F4:03:43:DB:8E:10"}}}
23:10:41.022 INFO  vert.x-eventloop-thread-0 BaseServiceProxy     : -> GET /v1/api/tickle,200|67ms
23:10:41.023 DEBUG vert.x-eventloop-thread-0 ClientPortalService  : tickle {"session":"c0618afb883e2575ac7a20852a4b9aee","ssoExpires":60026,"collission":false,"userId":50301190,"hmds":{"error":"no bridge"},"iserver":{"authStatus":{"authenticated":true,"established":true,"competing":false,"connected":true,"message":"","MAC":null,"serverInfo":{"serverName":"JifS09110","serverVersion":"Build 10.45.1a, Apr 22, 2026 1:39:05 PM"},"hardware_info":"36f35978|F4:03:43:DB:8E:10"}}}
23:11:05.608 INFO  vert.x-eventloop-thread-0 BaseServiceProxy     : -> GET /v1/api/logout,200|83ms
23:11:10.168 ERROR vert.x-eventloop-thread-0 ConnectionBase       : java.net.SocketException: Connection reset
23:11:10.169 ERROR vert.x-eventloop-thread-0 ConnectionBase       : java.net.SocketException: Connection reset
23:11:10.170 ERROR vert.x-eventloop-thread-0 ConnectionBase       : java.net.SocketException: Connection reset
23:11:10.170 ERROR vert.x-eventloop-thread-0 ConnectionBase       : java.net.SocketException: Connection reset
23:11:10.176 ERROR vert.x-eventloop-thread-0 ConnectionBase       : java.net.SocketException: Connection reset
23:11:10.176 ERROR vert.x-eventloop-thread-0 ConnectionBase       : java.net.SocketException: Connection reset
