12:33:20.154 INFO  main GatewayStart         : config ../root/conf.yaml !!ibgroup.web.core.clientportal.gw.Config
authDelay: 3000
ccp: false
cors: {origin.allowed: '*', allowCredentials: false}
ip2loc: US
ips:
  allow: [192.*, 131.216.*, 127.0.0.1]
  deny: [212.90.324.10]
listenPort: 8080
listenSsl: true
portalBaseURL: ''
proxyRemoteHost: https://api.ibkr.com
proxyRemoteSsl: true
sslCert: vertx.jks
sslPwd: mywebapi
ssoPing: 5
svcEnvironment: v1
tst: false
twsBaseURL: /tws.proxy
webApps:
- {cache: true, index: index.html, listing: false, name: demo, proxy: ''}

12:33:20.275 INFO  vert.x-eventloop-thread-0 GatewayHttpProxy     :  -> mount demo on /demo
12:33:20.286 INFO  vert.x-eventloop-thread-0 GatewayVerticle      : version: a27ed42161ad96c53e715ca5c5e3e3fa4cff5262 Mon, 24 Apr 2023 15:41:53 -0400
12:33:20.286 INFO  vert.x-eventloop-thread-0 GatewayVerticle      : Java Version: 17.0.10
12:33:20.724 WARN  vert.x-eventloop-thread-0 DefaultChannelPipeline : An exceptionCaught() event was fired, and it reached at the tail of the pipeline. It usually means the last handler in the pipeline did not handle the exception.
io.netty.handler.codec.DecoderException: javax.net.ssl.SSLHandshakeException: Received fatal alert: certificate_unknown
	at io.netty.handler.codec.ByteToMessageDecoder.callDecode(ByteToMessageDecoder.java:459)
	at io.netty.handler.codec.ByteToMessageDecoder.channelRead(ByteToMessageDecoder.java:265)
	at io.netty.channel.AbstractChannelHandlerContext.invokeChannelRead(AbstractChannelHandlerContext.java:362)
	at io.netty.channel.AbstractChannelHandlerContext.invokeChannelRead(AbstractChannelHandlerContext.java:348)
	at io.netty.channel.AbstractChannelHandlerContext.fireChannelRead(AbstractChannelHandlerContext.java:340)
	at io.netty.channel.DefaultChannelPipeline$HeadContext.channelRead(DefaultChannelPipeline.java:1359)
	at io.netty.channel.AbstractChannelHandlerContext.invokeChannelRead(AbstractChannelHandlerContext.java:362)
	at io.netty.channel.AbstractChannelHandlerContext.invokeChannelRead(AbstractChannelHandlerContext.java:348)
	at io.netty.channel.DefaultChannelPipeline.fireChannelRead(DefaultChannelPipeline.java:935)
	at io.netty.channel.nio.AbstractNioByteChannel$NioByteUnsafe.read(AbstractNioByteChannel.java:134)
	at io.netty.channel.nio.NioEventLoop.processSelectedKey(NioEventLoop.java:645)
	at io.netty.channel.nio.NioEventLoop.processSelectedKeysPlain(NioEventLoop.java:545)
	at io.netty.channel.nio.NioEventLoop.processSelectedKeys(NioEventLoop.java:499)
	at io.netty.channel.nio.NioEventLoop.run(NioEventLoop.java:459)
	at io.netty.util.concurrent.SingleThreadEventExecutor$5.run(SingleThreadEventExecutor.java:858)
	at java.base/java.lang.Thread.run(Thread.java:842)
Caused by: javax.net.ssl.SSLHandshakeException: Received fatal alert: certificate_unknown
	at java.base/sun.security.ssl.Alert.createSSLException(Alert.java:131)
	at java.base/sun.security.ssl.Alert.createSSLException(Alert.java:117)
	at java.base/sun.security.ssl.TransportContext.fatal(TransportContext.java:365)
	at java.base/sun.security.ssl.Alert$AlertConsumer.consume(Alert.java:293)
	at java.base/sun.security.ssl.TransportContext.dispatch(TransportContext.java:204)
	at java.base/sun.security.ssl.SSLTransport.decode(SSLTransport.java:172)
	at java.base/sun.security.ssl.SSLEngineImpl.decode(SSLEngineImpl.java:736)
	at java.base/sun.security.ssl.SSLEngineImpl.readRecord(SSLEngineImpl.java:691)
	at java.base/sun.security.ssl.SSLEngineImpl.unwrap(SSLEngineImpl.java:506)
	at java.base/sun.security.ssl.SSLEngineImpl.unwrap(SSLEngineImpl.java:482)
	at java.base/javax.net.ssl.SSLEngine.unwrap(SSLEngine.java:679)
	at io.netty.handler.ssl.SslHandler$SslEngineType$3.unwrap(SslHandler.java:281)
	at io.netty.handler.ssl.SslHandler.unwrap(SslHandler.java:1215)
	at io.netty.handler.ssl.SslHandler.decodeJdkCompatible(SslHandler.java:1127)
	at io.netty.handler.ssl.SslHandler.decode(SslHandler.java:1162)
	at io.netty.handler.codec.ByteToMessageDecoder.decodeRemovalReentryProtection(ByteToMessageDecoder.java:489)
	at io.netty.handler.codec.ByteToMessageDecoder.callDecode(ByteToMessageDecoder.java:428)
	... 15 common frames omitted
12:33:20.738 WARN  vert.x-eventloop-thread-0 DefaultChannelPipeline : An exceptionCaught() event was fired, and it reached at the tail of the pipeline. It usually means the last handler in the pipeline did not handle the exception.
io.netty.handler.codec.DecoderException: javax.net.ssl.SSLHandshakeException: Received fatal alert: certificate_unknown
	at io.netty.handler.codec.ByteToMessageDecoder.callDecode(ByteToMessageDecoder.java:459)
	at io.netty.handler.codec.ByteToMessageDecoder.channelRead(ByteToMessageDecoder.java:265)
	at io.netty.channel.AbstractChannelHandlerContext.invokeChannelRead(AbstractChannelHandlerContext.java:362)
	at io.netty.channel.AbstractChannelHandlerContext.invokeChannelRead(AbstractChannelHandlerContext.java:348)
	at io.netty.channel.AbstractChannelHandlerContext.fireChannelRead(AbstractChannelHandlerContext.java:340)
	at io.netty.channel.DefaultChannelPipeline$HeadContext.channelRead(DefaultChannelPipeline.java:1359)
	at io.netty.channel.AbstractChannelHandlerContext.invokeChannelRead(AbstractChannelHandlerContext.java:362)
	at io.netty.channel.AbstractChannelHandlerContext.invokeChannelRead(AbstractChannelHandlerContext.java:348)
	at io.netty.channel.DefaultChannelPipeline.fireChannelRead(DefaultChannelPipeline.java:935)
	at io.netty.channel.nio.AbstractNioByteChannel$NioByteUnsafe.read(AbstractNioByteChannel.java:134)
	at io.netty.channel.nio.NioEventLoop.processSelectedKey(NioEventLoop.java:645)
	at io.netty.channel.nio.NioEventLoop.processSelectedKeysPlain(NioEventLoop.java:545)
	at io.netty.channel.nio.NioEventLoop.processSelectedKeys(NioEventLoop.java:499)
	at io.netty.channel.nio.NioEventLoop.run(NioEventLoop.java:459)
	at io.netty.util.concurrent.SingleThreadEventExecutor$5.run(SingleThreadEventExecutor.java:858)
	at java.base/java.lang.Thread.run(Thread.java:842)
Caused by: javax.net.ssl.SSLHandshakeException: Received fatal alert: certificate_unknown
	at java.base/sun.security.ssl.Alert.createSSLException(Alert.java:131)
	at java.base/sun.security.ssl.Alert.createSSLException(Alert.java:117)
	at java.base/sun.security.ssl.TransportContext.fatal(TransportContext.java:365)
	at java.base/sun.security.ssl.Alert$AlertConsumer.consume(Alert.java:293)
	at java.base/sun.security.ssl.TransportContext.dispatch(TransportContext.java:204)
	at java.base/sun.security.ssl.SSLTransport.decode(SSLTransport.java:172)
	at java.base/sun.security.ssl.SSLEngineImpl.decode(SSLEngineImpl.java:736)
	at java.base/sun.security.ssl.SSLEngineImpl.readRecord(SSLEngineImpl.java:691)
	at java.base/sun.security.ssl.SSLEngineImpl.unwrap(SSLEngineImpl.java:506)
	at java.base/sun.security.ssl.SSLEngineImpl.unwrap(SSLEngineImpl.java:482)
	at java.base/javax.net.ssl.SSLEngine.unwrap(SSLEngine.java:679)
	at io.netty.handler.ssl.SslHandler$SslEngineType$3.unwrap(SslHandler.java:281)
	at io.netty.handler.ssl.SslHandler.unwrap(SslHandler.java:1215)
	at io.netty.handler.ssl.SslHandler.decodeJdkCompatible(SslHandler.java:1127)
	at io.netty.handler.ssl.SslHandler.decode(SslHandler.java:1162)
	at io.netty.handler.codec.ByteToMessageDecoder.decodeRemovalReentryProtection(ByteToMessageDecoder.java:489)
	at io.netty.handler.codec.ByteToMessageDecoder.callDecode(ByteToMessageDecoder.java:428)
	... 15 common frames omitted
12:33:21.209 INFO  vert.x-eventloop-thread-0 BaseServiceProxy     : -> GET /sso/Login?forwardTo=22&RL=1&ip2loc=US,200|430ms
12:33:21.209 INFO  vert.x-eventloop-thread-0 CookieManager        : set cookies [partnerID=""; Domain=.ibkr.com; Expires=Thu, 01 Jan 1970 00:00:10 GMT; Path=/;Secure;SameSite=None, partnerID=""; Domain=.ibkr.com; Expires=Thu, 01 Jan 1970 00:00:10 GMT; Path=/;Secure;SameSite=None, URL_PARAM=forwardTo%3D22&RL%3D1&ip2loc%3DUS; Domain=.ibkr.com; Path=/;Secure, JSESSIONID=395C22C7EB6D768AE421F8451A1BED6B.ny5wwwdam3-internet; Path=/sso; HttpOnly;Secure;SameSite=None, x-sess-uuid=0.5540df6f.1777178000.413ec32; secure; HttpOnly]
12:33:21.210 DEBUG vert.x-eventloop-thread-0 BaseServiceProxy     : Remapping Set-cookies [partnerID=""; Domain=.ibkr.com; Expires=Thu, 01 Jan 1970 00:00:10 GMT; Path=/;Secure;SameSite=None, partnerID=""; Domain=.ibkr.com; Expires=Thu, 01 Jan 1970 00:00:10 GMT; Path=/;Secure;SameSite=None, URL_PARAM=forwardTo%3D22&RL%3D1&ip2loc%3DUS; Domain=.ibkr.com; Path=/;Secure, JSESSIONID=395C22C7EB6D768AE421F8451A1BED6B.ny5wwwdam3-internet; Path=/sso; HttpOnly;Secure;SameSite=None, x-sess-uuid=0.5540df6f.1777178000.413ec32; secure; HttpOnly] -> 
12:33:21.266 WARN  vert.x-eventloop-thread-0 DefaultChannelPipeline : An exceptionCaught() event was fired, and it reached at the tail of the pipeline. It usually means the last handler in the pipeline did not handle the exception.
io.netty.handler.codec.DecoderException: javax.net.ssl.SSLHandshakeException: Received fatal alert: certificate_unknown
	at io.netty.handler.codec.ByteToMessageDecoder.callDecode(ByteToMessageDecoder.java:459)
	at io.netty.handler.codec.ByteToMessageDecoder.channelRead(ByteToMessageDecoder.java:265)
	at io.netty.channel.AbstractChannelHandlerContext.invokeChannelRead(AbstractChannelHandlerContext.java:362)
	at io.netty.channel.AbstractChannelHandlerContext.invokeChannelRead(AbstractChannelHandlerContext.java:348)
	at io.netty.channel.AbstractChannelHandlerContext.fireChannelRead(AbstractChannelHandlerContext.java:340)
	at io.netty.channel.DefaultChannelPipeline$HeadContext.channelRead(DefaultChannelPipeline.java:1359)
	at io.netty.channel.AbstractChannelHandlerContext.invokeChannelRead(AbstractChannelHandlerContext.java:362)
	at io.netty.channel.AbstractChannelHandlerContext.invokeChannelRead(AbstractChannelHandlerContext.java:348)
	at io.netty.channel.DefaultChannelPipeline.fireChannelRead(DefaultChannelPipeline.java:935)
	at io.netty.channel.nio.AbstractNioByteChannel$NioByteUnsafe.read(AbstractNioByteChannel.java:134)
	at io.netty.channel.nio.NioEventLoop.processSelectedKey(NioEventLoop.java:645)
	at io.netty.channel.nio.NioEventLoop.processSelectedKeysPlain(NioEventLoop.java:545)
	at io.netty.channel.nio.NioEventLoop.processSelectedKeys(NioEventLoop.java:499)
	at io.netty.channel.nio.NioEventLoop.run(NioEventLoop.java:459)
	at io.netty.util.concurrent.SingleThreadEventExecutor$5.run(SingleThreadEventExecutor.java:858)
	at java.base/java.lang.Thread.run(Thread.java:842)
Caused by: javax.net.ssl.SSLHandshakeException: Received fatal alert: certificate_unknown
	at java.base/sun.security.ssl.Alert.createSSLException(Alert.java:131)
	at java.base/sun.security.ssl.Alert.createSSLException(Alert.java:117)
	at java.base/sun.security.ssl.TransportContext.fatal(TransportContext.java:365)
	at java.base/sun.security.ssl.Alert$AlertConsumer.consume(Alert.java:293)
	at java.base/sun.security.ssl.TransportContext.dispatch(TransportContext.java:204)
	at java.base/sun.security.ssl.SSLTransport.decode(SSLTransport.java:172)
	at java.base/sun.security.ssl.SSLEngineImpl.decode(SSLEngineImpl.java:736)
	at java.base/sun.security.ssl.SSLEngineImpl.readRecord(SSLEngineImpl.java:691)
	at java.base/sun.security.ssl.SSLEngineImpl.unwrap(SSLEngineImpl.java:506)
	at java.base/sun.security.ssl.SSLEngineImpl.unwrap(SSLEngineImpl.java:482)
	at java.base/javax.net.ssl.SSLEngine.unwrap(SSLEngine.java:679)
	at io.netty.handler.ssl.SslHandler$SslEngineType$3.unwrap(SslHandler.java:281)
	at io.netty.handler.ssl.SslHandler.unwrap(SslHandler.java:1215)
	at io.netty.handler.ssl.SslHandler.decodeJdkCompatible(SslHandler.java:1127)
	at io.netty.handler.ssl.SslHandler.decode(SslHandler.java:1162)
	at io.netty.handler.codec.ByteToMessageDecoder.decodeRemovalReentryProtection(ByteToMessageDecoder.java:489)
	at io.netty.handler.codec.ByteToMessageDecoder.callDecode(ByteToMessageDecoder.java:428)
	... 15 common frames omitted
12:33:21.266 WARN  vert.x-eventloop-thread-0 DefaultChannelPipeline : An exceptionCaught() event was fired, and it reached at the tail of the pipeline. It usually means the last handler in the pipeline did not handle the exception.
io.netty.handler.codec.DecoderException: javax.net.ssl.SSLHandshakeException: Received fatal alert: certificate_unknown
	at io.netty.handler.codec.ByteToMessageDecoder.callDecode(ByteToMessageDecoder.java:459)
	at io.netty.handler.codec.ByteToMessageDecoder.channelRead(ByteToMessageDecoder.java:265)
	at io.netty.channel.AbstractChannelHandlerContext.invokeChannelRead(AbstractChannelHandlerContext.java:362)
	at io.netty.channel.AbstractChannelHandlerContext.invokeChannelRead(AbstractChannelHandlerContext.java:348)
	at io.netty.channel.AbstractChannelHandlerContext.fireChannelRead(AbstractChannelHandlerContext.java:340)
	at io.netty.channel.DefaultChannelPipeline$HeadContext.channelRead(DefaultChannelPipeline.java:1359)
	at io.netty.channel.AbstractChannelHandlerContext.invokeChannelRead(AbstractChannelHandlerContext.java:362)
	at io.netty.channel.AbstractChannelHandlerContext.invokeChannelRead(AbstractChannelHandlerContext.java:348)
	at io.netty.channel.DefaultChannelPipeline.fireChannelRead(DefaultChannelPipeline.java:935)
	at io.netty.channel.nio.AbstractNioByteChannel$NioByteUnsafe.read(AbstractNioByteChannel.java:134)
	at io.netty.channel.nio.NioEventLoop.processSelectedKey(NioEventLoop.java:645)
	at io.netty.channel.nio.NioEventLoop.processSelectedKeysPlain(NioEventLoop.java:545)
	at io.netty.channel.nio.NioEventLoop.processSelectedKeys(NioEventLoop.java:499)
	at io.netty.channel.nio.NioEventLoop.run(NioEventLoop.java:459)
	at io.netty.util.concurrent.SingleThreadEventExecutor$5.run(SingleThreadEventExecutor.java:858)
	at java.base/java.lang.Thread.run(Thread.java:842)
Caused by: javax.net.ssl.SSLHandshakeException: Received fatal alert: certificate_unknown
	at java.base/sun.security.ssl.Alert.createSSLException(Alert.java:131)
	at java.base/sun.security.ssl.Alert.createSSLException(Alert.java:117)
	at java.base/sun.security.ssl.TransportContext.fatal(TransportContext.java:365)
	at java.base/sun.security.ssl.Alert$AlertConsumer.consume(Alert.java:293)
	at java.base/sun.security.ssl.TransportContext.dispatch(TransportContext.java:204)
	at java.base/sun.security.ssl.SSLTransport.decode(SSLTransport.java:172)
	at java.base/sun.security.ssl.SSLEngineImpl.decode(SSLEngineImpl.java:736)
	at java.base/sun.security.ssl.SSLEngineImpl.readRecord(SSLEngineImpl.java:691)
	at java.base/sun.security.ssl.SSLEngineImpl.unwrap(SSLEngineImpl.java:506)
	at java.base/sun.security.ssl.SSLEngineImpl.unwrap(SSLEngineImpl.java:482)
	at java.base/javax.net.ssl.SSLEngine.unwrap(SSLEngine.java:679)
	at io.netty.handler.ssl.SslHandler$SslEngineType$3.unwrap(SslHandler.java:281)
	at io.netty.handler.ssl.SslHandler.unwrap(SslHandler.java:1215)
	at io.netty.handler.ssl.SslHandler.decodeJdkCompatible(SslHandler.java:1127)
	at io.netty.handler.ssl.SslHandler.decode(SslHandler.java:1162)
	at io.netty.handler.codec.ByteToMessageDecoder.decodeRemovalReentryProtection(ByteToMessageDecoder.java:489)
	at io.netty.handler.codec.ByteToMessageDecoder.callDecode(ByteToMessageDecoder.java:428)
	... 15 common frames omitted
12:33:21.266 WARN  vert.x-eventloop-thread-0 DefaultChannelPipeline : An exceptionCaught() event was fired, and it reached at the tail of the pipeline. It usually means the last handler in the pipeline did not handle the exception.
io.netty.handler.codec.DecoderException: javax.net.ssl.SSLHandshakeException: Received fatal alert: certificate_unknown
	at io.netty.handler.codec.ByteToMessageDecoder.callDecode(ByteToMessageDecoder.java:459)
	at io.netty.handler.codec.ByteToMessageDecoder.channelRead(ByteToMessageDecoder.java:265)
	at io.netty.channel.AbstractChannelHandlerContext.invokeChannelRead(AbstractChannelHandlerContext.java:362)
	at io.netty.channel.AbstractChannelHandlerContext.invokeChannelRead(AbstractChannelHandlerContext.java:348)
	at io.netty.channel.AbstractChannelHandlerContext.fireChannelRead(AbstractChannelHandlerContext.java:340)
	at io.netty.channel.DefaultChannelPipeline$HeadContext.channelRead(DefaultChannelPipeline.java:1359)
	at io.netty.channel.AbstractChannelHandlerContext.invokeChannelRead(AbstractChannelHandlerContext.java:362)
	at io.netty.channel.AbstractChannelHandlerContext.invokeChannelRead(AbstractChannelHandlerContext.java:348)
	at io.netty.channel.DefaultChannelPipeline.fireChannelRead(DefaultChannelPipeline.java:935)
	at io.netty.channel.nio.AbstractNioByteChannel$NioByteUnsafe.read(AbstractNioByteChannel.java:134)
	at io.netty.channel.nio.NioEventLoop.processSelectedKey(NioEventLoop.java:645)
	at io.netty.channel.nio.NioEventLoop.processSelectedKeysPlain(NioEventLoop.java:545)
	at io.netty.channel.nio.NioEventLoop.processSelectedKeys(NioEventLoop.java:499)
	at io.netty.channel.nio.NioEventLoop.run(NioEventLoop.java:459)
	at io.netty.util.concurrent.SingleThreadEventExecutor$5.run(SingleThreadEventExecutor.java:858)
	at java.base/java.lang.Thread.run(Thread.java:842)
Caused by: javax.net.ssl.SSLHandshakeException: Received fatal alert: certificate_unknown
	at java.base/sun.security.ssl.Alert.createSSLException(Alert.java:131)
	at java.base/sun.security.ssl.Alert.createSSLException(Alert.java:117)
	at java.base/sun.security.ssl.TransportContext.fatal(TransportContext.java:365)
	at java.base/sun.security.ssl.Alert$AlertConsumer.consume(Alert.java:293)
	at java.base/sun.security.ssl.TransportContext.dispatch(TransportContext.java:204)
	at java.base/sun.security.ssl.SSLTransport.decode(SSLTransport.java:172)
	at java.base/sun.security.ssl.SSLEngineImpl.decode(SSLEngineImpl.java:736)
	at java.base/sun.security.ssl.SSLEngineImpl.readRecord(SSLEngineImpl.java:691)
	at java.base/sun.security.ssl.SSLEngineImpl.unwrap(SSLEngineImpl.java:506)
	at java.base/sun.security.ssl.SSLEngineImpl.unwrap(SSLEngineImpl.java:482)
	at java.base/javax.net.ssl.SSLEngine.unwrap(SSLEngine.java:679)
	at io.netty.handler.ssl.SslHandler$SslEngineType$3.unwrap(SslHandler.java:281)
	at io.netty.handler.ssl.SslHandler.unwrap(SslHandler.java:1215)
	at io.netty.handler.ssl.SslHandler.decodeJdkCompatible(SslHandler.java:1127)
	at io.netty.handler.ssl.SslHandler.decode(SslHandler.java:1162)
	at io.netty.handler.codec.ByteToMessageDecoder.decodeRemovalReentryProtection(ByteToMessageDecoder.java:489)
	at io.netty.handler.codec.ByteToMessageDecoder.callDecode(ByteToMessageDecoder.java:428)
	... 15 common frames omitted
12:33:21.268 WARN  vert.x-eventloop-thread-0 DefaultChannelPipeline : An exceptionCaught() event was fired, and it reached at the tail of the pipeline. It usually means the last handler in the pipeline did not handle the exception.
io.netty.handler.codec.DecoderException: javax.net.ssl.SSLHandshakeException: Received fatal alert: certificate_unknown
	at io.netty.handler.codec.ByteToMessageDecoder.callDecode(ByteToMessageDecoder.java:459)
	at io.netty.handler.codec.ByteToMessageDecoder.channelRead(ByteToMessageDecoder.java:265)
	at io.netty.channel.AbstractChannelHandlerContext.invokeChannelRead(AbstractChannelHandlerContext.java:362)
	at io.netty.channel.AbstractChannelHandlerContext.invokeChannelRead(AbstractChannelHandlerContext.java:348)
	at io.netty.channel.AbstractChannelHandlerContext.fireChannelRead(AbstractChannelHandlerContext.java:340)
	at io.netty.channel.DefaultChannelPipeline$HeadContext.channelRead(DefaultChannelPipeline.java:1359)
	at io.netty.channel.AbstractChannelHandlerContext.invokeChannelRead(AbstractChannelHandlerContext.java:362)
	at io.netty.channel.AbstractChannelHandlerContext.invokeChannelRead(AbstractChannelHandlerContext.java:348)
	at io.netty.channel.DefaultChannelPipeline.fireChannelRead(DefaultChannelPipeline.java:935)
	at io.netty.channel.nio.AbstractNioByteChannel$NioByteUnsafe.read(AbstractNioByteChannel.java:134)
	at io.netty.channel.nio.NioEventLoop.processSelectedKey(NioEventLoop.java:645)
	at io.netty.channel.nio.NioEventLoop.processSelectedKeysPlain(NioEventLoop.java:545)
	at io.netty.channel.nio.NioEventLoop.processSelectedKeys(NioEventLoop.java:499)
	at io.netty.channel.nio.NioEventLoop.run(NioEventLoop.java:459)
	at io.netty.util.concurrent.SingleThreadEventExecutor$5.run(SingleThreadEventExecutor.java:858)
	at java.base/java.lang.Thread.run(Thread.java:842)
Caused by: javax.net.ssl.SSLHandshakeException: Received fatal alert: certificate_unknown
	at java.base/sun.security.ssl.Alert.createSSLException(Alert.java:131)
	at java.base/sun.security.ssl.Alert.createSSLException(Alert.java:117)
	at java.base/sun.security.ssl.TransportContext.fatal(TransportContext.java:365)
	at java.base/sun.security.ssl.Alert$AlertConsumer.consume(Alert.java:293)
	at java.base/sun.security.ssl.TransportContext.dispatch(TransportContext.java:204)
	at java.base/sun.security.ssl.SSLTransport.decode(SSLTransport.java:172)
	at java.base/sun.security.ssl.SSLEngineImpl.decode(SSLEngineImpl.java:736)
	at java.base/sun.security.ssl.SSLEngineImpl.readRecord(SSLEngineImpl.java:691)
	at java.base/sun.security.ssl.SSLEngineImpl.unwrap(SSLEngineImpl.java:506)
	at java.base/sun.security.ssl.SSLEngineImpl.unwrap(SSLEngineImpl.java:482)
	at java.base/javax.net.ssl.SSLEngine.unwrap(SSLEngine.java:679)
	at io.netty.handler.ssl.SslHandler$SslEngineType$3.unwrap(SslHandler.java:281)
	at io.netty.handler.ssl.SslHandler.unwrap(SslHandler.java:1215)
	at io.netty.handler.ssl.SslHandler.decodeJdkCompatible(SslHandler.java:1127)
	at io.netty.handler.ssl.SslHandler.decode(SslHandler.java:1162)
	at io.netty.handler.codec.ByteToMessageDecoder.decodeRemovalReentryProtection(ByteToMessageDecoder.java:489)
	at io.netty.handler.codec.ByteToMessageDecoder.callDecode(ByteToMessageDecoder.java:428)
	... 15 common frames omitted
12:33:21.273 WARN  vert.x-eventloop-thread-0 DefaultChannelPipeline : An exceptionCaught() event was fired, and it reached at the tail of the pipeline. It usually means the last handler in the pipeline did not handle the exception.
io.netty.handler.codec.DecoderException: javax.net.ssl.SSLHandshakeException: Received fatal alert: certificate_unknown
	at io.netty.handler.codec.ByteToMessageDecoder.callDecode(ByteToMessageDecoder.java:459)
	at io.netty.handler.codec.ByteToMessageDecoder.channelRead(ByteToMessageDecoder.java:265)
	at io.netty.channel.AbstractChannelHandlerContext.invokeChannelRead(AbstractChannelHandlerContext.java:362)
	at io.netty.channel.AbstractChannelHandlerContext.invokeChannelRead(AbstractChannelHandlerContext.java:348)
	at io.netty.channel.AbstractChannelHandlerContext.fireChannelRead(AbstractChannelHandlerContext.java:340)
	at io.netty.channel.DefaultChannelPipeline$HeadContext.channelRead(DefaultChannelPipeline.java:1359)
	at io.netty.channel.AbstractChannelHandlerContext.invokeChannelRead(AbstractChannelHandlerContext.java:362)
	at io.netty.channel.AbstractChannelHandlerContext.invokeChannelRead(AbstractChannelHandlerContext.java:348)
	at io.netty.channel.DefaultChannelPipeline.fireChannelRead(DefaultChannelPipeline.java:935)
	at io.netty.channel.nio.AbstractNioByteChannel$NioByteUnsafe.read(AbstractNioByteChannel.java:134)
	at io.netty.channel.nio.NioEventLoop.processSelectedKey(NioEventLoop.java:645)
	at io.netty.channel.nio.NioEventLoop.processSelectedKeysPlain(NioEventLoop.java:545)
	at io.netty.channel.nio.NioEventLoop.processSelectedKeys(NioEventLoop.java:499)
	at io.netty.channel.nio.NioEventLoop.run(NioEventLoop.java:459)
	at io.netty.util.concurrent.SingleThreadEventExecutor$5.run(SingleThreadEventExecutor.java:858)
	at java.base/java.lang.Thread.run(Thread.java:842)
Caused by: javax.net.ssl.SSLHandshakeException: Received fatal alert: certificate_unknown
	at java.base/sun.security.ssl.Alert.createSSLException(Alert.java:131)
	at java.base/sun.security.ssl.Alert.createSSLException(Alert.java:117)
	at java.base/sun.security.ssl.TransportContext.fatal(TransportContext.java:365)
	at java.base/sun.security.ssl.Alert$AlertConsumer.consume(Alert.java:293)
	at java.base/sun.security.ssl.TransportContext.dispatch(TransportContext.java:204)
	at java.base/sun.security.ssl.SSLTransport.decode(SSLTransport.java:172)
	at java.base/sun.security.ssl.SSLEngineImpl.decode(SSLEngineImpl.java:736)
	at java.base/sun.security.ssl.SSLEngineImpl.readRecord(SSLEngineImpl.java:691)
	at java.base/sun.security.ssl.SSLEngineImpl.unwrap(SSLEngineImpl.java:506)
	at java.base/sun.security.ssl.SSLEngineImpl.unwrap(SSLEngineImpl.java:482)
	at java.base/javax.net.ssl.SSLEngine.unwrap(SSLEngine.java:679)
	at io.netty.handler.ssl.SslHandler$SslEngineType$3.unwrap(SslHandler.java:281)
	at io.netty.handler.ssl.SslHandler.unwrap(SslHandler.java:1215)
	at io.netty.handler.ssl.SslHandler.decodeJdkCompatible(SslHandler.java:1127)
	at io.netty.handler.ssl.SslHandler.decode(SslHandler.java:1162)
	at io.netty.handler.codec.ByteToMessageDecoder.decodeRemovalReentryProtection(ByteToMessageDecoder.java:489)
	at io.netty.handler.codec.ByteToMessageDecoder.callDecode(ByteToMessageDecoder.java:428)
	... 15 common frames omitted
12:33:21.275 WARN  vert.x-eventloop-thread-0 DefaultChannelPipeline : An exceptionCaught() event was fired, and it reached at the tail of the pipeline. It usually means the last handler in the pipeline did not handle the exception.
io.netty.handler.codec.DecoderException: javax.net.ssl.SSLHandshakeException: Received fatal alert: certificate_unknown
	at io.netty.handler.codec.ByteToMessageDecoder.callDecode(ByteToMessageDecoder.java:459)
	at io.netty.handler.codec.ByteToMessageDecoder.channelRead(ByteToMessageDecoder.java:265)
	at io.netty.channel.AbstractChannelHandlerContext.invokeChannelRead(AbstractChannelHandlerContext.java:362)
	at io.netty.channel.AbstractChannelHandlerContext.invokeChannelRead(AbstractChannelHandlerContext.java:348)
	at io.netty.channel.AbstractChannelHandlerContext.fireChannelRead(AbstractChannelHandlerContext.java:340)
	at io.netty.channel.DefaultChannelPipeline$HeadContext.channelRead(DefaultChannelPipeline.java:1359)
	at io.netty.channel.AbstractChannelHandlerContext.invokeChannelRead(AbstractChannelHandlerContext.java:362)
	at io.netty.channel.AbstractChannelHandlerContext.invokeChannelRead(AbstractChannelHandlerContext.java:348)
	at io.netty.channel.DefaultChannelPipeline.fireChannelRead(DefaultChannelPipeline.java:935)
	at io.netty.channel.nio.AbstractNioByteChannel$NioByteUnsafe.read(AbstractNioByteChannel.java:134)
	at io.netty.channel.nio.NioEventLoop.processSelectedKey(NioEventLoop.java:645)
	at io.netty.channel.nio.NioEventLoop.processSelectedKeysPlain(NioEventLoop.java:545)
	at io.netty.channel.nio.NioEventLoop.processSelectedKeys(NioEventLoop.java:499)
	at io.netty.channel.nio.NioEventLoop.run(NioEventLoop.java:459)
	at io.netty.util.concurrent.SingleThreadEventExecutor$5.run(SingleThreadEventExecutor.java:858)
	at java.base/java.lang.Thread.run(Thread.java:842)
Caused by: javax.net.ssl.SSLHandshakeException: Received fatal alert: certificate_unknown
	at java.base/sun.security.ssl.Alert.createSSLException(Alert.java:131)
	at java.base/sun.security.ssl.Alert.createSSLException(Alert.java:117)
	at java.base/sun.security.ssl.TransportContext.fatal(TransportContext.java:365)
	at java.base/sun.security.ssl.Alert$AlertConsumer.consume(Alert.java:293)
	at java.base/sun.security.ssl.TransportContext.dispatch(TransportContext.java:204)
	at java.base/sun.security.ssl.SSLTransport.decode(SSLTransport.java:172)
	at java.base/sun.security.ssl.SSLEngineImpl.decode(SSLEngineImpl.java:736)
	at java.base/sun.security.ssl.SSLEngineImpl.readRecord(SSLEngineImpl.java:691)
	at java.base/sun.security.ssl.SSLEngineImpl.unwrap(SSLEngineImpl.java:506)
	at java.base/sun.security.ssl.SSLEngineImpl.unwrap(SSLEngineImpl.java:482)
	at java.base/javax.net.ssl.SSLEngine.unwrap(SSLEngine.java:679)
	at io.netty.handler.ssl.SslHandler$SslEngineType$3.unwrap(SslHandler.java:281)
	at io.netty.handler.ssl.SslHandler.unwrap(SslHandler.java:1215)
	at io.netty.handler.ssl.SslHandler.decodeJdkCompatible(SslHandler.java:1127)
	at io.netty.handler.ssl.SslHandler.decode(SslHandler.java:1162)
	at io.netty.handler.codec.ByteToMessageDecoder.decodeRemovalReentryProtection(ByteToMessageDecoder.java:489)
	at io.netty.handler.codec.ByteToMessageDecoder.callDecode(ByteToMessageDecoder.java:428)
	... 15 common frames omitted
12:33:21.276 WARN  vert.x-eventloop-thread-0 DefaultChannelPipeline : An exceptionCaught() event was fired, and it reached at the tail of the pipeline. It usually means the last handler in the pipeline did not handle the exception.
io.netty.handler.codec.DecoderException: javax.net.ssl.SSLHandshakeException: Received fatal alert: certificate_unknown
	at io.netty.handler.codec.ByteToMessageDecoder.callDecode(ByteToMessageDecoder.java:459)
	at io.netty.handler.codec.ByteToMessageDecoder.channelRead(ByteToMessageDecoder.java:265)
	at io.netty.channel.AbstractChannelHandlerContext.invokeChannelRead(AbstractChannelHandlerContext.java:362)
	at io.netty.channel.AbstractChannelHandlerContext.invokeChannelRead(AbstractChannelHandlerContext.java:348)
	at io.netty.channel.AbstractChannelHandlerContext.fireChannelRead(AbstractChannelHandlerContext.java:340)
	at io.netty.channel.DefaultChannelPipeline$HeadContext.channelRead(DefaultChannelPipeline.java:1359)
	at io.netty.channel.AbstractChannelHandlerContext.invokeChannelRead(AbstractChannelHandlerContext.java:362)
	at io.netty.channel.AbstractChannelHandlerContext.invokeChannelRead(AbstractChannelHandlerContext.java:348)
	at io.netty.channel.DefaultChannelPipeline.fireChannelRead(DefaultChannelPipeline.java:935)
	at io.netty.channel.nio.AbstractNioByteChannel$NioByteUnsafe.read(AbstractNioByteChannel.java:134)
	at io.netty.channel.nio.NioEventLoop.processSelectedKey(NioEventLoop.java:645)
	at io.netty.channel.nio.NioEventLoop.processSelectedKeysPlain(NioEventLoop.java:545)
	at io.netty.channel.nio.NioEventLoop.processSelectedKeys(NioEventLoop.java:499)
	at io.netty.channel.nio.NioEventLoop.run(NioEventLoop.java:459)
	at io.netty.util.concurrent.SingleThreadEventExecutor$5.run(SingleThreadEventExecutor.java:858)
	at java.base/java.lang.Thread.run(Thread.java:842)
Caused by: javax.net.ssl.SSLHandshakeException: Received fatal alert: certificate_unknown
	at java.base/sun.security.ssl.Alert.createSSLException(Alert.java:131)
	at java.base/sun.security.ssl.Alert.createSSLException(Alert.java:117)
	at java.base/sun.security.ssl.TransportContext.fatal(TransportContext.java:365)
	at java.base/sun.security.ssl.Alert$AlertConsumer.consume(Alert.java:293)
	at java.base/sun.security.ssl.TransportContext.dispatch(TransportContext.java:204)
	at java.base/sun.security.ssl.SSLTransport.decode(SSLTransport.java:172)
	at java.base/sun.security.ssl.SSLEngineImpl.decode(SSLEngineImpl.java:736)
	at java.base/sun.security.ssl.SSLEngineImpl.readRecord(SSLEngineImpl.java:691)
	at java.base/sun.security.ssl.SSLEngineImpl.unwrap(SSLEngineImpl.java:506)
	at java.base/sun.security.ssl.SSLEngineImpl.unwrap(SSLEngineImpl.java:482)
	at java.base/javax.net.ssl.SSLEngine.unwrap(SSLEngine.java:679)
	at io.netty.handler.ssl.SslHandler$SslEngineType$3.unwrap(SslHandler.java:281)
	at io.netty.handler.ssl.SslHandler.unwrap(SslHandler.java:1215)
	at io.netty.handler.ssl.SslHandler.decodeJdkCompatible(SslHandler.java:1127)
	at io.netty.handler.ssl.SslHandler.decode(SslHandler.java:1162)
	at io.netty.handler.codec.ByteToMessageDecoder.decodeRemovalReentryProtection(ByteToMessageDecoder.java:489)
	at io.netty.handler.codec.ByteToMessageDecoder.callDecode(ByteToMessageDecoder.java:428)
	... 15 common frames omitted
12:33:21.281 WARN  vert.x-eventloop-thread-0 DefaultChannelPipeline : An exceptionCaught() event was fired, and it reached at the tail of the pipeline. It usually means the last handler in the pipeline did not handle the exception.
io.netty.handler.codec.DecoderException: javax.net.ssl.SSLHandshakeException: Received fatal alert: certificate_unknown
	at io.netty.handler.codec.ByteToMessageDecoder.callDecode(ByteToMessageDecoder.java:459)
	at io.netty.handler.codec.ByteToMessageDecoder.channelRead(ByteToMessageDecoder.java:265)
	at io.netty.channel.AbstractChannelHandlerContext.invokeChannelRead(AbstractChannelHandlerContext.java:362)
	at io.netty.channel.AbstractChannelHandlerContext.invokeChannelRead(AbstractChannelHandlerContext.java:348)
	at io.netty.channel.AbstractChannelHandlerContext.fireChannelRead(AbstractChannelHandlerContext.java:340)
	at io.netty.channel.DefaultChannelPipeline$HeadContext.channelRead(DefaultChannelPipeline.java:1359)
	at io.netty.channel.AbstractChannelHandlerContext.invokeChannelRead(AbstractChannelHandlerContext.java:362)
	at io.netty.channel.AbstractChannelHandlerContext.invokeChannelRead(AbstractChannelHandlerContext.java:348)
	at io.netty.channel.DefaultChannelPipeline.fireChannelRead(DefaultChannelPipeline.java:935)
	at io.netty.channel.nio.AbstractNioByteChannel$NioByteUnsafe.read(AbstractNioByteChannel.java:134)
	at io.netty.channel.nio.NioEventLoop.processSelectedKey(NioEventLoop.java:645)
	at io.netty.channel.nio.NioEventLoop.processSelectedKeysPlain(NioEventLoop.java:545)
	at io.netty.channel.nio.NioEventLoop.processSelectedKeys(NioEventLoop.java:499)
	at io.netty.channel.nio.NioEventLoop.run(NioEventLoop.java:459)
	at io.netty.util.concurrent.SingleThreadEventExecutor$5.run(SingleThreadEventExecutor.java:858)
	at java.base/java.lang.Thread.run(Thread.java:842)
Caused by: javax.net.ssl.SSLHandshakeException: Received fatal alert: certificate_unknown
	at java.base/sun.security.ssl.Alert.createSSLException(Alert.java:131)
	at java.base/sun.security.ssl.Alert.createSSLException(Alert.java:117)
	at java.base/sun.security.ssl.TransportContext.fatal(TransportContext.java:365)
	at java.base/sun.security.ssl.Alert$AlertConsumer.consume(Alert.java:293)
	at java.base/sun.security.ssl.TransportContext.dispatch(TransportContext.java:204)
	at java.base/sun.security.ssl.SSLTransport.decode(SSLTransport.java:172)
	at java.base/sun.security.ssl.SSLEngineImpl.decode(SSLEngineImpl.java:736)
	at java.base/sun.security.ssl.SSLEngineImpl.readRecord(SSLEngineImpl.java:691)
	at java.base/sun.security.ssl.SSLEngineImpl.unwrap(SSLEngineImpl.java:506)
	at java.base/sun.security.ssl.SSLEngineImpl.unwrap(SSLEngineImpl.java:482)
	at java.base/javax.net.ssl.SSLEngine.unwrap(SSLEngine.java:679)
	at io.netty.handler.ssl.SslHandler$SslEngineType$3.unwrap(SslHandler.java:281)
	at io.netty.handler.ssl.SslHandler.unwrap(SslHandler.java:1215)
	at io.netty.handler.ssl.SslHandler.decodeJdkCompatible(SslHandler.java:1127)
	at io.netty.handler.ssl.SslHandler.decode(SslHandler.java:1162)
	at io.netty.handler.codec.ByteToMessageDecoder.decodeRemovalReentryProtection(ByteToMessageDecoder.java:489)
	at io.netty.handler.codec.ByteToMessageDecoder.callDecode(ByteToMessageDecoder.java:428)
	... 15 common frames omitted
12:33:21.351 INFO  vert.x-eventloop-thread-0 BaseServiceProxy     : -> GET /css/bootstrap-5.2.2/bootstrap.min.css,200|100ms
12:33:21.394 INFO  vert.x-eventloop-thread-0 BaseServiceProxy     : -> GET /css/bootstrap-switch-3.3.2/bootstrap-switch.min.css,200|120ms
12:33:21.403 INFO  vert.x-eventloop-thread-0 BaseServiceProxy     : -> GET /scripts/common/js/jquery-3.7.0/jquery.min.js,200|116ms
12:33:21.447 INFO  vert.x-eventloop-thread-0 BaseServiceProxy     : -> GET /scripts/common/js/bootstrap-5.2.2/bootstrap.bundle.min.js,200|73ms
12:33:21.451 INFO  vert.x-eventloop-thread-0 BaseServiceProxy     : -> GET /sso/lib/xyz.bundle.min.js,200|55ms
12:33:21.452 INFO  vert.x-eventloop-thread-0 CookieManager        : set cookies [x-sess-uuid=0.5540df6f.1777178001.413ee87; secure; HttpOnly]
12:33:21.452 DEBUG vert.x-eventloop-thread-0 BaseServiceProxy     : Remapping Set-cookies [x-sess-uuid=0.5540df6f.1777178001.413ee87; secure; HttpOnly] -> 
12:33:21.493 INFO  vert.x-eventloop-thread-0 BaseServiceProxy     : -> GET /css/reg-am/login.min.css,200|209ms
12:33:21.511 INFO  vert.x-eventloop-thread-0 BaseServiceProxy     : -> GET /css/ibkr/theme-ibkr-portal.min.css,200|226ms
12:33:21.515 INFO  vert.x-eventloop-thread-0 BaseServiceProxy     : -> GET /css/fontawesome-6.4.2/all.min.css,200|229ms
12:33:21.596 INFO  vert.x-eventloop-thread-0 BaseServiceProxy     : -> GET /images/common/logos/ibkr/interactive-brokers.svg,200|24ms
12:33:21.613 INFO  vert.x-eventloop-thread-0 BaseServiceProxy     : -> GET /fonts/proxima-nova/Proxima-Nova-Regular.woff2,200|29ms
12:33:21.634 INFO  vert.x-eventloop-thread-0 BaseServiceProxy     : -> GET /fonts/fontawesome-6.4.2/webfonts/fa-brands-400.woff2,200|48ms
12:33:21.703 INFO  vert.x-eventloop-thread-0 BaseServiceProxy     : -> GET /portal.proxy/v1/gstat/bulletins,204|91ms
12:33:21.751 INFO  vert.x-eventloop-thread-0 BaseServiceProxy     : -> GET /fonts/fontawesome-6.4.2/webfonts/fa-solid-900.woff2,200|166ms
12:33:21.803 INFO  vert.x-eventloop-thread-0 BaseServiceProxy     : -> GET /images/web/favicons/home-screen-icon-128x128.png,200|23ms
12:33:23.178 INFO  vert.x-eventloop-thread-0 BaseServiceProxy     : -> GET /sso/report,200|1567ms
12:33:23.178 INFO  vert.x-eventloop-thread-0 CookieManager        : set cookies [x-sess-uuid=0.5540df6f.1777178001.413eed8; secure; HttpOnly]
12:33:23.179 DEBUG vert.x-eventloop-thread-0 BaseServiceProxy     : Remapping Set-cookies [x-sess-uuid=0.5540df6f.1777178001.413eed8; secure; HttpOnly] -> 
12:33:25.018 INFO  vert.x-eventloop-thread-0 BaseServiceProxy     : -> GET /sso/Authenticator,200|449ms
12:33:25.019 INFO  vert.x-eventloop-thread-0 CookieManager        : set cookies [x-sess-uuid=0.4f40df6f.1777178004.49cc37a; secure; HttpOnly]
12:33:25.019 DEBUG vert.x-eventloop-thread-0 BaseServiceProxy     : Remapping Set-cookies [x-sess-uuid=0.4f40df6f.1777178004.49cc37a; secure; HttpOnly] -> 
12:33:25.430 INFO  vert.x-eventloop-thread-0 BaseServiceProxy     : -> GET /sso/Authenticator,200|389ms
12:33:25.430 INFO  vert.x-eventloop-thread-0 CookieManager        : set cookies [web=3343352782; Domain=.ibkr.com; Expires=Mon, 26 Apr 2027 04:33:25 GMT; Path=/; Secure;Secure;SameSite=None, x-sess-uuid=0.5540df6f.1777178005.413ef8b; secure; HttpOnly]
12:33:25.430 DEBUG vert.x-eventloop-thread-0 BaseServiceProxy     : Remapping Set-cookies [web=3343352782; Domain=.ibkr.com; Expires=Mon, 26 Apr 2027 04:33:25 GMT; Path=/; Secure;Secure;SameSite=None, x-sess-uuid=0.5540df6f.1777178005.413ef8b; secure; HttpOnly] -> 
12:33:25.839 INFO  vert.x-eventloop-thread-0 BaseServiceProxy     : -> GET /sso/Authenticator,200|402ms
12:33:25.840 INFO  vert.x-eventloop-thread-0 CookieManager        : set cookies [x-sess-uuid=0.4f40df6f.1777178005.49cc49f; secure; HttpOnly]
12:33:25.840 DEBUG vert.x-eventloop-thread-0 BaseServiceProxy     : Remapping Set-cookies [x-sess-uuid=0.4f40df6f.1777178005.49cc49f; secure; HttpOnly] -> 
12:33:29.218 INFO  vert.x-eventloop-thread-0 BaseServiceProxy     : -> GET /sso/Authenticator,200|363ms
12:33:29.218 INFO  vert.x-eventloop-thread-0 CookieManager        : set cookies [x-sess-uuid=0.4f40df6f.1777178009.49cc4f2; secure; HttpOnly]
12:33:29.219 DEBUG vert.x-eventloop-thread-0 BaseServiceProxy     : Remapping Set-cookies [x-sess-uuid=0.4f40df6f.1777178009.49cc4f2; secure; HttpOnly] -> 
12:33:32.185 INFO  vert.x-eventloop-thread-0 BaseServiceProxy     : -> GET /sso/Authenticator,200|331ms
12:33:32.186 INFO  vert.x-eventloop-thread-0 CookieManager        : set cookies [x-sess-uuid=0.5540df6f.1777178011.413f5c9; secure; HttpOnly]
12:33:32.187 DEBUG vert.x-eventloop-thread-0 BaseServiceProxy     : Remapping Set-cookies [x-sess-uuid=0.5540df6f.1777178011.413f5c9; secure; HttpOnly] -> 
12:33:32.701 INFO  vert.x-eventloop-thread-0 BaseServiceProxy     : -> GET /sso/Dispatcher,302|485ms
12:33:32.702 INFO  vert.x-eventloop-thread-0 CookieManager        : set cookies [USERID=50301190; Domain=.ibkr.com; Path=/;Secure;SameSite=None, x-sess-uuid=0.4f40df6f.1777178012.49cdd23; secure; HttpOnly]
12:33:32.702 DEBUG vert.x-eventloop-thread-0 BaseServiceProxy     : Remapping Set-cookies [USERID=50301190; Domain=.ibkr.com; Path=/;Secure;SameSite=None, x-sess-uuid=0.4f40df6f.1777178012.49cdd23; secure; HttpOnly] -> 
12:33:32.703 INFO  vert.x-eventloop-thread-0 GatewayHttpProxy     : Client login succeeds
12:33:33.107 INFO  vert.x-eventloop-thread-0 BaseServiceProxy     : -> GET /v1/api/sso/validate?gw=1,200|401ms
12:33:33.112 DEBUG vert.x-eventloop-thread-0 ClientPortalService  : portal validate response: {"SFT":"5.2a","IS_PENDING_APPLICANT":false,"SF_ENABLED":true,"HARDWARE_INFO":"","UNIQUE_LOGIN_ID":"50301190-1777178011425","AUTH_TIME":1777178011473,"SF_CONFIG":"5.2a","USER_NAME":"pragu1020","CREDENTIAL_TYPE":0,"IS_FREE_TRIAL":false,"LOGIN_TYPE":1,"LANDING_APP":"PORTAL","CREDENTIAL":"pragu1020","ANOMALOUS_LOGIN":false,"RESULT":true,"IP":"116.88.81.189","USER_ID":50301190,"EXPIRES":1777178013118,"TOKEN":"6f3c66d39a9c04ce9857122e0207ad27a64b51dd","took":259,"IS_MASTER":false,"features":{"env":"PROD","wlms":true,"realtime":true,"bond":true,"optionChains":true,"calendar":true,"newMf":true},"region":"SG"}
12:33:33.215 INFO  vert.x-eventloop-thread-0 GatewayHttpProxy     : authenticated to cp
12:33:33.216 DEBUG vert.x-eventloop-thread-0 BaseServiceProxy     : cancel timer SsoService 0
12:33:33.216 DEBUG vert.x-eventloop-thread-0 BaseServiceProxy     : start timer 300000 SsoService
12:33:33.217 DEBUG vert.x-eventloop-thread-0 BaseServiceProxy     : forward event ON_SSO_VALIDATION, payload 50301190
12:33:33.533 INFO  vert.x-eventloop-thread-0 BaseServiceProxy     : -> GET /v1/api/one/user,200|318ms
12:33:33.534 INFO  vert.x-eventloop-thread-0 ClientPortalService  : get user reply {"username":"pragu1020","features":{"env":"PROD","wlms":true,"realtime":true,"bond":true,"optionChains":true,"calendar":true,"newMf":true},"wbId":"","uar":{"portfolioAnalyst":true,"userInfo":true,"messageCenter":true,"accountDetails":true,"tradingRestrictions":false,"tws":true,"fyi":true,"voting":true,"forum":true,"recentTransactions":true},"props":{"isIBAMClient":false,"ReadOnlySession":null},"firstApprovedDate":1592755200000,"accts":{"U5799398F":{"isIBAMClient":false,"clearingStatus":"O","openDate":1667577600000,"isFAClient":false,"isFunded":true,"tradingPermissions":["CMDTY"]},"U5799398":{"isIBAMClient":false,"clearingStatus":"O","openDate":1592150400000,"isFAClient":false,"isFunded":true,"tradingPermissions":["OPT","IOPT","WAR","STK","CASH","FOP"]}},"hasBrokerageAccessInd":true,"hfcipEligibleInd":false,"fa":false,"has2fa":false,"islite":false,"ispaper":false,"applicants":[{"id":6062329,"type":"INDIVIDUAL","businessType":"INDEPENDENT","nlcode":"en_US","legalCountry":{"name":"Singapore","alpha3":"SGP"}}]}
12:33:34.792 INFO  vert.x-eventloop-thread-0 SsoService           : sso init status=200, url=https://api.ibkr.com/v1/api/ssodh/init
12:33:34.898 DEBUG vert.x-eventloop-thread-0 SsoService           : K 630798818fa2aab1e0a76992bf69b12b614f9ca
12:33:34.899 DEBUG vert.x-eventloop-thread-0 BaseServiceProxy     : forward event ON_SSODH_COMPLETED, payload none
12:33:34.899 DEBUG vert.x-eventloop-thread-0 GatewayHttpProxy     : delaying authentication for 3000
12:33:34.908 ERROR vert.x-eventloop-thread-0 ContextImpl          : Unhandled exception
java.lang.NullPointerException: Cannot read the array length because "mac" is null
	at ibgroup.web.core.clientportal.gw.utils.TstTokenUtils.getMacAddress(TstTokenUtils.java:22)
	at ibgroup.web.core.clientportal.gw.services.SsoService.getMac(SsoService.java:81)
	at ibgroup.web.core.clientportal.gw.services.SsoService.getDeviceId(SsoService.java:70)
	at ibgroup.web.core.clientportal.gw.services.SsoService.setTstToken(SsoService.java:88)
	at ibgroup.web.core.clientportal.gw.http.GatewayHttpProxy.onEvent(GatewayHttpProxy.java:213)
	at ibgroup.web.core.clientportal.gw.http.GatewayHttpProxy.lambda$new$1(GatewayHttpProxy.java:56)
	at ibgroup.web.core.clientportal.gw.services.BaseServiceProxy.lambda$null$0(BaseServiceProxy.java:67)
	at java.base/java.util.ArrayList.forEach(ArrayList.java:1511)
	at ibgroup.web.core.clientportal.gw.services.BaseServiceProxy.lambda$on$1(BaseServiceProxy.java:67)
	at io.vertx.core.impl.ContextImpl.lambda$wrapTask$2(ContextImpl.java:344)
	at io.netty.util.concurrent.AbstractEventExecutor.safeExecute(AbstractEventExecutor.java:163)
	at io.netty.util.concurrent.SingleThreadEventExecutor.runAllTasks(SingleThreadEventExecutor.java:403)
	at io.netty.channel.nio.NioEventLoop.run(NioEventLoop.java:463)
	at io.netty.util.concurrent.SingleThreadEventExecutor$5.run(SingleThreadEventExecutor.java:858)
	at java.base/java.lang.Thread.run(Thread.java:842)
12:33:37.976 INFO  vert.x-eventloop-thread-0 BaseServiceProxy     : -> GET /v1/api/iserver/auth/status,200|73ms
12:33:37.977 DEBUG vert.x-eventloop-thread-0 ClientPortalService  : status {"authenticated":false,"established":false,"competing":false,"connected":false,"MAC":"06:A8:C0:D9:D5:E3"}
12:33:37.978 INFO  vert.x-eventloop-thread-0 ClientPortalService  : process auth status {"authenticated":false,"established":false,"competing":false,"connected":false,"MAC":"06:A8:C0:D9:D5:E3"}
12:33:38.002 DEBUG vert.x-eventloop-thread-0 ClientPortalService  : auth brokerage, k=630798818fa2aab1e0a76992bf69b12b614f9ca, post={"username":"pragu1020","machineId":"3e31131a","compete":true}
12:33:38.638 INFO  vert.x-eventloop-thread-0 BaseServiceProxy     : -> POST https://api.ibkr.com/v1/api/iserver/auth/ssodh/init,200|636ms
12:33:38.640 DEBUG vert.x-eventloop-thread-0 ClientPortalService  : iserver init : {"passed":true,"authenticated":true,"connected":true,"established":false,"competing":false,"hardware_info":"275c5aa2|06:A8:C0:D9:D5:E3"}
12:33:38.641 INFO  vert.x-eventloop-thread-0 ClientPortalService  : process auth status {"passed":true,"authenticated":true,"connected":true,"established":false,"competing":false,"hardware_info":"275c5aa2|06:A8:C0:D9:D5:E3"}
12:33:38.642 DEBUG vert.x-eventloop-thread-0 BaseServiceProxy     : start timer 30000 ClientPortalService
12:33:38.700 INFO  vert.x-eventloop-thread-0 BaseServiceProxy     : -> GET /v1/api/iserver/accounts,200|58ms
12:33:38.701 DEBUG vert.x-eventloop-thread-0 ClientPortalService  : iserver accounts {}
12:33:39.352 INFO  vert.x-eventloop-thread-0 BaseServiceProxy     : -> GET /v1/api/iserver/auth/ssodh/init?publish=true&compete=true,200|338ms
12:33:39.445 INFO  vert.x-eventloop-thread-0 BaseServiceProxy     : -> GET /v1/api/iserver/account/orders,200|57ms
12:33:39.539 INFO  vert.x-eventloop-thread-0 BaseServiceProxy     : -> GET /v1/api/tickle,200|72ms
12:33:52.154 INFO  vert.x-eventloop-thread-0 BaseServiceProxy     : -> GET /v1/api/iserver/auth/ssodh/init?publish=true&compete=true,200|408ms
12:33:52.499 INFO  vert.x-eventloop-thread-0 BaseServiceProxy     : -> GET /v1/api/iserver/account/orders,200|86ms
12:33:52.647 INFO  vert.x-eventloop-thread-0 BaseServiceProxy     : -> GET /v1/api/tickle,200|103ms
12:34:05.931 INFO  vert.x-eventloop-thread-0 BaseServiceProxy     : -> GET /v1/api/iserver/account/orders,200|81ms
12:34:07.807 INFO  vert.x-eventloop-thread-0 BaseServiceProxy     : -> GET /v1/api/iserver/account/orders,200|93ms
12:34:08.705 INFO  vert.x-eventloop-thread-0 BaseServiceProxy     : -> GET /v1/api/tickle,200|59ms
12:34:08.706 DEBUG vert.x-eventloop-thread-0 ClientPortalService  : tickle {"session":"a2a93ddeb352a7d9afd0acee2667e82f","ssoExpires":564316,"collission":false,"userId":50301190,"hmds":{"error":"no bridge"},"iserver":{"authStatus":{"authenticated":true,"established":true,"competing":false,"connected":true,"message":"","MAC":"06:A8:C0:D9:D5:E3","serverInfo":{"serverName":"JifS12101","serverVersion":"Build 10.44.1h, Apr 20, 2026 11:22:51 AM"},"hardware_info":"275c5aa2|06:A8:C0:D9:D5:E3"}}}
12:34:09.789 INFO  vert.x-eventloop-thread-0 BaseServiceProxy     : -> GET /v1/api/iserver/account/orders,200|60ms
12:34:13.903 INFO  vert.x-eventloop-thread-0 BaseServiceProxy     : -> GET /v1/api/iserver/account/orders,200|83ms
12:34:38.707 INFO  vert.x-eventloop-thread-0 BaseServiceProxy     : -> GET /v1/api/tickle,200|64ms
12:34:38.707 DEBUG vert.x-eventloop-thread-0 ClientPortalService  : tickle {"session":"a2a93ddeb352a7d9afd0acee2667e82f","ssoExpires":534314,"collission":false,"userId":50301190,"hmds":{"error":"no bridge"},"iserver":{"authStatus":{"authenticated":true,"established":true,"competing":false,"connected":true,"message":"","MAC":"06:A8:C0:D9:D5:E3","serverInfo":{"serverName":"JifS12101","serverVersion":"Build 10.44.1h, Apr 20, 2026 11:22:51 AM"},"hardware_info":"275c5aa2|06:A8:C0:D9:D5:E3"}}}
12:35:08.725 INFO  vert.x-eventloop-thread-0 BaseServiceProxy     : -> GET /v1/api/tickle,200|81ms
12:35:08.725 DEBUG vert.x-eventloop-thread-0 ClientPortalService  : tickle {"session":"a2a93ddeb352a7d9afd0acee2667e82f","ssoExpires":504296,"collission":false,"userId":50301190,"hmds":{"error":"no bridge"},"iserver":{"authStatus":{"authenticated":true,"established":true,"competing":false,"connected":true,"message":"","MAC":"06:A8:C0:D9:D5:E3","serverInfo":{"serverName":"JifS12101","serverVersion":"Build 10.44.1h, Apr 20, 2026 11:22:51 AM"},"hardware_info":"275c5aa2|06:A8:C0:D9:D5:E3"}}}
12:35:38.717 INFO  vert.x-eventloop-thread-0 BaseServiceProxy     : -> GET /v1/api/tickle,200|73ms
12:35:38.719 DEBUG vert.x-eventloop-thread-0 ClientPortalService  : tickle {"session":"a2a93ddeb352a7d9afd0acee2667e82f","ssoExpires":474306,"collission":false,"userId":50301190,"hmds":{"error":"no bridge"},"iserver":{"authStatus":{"authenticated":true,"established":true,"competing":false,"connected":true,"message":"","MAC":"06:A8:C0:D9:D5:E3","serverInfo":{"serverName":"JifS12101","serverVersion":"Build 10.44.1h, Apr 20, 2026 11:22:51 AM"},"hardware_info":"275c5aa2|06:A8:C0:D9:D5:E3"}}}
12:35:58.925 INFO  vert.x-eventloop-thread-0 BaseServiceProxy     : -> GET /v1/api/portfolio/U5799398/summary,200|429ms
12:35:58.984 INFO  vert.x-eventloop-thread-0 BaseServiceProxy     : -> GET /v1/api/iserver/account/orders,200|53ms
12:35:59.061 INFO  vert.x-eventloop-thread-0 BaseServiceProxy     : -> GET /v1/api/portfolio/U5799398/positions/0?direction=a&period=1W&sort=position,200|121ms
12:36:08.710 INFO  vert.x-eventloop-thread-0 BaseServiceProxy     : -> GET /v1/api/tickle,200|67ms
12:36:08.711 DEBUG vert.x-eventloop-thread-0 ClientPortalService  : tickle {"session":"a2a93ddeb352a7d9afd0acee2667e82f","ssoExpires":444310,"collission":false,"userId":50301190,"hmds":{"error":"no bridge"},"iserver":{"authStatus":{"authenticated":true,"established":true,"competing":false,"connected":true,"message":"","MAC":"06:A8:C0:D9:D5:E3","serverInfo":{"serverName":"JifS12101","serverVersion":"Build 10.44.1h, Apr 20, 2026 11:22:51 AM"},"hardware_info":"275c5aa2|06:A8:C0:D9:D5:E3"}}}
12:36:21.980 INFO  vert.x-eventloop-thread-0 BaseServiceProxy     : -> GET /v1/api/iserver/secdef/search?symbol=TDW&secType=STK,200|98ms
12:36:22.058 INFO  vert.x-eventloop-thread-0 BaseServiceProxy     : -> GET /v1/api/iserver/account/orders,200|74ms
12:36:22.176 INFO  vert.x-eventloop-thread-0 BaseServiceProxy     : -> GET /v1/api/portfolio/U5799398/summary,200|98ms
12:36:22.680 INFO  vert.x-eventloop-thread-0 BaseServiceProxy     : -> GET /v1/api/iserver/account/U5799398/orders,200|497ms
12:36:22.750 INFO  vert.x-eventloop-thread-0 BaseServiceProxy     : -> GET /v1/api/iserver/reply/d262ac27-b7ce-4303-bc46-810221c4948a,200|68ms
12:36:22.808 INFO  vert.x-eventloop-thread-0 BaseServiceProxy     : -> GET /v1/api/iserver/reply/2d1731e6-15eb-4332-8ae6-70840eccf2cf,200|56ms
12:36:22.890 INFO  vert.x-eventloop-thread-0 BaseServiceProxy     : -> GET /v1/api/iserver/reply/64e93a15-b6a4-4962-a1f4-42272e413f06,200|78ms
12:36:22.954 INFO  vert.x-eventloop-thread-0 BaseServiceProxy     : -> GET /v1/api/iserver/account/orders,200|62ms
12:36:23.304 INFO  vert.x-eventloop-thread-0 BaseServiceProxy     : -> GET /v1/api/iserver/marketdata/history?conid=284447308&period=30d&bar=1d&outsideRth=false,200|333ms
12:36:23.406 INFO  vert.x-eventloop-thread-0 BaseServiceProxy     : -> GET /v1/api/iserver/marketdata/history?conid=284447308&period=30d&bar=1d&outsideRth=false,200|96ms
12:36:38.963 INFO  vert.x-eventloop-thread-0 BaseServiceProxy     : -> GET /v1/api/tickle,200|320ms
12:36:38.964 DEBUG vert.x-eventloop-thread-0 ClientPortalService  : tickle {"session":"a2a93ddeb352a7d9afd0acee2667e82f","ssoExpires":414159,"collission":false,"userId":50301190,"hmds":{"error":"no bridge"},"iserver":{"authStatus":{"authenticated":true,"established":true,"competing":false,"connected":true,"message":"","MAC":"06:A8:C0:D9:D5:E3","serverInfo":{"serverName":"JifS12101","serverVersion":"Build 10.44.1h, Apr 20, 2026 11:22:51 AM"},"hardware_info":"275c5aa2|06:A8:C0:D9:D5:E3"}}}
12:36:50.192 INFO  vert.x-eventloop-thread-0 BaseServiceProxy     : -> GET /v1/api/iserver/account/orders,200|54ms
12:36:50.289 INFO  vert.x-eventloop-thread-0 BaseServiceProxy     : -> GET /v1/api/iserver/marketdata/history?conid=284447308&period=30d&bar=1d&outsideRth=false,200|57ms
12:36:50.351 INFO  vert.x-eventloop-thread-0 BaseServiceProxy     : -> GET /v1/api/iserver/marketdata/history?conid=284447308&period=30d&bar=1d&outsideRth=false,200|59ms
12:36:50.475 INFO  vert.x-eventloop-thread-0 BaseServiceProxy     : -> GET /v1/api/iserver/account/orders,200|61ms
12:36:50.582 INFO  vert.x-eventloop-thread-0 BaseServiceProxy     : -> GET /v1/api/iserver/account/orders,200|93ms
12:36:50.943 INFO  vert.x-eventloop-thread-0 BaseServiceProxy     : -> GET /v1/api/iserver/account/U5799398/order/1638730695,200|353ms
12:36:51.019 INFO  vert.x-eventloop-thread-0 BaseServiceProxy     : -> GET /v1/api/iserver/account/orders,200|74ms
12:36:51.093 INFO  vert.x-eventloop-thread-0 BaseServiceProxy     : -> GET /v1/api/iserver/marketdata/history?conid=284447308&period=30d&bar=1d&outsideRth=false,200|63ms
12:36:51.159 INFO  vert.x-eventloop-thread-0 BaseServiceProxy     : -> GET /v1/api/iserver/marketdata/history?conid=284447308&period=30d&bar=1d&outsideRth=false,200|63ms
12:36:51.279 INFO  vert.x-eventloop-thread-0 BaseServiceProxy     : -> GET /v1/api/iserver/account/orders,200|51ms
12:36:52.807 INFO  vert.x-eventloop-thread-0 BaseServiceProxy     : -> GET /v1/api/tickle,200|63ms
12:37:08.707 INFO  vert.x-eventloop-thread-0 BaseServiceProxy     : -> GET /v1/api/tickle,200|63ms
12:37:08.708 DEBUG vert.x-eventloop-thread-0 ClientPortalService  : tickle {"session":"a2a93ddeb352a7d9afd0acee2667e82f","ssoExpires":384314,"collission":false,"userId":50301190,"hmds":{"error":"no bridge"},"iserver":{"authStatus":{"authenticated":true,"established":true,"competing":false,"connected":true,"message":"","MAC":"06:A8:C0:D9:D5:E3","serverInfo":{"serverName":"JifS12101","serverVersion":"Build 10.44.1h, Apr 20, 2026 11:22:51 AM"},"hardware_info":"275c5aa2|06:A8:C0:D9:D5:E3"}}}
12:37:38.701 INFO  vert.x-eventloop-thread-0 BaseServiceProxy     : -> GET /v1/api/tickle,200|58ms
12:37:38.703 DEBUG vert.x-eventloop-thread-0 ClientPortalService  : tickle {"session":"a2a93ddeb352a7d9afd0acee2667e82f","ssoExpires":354323,"collission":false,"userId":50301190,"hmds":{"error":"no bridge"},"iserver":{"authStatus":{"authenticated":true,"established":true,"competing":false,"connected":true,"message":"","MAC":"06:A8:C0:D9:D5:E3","serverInfo":{"serverName":"JifS12101","serverVersion":"Build 10.44.1h, Apr 20, 2026 11:22:51 AM"},"hardware_info":"275c5aa2|06:A8:C0:D9:D5:E3"}}}
12:37:50.828 INFO  vert.x-eventloop-thread-0 BaseServiceProxy     : -> GET /v1/api/iserver/account/orders,200|55ms
12:37:51.157 INFO  vert.x-eventloop-thread-0 BaseServiceProxy     : -> GET /v1/api/iserver/marketdata/history?conid=41891895&period=30d&bar=1d&outsideRth=false,200|303ms
12:37:51.219 INFO  vert.x-eventloop-thread-0 BaseServiceProxy     : -> GET /v1/api/iserver/marketdata/history?conid=41891895&period=30d&bar=1d&outsideRth=false,200|58ms
12:38:01.963 INFO  vert.x-eventloop-thread-0 BaseServiceProxy     : -> GET /v1/api/iserver/account/orders,200|57ms
12:38:02.320 INFO  vert.x-eventloop-thread-0 BaseServiceProxy     : -> GET /v1/api/iserver/marketdata/history?conid=822454680&period=30d&bar=1d&outsideRth=false,200|346ms
12:38:02.412 INFO  vert.x-eventloop-thread-0 BaseServiceProxy     : -> GET /v1/api/iserver/marketdata/history?conid=822454680&period=30d&bar=1d&outsideRth=false,200|87ms
12:38:08.694 INFO  vert.x-eventloop-thread-0 BaseServiceProxy     : -> GET /v1/api/tickle,200|52ms
12:38:08.695 DEBUG vert.x-eventloop-thread-0 ClientPortalService  : tickle {"session":"a2a93ddeb352a7d9afd0acee2667e82f","ssoExpires":324326,"collission":false,"userId":50301190,"hmds":{"error":"no bridge"},"iserver":{"authStatus":{"authenticated":true,"established":true,"competing":false,"connected":true,"message":"","MAC":"06:A8:C0:D9:D5:E3","serverInfo":{"serverName":"JifS12101","serverVersion":"Build 10.44.1h, Apr 20, 2026 11:22:51 AM"},"hardware_info":"275c5aa2|06:A8:C0:D9:D5:E3"}}}
12:38:33.756 INFO  vert.x-eventloop-thread-0 BaseServiceProxy     : -> GET /sso/ping,200|537ms
12:38:33.758 INFO  vert.x-eventloop-thread-0 SsoService           : sso ping {"result": "true"}
12:38:38.697 INFO  vert.x-eventloop-thread-0 BaseServiceProxy     : -> GET /v1/api/tickle,200|54ms
12:38:38.697 DEBUG vert.x-eventloop-thread-0 ClientPortalService  : tickle {"session":"a2a93ddeb352a7d9afd0acee2667e82f","ssoExpires":294324,"collission":false,"userId":50301190,"hmds":{"error":"no bridge"},"iserver":{"authStatus":{"authenticated":true,"established":true,"competing":false,"connected":true,"message":"","MAC":"06:A8:C0:D9:D5:E3","serverInfo":{"serverName":"JifS12101","serverVersion":"Build 10.44.1h, Apr 20, 2026 11:22:51 AM"},"hardware_info":"275c5aa2|06:A8:C0:D9:D5:E3"}}}
12:39:08.709 INFO  vert.x-eventloop-thread-0 BaseServiceProxy     : -> GET /v1/api/tickle,200|66ms
12:39:08.711 DEBUG vert.x-eventloop-thread-0 ClientPortalService  : tickle {"session":"a2a93ddeb352a7d9afd0acee2667e82f","ssoExpires":264314,"collission":false,"userId":50301190,"hmds":{"error":"no bridge"},"iserver":{"authStatus":{"authenticated":true,"established":true,"competing":false,"connected":true,"message":"","MAC":"06:A8:C0:D9:D5:E3","serverInfo":{"serverName":"JifS12101","serverVersion":"Build 10.44.1h, Apr 20, 2026 11:22:51 AM"},"hardware_info":"275c5aa2|06:A8:C0:D9:D5:E3"}}}
12:39:15.862 INFO  vert.x-eventloop-thread-0 BaseServiceProxy     : -> GET /v1/api/iserver/secdef/search?symbol=RRX&secType=STK,200|113ms
12:39:38.697 INFO  vert.x-eventloop-thread-0 BaseServiceProxy     : -> GET /v1/api/tickle,200|54ms
12:39:38.699 DEBUG vert.x-eventloop-thread-0 ClientPortalService  : tickle {"session":"a2a93ddeb352a7d9afd0acee2667e82f","ssoExpires":234324,"collission":false,"userId":50301190,"hmds":{"error":"no bridge"},"iserver":{"authStatus":{"authenticated":true,"established":true,"competing":false,"connected":true,"message":"","MAC":"06:A8:C0:D9:D5:E3","serverInfo":{"serverName":"JifS12101","serverVersion":"Build 10.44.1h, Apr 20, 2026 11:22:51 AM"},"hardware_info":"275c5aa2|06:A8:C0:D9:D5:E3"}}}
12:39:52.999 INFO  vert.x-eventloop-thread-0 BaseServiceProxy     : -> GET /v1/api/tickle,200|62ms
12:40:08.721 INFO  vert.x-eventloop-thread-0 BaseServiceProxy     : -> GET /v1/api/tickle,200|79ms
12:40:08.722 DEBUG vert.x-eventloop-thread-0 ClientPortalService  : tickle {"session":"a2a93ddeb352a7d9afd0acee2667e82f","ssoExpires":204307,"collission":false,"userId":50301190,"hmds":{"error":"no bridge"},"iserver":{"authStatus":{"authenticated":true,"established":true,"competing":false,"connected":true,"message":"","MAC":"06:A8:C0:D9:D5:E3","serverInfo":{"serverName":"JifS12101","serverVersion":"Build 10.44.1h, Apr 20, 2026 11:22:51 AM"},"hardware_info":"275c5aa2|06:A8:C0:D9:D5:E3"}}}
12:40:28.000 INFO  vert.x-eventloop-thread-0 BaseServiceProxy     : -> GET /v1/api/portfolio/U5799398/summary,200|89ms
12:40:28.094 INFO  vert.x-eventloop-thread-0 BaseServiceProxy     : -> GET /v1/api/iserver/account/orders,200|79ms
12:40:30.181 INFO  vert.x-eventloop-thread-0 BaseServiceProxy     : -> GET /v1/api/portfolio/U5799398/positions/0?direction=a&period=1W&sort=position,200|2177ms
12:40:37.839 INFO  vert.x-eventloop-thread-0 BaseServiceProxy     : -> GET /v1/api/iserver/secdef/search?symbol=RRX&secType=STK,200|75ms
12:40:37.915 INFO  vert.x-eventloop-thread-0 BaseServiceProxy     : -> GET /v1/api/iserver/account/orders,200|74ms
12:40:38.031 INFO  vert.x-eventloop-thread-0 BaseServiceProxy     : -> GET /v1/api/portfolio/U5799398/summary,200|100ms
12:40:38.425 INFO  vert.x-eventloop-thread-0 BaseServiceProxy     : -> GET /v1/api/iserver/account/U5799398/orders,200|390ms
12:40:38.485 INFO  vert.x-eventloop-thread-0 BaseServiceProxy     : -> GET /v1/api/iserver/reply/11179f29-6448-4243-9cbd-cd4eaabbce12,200|58ms
12:40:38.557 INFO  vert.x-eventloop-thread-0 BaseServiceProxy     : -> GET /v1/api/iserver/reply/35848b47-9669-4b13-b39c-74b4dbf58e20,200|70ms
12:40:38.615 INFO  vert.x-eventloop-thread-0 BaseServiceProxy     : -> GET /v1/api/iserver/reply/e6a016a7-2c20-46ed-9a6b-206a3587c0f2,200|57ms
12:40:38.690 INFO  vert.x-eventloop-thread-0 BaseServiceProxy     : -> GET /v1/api/iserver/reply/67755527-671b-496d-96b7-a29c5cab392d,200|71ms
12:40:38.694 INFO  vert.x-eventloop-thread-0 BaseServiceProxy     : -> GET /v1/api/tickle,200|52ms
12:40:38.694 DEBUG vert.x-eventloop-thread-0 ClientPortalService  : tickle {"session":"a2a93ddeb352a7d9afd0acee2667e82f","ssoExpires":174325,"collission":false,"userId":50301190,"hmds":{"error":"no bridge"},"iserver":{"authStatus":{"authenticated":true,"established":true,"competing":false,"connected":true,"message":"","MAC":"06:A8:C0:D9:D5:E3","serverInfo":{"serverName":"JifS12101","serverVersion":"Build 10.44.1h, Apr 20, 2026 11:22:51 AM"},"hardware_info":"275c5aa2|06:A8:C0:D9:D5:E3"}}}
12:40:38.750 INFO  vert.x-eventloop-thread-0 BaseServiceProxy     : -> GET /v1/api/iserver/account/orders,200|58ms
12:40:39.190 INFO  vert.x-eventloop-thread-0 BaseServiceProxy     : -> GET /v1/api/iserver/marketdata/history?conid=756340&period=30d&bar=1d&outsideRth=false,200|413ms
12:40:39.274 INFO  vert.x-eventloop-thread-0 BaseServiceProxy     : -> GET /v1/api/iserver/marketdata/history?conid=756340&period=30d&bar=1d&outsideRth=false,200|74ms
12:41:08.712 INFO  vert.x-eventloop-thread-0 BaseServiceProxy     : -> GET /v1/api/tickle,200|69ms
12:41:08.714 DEBUG vert.x-eventloop-thread-0 ClientPortalService  : tickle {"session":"a2a93ddeb352a7d9afd0acee2667e82f","ssoExpires":144309,"collission":false,"userId":50301190,"hmds":{"error":"no bridge"},"iserver":{"authStatus":{"authenticated":true,"established":true,"competing":false,"connected":true,"message":"","MAC":"06:A8:C0:D9:D5:E3","serverInfo":{"serverName":"JifS12101","serverVersion":"Build 10.44.1h, Apr 20, 2026 11:22:51 AM"},"hardware_info":"275c5aa2|06:A8:C0:D9:D5:E3"}}}
12:41:21.689 INFO  vert.x-eventloop-thread-0 BaseServiceProxy     : -> GET /v1/api/iserver/account/orders,200|51ms
12:41:21.789 INFO  vert.x-eventloop-thread-0 BaseServiceProxy     : -> GET /v1/api/iserver/marketdata/history?conid=756340&period=30d&bar=1d&outsideRth=false,200|88ms
12:41:21.905 INFO  vert.x-eventloop-thread-0 BaseServiceProxy     : -> GET /v1/api/iserver/marketdata/history?conid=756340&period=30d&bar=1d&outsideRth=false,200|111ms
12:41:22.029 INFO  vert.x-eventloop-thread-0 BaseServiceProxy     : -> GET /v1/api/iserver/account/orders,200|60ms
12:41:22.110 INFO  vert.x-eventloop-thread-0 BaseServiceProxy     : -> GET /v1/api/iserver/account/orders,200|57ms
12:41:22.509 INFO  vert.x-eventloop-thread-0 BaseServiceProxy     : -> GET /v1/api/iserver/account/U5799398/order/1638730698,200|369ms
12:41:22.565 INFO  vert.x-eventloop-thread-0 BaseServiceProxy     : -> GET /v1/api/iserver/account/orders,200|54ms
12:41:22.650 INFO  vert.x-eventloop-thread-0 BaseServiceProxy     : -> GET /v1/api/iserver/marketdata/history?conid=756340&period=30d&bar=1d&outsideRth=false,200|70ms
12:41:22.740 INFO  vert.x-eventloop-thread-0 BaseServiceProxy     : -> GET /v1/api/iserver/marketdata/history?conid=756340&period=30d&bar=1d&outsideRth=false,200|87ms
12:41:22.870 INFO  vert.x-eventloop-thread-0 BaseServiceProxy     : -> GET /v1/api/iserver/account/orders,200|59ms
12:41:38.701 INFO  vert.x-eventloop-thread-0 BaseServiceProxy     : -> GET /v1/api/tickle,200|59ms
12:41:38.702 DEBUG vert.x-eventloop-thread-0 ClientPortalService  : tickle {"session":"a2a93ddeb352a7d9afd0acee2667e82f","ssoExpires":114319,"collission":false,"userId":50301190,"hmds":{"error":"no bridge"},"iserver":{"authStatus":{"authenticated":true,"established":true,"competing":false,"connected":true,"message":"","MAC":"06:A8:C0:D9:D5:E3","serverInfo":{"serverName":"JifS12101","serverVersion":"Build 10.44.1h, Apr 20, 2026 11:22:51 AM"},"hardware_info":"275c5aa2|06:A8:C0:D9:D5:E3"}}}
12:42:08.703 INFO  vert.x-eventloop-thread-0 BaseServiceProxy     : -> GET /v1/api/tickle,200|61ms
12:42:08.705 DEBUG vert.x-eventloop-thread-0 ClientPortalService  : tickle {"session":"a2a93ddeb352a7d9afd0acee2667e82f","ssoExpires":84324,"collission":false,"userId":50301190,"hmds":{"error":"no bridge"},"iserver":{"authStatus":{"authenticated":true,"established":true,"competing":false,"connected":true,"message":"","MAC":"06:A8:C0:D9:D5:E3","serverInfo":{"serverName":"JifS12101","serverVersion":"Build 10.44.1h, Apr 20, 2026 11:22:51 AM"},"hardware_info":"275c5aa2|06:A8:C0:D9:D5:E3"}}}
12:42:10.580 INFO  vert.x-eventloop-thread-0 BaseServiceProxy     : -> GET /v1/api/iserver/account/orders,200|63ms
12:42:11.045 INFO  vert.x-eventloop-thread-0 BaseServiceProxy     : -> GET /v1/api/iserver/marketdata/history?conid=453020818&period=30d&bar=1d&outsideRth=false,200|424ms
12:42:11.104 INFO  vert.x-eventloop-thread-0 BaseServiceProxy     : -> GET /v1/api/iserver/marketdata/history?conid=453020818&period=30d&bar=1d&outsideRth=false,200|57ms
12:42:38.693 INFO  vert.x-eventloop-thread-0 BaseServiceProxy     : -> GET /v1/api/tickle,200|51ms
12:42:38.693 DEBUG vert.x-eventloop-thread-0 ClientPortalService  : tickle {"session":"a2a93ddeb352a7d9afd0acee2667e82f","ssoExpires":54325,"collission":false,"userId":50301190,"hmds":{"error":"no bridge"},"iserver":{"authStatus":{"authenticated":true,"established":true,"competing":false,"connected":true,"message":"","MAC":"06:A8:C0:D9:D5:E3","serverInfo":{"serverName":"JifS12101","serverVersion":"Build 10.44.1h, Apr 20, 2026 11:22:51 AM"},"hardware_info":"275c5aa2|06:A8:C0:D9:D5:E3"}}}
12:42:53.204 INFO  vert.x-eventloop-thread-0 BaseServiceProxy     : -> GET /v1/api/tickle,200|68ms
12:43:08.696 INFO  vert.x-eventloop-thread-0 BaseServiceProxy     : -> GET /v1/api/tickle,200|54ms
12:43:08.697 DEBUG vert.x-eventloop-thread-0 ClientPortalService  : tickle {"session":"a2a93ddeb352a7d9afd0acee2667e82f","ssoExpires":24323,"collission":false,"userId":50301190,"hmds":{"error":"no bridge"},"iserver":{"authStatus":{"authenticated":true,"established":true,"competing":false,"connected":true,"message":"","MAC":"06:A8:C0:D9:D5:E3","serverInfo":{"serverName":"JifS12101","serverVersion":"Build 10.44.1h, Apr 20, 2026 11:22:51 AM"},"hardware_info":"275c5aa2|06:A8:C0:D9:D5:E3"}}}
12:43:27.109 INFO  vert.x-eventloop-thread-0 BaseServiceProxy     : -> GET /v1/api/iserver/secdef/search?symbol=LITE&secType=STK,200|83ms
12:43:33.682 INFO  vert.x-eventloop-thread-0 BaseServiceProxy     : -> GET /sso/ping,200|466ms
12:43:33.683 INFO  vert.x-eventloop-thread-0 SsoService           : sso ping {"result": "true"}
12:43:38.696 INFO  vert.x-eventloop-thread-0 BaseServiceProxy     : -> GET /v1/api/tickle,200|54ms
12:43:38.697 DEBUG vert.x-eventloop-thread-0 ClientPortalService  : tickle {"session":"a2a93ddeb352a7d9afd0acee2667e82f","ssoExpires":600000,"collission":false,"userId":50301190,"hmds":{"error":"no bridge"},"iserver":{"authStatus":{"authenticated":true,"established":true,"competing":false,"connected":true,"message":"","MAC":"06:A8:C0:D9:D5:E3","serverInfo":{"serverName":"JifS12101","serverVersion":"Build 10.44.1h, Apr 20, 2026 11:22:51 AM"},"hardware_info":"275c5aa2|06:A8:C0:D9:D5:E3"}}}
12:43:48.159 INFO  vert.x-eventloop-thread-0 BaseServiceProxy     : -> GET /v1/api/portfolio/U5799398/summary,200|372ms
12:43:48.262 INFO  vert.x-eventloop-thread-0 BaseServiceProxy     : -> GET /v1/api/iserver/account/orders,200|84ms
12:43:48.266 INFO  vert.x-eventloop-thread-0 BaseServiceProxy     : -> GET /v1/api/portfolio/U5799398/positions/0?direction=a&period=1W&sort=position,200|102ms
12:44:02.174 INFO  vert.x-eventloop-thread-0 BaseServiceProxy     : -> GET /v1/api/iserver/secdef/search?symbol=LITE&secType=STK,200|72ms
12:44:02.234 INFO  vert.x-eventloop-thread-0 BaseServiceProxy     : -> GET /v1/api/iserver/account/orders,200|58ms
12:44:02.403 INFO  vert.x-eventloop-thread-0 BaseServiceProxy     : -> GET /v1/api/portfolio/U5799398/summary,200|89ms
12:44:02.802 INFO  vert.x-eventloop-thread-0 BaseServiceProxy     : -> GET /v1/api/iserver/account/U5799398/orders,200|391ms
12:44:02.869 INFO  vert.x-eventloop-thread-0 BaseServiceProxy     : -> GET /v1/api/iserver/reply/41f63720-7114-40c6-97c8-33d0a844f05e,200|64ms
12:44:02.930 INFO  vert.x-eventloop-thread-0 BaseServiceProxy     : -> GET /v1/api/iserver/reply/81d40c20-10a3-49ae-89d4-e574bedc2dd5,200|59ms
12:44:02.987 INFO  vert.x-eventloop-thread-0 BaseServiceProxy     : -> GET /v1/api/iserver/reply/3bdfdf56-8594-4b56-90da-786a11e067fd,200|56ms
12:44:03.053 INFO  vert.x-eventloop-thread-0 BaseServiceProxy     : -> GET /v1/api/iserver/reply/6da46d0a-4b54-4305-8f32-1f81b8ba117a,200|65ms
12:44:03.108 INFO  vert.x-eventloop-thread-0 BaseServiceProxy     : -> GET /v1/api/iserver/account/orders,200|52ms
12:44:03.427 INFO  vert.x-eventloop-thread-0 BaseServiceProxy     : -> GET /v1/api/iserver/marketdata/history?conid=201113895&period=30d&bar=1d&outsideRth=false,200|289ms
12:44:03.484 INFO  vert.x-eventloop-thread-0 BaseServiceProxy     : -> GET /v1/api/iserver/marketdata/history?conid=201113895&period=30d&bar=1d&outsideRth=false,200|55ms
12:44:08.114 INFO  vert.x-eventloop-thread-0 BaseServiceProxy     : -> GET /v1/api/iserver/account/orders,200|53ms
12:44:08.190 INFO  vert.x-eventloop-thread-0 BaseServiceProxy     : -> GET /v1/api/iserver/marketdata/history?conid=201113895&period=30d&bar=1d&outsideRth=false,200|64ms
12:44:08.271 INFO  vert.x-eventloop-thread-0 BaseServiceProxy     : -> GET /v1/api/iserver/marketdata/history?conid=201113895&period=30d&bar=1d&outsideRth=false,200|78ms
12:44:08.384 INFO  vert.x-eventloop-thread-0 BaseServiceProxy     : -> GET /v1/api/iserver/account/orders,200|52ms
12:44:08.468 INFO  vert.x-eventloop-thread-0 BaseServiceProxy     : -> GET /v1/api/iserver/account/orders,200|58ms
12:44:08.693 INFO  vert.x-eventloop-thread-0 BaseServiceProxy     : -> GET /v1/api/tickle,200|52ms
12:44:08.694 DEBUG vert.x-eventloop-thread-0 ClientPortalService  : tickle {"session":"a2a93ddeb352a7d9afd0acee2667e82f","ssoExpires":570003,"collission":false,"userId":50301190,"hmds":{"error":"no bridge"},"iserver":{"authStatus":{"authenticated":true,"established":true,"competing":false,"connected":true,"message":"","MAC":"06:A8:C0:D9:D5:E3","serverInfo":{"serverName":"JifS12101","serverVersion":"Build 10.44.1h, Apr 20, 2026 11:22:51 AM"},"hardware_info":"275c5aa2|06:A8:C0:D9:D5:E3"}}}
12:44:08.828 INFO  vert.x-eventloop-thread-0 BaseServiceProxy     : -> GET /v1/api/iserver/account/U5799398/order/1638730701,200|334ms
12:44:08.889 INFO  vert.x-eventloop-thread-0 BaseServiceProxy     : -> GET /v1/api/iserver/account/orders,200|59ms
12:44:08.960 INFO  vert.x-eventloop-thread-0 BaseServiceProxy     : -> GET /v1/api/iserver/marketdata/history?conid=201113895&period=30d&bar=1d&outsideRth=false,200|58ms
12:44:09.029 INFO  vert.x-eventloop-thread-0 BaseServiceProxy     : -> GET /v1/api/iserver/marketdata/history?conid=201113895&period=30d&bar=1d&outsideRth=false,200|67ms
12:44:09.132 INFO  vert.x-eventloop-thread-0 BaseServiceProxy     : -> GET /v1/api/iserver/account/orders,200|53ms
12:44:39.015 INFO  vert.x-eventloop-thread-0 BaseServiceProxy     : -> GET /v1/api/tickle,200|373ms
12:44:39.016 DEBUG vert.x-eventloop-thread-0 ClientPortalService  : tickle {"session":"a2a93ddeb352a7d9afd0acee2667e82f","ssoExpires":539766,"collission":false,"userId":50301190,"hmds":{"error":"no bridge"},"iserver":{"authStatus":{"authenticated":true,"established":true,"competing":false,"connected":true,"message":"","MAC":"06:A8:C0:D9:D5:E3","serverInfo":{"serverName":"JifS12101","serverVersion":"Build 10.44.1h, Apr 20, 2026 11:22:51 AM"},"hardware_info":"275c5aa2|06:A8:C0:D9:D5:E3"}}}
12:45:04.407 INFO  vert.x-eventloop-thread-0 BaseServiceProxy     : -> GET /v1/api/iserver/secdef/search?symbol=LRCX&secType=STK,200|343ms
12:45:08.748 INFO  vert.x-eventloop-thread-0 BaseServiceProxy     : -> GET /v1/api/tickle,200|106ms
12:45:08.749 DEBUG vert.x-eventloop-thread-0 ClientPortalService  : tickle {"session":"a2a93ddeb352a7d9afd0acee2667e82f","ssoExpires":509965,"collission":false,"userId":50301190,"hmds":{"error":"no bridge"},"iserver":{"authStatus":{"authenticated":true,"established":true,"competing":false,"connected":true,"message":"","MAC":"06:A8:C0:D9:D5:E3","serverInfo":{"serverName":"JifS12101","serverVersion":"Build 10.44.1h, Apr 20, 2026 11:22:51 AM"},"hardware_info":"275c5aa2|06:A8:C0:D9:D5:E3"}}}
12:45:20.800 INFO  vert.x-eventloop-thread-0 BaseServiceProxy     : -> GET /v1/api/portfolio/U5799398/summary,200|92ms
12:45:20.869 INFO  vert.x-eventloop-thread-0 BaseServiceProxy     : -> GET /v1/api/iserver/account/orders,200|52ms
12:45:20.889 INFO  vert.x-eventloop-thread-0 BaseServiceProxy     : -> GET /v1/api/portfolio/U5799398/positions/0?direction=a&period=1W&sort=position,200|85ms
12:45:27.673 INFO  vert.x-eventloop-thread-0 BaseServiceProxy     : -> GET /v1/api/iserver/secdef/search?symbol=LRCX&secType=STK,200|63ms
12:45:27.732 INFO  vert.x-eventloop-thread-0 BaseServiceProxy     : -> GET /v1/api/iserver/account/orders,200|57ms
12:45:27.837 INFO  vert.x-eventloop-thread-0 BaseServiceProxy     : -> GET /v1/api/portfolio/U5799398/summary,200|94ms
12:45:28.232 INFO  vert.x-eventloop-thread-0 BaseServiceProxy     : -> GET /v1/api/iserver/account/U5799398/orders,200|388ms
12:45:28.292 INFO  vert.x-eventloop-thread-0 BaseServiceProxy     : -> GET /v1/api/iserver/reply/6c2f38b4-2ac1-4acb-8c26-7e3ffdf606b9,200|57ms
12:45:28.375 INFO  vert.x-eventloop-thread-0 BaseServiceProxy     : -> GET /v1/api/iserver/reply/75b6d293-d084-425f-9ebe-ed1b8bfdea0c,200|80ms
12:45:28.459 INFO  vert.x-eventloop-thread-0 BaseServiceProxy     : -> GET /v1/api/iserver/reply/aed55eac-6a3a-46d4-826e-30a6653cc523,200|82ms
12:45:28.528 INFO  vert.x-eventloop-thread-0 BaseServiceProxy     : -> GET /v1/api/iserver/reply/0baaad0b-258d-49c6-8113-13ad863fab4d,200|66ms
12:45:28.604 INFO  vert.x-eventloop-thread-0 BaseServiceProxy     : -> GET /v1/api/iserver/reply/81068730-a0db-4035-a15b-a7304841144f,200|72ms
12:45:28.666 INFO  vert.x-eventloop-thread-0 BaseServiceProxy     : -> GET /v1/api/iserver/account/orders,200|59ms
12:45:29.088 INFO  vert.x-eventloop-thread-0 BaseServiceProxy     : -> GET /v1/api/iserver/marketdata/history?conid=732440574&period=30d&bar=1d&outsideRth=false,200|407ms
12:45:29.197 INFO  vert.x-eventloop-thread-0 BaseServiceProxy     : -> GET /v1/api/iserver/marketdata/history?conid=732440574&period=30d&bar=1d&outsideRth=false,200|106ms
12:45:38.695 INFO  vert.x-eventloop-thread-0 BaseServiceProxy     : -> GET /v1/api/tickle,200|53ms
12:45:38.696 DEBUG vert.x-eventloop-thread-0 ClientPortalService  : tickle {"session":"a2a93ddeb352a7d9afd0acee2667e82f","ssoExpires":480001,"collission":false,"userId":50301190,"hmds":{"error":"no bridge"},"iserver":{"authStatus":{"authenticated":true,"established":true,"competing":false,"connected":true,"message":"","MAC":"06:A8:C0:D9:D5:E3","serverInfo":{"serverName":"JifS12101","serverVersion":"Build 10.44.1h, Apr 20, 2026 11:22:51 AM"},"hardware_info":"275c5aa2|06:A8:C0:D9:D5:E3"}}}
12:45:53.341 INFO  vert.x-eventloop-thread-0 BaseServiceProxy     : -> GET /v1/api/tickle,200|55ms
12:46:02.002 INFO  vert.x-eventloop-thread-0 BaseServiceProxy     : -> GET /v1/api/iserver/account/orders,200|66ms
12:46:02.133 INFO  vert.x-eventloop-thread-0 BaseServiceProxy     : -> GET /v1/api/iserver/marketdata/history?conid=732440574&period=30d&bar=1d&outsideRth=false,200|60ms
12:46:02.201 INFO  vert.x-eventloop-thread-0 BaseServiceProxy     : -> GET /v1/api/iserver/marketdata/history?conid=732440574&period=30d&bar=1d&outsideRth=false,200|64ms
12:46:02.314 INFO  vert.x-eventloop-thread-0 BaseServiceProxy     : -> GET /v1/api/iserver/account/orders,200|52ms
12:46:02.383 INFO  vert.x-eventloop-thread-0 BaseServiceProxy     : -> GET /v1/api/iserver/account/orders,200|56ms
12:46:02.721 INFO  vert.x-eventloop-thread-0 BaseServiceProxy     : -> GET /v1/api/iserver/account/U5799398/order/1638730704,200|328ms
12:46:02.775 INFO  vert.x-eventloop-thread-0 BaseServiceProxy     : -> GET /v1/api/iserver/account/orders,200|53ms
12:46:02.853 INFO  vert.x-eventloop-thread-0 BaseServiceProxy     : -> GET /v1/api/iserver/marketdata/history?conid=732440574&period=30d&bar=1d&outsideRth=false,200|59ms
12:46:02.915 INFO  vert.x-eventloop-thread-0 BaseServiceProxy     : -> GET /v1/api/iserver/marketdata/history?conid=732440574&period=30d&bar=1d&outsideRth=false,200|60ms
12:46:03.040 INFO  vert.x-eventloop-thread-0 BaseServiceProxy     : -> GET /v1/api/iserver/account/orders,200|53ms
12:46:08.737 INFO  vert.x-eventloop-thread-0 BaseServiceProxy     : -> GET /v1/api/tickle,200|78ms
12:46:08.738 DEBUG vert.x-eventloop-thread-0 ClientPortalService  : tickle {"session":"a2a93ddeb352a7d9afd0acee2667e82f","ssoExpires":450003,"collission":false,"userId":50301190,"hmds":{"error":"no bridge"},"iserver":{"authStatus":{"authenticated":true,"established":true,"competing":false,"connected":true,"message":"","MAC":"06:A8:C0:D9:D5:E3","serverInfo":{"serverName":"JifS12101","serverVersion":"Build 10.44.1h, Apr 20, 2026 11:22:51 AM"},"hardware_info":"275c5aa2|06:A8:C0:D9:D5:E3"}}}
12:46:38.967 INFO  vert.x-eventloop-thread-0 BaseServiceProxy     : -> GET /v1/api/tickle,200|293ms
12:46:38.969 DEBUG vert.x-eventloop-thread-0 ClientPortalService  : tickle {"session":"a2a93ddeb352a7d9afd0acee2667e82f","ssoExpires":419765,"collission":false,"userId":50301190,"hmds":{"error":"no bridge"},"iserver":{"authStatus":{"authenticated":true,"established":true,"competing":false,"connected":true,"message":"","MAC":"06:A8:C0:D9:D5:E3","serverInfo":{"serverName":"JifS12101","serverVersion":"Build 10.44.1h, Apr 20, 2026 11:22:51 AM"},"hardware_info":"275c5aa2|06:A8:C0:D9:D5:E3"}}}
12:47:08.804 INFO  vert.x-eventloop-thread-0 BaseServiceProxy     : -> GET /v1/api/tickle,200|128ms
12:47:08.805 DEBUG vert.x-eventloop-thread-0 ClientPortalService  : tickle {"session":"a2a93ddeb352a7d9afd0acee2667e82f","ssoExpires":389958,"collission":false,"userId":50301190,"hmds":{"error":"no bridge"},"iserver":{"authStatus":{"authenticated":true,"established":true,"competing":false,"connected":true,"message":"","MAC":"06:A8:C0:D9:D5:E3","serverInfo":{"serverName":"JifS12101","serverVersion":"Build 10.44.1h, Apr 20, 2026 11:22:51 AM"},"hardware_info":"275c5aa2|06:A8:C0:D9:D5:E3"}}}
12:47:38.730 INFO  vert.x-eventloop-thread-0 BaseServiceProxy     : -> GET /v1/api/tickle,200|53ms
12:47:38.733 DEBUG vert.x-eventloop-thread-0 ClientPortalService  : tickle {"session":"a2a93ddeb352a7d9afd0acee2667e82f","ssoExpires":360000,"collission":false,"userId":50301190,"hmds":{"error":"no bridge"},"iserver":{"authStatus":{"authenticated":true,"established":true,"competing":false,"connected":true,"message":"","MAC":"06:A8:C0:D9:D5:E3","serverInfo":{"serverName":"JifS12101","serverVersion":"Build 10.44.1h, Apr 20, 2026 11:22:51 AM"},"hardware_info":"275c5aa2|06:A8:C0:D9:D5:E3"}}}
12:48:08.978 INFO  vert.x-eventloop-thread-0 BaseServiceProxy     : -> GET /v1/api/tickle,200|302ms
12:48:08.980 DEBUG vert.x-eventloop-thread-0 ClientPortalService  : tickle {"session":"a2a93ddeb352a7d9afd0acee2667e82f","ssoExpires":329828,"collission":false,"userId":50301190,"hmds":{"error":"no bridge"},"iserver":{"authStatus":{"authenticated":true,"established":true,"competing":false,"connected":true,"message":"","MAC":"06:A8:C0:D9:D5:E3","serverInfo":{"serverName":"JifS12101","serverVersion":"Build 10.44.1h, Apr 20, 2026 11:22:51 AM"},"hardware_info":"275c5aa2|06:A8:C0:D9:D5:E3"}}}
12:48:33.728 INFO  vert.x-eventloop-thread-0 BaseServiceProxy     : -> GET /sso/ping,200|477ms
12:48:33.730 INFO  vert.x-eventloop-thread-0 SsoService           : sso ping {"result": "true"}
12:48:38.730 INFO  vert.x-eventloop-thread-0 BaseServiceProxy     : -> GET /v1/api/tickle,200|54ms
12:48:38.731 DEBUG vert.x-eventloop-thread-0 ClientPortalService  : tickle {"session":"a2a93ddeb352a7d9afd0acee2667e82f","ssoExpires":300001,"collission":false,"userId":50301190,"hmds":{"error":"no bridge"},"iserver":{"authStatus":{"authenticated":true,"established":true,"competing":false,"connected":true,"message":"","MAC":"06:A8:C0:D9:D5:E3","serverInfo":{"serverName":"JifS12101","serverVersion":"Build 10.44.1h, Apr 20, 2026 11:22:51 AM"},"hardware_info":"275c5aa2|06:A8:C0:D9:D5:E3"}}}
12:48:52.696 INFO  vert.x-eventloop-thread-0 BaseServiceProxy     : -> GET /v1/api/iserver/secdef/search?symbol=FPS&secType=STK,200|87ms
12:48:53.570 INFO  vert.x-eventloop-thread-0 BaseServiceProxy     : -> GET /v1/api/tickle,200|95ms
12:49:06.110 INFO  vert.x-eventloop-thread-0 BaseServiceProxy     : -> GET /v1/api/portfolio/U5799398/summary,200|96ms
12:49:06.196 INFO  vert.x-eventloop-thread-0 BaseServiceProxy     : -> GET /v1/api/iserver/account/orders,200|82ms
12:49:06.260 INFO  vert.x-eventloop-thread-0 BaseServiceProxy     : -> GET /v1/api/portfolio/U5799398/positions/0?direction=a&period=1W&sort=position,200|139ms
12:49:08.970 INFO  vert.x-eventloop-thread-0 BaseServiceProxy     : -> GET /v1/api/tickle,200|293ms
12:49:08.970 DEBUG vert.x-eventloop-thread-0 ClientPortalService  : tickle {"session":"a2a93ddeb352a7d9afd0acee2667e82f","ssoExpires":269767,"collission":false,"userId":50301190,"hmds":{"error":"no bridge"},"iserver":{"authStatus":{"authenticated":true,"established":true,"competing":false,"connected":true,"message":"","MAC":"06:A8:C0:D9:D5:E3","serverInfo":{"serverName":"JifS12101","serverVersion":"Build 10.44.1h, Apr 20, 2026 11:22:51 AM"},"hardware_info":"275c5aa2|06:A8:C0:D9:D5:E3"}}}
12:49:28.433 INFO  vert.x-eventloop-thread-0 BaseServiceProxy     : -> GET /v1/api/iserver/secdef/search?symbol=FPS&secType=STK,200|364ms
12:49:28.524 INFO  vert.x-eventloop-thread-0 BaseServiceProxy     : -> GET /v1/api/iserver/account/orders,200|87ms
12:49:28.624 INFO  vert.x-eventloop-thread-0 BaseServiceProxy     : -> GET /v1/api/portfolio/U5799398/summary,200|87ms
12:49:29.045 INFO  vert.x-eventloop-thread-0 BaseServiceProxy     : -> GET /v1/api/iserver/account/U5799398/orders,200|413ms
12:49:29.113 INFO  vert.x-eventloop-thread-0 BaseServiceProxy     : -> GET /v1/api/iserver/reply/2bf4c1d6-102e-4e6a-a1a5-a9fb24c7f6c1,200|64ms
12:49:29.228 INFO  vert.x-eventloop-thread-0 BaseServiceProxy     : -> GET /v1/api/iserver/reply/681b51fe-aa29-4caf-9409-ea2e58dad7e0,200|113ms
12:49:29.292 INFO  vert.x-eventloop-thread-0 BaseServiceProxy     : -> GET /v1/api/iserver/reply/e4cf3c1e-be5e-4e04-ae86-440fe5d40f78,200|60ms
12:49:29.349 INFO  vert.x-eventloop-thread-0 BaseServiceProxy     : -> GET /v1/api/iserver/reply/089f9d43-8e75-46b5-9e27-9664a22eee2d,200|54ms
12:49:29.420 INFO  vert.x-eventloop-thread-0 BaseServiceProxy     : -> GET /v1/api/iserver/reply/d06450ee-4ded-4a15-96c5-9ab1102bdb96,200|68ms
12:49:29.485 INFO  vert.x-eventloop-thread-0 BaseServiceProxy     : -> GET /v1/api/iserver/reply/77366101-a87c-4fd7-9c04-c7e9c8eebbcf,200|62ms
12:49:29.547 INFO  vert.x-eventloop-thread-0 BaseServiceProxy     : -> GET /v1/api/iserver/account/orders,200|58ms
12:49:29.968 INFO  vert.x-eventloop-thread-0 BaseServiceProxy     : -> GET /v1/api/iserver/marketdata/history?conid=851539566&period=30d&bar=1d&outsideRth=false,200|406ms
12:49:30.027 INFO  vert.x-eventloop-thread-0 BaseServiceProxy     : -> GET /v1/api/iserver/marketdata/history?conid=851539566&period=30d&bar=1d&outsideRth=false,200|55ms
12:49:32.235 INFO  vert.x-eventloop-thread-0 BaseServiceProxy     : -> GET /v1/api/iserver/account/orders,200|65ms
12:49:32.306 INFO  vert.x-eventloop-thread-0 BaseServiceProxy     : -> GET /v1/api/iserver/marketdata/history?conid=851539566&period=30d&bar=1d&outsideRth=false,200|58ms
12:49:32.364 INFO  vert.x-eventloop-thread-0 BaseServiceProxy     : -> GET /v1/api/iserver/marketdata/history?conid=851539566&period=30d&bar=1d&outsideRth=false,200|56ms
12:49:32.503 INFO  vert.x-eventloop-thread-0 BaseServiceProxy     : -> GET /v1/api/iserver/account/orders,200|78ms
12:49:32.570 INFO  vert.x-eventloop-thread-0 BaseServiceProxy     : -> GET /v1/api/iserver/account/orders,200|54ms
12:49:33.452 INFO  vert.x-eventloop-thread-0 BaseServiceProxy     : -> GET /v1/api/iserver/account/U5799398/order/1638730707,200|866ms
12:49:33.510 INFO  vert.x-eventloop-thread-0 BaseServiceProxy     : -> GET /v1/api/iserver/account/orders,200|55ms
12:49:33.594 INFO  vert.x-eventloop-thread-0 BaseServiceProxy     : -> GET /v1/api/iserver/marketdata/history?conid=851539566&period=30d&bar=1d&outsideRth=false,200|65ms
12:49:33.652 INFO  vert.x-eventloop-thread-0 BaseServiceProxy     : -> GET /v1/api/iserver/marketdata/history?conid=851539566&period=30d&bar=1d&outsideRth=false,200|55ms
12:49:33.779 INFO  vert.x-eventloop-thread-0 BaseServiceProxy     : -> GET /v1/api/iserver/account/orders,200|54ms
12:49:38.728 INFO  vert.x-eventloop-thread-0 BaseServiceProxy     : -> GET /v1/api/tickle,200|51ms
12:49:38.728 DEBUG vert.x-eventloop-thread-0 ClientPortalService  : tickle {"session":"a2a93ddeb352a7d9afd0acee2667e82f","ssoExpires":240003,"collission":false,"userId":50301190,"hmds":{"error":"no bridge"},"iserver":{"authStatus":{"authenticated":true,"established":true,"competing":false,"connected":true,"message":"","MAC":"06:A8:C0:D9:D5:E3","serverInfo":{"serverName":"JifS12101","serverVersion":"Build 10.44.1h, Apr 20, 2026 11:22:51 AM"},"hardware_info":"275c5aa2|06:A8:C0:D9:D5:E3"}}}
12:50:08.968 INFO  vert.x-eventloop-thread-0 BaseServiceProxy     : -> GET /v1/api/tickle,200|291ms
12:50:08.970 DEBUG vert.x-eventloop-thread-0 ClientPortalService  : tickle {"session":"a2a93ddeb352a7d9afd0acee2667e82f","ssoExpires":209763,"collission":false,"userId":50301190,"hmds":{"error":"no bridge"},"iserver":{"authStatus":{"authenticated":true,"established":true,"competing":false,"connected":true,"message":"","MAC":"06:A8:C0:D9:D5:E3","serverInfo":{"serverName":"JifS12101","serverVersion":"Build 10.44.1h, Apr 20, 2026 11:22:51 AM"},"hardware_info":"275c5aa2|06:A8:C0:D9:D5:E3"}}}
12:50:38.962 INFO  vert.x-eventloop-thread-0 BaseServiceProxy     : -> GET /v1/api/tickle,200|285ms
12:50:38.963 DEBUG vert.x-eventloop-thread-0 ClientPortalService  : tickle {"session":"a2a93ddeb352a7d9afd0acee2667e82f","ssoExpires":179768,"collission":false,"userId":50301190,"hmds":{"error":"no bridge"},"iserver":{"authStatus":{"authenticated":true,"established":true,"competing":false,"connected":true,"message":"","MAC":"06:A8:C0:D9:D5:E3","serverInfo":{"serverName":"JifS12101","serverVersion":"Build 10.44.1h, Apr 20, 2026 11:22:51 AM"},"hardware_info":"275c5aa2|06:A8:C0:D9:D5:E3"}}}
12:51:08.989 INFO  vert.x-eventloop-thread-0 BaseServiceProxy     : -> GET /v1/api/tickle,200|311ms
12:51:08.991 DEBUG vert.x-eventloop-thread-0 ClientPortalService  : tickle {"session":"a2a93ddeb352a7d9afd0acee2667e82f","ssoExpires":149767,"collission":false,"userId":50301190,"hmds":{"error":"no bridge"},"iserver":{"authStatus":{"authenticated":true,"established":true,"competing":false,"connected":true,"message":"","MAC":"06:A8:C0:D9:D5:E3","serverInfo":{"serverName":"JifS12101","serverVersion":"Build 10.44.1h, Apr 20, 2026 11:22:51 AM"},"hardware_info":"275c5aa2|06:A8:C0:D9:D5:E3"}}}
12:51:38.729 INFO  vert.x-eventloop-thread-0 BaseServiceProxy     : -> GET /v1/api/tickle,200|51ms
12:51:38.730 DEBUG vert.x-eventloop-thread-0 ClientPortalService  : tickle {"session":"a2a93ddeb352a7d9afd0acee2667e82f","ssoExpires":120000,"collission":false,"userId":50301190,"hmds":{"error":"no bridge"},"iserver":{"authStatus":{"authenticated":true,"established":true,"competing":false,"connected":true,"message":"","MAC":"06:A8:C0:D9:D5:E3","serverInfo":{"serverName":"JifS12101","serverVersion":"Build 10.44.1h, Apr 20, 2026 11:22:51 AM"},"hardware_info":"275c5aa2|06:A8:C0:D9:D5:E3"}}}
12:51:45.747 INFO  vert.x-eventloop-thread-0 BaseServiceProxy     : -> GET /v1/api/portfolio/U5799398/summary,200|343ms
12:51:45.820 INFO  vert.x-eventloop-thread-0 BaseServiceProxy     : -> GET /v1/api/iserver/account/orders,200|69ms
12:51:47.823 INFO  vert.x-eventloop-thread-0 BaseServiceProxy     : -> GET /v1/api/portfolio/U5799398/positions/0?direction=a&period=1W&sort=position,200|2064ms
12:51:53.733 INFO  vert.x-eventloop-thread-0 BaseServiceProxy     : -> GET /v1/api/tickle,200|56ms
12:51:55.755 INFO  vert.x-eventloop-thread-0 BaseServiceProxy     : -> GET /v1/api/iserver/secdef/search?symbol=NEM&secType=STK,200|150ms
12:51:55.824 INFO  vert.x-eventloop-thread-0 BaseServiceProxy     : -> GET /v1/api/iserver/account/orders,200|65ms
12:51:55.935 INFO  vert.x-eventloop-thread-0 BaseServiceProxy     : -> GET /v1/api/portfolio/U5799398/summary,200|96ms
12:51:56.301 INFO  vert.x-eventloop-thread-0 BaseServiceProxy     : -> GET /v1/api/iserver/account/U5799398/orders,200|361ms
12:51:56.372 INFO  vert.x-eventloop-thread-0 BaseServiceProxy     : -> GET /v1/api/iserver/reply/c40b4118-5162-4b0c-a662-c9d4a3dafde9,200|69ms
12:51:56.429 INFO  vert.x-eventloop-thread-0 BaseServiceProxy     : -> GET /v1/api/iserver/reply/b694c205-cffd-41cd-8cfd-7d69634b580c,200|53ms
12:51:56.491 INFO  vert.x-eventloop-thread-0 BaseServiceProxy     : -> GET /v1/api/iserver/reply/3914ba14-ad0b-44ca-8cf2-aeec64d82d8c,200|58ms
12:51:56.572 INFO  vert.x-eventloop-thread-0 BaseServiceProxy     : -> GET /v1/api/iserver/reply/4df97359-027b-4010-9c0a-67f6d3ef5dde,200|78ms
12:51:56.650 INFO  vert.x-eventloop-thread-0 BaseServiceProxy     : -> GET /v1/api/iserver/reply/7763917c-d024-4224-8c4d-d64adc8c626d,200|75ms
12:51:56.712 INFO  vert.x-eventloop-thread-0 BaseServiceProxy     : -> GET /v1/api/iserver/account/orders,200|60ms
12:51:57.220 INFO  vert.x-eventloop-thread-0 BaseServiceProxy     : -> GET /v1/api/iserver/marketdata/history?conid=10174&period=30d&bar=1d&outsideRth=false,200|492ms
12:51:57.281 INFO  vert.x-eventloop-thread-0 BaseServiceProxy     : -> GET /v1/api/iserver/marketdata/history?conid=10174&period=30d&bar=1d&outsideRth=false,200|57ms
12:51:58.452 INFO  vert.x-eventloop-thread-0 BaseServiceProxy     : -> GET /v1/api/iserver/account/orders,200|58ms
12:51:58.523 INFO  vert.x-eventloop-thread-0 BaseServiceProxy     : -> GET /v1/api/iserver/marketdata/history?conid=10174&period=30d&bar=1d&outsideRth=false,200|56ms
12:51:58.582 INFO  vert.x-eventloop-thread-0 BaseServiceProxy     : -> GET /v1/api/iserver/marketdata/history?conid=10174&period=30d&bar=1d&outsideRth=false,200|56ms
12:51:58.711 INFO  vert.x-eventloop-thread-0 BaseServiceProxy     : -> GET /v1/api/iserver/account/orders,200|69ms
12:51:58.784 INFO  vert.x-eventloop-thread-0 BaseServiceProxy     : -> GET /v1/api/iserver/account/orders,200|56ms
12:51:59.165 INFO  vert.x-eventloop-thread-0 BaseServiceProxy     : -> GET /v1/api/iserver/account/U5799398/order/1638730710,200|372ms
12:51:59.217 INFO  vert.x-eventloop-thread-0 BaseServiceProxy     : -> GET /v1/api/iserver/account/orders,200|51ms
12:51:59.294 INFO  vert.x-eventloop-thread-0 BaseServiceProxy     : -> GET /v1/api/iserver/marketdata/history?conid=10174&period=30d&bar=1d&outsideRth=false,200|55ms
12:51:59.355 INFO  vert.x-eventloop-thread-0 BaseServiceProxy     : -> GET /v1/api/iserver/marketdata/history?conid=10174&period=30d&bar=1d&outsideRth=false,200|59ms
12:51:59.455 INFO  vert.x-eventloop-thread-0 BaseServiceProxy     : -> GET /v1/api/iserver/account/orders,200|50ms
12:52:08.730 INFO  vert.x-eventloop-thread-0 BaseServiceProxy     : -> GET /v1/api/tickle,200|53ms
12:52:08.730 DEBUG vert.x-eventloop-thread-0 ClientPortalService  : tickle {"session":"a2a93ddeb352a7d9afd0acee2667e82f","ssoExpires":90000,"collission":false,"userId":50301190,"hmds":{"error":"no bridge"},"iserver":{"authStatus":{"authenticated":true,"established":true,"competing":false,"connected":true,"message":"","MAC":"06:A8:C0:D9:D5:E3","serverInfo":{"serverName":"JifS12101","serverVersion":"Build 10.44.1h, Apr 20, 2026 11:22:51 AM"},"hardware_info":"275c5aa2|06:A8:C0:D9:D5:E3"}}}
12:52:38.732 INFO  vert.x-eventloop-thread-0 BaseServiceProxy     : -> GET /v1/api/tickle,200|55ms
12:52:38.733 DEBUG vert.x-eventloop-thread-0 ClientPortalService  : tickle {"session":"a2a93ddeb352a7d9afd0acee2667e82f","ssoExpires":59998,"collission":false,"userId":50301190,"hmds":{"error":"no bridge"},"iserver":{"authStatus":{"authenticated":true,"established":true,"competing":false,"connected":true,"message":"","MAC":"06:A8:C0:D9:D5:E3","serverInfo":{"serverName":"JifS12101","serverVersion":"Build 10.44.1h, Apr 20, 2026 11:22:51 AM"},"hardware_info":"275c5aa2|06:A8:C0:D9:D5:E3"}}}
12:53:09.001 INFO  vert.x-eventloop-thread-0 BaseServiceProxy     : -> GET /v1/api/tickle,200|323ms
12:53:09.002 DEBUG vert.x-eventloop-thread-0 ClientPortalService  : tickle {"session":"a2a93ddeb352a7d9afd0acee2667e82f","ssoExpires":29737,"collission":false,"userId":50301190,"hmds":{"error":"no bridge"},"iserver":{"authStatus":{"authenticated":true,"established":true,"competing":false,"connected":true,"message":"","MAC":"06:A8:C0:D9:D5:E3","serverInfo":{"serverName":"JifS12101","serverVersion":"Build 10.44.1h, Apr 20, 2026 11:22:51 AM"},"hardware_info":"275c5aa2|06:A8:C0:D9:D5:E3"}}}
12:53:33.956 INFO  vert.x-eventloop-thread-0 BaseServiceProxy     : -> GET /sso/ping,200|705ms
12:53:33.957 INFO  vert.x-eventloop-thread-0 SsoService           : sso ping {"result": "true"}
12:53:38.743 INFO  vert.x-eventloop-thread-0 BaseServiceProxy     : -> GET /v1/api/tickle,200|65ms
12:53:38.744 DEBUG vert.x-eventloop-thread-0 ClientPortalService  : tickle {"session":"a2a93ddeb352a7d9afd0acee2667e82f","ssoExpires":600000,"collission":false,"userId":50301190,"hmds":{"error":"no bridge"},"iserver":{"authStatus":{"authenticated":true,"established":true,"competing":false,"connected":true,"message":"","MAC":"06:A8:C0:D9:D5:E3","serverInfo":{"serverName":"JifS12101","serverVersion":"Build 10.44.1h, Apr 20, 2026 11:22:51 AM"},"hardware_info":"275c5aa2|06:A8:C0:D9:D5:E3"}}}
12:53:50.902 INFO  vert.x-eventloop-thread-0 BaseServiceProxy     : -> GET /v1/api/iserver/secdef/search?symbol=TVTX&secType=STK,200|75ms
12:54:09.008 INFO  vert.x-eventloop-thread-0 BaseServiceProxy     : -> GET /v1/api/tickle,200|330ms
12:54:09.009 DEBUG vert.x-eventloop-thread-0 ClientPortalService  : tickle {"session":"a2a93ddeb352a7d9afd0acee2667e82f","ssoExpires":569752,"collission":false,"userId":50301190,"hmds":{"error":"no bridge"},"iserver":{"authStatus":{"authenticated":true,"established":true,"competing":false,"connected":true,"message":"","MAC":"06:A8:C0:D9:D5:E3","serverInfo":{"serverName":"JifS12101","serverVersion":"Build 10.44.1h, Apr 20, 2026 11:22:51 AM"},"hardware_info":"275c5aa2|06:A8:C0:D9:D5:E3"}}}
12:54:17.611 INFO  vert.x-eventloop-thread-0 BaseServiceProxy     : -> GET /v1/api/portfolio/U5799398/summary,200|387ms
12:54:17.683 INFO  vert.x-eventloop-thread-0 BaseServiceProxy     : -> GET /v1/api/iserver/account/orders,200|53ms
12:54:17.712 INFO  vert.x-eventloop-thread-0 BaseServiceProxy     : -> GET /v1/api/portfolio/U5799398/positions/0?direction=a&period=1W&sort=position,200|94ms
12:54:34.507 INFO  vert.x-eventloop-thread-0 BaseServiceProxy     : -> GET /v1/api/iserver/secdef/search?symbol=TVTX&secType=STK,200|55ms
12:54:34.563 INFO  vert.x-eventloop-thread-0 BaseServiceProxy     : -> GET /v1/api/iserver/account/orders,200|54ms
12:54:34.674 INFO  vert.x-eventloop-thread-0 BaseServiceProxy     : -> GET /v1/api/portfolio/U5799398/summary,200|85ms
12:54:35.067 INFO  vert.x-eventloop-thread-0 BaseServiceProxy     : -> GET /v1/api/iserver/account/U5799398/orders,200|391ms
12:54:35.123 INFO  vert.x-eventloop-thread-0 BaseServiceProxy     : -> GET /v1/api/iserver/reply/0f311694-88a7-4c6f-a4fa-eddc1161eb15,200|54ms
12:54:35.179 INFO  vert.x-eventloop-thread-0 BaseServiceProxy     : -> GET /v1/api/iserver/reply/7309c0f0-59a3-4450-85ef-7d83cc194371,200|54ms
12:54:35.234 INFO  vert.x-eventloop-thread-0 BaseServiceProxy     : -> GET /v1/api/iserver/reply/8d57b782-c40a-4259-bd0a-7661b923ee3b,200|53ms
12:54:35.304 INFO  vert.x-eventloop-thread-0 BaseServiceProxy     : -> GET /v1/api/iserver/reply/0d094b78-9ae8-47da-9f73-cae6823317a5,200|67ms
12:54:35.361 INFO  vert.x-eventloop-thread-0 BaseServiceProxy     : -> GET /v1/api/iserver/account/orders,200|55ms
12:54:35.670 INFO  vert.x-eventloop-thread-0 BaseServiceProxy     : -> GET /v1/api/iserver/marketdata/history?conid=455946293&period=30d&bar=1d&outsideRth=false,200|295ms
12:54:35.730 INFO  vert.x-eventloop-thread-0 BaseServiceProxy     : -> GET /v1/api/iserver/marketdata/history?conid=455946293&period=30d&bar=1d&outsideRth=false,200|59ms
12:54:37.409 INFO  vert.x-eventloop-thread-0 BaseServiceProxy     : -> GET /v1/api/iserver/account/orders,200|52ms
12:54:37.479 INFO  vert.x-eventloop-thread-0 BaseServiceProxy     : -> GET /v1/api/iserver/marketdata/history?conid=455946293&period=30d&bar=1d&outsideRth=false,200|56ms
12:54:37.539 INFO  vert.x-eventloop-thread-0 BaseServiceProxy     : -> GET /v1/api/iserver/marketdata/history?conid=455946293&period=30d&bar=1d&outsideRth=false,200|58ms
12:54:37.655 INFO  vert.x-eventloop-thread-0 BaseServiceProxy     : -> GET /v1/api/iserver/account/orders,200|55ms
12:54:37.748 INFO  vert.x-eventloop-thread-0 BaseServiceProxy     : -> GET /v1/api/iserver/account/orders,200|55ms
12:54:38.734 INFO  vert.x-eventloop-thread-0 BaseServiceProxy     : -> GET /v1/api/tickle,200|56ms
12:54:38.734 DEBUG vert.x-eventloop-thread-0 ClientPortalService  : tickle {"session":"a2a93ddeb352a7d9afd0acee2667e82f","ssoExpires":540016,"collission":false,"userId":50301190,"hmds":{"error":"no bridge"},"iserver":{"authStatus":{"authenticated":true,"established":true,"competing":false,"connected":true,"message":"","MAC":"06:A8:C0:D9:D5:E3","serverInfo":{"serverName":"JifS12101","serverVersion":"Build 10.44.1h, Apr 20, 2026 11:22:51 AM"},"hardware_info":"275c5aa2|06:A8:C0:D9:D5:E3"}}}
12:54:38.743 INFO  vert.x-eventloop-thread-0 BaseServiceProxy     : -> GET /v1/api/iserver/account/U5799398/order/1638730713,200|985ms
12:54:38.800 INFO  vert.x-eventloop-thread-0 BaseServiceProxy     : -> GET /v1/api/iserver/account/orders,200|55ms
12:54:38.878 INFO  vert.x-eventloop-thread-0 BaseServiceProxy     : -> GET /v1/api/iserver/marketdata/history?conid=455946293&period=30d&bar=1d&outsideRth=false,200|64ms
12:54:38.938 INFO  vert.x-eventloop-thread-0 BaseServiceProxy     : -> GET /v1/api/iserver/marketdata/history?conid=455946293&period=30d&bar=1d&outsideRth=false,200|57ms
12:54:39.070 INFO  vert.x-eventloop-thread-0 BaseServiceProxy     : -> GET /v1/api/iserver/account/orders,200|83ms
12:54:53.878 INFO  vert.x-eventloop-thread-0 BaseServiceProxy     : -> GET /v1/api/tickle,200|50ms
12:55:08.731 INFO  vert.x-eventloop-thread-0 BaseServiceProxy     : -> GET /v1/api/tickle,200|53ms
12:55:08.732 DEBUG vert.x-eventloop-thread-0 ClientPortalService  : tickle {"session":"a2a93ddeb352a7d9afd0acee2667e82f","ssoExpires":510016,"collission":false,"userId":50301190,"hmds":{"error":"no bridge"},"iserver":{"authStatus":{"authenticated":true,"established":true,"competing":false,"connected":true,"message":"","MAC":"06:A8:C0:D9:D5:E3","serverInfo":{"serverName":"JifS12101","serverVersion":"Build 10.44.1h, Apr 20, 2026 11:22:51 AM"},"hardware_info":"275c5aa2|06:A8:C0:D9:D5:E3"}}}
12:55:38.973 INFO  vert.x-eventloop-thread-0 BaseServiceProxy     : -> GET /v1/api/tickle,200|296ms
12:55:38.974 DEBUG vert.x-eventloop-thread-0 ClientPortalService  : tickle {"session":"a2a93ddeb352a7d9afd0acee2667e82f","ssoExpires":479774,"collission":false,"userId":50301190,"hmds":{"error":"no bridge"},"iserver":{"authStatus":{"authenticated":true,"established":true,"competing":false,"connected":true,"message":"","MAC":"06:A8:C0:D9:D5:E3","serverInfo":{"serverName":"JifS12101","serverVersion":"Build 10.44.1h, Apr 20, 2026 11:22:51 AM"},"hardware_info":"275c5aa2|06:A8:C0:D9:D5:E3"}}}
12:56:08.973 INFO  vert.x-eventloop-thread-0 BaseServiceProxy     : -> GET /v1/api/tickle,200|295ms
12:56:08.975 DEBUG vert.x-eventloop-thread-0 ClientPortalService  : tickle {"session":"a2a93ddeb352a7d9afd0acee2667e82f","ssoExpires":449777,"collission":false,"userId":50301190,"hmds":{"error":"no bridge"},"iserver":{"authStatus":{"authenticated":true,"established":true,"competing":false,"connected":true,"message":"","MAC":"06:A8:C0:D9:D5:E3","serverInfo":{"serverName":"JifS12101","serverVersion":"Build 10.44.1h, Apr 20, 2026 11:22:51 AM"},"hardware_info":"275c5aa2|06:A8:C0:D9:D5:E3"}}}
12:56:38.729 INFO  vert.x-eventloop-thread-0 BaseServiceProxy     : -> GET /v1/api/tickle,200|50ms
12:56:38.730 DEBUG vert.x-eventloop-thread-0 ClientPortalService  : tickle {"session":"a2a93ddeb352a7d9afd0acee2667e82f","ssoExpires":420014,"collission":false,"userId":50301190,"hmds":{"error":"no bridge"},"iserver":{"authStatus":{"authenticated":true,"established":true,"competing":false,"connected":true,"message":"","MAC":"06:A8:C0:D9:D5:E3","serverInfo":{"serverName":"JifS12101","serverVersion":"Build 10.44.1h, Apr 20, 2026 11:22:51 AM"},"hardware_info":"275c5aa2|06:A8:C0:D9:D5:E3"}}}
12:56:49.205 INFO  vert.x-eventloop-thread-0 BaseServiceProxy     : -> GET /v1/api/iserver/secdef/search?symbol=ECO&secType=STK,200|267ms
12:57:05.112 INFO  vert.x-eventloop-thread-0 BaseServiceProxy     : -> GET /v1/api/portfolio/U5799398/summary,200|89ms
12:57:05.171 INFO  vert.x-eventloop-thread-0 BaseServiceProxy     : -> GET /v1/api/iserver/account/orders,200|55ms
12:57:06.533 INFO  vert.x-eventloop-thread-0 BaseServiceProxy     : -> GET /v1/api/portfolio/U5799398/positions/0?direction=a&period=1W&sort=position,200|1410ms
12:57:08.741 INFO  vert.x-eventloop-thread-0 BaseServiceProxy     : -> GET /v1/api/tickle,200|63ms
12:57:08.742 DEBUG vert.x-eventloop-thread-0 ClientPortalService  : tickle {"session":"a2a93ddeb352a7d9afd0acee2667e82f","ssoExpires":390018,"collission":false,"userId":50301190,"hmds":{"error":"no bridge"},"iserver":{"authStatus":{"authenticated":true,"established":true,"competing":false,"connected":true,"message":"","MAC":"06:A8:C0:D9:D5:E3","serverInfo":{"serverName":"JifS12101","serverVersion":"Build 10.44.1h, Apr 20, 2026 11:22:51 AM"},"hardware_info":"275c5aa2|06:A8:C0:D9:D5:E3"}}}
12:57:14.468 INFO  vert.x-eventloop-thread-0 BaseServiceProxy     : -> GET /v1/api/iserver/secdef/search?symbol=ECO&secType=STK,200|52ms
12:57:14.527 INFO  vert.x-eventloop-thread-0 BaseServiceProxy     : -> GET /v1/api/iserver/account/orders,200|57ms
12:57:14.639 INFO  vert.x-eventloop-thread-0 BaseServiceProxy     : -> GET /v1/api/portfolio/U5799398/summary,200|102ms
12:57:15.071 INFO  vert.x-eventloop-thread-0 BaseServiceProxy     : -> GET /v1/api/iserver/account/U5799398/orders,200|428ms
12:57:15.133 INFO  vert.x-eventloop-thread-0 BaseServiceProxy     : -> GET /v1/api/iserver/reply/c103ff10-98c8-4e87-945d-0364ab260e7e,200|61ms
12:57:15.187 INFO  vert.x-eventloop-thread-0 BaseServiceProxy     : -> GET /v1/api/iserver/reply/94fc588c-1e08-45fa-b734-0657da44a50f,200|53ms
12:57:15.240 INFO  vert.x-eventloop-thread-0 BaseServiceProxy     : -> GET /v1/api/iserver/reply/a6650312-f454-441e-b109-2659b2696426,200|51ms
12:57:15.295 INFO  vert.x-eventloop-thread-0 BaseServiceProxy     : -> GET /v1/api/iserver/reply/4964749f-50df-45a2-86b8-eae252379637,200|54ms
12:57:15.356 INFO  vert.x-eventloop-thread-0 BaseServiceProxy     : -> GET /v1/api/iserver/reply/b63b0abf-f6ad-4eb0-82fe-996c58319cea,200|59ms
12:57:15.409 INFO  vert.x-eventloop-thread-0 BaseServiceProxy     : -> GET /v1/api/iserver/account/orders,200|52ms
12:57:15.786 INFO  vert.x-eventloop-thread-0 BaseServiceProxy     : -> GET /v1/api/iserver/marketdata/history?conid=670780648&period=30d&bar=1d&outsideRth=false,200|369ms
12:57:15.845 INFO  vert.x-eventloop-thread-0 BaseServiceProxy     : -> GET /v1/api/iserver/marketdata/history?conid=670780648&period=30d&bar=1d&outsideRth=false,200|57ms
12:57:36.235 INFO  vert.x-eventloop-thread-0 BaseServiceProxy     : -> GET /v1/api/iserver/account/orders,200|61ms
12:57:36.354 INFO  vert.x-eventloop-thread-0 BaseServiceProxy     : -> GET /v1/api/iserver/marketdata/history?conid=670780648&period=30d&bar=1d&outsideRth=false,200|66ms
12:57:36.416 INFO  vert.x-eventloop-thread-0 BaseServiceProxy     : -> GET /v1/api/iserver/marketdata/history?conid=670780648&period=30d&bar=1d&outsideRth=false,200|59ms
12:57:36.534 INFO  vert.x-eventloop-thread-0 BaseServiceProxy     : -> GET /v1/api/iserver/account/orders,200|53ms
12:57:36.595 INFO  vert.x-eventloop-thread-0 BaseServiceProxy     : -> GET /v1/api/iserver/account/orders,200|53ms
12:57:36.933 INFO  vert.x-eventloop-thread-0 BaseServiceProxy     : -> GET /v1/api/iserver/account/U5799398/order/1638730716,200|321ms
12:57:36.985 INFO  vert.x-eventloop-thread-0 BaseServiceProxy     : -> GET /v1/api/iserver/account/orders,200|51ms
12:57:37.068 INFO  vert.x-eventloop-thread-0 BaseServiceProxy     : -> GET /v1/api/iserver/marketdata/history?conid=670780648&period=30d&bar=1d&outsideRth=false,200|61ms
12:57:37.132 INFO  vert.x-eventloop-thread-0 BaseServiceProxy     : -> GET /v1/api/iserver/marketdata/history?conid=670780648&period=30d&bar=1d&outsideRth=false,200|58ms
12:57:37.263 INFO  vert.x-eventloop-thread-0 BaseServiceProxy     : -> GET /v1/api/iserver/account/orders,200|55ms
12:57:38.739 INFO  vert.x-eventloop-thread-0 BaseServiceProxy     : -> GET /v1/api/tickle,200|57ms
12:57:38.739 DEBUG vert.x-eventloop-thread-0 ClientPortalService  : tickle {"session":"a2a93ddeb352a7d9afd0acee2667e82f","ssoExpires":360008,"collission":false,"userId":50301190,"hmds":{"error":"no bridge"},"iserver":{"authStatus":{"authenticated":true,"established":true,"competing":false,"connected":true,"message":"","MAC":"06:A8:C0:D9:D5:E3","serverInfo":{"serverName":"JifS12101","serverVersion":"Build 10.44.1h, Apr 20, 2026 11:22:51 AM"},"hardware_info":"275c5aa2|06:A8:C0:D9:D5:E3"}}}
12:57:54.085 INFO  vert.x-eventloop-thread-0 BaseServiceProxy     : -> GET /v1/api/tickle,200|52ms
12:58:08.728 INFO  vert.x-eventloop-thread-0 BaseServiceProxy     : -> GET /v1/api/tickle,200|50ms
12:58:08.729 DEBUG vert.x-eventloop-thread-0 ClientPortalService  : tickle {"session":"a2a93ddeb352a7d9afd0acee2667e82f","ssoExpires":330015,"collission":false,"userId":50301190,"hmds":{"error":"no bridge"},"iserver":{"authStatus":{"authenticated":true,"established":true,"competing":false,"connected":true,"message":"","MAC":"06:A8:C0:D9:D5:E3","serverInfo":{"serverName":"JifS12101","serverVersion":"Build 10.44.1h, Apr 20, 2026 11:22:51 AM"},"hardware_info":"275c5aa2|06:A8:C0:D9:D5:E3"}}}
12:58:33.641 INFO  vert.x-eventloop-thread-0 BaseServiceProxy     : -> GET /sso/ping,200|389ms
12:58:33.642 INFO  vert.x-eventloop-thread-0 SsoService           : sso ping {"result": "true"}
12:58:38.963 INFO  vert.x-eventloop-thread-0 BaseServiceProxy     : -> GET /v1/api/tickle,200|285ms
12:58:38.963 DEBUG vert.x-eventloop-thread-0 ClientPortalService  : tickle {"session":"a2a93ddeb352a7d9afd0acee2667e82f","ssoExpires":299781,"collission":false,"userId":50301190,"hmds":{"error":"no bridge"},"iserver":{"authStatus":{"authenticated":true,"established":true,"competing":false,"connected":true,"message":"","MAC":"06:A8:C0:D9:D5:E3","serverInfo":{"serverName":"JifS12101","serverVersion":"Build 10.44.1h, Apr 20, 2026 11:22:51 AM"},"hardware_info":"275c5aa2|06:A8:C0:D9:D5:E3"}}}
12:59:08.894 INFO  vert.x-eventloop-thread-0 BaseServiceProxy     : -> GET /v1/api/tickle,200|216ms
12:59:08.896 DEBUG vert.x-eventloop-thread-0 ClientPortalService  : tickle {"session":"a2a93ddeb352a7d9afd0acee2667e82f","ssoExpires":269853,"collission":false,"userId":50301190,"hmds":{"error":"no bridge"},"iserver":{"authStatus":{"authenticated":true,"established":true,"competing":false,"connected":true,"message":"","MAC":"06:A8:C0:D9:D5:E3","serverInfo":{"serverName":"JifS12101","serverVersion":"Build 10.44.1h, Apr 20, 2026 11:22:51 AM"},"hardware_info":"275c5aa2|06:A8:C0:D9:D5:E3"}}}
12:59:38.729 INFO  vert.x-eventloop-thread-0 BaseServiceProxy     : -> GET /v1/api/tickle,200|50ms
12:59:38.729 DEBUG vert.x-eventloop-thread-0 ClientPortalService  : tickle {"session":"a2a93ddeb352a7d9afd0acee2667e82f","ssoExpires":240015,"collission":false,"userId":50301190,"hmds":{"error":"no bridge"},"iserver":{"authStatus":{"authenticated":true,"established":true,"competing":false,"connected":true,"message":"","MAC":"06:A8:C0:D9:D5:E3","serverInfo":{"serverName":"JifS12101","serverVersion":"Build 10.44.1h, Apr 20, 2026 11:22:51 AM"},"hardware_info":"275c5aa2|06:A8:C0:D9:D5:E3"}}}
13:00:08.916 INFO  vert.x-eventloop-thread-0 BaseServiceProxy     : -> GET /v1/api/tickle,200|237ms
13:00:08.918 DEBUG vert.x-eventloop-thread-0 ClientPortalService  : tickle {"session":"a2a93ddeb352a7d9afd0acee2667e82f","ssoExpires":209830,"collission":false,"userId":50301190,"hmds":{"error":"no bridge"},"iserver":{"authStatus":{"authenticated":true,"established":true,"competing":false,"connected":true,"message":"","MAC":"06:A8:C0:D9:D5:E3","serverInfo":{"serverName":"JifS12101","serverVersion":"Build 10.44.1h, Apr 20, 2026 11:22:51 AM"},"hardware_info":"275c5aa2|06:A8:C0:D9:D5:E3"}}}
13:00:38.896 INFO  vert.x-eventloop-thread-0 BaseServiceProxy     : -> GET /v1/api/tickle,200|218ms
13:00:38.898 DEBUG vert.x-eventloop-thread-0 ClientPortalService  : tickle {"session":"a2a93ddeb352a7d9afd0acee2667e82f","ssoExpires":179850,"collission":false,"userId":50301190,"hmds":{"error":"no bridge"},"iserver":{"authStatus":{"authenticated":true,"established":true,"competing":false,"connected":true,"message":"","MAC":"06:A8:C0:D9:D5:E3","serverInfo":{"serverName":"JifS12101","serverVersion":"Build 10.44.1h, Apr 20, 2026 11:22:51 AM"},"hardware_info":"275c5aa2|06:A8:C0:D9:D5:E3"}}}
13:00:54.280 INFO  vert.x-eventloop-thread-0 BaseServiceProxy     : -> GET /v1/api/tickle,200|62ms
13:01:08.747 INFO  vert.x-eventloop-thread-0 BaseServiceProxy     : -> GET /v1/api/tickle,200|68ms
13:01:08.748 DEBUG vert.x-eventloop-thread-0 ClientPortalService  : tickle {"session":"a2a93ddeb352a7d9afd0acee2667e82f","ssoExpires":150008,"collission":false,"userId":50301190,"hmds":{"error":"no bridge"},"iserver":{"authStatus":{"authenticated":true,"established":true,"competing":false,"connected":true,"message":"","MAC":"06:A8:C0:D9:D5:E3","serverInfo":{"serverName":"JifS12101","serverVersion":"Build 10.44.1h, Apr 20, 2026 11:22:51 AM"},"hardware_info":"275c5aa2|06:A8:C0:D9:D5:E3"}}}
13:01:38.973 INFO  vert.x-eventloop-thread-0 BaseServiceProxy     : -> GET /v1/api/tickle,200|295ms
13:01:38.974 DEBUG vert.x-eventloop-thread-0 ClientPortalService  : tickle {"session":"a2a93ddeb352a7d9afd0acee2667e82f","ssoExpires":119773,"collission":false,"userId":50301190,"hmds":{"error":"no bridge"},"iserver":{"authStatus":{"authenticated":true,"established":true,"competing":false,"connected":true,"message":"","MAC":"06:A8:C0:D9:D5:E3","serverInfo":{"serverName":"JifS12101","serverVersion":"Build 10.44.1h, Apr 20, 2026 11:22:51 AM"},"hardware_info":"275c5aa2|06:A8:C0:D9:D5:E3"}}}
13:02:08.732 INFO  vert.x-eventloop-thread-0 BaseServiceProxy     : -> GET /v1/api/tickle,200|53ms
13:02:08.733 DEBUG vert.x-eventloop-thread-0 ClientPortalService  : tickle {"session":"a2a93ddeb352a7d9afd0acee2667e82f","ssoExpires":90015,"collission":false,"userId":50301190,"hmds":{"error":"no bridge"},"iserver":{"authStatus":{"authenticated":true,"established":true,"competing":false,"connected":true,"message":"","MAC":"06:A8:C0:D9:D5:E3","serverInfo":{"serverName":"JifS12101","serverVersion":"Build 10.44.1h, Apr 20, 2026 11:22:51 AM"},"hardware_info":"275c5aa2|06:A8:C0:D9:D5:E3"}}}
13:02:38.733 INFO  vert.x-eventloop-thread-0 BaseServiceProxy     : -> GET /v1/api/tickle,200|54ms
13:02:38.734 DEBUG vert.x-eventloop-thread-0 ClientPortalService  : tickle {"session":"a2a93ddeb352a7d9afd0acee2667e82f","ssoExpires":60014,"collission":false,"userId":50301190,"hmds":{"error":"no bridge"},"iserver":{"authStatus":{"authenticated":true,"established":true,"competing":false,"connected":true,"message":"","MAC":"06:A8:C0:D9:D5:E3","serverInfo":{"serverName":"JifS12101","serverVersion":"Build 10.44.1h, Apr 20, 2026 11:22:51 AM"},"hardware_info":"275c5aa2|06:A8:C0:D9:D5:E3"}}}
13:03:08.737 INFO  vert.x-eventloop-thread-0 BaseServiceProxy     : -> GET /v1/api/tickle,200|56ms
13:03:08.738 DEBUG vert.x-eventloop-thread-0 ClientPortalService  : tickle {"session":"a2a93ddeb352a7d9afd0acee2667e82f","ssoExpires":30008,"collission":false,"userId":50301190,"hmds":{"error":"no bridge"},"iserver":{"authStatus":{"authenticated":true,"established":true,"competing":false,"connected":true,"message":"","MAC":"06:A8:C0:D9:D5:E3","serverInfo":{"serverName":"JifS12101","serverVersion":"Build 10.44.1h, Apr 20, 2026 11:22:51 AM"},"hardware_info":"275c5aa2|06:A8:C0:D9:D5:E3"}}}
13:03:33.646 INFO  vert.x-eventloop-thread-0 BaseServiceProxy     : -> GET /sso/ping,200|393ms
13:03:33.648 INFO  vert.x-eventloop-thread-0 SsoService           : sso ping {"result": "true"}
13:03:38.728 INFO  vert.x-eventloop-thread-0 BaseServiceProxy     : -> GET /v1/api/tickle,200|49ms
13:03:38.729 DEBUG vert.x-eventloop-thread-0 ClientPortalService  : tickle {"session":"a2a93ddeb352a7d9afd0acee2667e82f","ssoExpires":17,"collission":false,"userId":50301190,"hmds":{"error":"no bridge"},"iserver":{"authStatus":{"authenticated":true,"established":true,"competing":false,"connected":true,"message":"","MAC":"06:A8:C0:D9:D5:E3","serverInfo":{"serverName":"JifS12101","serverVersion":"Build 10.44.1h, Apr 20, 2026 11:22:51 AM"},"hardware_info":"275c5aa2|06:A8:C0:D9:D5:E3"}}}
13:03:54.452 INFO  vert.x-eventloop-thread-0 BaseServiceProxy     : -> GET /v1/api/tickle,200|59ms
13:04:09.285 INFO  vert.x-eventloop-thread-0 BaseServiceProxy     : -> GET /v1/api/tickle,200|606ms
13:04:09.286 DEBUG vert.x-eventloop-thread-0 ClientPortalService  : tickle {"session":"a2a93ddeb352a7d9afd0acee2667e82f","ssoExpires":585224,"collission":false,"userId":50301190,"hmds":{"error":"no bridge"},"iserver":{"authStatus":{"authenticated":true,"established":true,"competing":false,"connected":true,"message":"","MAC":"06:A8:C0:D9:D5:E3","serverInfo":{"serverName":"JifS12101","serverVersion":"Build 10.44.1h, Apr 20, 2026 11:22:51 AM"},"hardware_info":"275c5aa2|06:A8:C0:D9:D5:E3"}}}
13:04:38.734 INFO  vert.x-eventloop-thread-0 BaseServiceProxy     : -> GET /v1/api/tickle,200|55ms
13:04:38.735 DEBUG vert.x-eventloop-thread-0 ClientPortalService  : tickle {"session":"a2a93ddeb352a7d9afd0acee2667e82f","ssoExpires":555720,"collission":false,"userId":50301190,"hmds":{"error":"no bridge"},"iserver":{"authStatus":{"authenticated":true,"established":true,"competing":false,"connected":true,"message":"","MAC":"06:A8:C0:D9:D5:E3","serverInfo":{"serverName":"JifS12101","serverVersion":"Build 10.44.1h, Apr 20, 2026 11:22:51 AM"},"hardware_info":"275c5aa2|06:A8:C0:D9:D5:E3"}}}
13:05:08.987 INFO  vert.x-eventloop-thread-0 BaseServiceProxy     : -> GET /v1/api/tickle,200|308ms
13:05:08.989 DEBUG vert.x-eventloop-thread-0 ClientPortalService  : tickle {"session":"a2a93ddeb352a7d9afd0acee2667e82f","ssoExpires":525468,"collission":false,"userId":50301190,"hmds":{"error":"no bridge"},"iserver":{"authStatus":{"authenticated":true,"established":true,"competing":false,"connected":true,"message":"","MAC":"06:A8:C0:D9:D5:E3","serverInfo":{"serverName":"JifS12101","serverVersion":"Build 10.44.1h, Apr 20, 2026 11:22:51 AM"},"hardware_info":"275c5aa2|06:A8:C0:D9:D5:E3"}}}
13:05:38.970 INFO  vert.x-eventloop-thread-0 BaseServiceProxy     : -> GET /v1/api/tickle,200|290ms
13:05:38.972 DEBUG vert.x-eventloop-thread-0 ClientPortalService  : tickle {"session":"a2a93ddeb352a7d9afd0acee2667e82f","ssoExpires":495488,"collission":false,"userId":50301190,"hmds":{"error":"no bridge"},"iserver":{"authStatus":{"authenticated":true,"established":true,"competing":false,"connected":true,"message":"","MAC":"06:A8:C0:D9:D5:E3","serverInfo":{"serverName":"JifS12101","serverVersion":"Build 10.44.1h, Apr 20, 2026 11:22:51 AM"},"hardware_info":"275c5aa2|06:A8:C0:D9:D5:E3"}}}
13:06:08.740 INFO  vert.x-eventloop-thread-0 BaseServiceProxy     : -> GET /v1/api/tickle,200|60ms
13:06:08.741 DEBUG vert.x-eventloop-thread-0 ClientPortalService  : tickle {"session":"a2a93ddeb352a7d9afd0acee2667e82f","ssoExpires":465717,"collission":false,"userId":50301190,"hmds":{"error":"no bridge"},"iserver":{"authStatus":{"authenticated":true,"established":true,"competing":false,"connected":true,"message":"","MAC":"06:A8:C0:D9:D5:E3","serverInfo":{"serverName":"JifS12101","serverVersion":"Build 10.44.1h, Apr 20, 2026 11:22:51 AM"},"hardware_info":"275c5aa2|06:A8:C0:D9:D5:E3"}}}
13:06:38.963 INFO  vert.x-eventloop-thread-0 BaseServiceProxy     : -> GET /v1/api/tickle,200|284ms
13:06:38.965 DEBUG vert.x-eventloop-thread-0 ClientPortalService  : tickle {"session":"a2a93ddeb352a7d9afd0acee2667e82f","ssoExpires":435492,"collission":false,"userId":50301190,"hmds":{"error":"no bridge"},"iserver":{"authStatus":{"authenticated":true,"established":true,"competing":false,"connected":true,"message":"","MAC":"06:A8:C0:D9:D5:E3","serverInfo":{"serverName":"JifS12101","serverVersion":"Build 10.44.1h, Apr 20, 2026 11:22:51 AM"},"hardware_info":"275c5aa2|06:A8:C0:D9:D5:E3"}}}
13:06:46.263 INFO  vert.x-eventloop-thread-0 BaseServiceProxy     : -> GET /v1/api/iserver/secdef/search?symbol=UMC&secType=STK,200|430ms
13:06:54.616 INFO  vert.x-eventloop-thread-0 BaseServiceProxy     : -> GET /v1/api/tickle,200|51ms
13:06:58.853 INFO  vert.x-eventloop-thread-0 BaseServiceProxy     : -> GET /v1/api/portfolio/U5799398/summary,200|89ms
13:06:58.915 INFO  vert.x-eventloop-thread-0 BaseServiceProxy     : -> GET /v1/api/iserver/account/orders,200|53ms
13:06:58.948 INFO  vert.x-eventloop-thread-0 BaseServiceProxy     : -> GET /v1/api/portfolio/U5799398/positions/0?direction=a&period=1W&sort=position,200|92ms
13:07:08.726 INFO  vert.x-eventloop-thread-0 BaseServiceProxy     : -> GET /v1/api/tickle,200|47ms
13:07:08.726 DEBUG vert.x-eventloop-thread-0 ClientPortalService  : tickle {"session":"a2a93ddeb352a7d9afd0acee2667e82f","ssoExpires":405727,"collission":false,"userId":50301190,"hmds":{"error":"no bridge"},"iserver":{"authStatus":{"authenticated":true,"established":true,"competing":false,"connected":true,"message":"","MAC":"06:A8:C0:D9:D5:E3","serverInfo":{"serverName":"JifS12101","serverVersion":"Build 10.44.1h, Apr 20, 2026 11:22:51 AM"},"hardware_info":"275c5aa2|06:A8:C0:D9:D5:E3"}}}
13:07:12.347 INFO  vert.x-eventloop-thread-0 BaseServiceProxy     : -> GET /v1/api/iserver/secdef/search?symbol=UMC&secType=STK,200|76ms
13:07:12.504 INFO  vert.x-eventloop-thread-0 BaseServiceProxy     : -> GET /v1/api/iserver/account/orders,200|156ms
13:07:12.598 INFO  vert.x-eventloop-thread-0 BaseServiceProxy     : -> GET /v1/api/portfolio/U5799398/summary,200|83ms
13:07:12.987 INFO  vert.x-eventloop-thread-0 BaseServiceProxy     : -> GET /v1/api/iserver/account/U5799398/orders,200|382ms
13:07:13.120 INFO  vert.x-eventloop-thread-0 BaseServiceProxy     : -> GET /v1/api/iserver/reply/3a8b765f-0e9f-44d0-a144-1771966db868,200|132ms
13:07:13.170 INFO  vert.x-eventloop-thread-0 BaseServiceProxy     : -> GET /v1/api/iserver/reply/49599c2b-9df5-4f45-9ce7-6050f5196e86,200|49ms
13:07:13.223 INFO  vert.x-eventloop-thread-0 BaseServiceProxy     : -> GET /v1/api/iserver/reply/8211455a-e49e-497a-a5e9-a6e71fc78c49,200|52ms
13:07:13.287 INFO  vert.x-eventloop-thread-0 BaseServiceProxy     : -> GET /v1/api/iserver/reply/36323615-21f7-4ae7-983c-48d13e667895,200|62ms
13:07:13.343 INFO  vert.x-eventloop-thread-0 BaseServiceProxy     : -> GET /v1/api/iserver/account/orders,200|55ms
13:07:13.664 INFO  vert.x-eventloop-thread-0 BaseServiceProxy     : -> GET /v1/api/iserver/marketdata/history?conid=46613372&period=30d&bar=1d&outsideRth=false,200|292ms
13:07:13.722 INFO  vert.x-eventloop-thread-0 BaseServiceProxy     : -> GET /v1/api/iserver/marketdata/history?conid=46613372&period=30d&bar=1d&outsideRth=false,200|56ms
13:07:38.730 INFO  vert.x-eventloop-thread-0 BaseServiceProxy     : -> GET /v1/api/tickle,200|50ms
13:07:38.731 DEBUG vert.x-eventloop-thread-0 ClientPortalService  : tickle {"session":"a2a93ddeb352a7d9afd0acee2667e82f","ssoExpires":375723,"collission":false,"userId":50301190,"hmds":{"error":"no bridge"},"iserver":{"authStatus":{"authenticated":true,"established":true,"competing":false,"connected":true,"message":"","MAC":"06:A8:C0:D9:D5:E3","serverInfo":{"serverName":"JifS12101","serverVersion":"Build 10.44.1h, Apr 20, 2026 11:22:51 AM"},"hardware_info":"275c5aa2|06:A8:C0:D9:D5:E3"}}}
13:08:08.965 INFO  vert.x-eventloop-thread-0 BaseServiceProxy     : -> GET /v1/api/tickle,200|286ms
13:08:08.967 DEBUG vert.x-eventloop-thread-0 ClientPortalService  : tickle {"session":"a2a93ddeb352a7d9afd0acee2667e82f","ssoExpires":345492,"collission":false,"userId":50301190,"hmds":{"error":"no bridge"},"iserver":{"authStatus":{"authenticated":true,"established":true,"competing":false,"connected":true,"message":"","MAC":"06:A8:C0:D9:D5:E3","serverInfo":{"serverName":"JifS12101","serverVersion":"Build 10.44.1h, Apr 20, 2026 11:22:51 AM"},"hardware_info":"275c5aa2|06:A8:C0:D9:D5:E3"}}}
13:08:17.729 INFO  vert.x-eventloop-thread-0 BaseServiceProxy     : -> GET /v1/api/iserver/account/orders,200|79ms
13:08:17.870 INFO  vert.x-eventloop-thread-0 BaseServiceProxy     : -> GET /v1/api/iserver/marketdata/history?conid=46613372&period=30d&bar=1d&outsideRth=false,200|59ms
13:08:17.928 INFO  vert.x-eventloop-thread-0 BaseServiceProxy     : -> GET /v1/api/iserver/marketdata/history?conid=46613372&period=30d&bar=1d&outsideRth=false,200|55ms
13:08:18.036 INFO  vert.x-eventloop-thread-0 BaseServiceProxy     : -> GET /v1/api/iserver/account/orders,200|53ms
13:08:18.099 INFO  vert.x-eventloop-thread-0 BaseServiceProxy     : -> GET /v1/api/iserver/account/orders,200|54ms
13:08:18.461 INFO  vert.x-eventloop-thread-0 BaseServiceProxy     : -> GET /v1/api/iserver/account/U5799398/order/1638730719,200|324ms
13:08:18.516 INFO  vert.x-eventloop-thread-0 BaseServiceProxy     : -> GET /v1/api/iserver/account/orders,200|54ms
13:08:18.617 INFO  vert.x-eventloop-thread-0 BaseServiceProxy     : -> GET /v1/api/iserver/marketdata/history?conid=46613372&period=30d&bar=1d&outsideRth=false,200|76ms
13:08:18.671 INFO  vert.x-eventloop-thread-0 BaseServiceProxy     : -> GET /v1/api/iserver/marketdata/history?conid=46613372&period=30d&bar=1d&outsideRth=false,200|52ms
13:08:18.793 INFO  vert.x-eventloop-thread-0 BaseServiceProxy     : -> GET /v1/api/iserver/account/orders,200|61ms
13:08:33.714 INFO  vert.x-eventloop-thread-0 BaseServiceProxy     : -> GET /sso/ping,200|461ms
13:08:33.714 INFO  vert.x-eventloop-thread-0 SsoService           : sso ping {"result": "true"}
13:08:38.731 INFO  vert.x-eventloop-thread-0 BaseServiceProxy     : -> GET /v1/api/tickle,200|51ms
13:08:38.732 DEBUG vert.x-eventloop-thread-0 ClientPortalService  : tickle {"session":"a2a93ddeb352a7d9afd0acee2667e82f","ssoExpires":315723,"collission":false,"userId":50301190,"hmds":{"error":"no bridge"},"iserver":{"authStatus":{"authenticated":true,"established":true,"competing":false,"connected":true,"message":"","MAC":"06:A8:C0:D9:D5:E3","serverInfo":{"serverName":"JifS12101","serverVersion":"Build 10.44.1h, Apr 20, 2026 11:22:51 AM"},"hardware_info":"275c5aa2|06:A8:C0:D9:D5:E3"}}}
13:09:08.734 INFO  vert.x-eventloop-thread-0 BaseServiceProxy     : -> GET /v1/api/tickle,200|54ms
13:09:08.737 DEBUG vert.x-eventloop-thread-0 ClientPortalService  : tickle {"session":"a2a93ddeb352a7d9afd0acee2667e82f","ssoExpires":285720,"collission":false,"userId":50301190,"hmds":{"error":"no bridge"},"iserver":{"authStatus":{"authenticated":true,"established":true,"competing":false,"connected":true,"message":"","MAC":"06:A8:C0:D9:D5:E3","serverInfo":{"serverName":"JifS12101","serverVersion":"Build 10.44.1h, Apr 20, 2026 11:22:51 AM"},"hardware_info":"275c5aa2|06:A8:C0:D9:D5:E3"}}}
13:09:38.970 INFO  vert.x-eventloop-thread-0 BaseServiceProxy     : -> GET /v1/api/tickle,200|289ms
13:09:38.972 DEBUG vert.x-eventloop-thread-0 ClientPortalService  : tickle {"session":"a2a93ddeb352a7d9afd0acee2667e82f","ssoExpires":255485,"collission":false,"userId":50301190,"hmds":{"error":"no bridge"},"iserver":{"authStatus":{"authenticated":true,"established":true,"competing":false,"connected":true,"message":"","MAC":"06:A8:C0:D9:D5:E3","serverInfo":{"serverName":"JifS12101","serverVersion":"Build 10.44.1h, Apr 20, 2026 11:22:51 AM"},"hardware_info":"275c5aa2|06:A8:C0:D9:D5:E3"}}}
13:09:54.830 INFO  vert.x-eventloop-thread-0 BaseServiceProxy     : -> GET /v1/api/tickle,200|61ms
13:10:08.737 INFO  vert.x-eventloop-thread-0 BaseServiceProxy     : -> GET /v1/api/tickle,200|57ms
13:10:08.738 DEBUG vert.x-eventloop-thread-0 ClientPortalService  : tickle {"session":"a2a93ddeb352a7d9afd0acee2667e82f","ssoExpires":225724,"collission":false,"userId":50301190,"hmds":{"error":"no bridge"},"iserver":{"authStatus":{"authenticated":true,"established":true,"competing":false,"connected":true,"message":"","MAC":"06:A8:C0:D9:D5:E3","serverInfo":{"serverName":"JifS12101","serverVersion":"Build 10.44.1h, Apr 20, 2026 11:22:51 AM"},"hardware_info":"275c5aa2|06:A8:C0:D9:D5:E3"}}}
13:10:35.103 INFO  vert.x-eventloop-thread-0 BaseServiceProxy     : -> GET /v1/api/portfolio/U5799398/summary,200|91ms
13:10:35.158 INFO  vert.x-eventloop-thread-0 BaseServiceProxy     : -> GET /v1/api/iserver/account/orders,200|52ms
13:10:37.204 INFO  vert.x-eventloop-thread-0 BaseServiceProxy     : -> GET /v1/api/portfolio/U5799398/positions/0?direction=a&period=1W&sort=position,200|2092ms
13:10:38.728 INFO  vert.x-eventloop-thread-0 BaseServiceProxy     : -> GET /v1/api/tickle,200|48ms
13:10:38.729 DEBUG vert.x-eventloop-thread-0 ClientPortalService  : tickle {"session":"a2a93ddeb352a7d9afd0acee2667e82f","ssoExpires":195725,"collission":false,"userId":50301190,"hmds":{"error":"no bridge"},"iserver":{"authStatus":{"authenticated":true,"established":true,"competing":false,"connected":true,"message":"","MAC":"06:A8:C0:D9:D5:E3","serverInfo":{"serverName":"JifS12101","serverVersion":"Build 10.44.1h, Apr 20, 2026 11:22:51 AM"},"hardware_info":"275c5aa2|06:A8:C0:D9:D5:E3"}}}
13:10:49.462 INFO  vert.x-eventloop-thread-0 BaseServiceProxy     : -> GET /v1/api/iserver/secdef/search?symbol=ASML&secType=STK,200|436ms
13:10:49.521 INFO  vert.x-eventloop-thread-0 BaseServiceProxy     : -> GET /v1/api/iserver/account/orders,200|57ms
13:10:49.618 INFO  vert.x-eventloop-thread-0 BaseServiceProxy     : -> GET /v1/api/portfolio/U5799398/summary,200|86ms
13:10:50.080 INFO  vert.x-eventloop-thread-0 BaseServiceProxy     : -> GET /v1/api/iserver/account/U5799398/orders,200|460ms
13:10:50.133 INFO  vert.x-eventloop-thread-0 BaseServiceProxy     : -> GET /v1/api/iserver/reply/447c1840-fde7-45f4-ac79-90d4a28e257a,200|51ms
13:10:50.187 INFO  vert.x-eventloop-thread-0 BaseServiceProxy     : -> GET /v1/api/iserver/reply/6b2e1592-f468-4f20-bc8b-19e79ecf6151,200|52ms
13:10:50.246 INFO  vert.x-eventloop-thread-0 BaseServiceProxy     : -> GET /v1/api/iserver/reply/2bcb722a-f0c7-408d-a485-6a8aded63406,200|57ms
13:10:50.317 INFO  vert.x-eventloop-thread-0 BaseServiceProxy     : -> GET /v1/api/iserver/reply/fea35c85-2b3e-400e-a421-0dd7a02433a4,200|70ms
13:10:50.380 INFO  vert.x-eventloop-thread-0 BaseServiceProxy     : -> GET /v1/api/iserver/reply/6e44ec81-e508-48e7-8464-9f4c8c88d465,200|61ms
13:10:50.451 INFO  vert.x-eventloop-thread-0 BaseServiceProxy     : -> GET /v1/api/iserver/account/orders,200|69ms
13:10:50.795 INFO  vert.x-eventloop-thread-0 BaseServiceProxy     : -> GET /v1/api/iserver/marketdata/history?conid=117902840&period=30d&bar=1d&outsideRth=false,200|323ms
13:10:50.853 INFO  vert.x-eventloop-thread-0 BaseServiceProxy     : -> GET /v1/api/iserver/marketdata/history?conid=117902840&period=30d&bar=1d&outsideRth=false,200|55ms
13:11:08.970 INFO  vert.x-eventloop-thread-0 BaseServiceProxy     : -> GET /v1/api/tickle,200|290ms
13:11:08.971 DEBUG vert.x-eventloop-thread-0 ClientPortalService  : tickle {"session":"a2a93ddeb352a7d9afd0acee2667e82f","ssoExpires":165488,"collission":false,"userId":50301190,"hmds":{"error":"no bridge"},"iserver":{"authStatus":{"authenticated":true,"established":true,"competing":false,"connected":true,"message":"","MAC":"06:A8:C0:D9:D5:E3","serverInfo":{"serverName":"JifS12101","serverVersion":"Build 10.44.1h, Apr 20, 2026 11:22:51 AM"},"hardware_info":"275c5aa2|06:A8:C0:D9:D5:E3"}}}
13:11:24.305 INFO  vert.x-eventloop-thread-0 BaseServiceProxy     : -> GET /v1/api/iserver/account/orders,200|54ms
13:11:24.449 INFO  vert.x-eventloop-thread-0 BaseServiceProxy     : -> GET /v1/api/iserver/marketdata/history?conid=117902840&period=30d&bar=1d&outsideRth=false,200|56ms
13:11:24.507 INFO  vert.x-eventloop-thread-0 BaseServiceProxy     : -> GET /v1/api/iserver/marketdata/history?conid=117902840&period=30d&bar=1d&outsideRth=false,200|56ms
13:11:24.623 INFO  vert.x-eventloop-thread-0 BaseServiceProxy     : -> GET /v1/api/iserver/account/orders,200|54ms
13:11:24.693 INFO  vert.x-eventloop-thread-0 BaseServiceProxy     : -> GET /v1/api/iserver/account/orders,200|59ms
13:11:25.030 INFO  vert.x-eventloop-thread-0 BaseServiceProxy     : -> GET /v1/api/iserver/account/U5799398/order/1638730722,200|325ms
13:11:25.088 INFO  vert.x-eventloop-thread-0 BaseServiceProxy     : -> GET /v1/api/iserver/account/orders,200|56ms
13:11:25.170 INFO  vert.x-eventloop-thread-0 BaseServiceProxy     : -> GET /v1/api/iserver/marketdata/history?conid=117902840&period=30d&bar=1d&outsideRth=false,200|54ms
13:11:25.245 INFO  vert.x-eventloop-thread-0 BaseServiceProxy     : -> GET /v1/api/iserver/marketdata/history?conid=117902840&period=30d&bar=1d&outsideRth=false,200|72ms
13:11:25.377 INFO  vert.x-eventloop-thread-0 BaseServiceProxy     : -> GET /v1/api/iserver/account/orders,200|61ms
13:11:38.727 INFO  vert.x-eventloop-thread-0 BaseServiceProxy     : -> GET /v1/api/tickle,200|47ms
13:11:38.727 DEBUG vert.x-eventloop-thread-0 ClientPortalService  : tickle {"session":"a2a93ddeb352a7d9afd0acee2667e82f","ssoExpires":135726,"collission":false,"userId":50301190,"hmds":{"error":"no bridge"},"iserver":{"authStatus":{"authenticated":true,"established":true,"competing":false,"connected":true,"message":"","MAC":"06:A8:C0:D9:D5:E3","serverInfo":{"serverName":"JifS12101","serverVersion":"Build 10.44.1h, Apr 20, 2026 11:22:51 AM"},"hardware_info":"275c5aa2|06:A8:C0:D9:D5:E3"}}}
13:12:08.761 INFO  vert.x-eventloop-thread-0 BaseServiceProxy     : -> GET /v1/api/tickle,200|80ms
13:12:08.762 DEBUG vert.x-eventloop-thread-0 ClientPortalService  : tickle {"session":"a2a93ddeb352a7d9afd0acee2667e82f","ssoExpires":105693,"collission":false,"userId":50301190,"hmds":{"error":"no bridge"},"iserver":{"authStatus":{"authenticated":true,"established":true,"competing":false,"connected":true,"message":"","MAC":"06:A8:C0:D9:D5:E3","serverInfo":{"serverName":"JifS12101","serverVersion":"Build 10.44.1h, Apr 20, 2026 11:22:51 AM"},"hardware_info":"275c5aa2|06:A8:C0:D9:D5:E3"}}}
13:12:30.119 INFO  vert.x-eventloop-thread-0 BaseServiceProxy     : -> GET /v1/api/iserver/account/orders,200|340ms
13:12:30.128 INFO  vert.x-eventloop-thread-0 BaseServiceProxy     : -> GET /v1/api/portfolio/U5799398/positions/0?direction=a&period=1W&sort=position,200|339ms
13:12:38.968 INFO  vert.x-eventloop-thread-0 BaseServiceProxy     : -> GET /v1/api/tickle,200|288ms
13:12:38.969 DEBUG vert.x-eventloop-thread-0 ClientPortalService  : tickle {"session":"a2a93ddeb352a7d9afd0acee2667e82f","ssoExpires":75486,"collission":false,"userId":50301190,"hmds":{"error":"no bridge"},"iserver":{"authStatus":{"authenticated":true,"established":true,"competing":false,"connected":true,"message":"","MAC":"06:A8:C0:D9:D5:E3","serverInfo":{"serverName":"JifS12101","serverVersion":"Build 10.44.1h, Apr 20, 2026 11:22:51 AM"},"hardware_info":"275c5aa2|06:A8:C0:D9:D5:E3"}}}
13:13:08.737 INFO  vert.x-eventloop-thread-0 BaseServiceProxy     : -> GET /v1/api/tickle,200|56ms
13:13:08.738 DEBUG vert.x-eventloop-thread-0 ClientPortalService  : tickle {"session":"a2a93ddeb352a7d9afd0acee2667e82f","ssoExpires":45719,"collission":false,"userId":50301190,"hmds":{"error":"no bridge"},"iserver":{"authStatus":{"authenticated":true,"established":true,"competing":false,"connected":true,"message":"","MAC":"06:A8:C0:D9:D5:E3","serverInfo":{"serverName":"JifS12101","serverVersion":"Build 10.44.1h, Apr 20, 2026 11:22:51 AM"},"hardware_info":"275c5aa2|06:A8:C0:D9:D5:E3"}}}
13:13:33.756 INFO  vert.x-eventloop-thread-0 BaseServiceProxy     : -> GET /sso/ping,200|502ms
13:13:33.758 INFO  vert.x-eventloop-thread-0 SsoService           : sso ping {"result": "true"}
13:13:38.734 INFO  vert.x-eventloop-thread-0 BaseServiceProxy     : -> GET /v1/api/tickle,200|54ms
13:13:38.735 DEBUG vert.x-eventloop-thread-0 ClientPortalService  : tickle {"session":"a2a93ddeb352a7d9afd0acee2667e82f","ssoExpires":15722,"collission":false,"userId":50301190,"hmds":{"error":"no bridge"},"iserver":{"authStatus":{"authenticated":true,"established":true,"competing":false,"connected":true,"message":"","MAC":"06:A8:C0:D9:D5:E3","serverInfo":{"serverName":"JifS12101","serverVersion":"Build 10.44.1h, Apr 20, 2026 11:22:51 AM"},"hardware_info":"275c5aa2|06:A8:C0:D9:D5:E3"}}}
13:14:08.741 INFO  vert.x-eventloop-thread-0 BaseServiceProxy     : -> GET /v1/api/tickle,200|60ms
13:14:08.743 DEBUG vert.x-eventloop-thread-0 ClientPortalService  : tickle {"session":"a2a93ddeb352a7d9afd0acee2667e82f","ssoExpires":600000,"collission":false,"userId":50301190,"hmds":{"error":"no bridge"},"iserver":{"authStatus":{"authenticated":true,"established":true,"competing":false,"connected":true,"message":"","MAC":"06:A8:C0:D9:D5:E3","serverInfo":{"serverName":"JifS12101","serverVersion":"Build 10.44.1h, Apr 20, 2026 11:22:51 AM"},"hardware_info":"275c5aa2|06:A8:C0:D9:D5:E3"}}}
13:14:38.733 INFO  vert.x-eventloop-thread-0 BaseServiceProxy     : -> GET /v1/api/tickle,200|53ms
13:14:38.735 DEBUG vert.x-eventloop-thread-0 ClientPortalService  : tickle {"session":"a2a93ddeb352a7d9afd0acee2667e82f","ssoExpires":570000,"collission":false,"userId":50301190,"hmds":{"error":"no bridge"},"iserver":{"authStatus":{"authenticated":true,"established":true,"competing":false,"connected":true,"message":"","MAC":"06:A8:C0:D9:D5:E3","serverInfo":{"serverName":"JifS12101","serverVersion":"Build 10.44.1h, Apr 20, 2026 11:22:51 AM"},"hardware_info":"275c5aa2|06:A8:C0:D9:D5:E3"}}}
13:15:08.964 INFO  vert.x-eventloop-thread-0 BaseServiceProxy     : -> GET /v1/api/tickle,200|284ms
13:15:08.966 DEBUG vert.x-eventloop-thread-0 ClientPortalService  : tickle {"session":"a2a93ddeb352a7d9afd0acee2667e82f","ssoExpires":539771,"collission":false,"userId":50301190,"hmds":{"error":"no bridge"},"iserver":{"authStatus":{"authenticated":true,"established":true,"competing":false,"connected":true,"message":"","MAC":"06:A8:C0:D9:D5:E3","serverInfo":{"serverName":"JifS12101","serverVersion":"Build 10.44.1h, Apr 20, 2026 11:22:51 AM"},"hardware_info":"275c5aa2|06:A8:C0:D9:D5:E3"}}}
13:15:38.733 INFO  vert.x-eventloop-thread-0 BaseServiceProxy     : -> GET /v1/api/tickle,200|53ms
13:15:38.735 DEBUG vert.x-eventloop-thread-0 ClientPortalService  : tickle {"session":"a2a93ddeb352a7d9afd0acee2667e82f","ssoExpires":510001,"collission":false,"userId":50301190,"hmds":{"error":"no bridge"},"iserver":{"authStatus":{"authenticated":true,"established":true,"competing":false,"connected":true,"message":"","MAC":"06:A8:C0:D9:D5:E3","serverInfo":{"serverName":"JifS12101","serverVersion":"Build 10.44.1h, Apr 20, 2026 11:22:51 AM"},"hardware_info":"275c5aa2|06:A8:C0:D9:D5:E3"}}}
13:16:08.744 INFO  vert.x-eventloop-thread-0 BaseServiceProxy     : -> GET /v1/api/tickle,200|65ms
13:16:08.746 DEBUG vert.x-eventloop-thread-0 ClientPortalService  : tickle {"session":"a2a93ddeb352a7d9afd0acee2667e82f","ssoExpires":479996,"collission":false,"userId":50301190,"hmds":{"error":"no bridge"},"iserver":{"authStatus":{"authenticated":true,"established":true,"competing":false,"connected":true,"message":"","MAC":"06:A8:C0:D9:D5:E3","serverInfo":{"serverName":"JifS12101","serverVersion":"Build 10.44.1h, Apr 20, 2026 11:22:51 AM"},"hardware_info":"275c5aa2|06:A8:C0:D9:D5:E3"}}}
13:16:38.960 INFO  vert.x-eventloop-thread-0 BaseServiceProxy     : -> GET /v1/api/tickle,200|285ms
13:16:38.961 DEBUG vert.x-eventloop-thread-0 ClientPortalService  : tickle {"session":"a2a93ddeb352a7d9afd0acee2667e82f","ssoExpires":449768,"collission":false,"userId":50301190,"hmds":{"error":"no bridge"},"iserver":{"authStatus":{"authenticated":true,"established":true,"competing":false,"connected":true,"message":"","MAC":"06:A8:C0:D9:D5:E3","serverInfo":{"serverName":"JifS12101","serverVersion":"Build 10.44.1h, Apr 20, 2026 11:22:51 AM"},"hardware_info":"275c5aa2|06:A8:C0:D9:D5:E3"}}}
13:16:50.018 INFO  vert.x-eventloop-thread-0 BaseServiceProxy     : -> GET /v1/api/portfolio/U5799398/summary,200|388ms
13:16:50.074 INFO  vert.x-eventloop-thread-0 BaseServiceProxy     : -> GET /v1/api/iserver/account/orders,200|52ms
13:16:51.435 INFO  vert.x-eventloop-thread-0 BaseServiceProxy     : -> GET /v1/api/portfolio/U5799398/positions/0?direction=a&period=1W&sort=position,200|1406ms
13:16:58.969 INFO  vert.x-eventloop-thread-0 BaseServiceProxy     : -> GET /v1/api/iserver/secdef/search?symbol=AXSM&secType=STK,200|74ms
13:16:59.024 INFO  vert.x-eventloop-thread-0 BaseServiceProxy     : -> GET /v1/api/iserver/account/orders,200|54ms
13:16:59.131 INFO  vert.x-eventloop-thread-0 BaseServiceProxy     : -> GET /v1/api/portfolio/U5799398/summary,200|91ms
13:16:59.634 INFO  vert.x-eventloop-thread-0 BaseServiceProxy     : -> GET /v1/api/iserver/account/U5799398/orders,200|495ms
13:16:59.686 INFO  vert.x-eventloop-thread-0 BaseServiceProxy     : -> GET /v1/api/iserver/reply/2bc54fac-6851-4d54-9924-b359ce064c87,200|50ms
13:16:59.738 INFO  vert.x-eventloop-thread-0 BaseServiceProxy     : -> GET /v1/api/iserver/reply/a4a1c683-9076-4f9f-8ebb-b377dcd0cc9a,200|50ms
13:16:59.790 INFO  vert.x-eventloop-thread-0 BaseServiceProxy     : -> GET /v1/api/iserver/reply/d2f99cb0-6217-4f9e-a684-1fc95995d9b6,200|50ms
13:16:59.846 INFO  vert.x-eventloop-thread-0 BaseServiceProxy     : -> GET /v1/api/iserver/reply/62d92d0c-5c2b-44d9-9335-7d2a505aa1a0,200|54ms
13:16:59.898 INFO  vert.x-eventloop-thread-0 BaseServiceProxy     : -> GET /v1/api/iserver/reply/2acfb8db-7a4b-42a2-8d48-0c7733d5fe35,200|50ms
13:16:59.968 INFO  vert.x-eventloop-thread-0 BaseServiceProxy     : -> GET /v1/api/iserver/reply/0168b86b-f2e2-4bb2-a16b-7c4e8ecb0e78,200|67ms
13:17:00.024 INFO  vert.x-eventloop-thread-0 BaseServiceProxy     : -> GET /v1/api/iserver/account/orders,200|54ms
13:17:00.453 INFO  vert.x-eventloop-thread-0 BaseServiceProxy     : -> GET /v1/api/iserver/marketdata/history?conid=212813168&period=30d&bar=1d&outsideRth=false,200|398ms
13:17:00.507 INFO  vert.x-eventloop-thread-0 BaseServiceProxy     : -> GET /v1/api/iserver/marketdata/history?conid=212813168&period=30d&bar=1d&outsideRth=false,200|53ms
13:17:08.729 INFO  vert.x-eventloop-thread-0 BaseServiceProxy     : -> GET /v1/api/tickle,200|53ms
13:17:08.729 DEBUG vert.x-eventloop-thread-0 ClientPortalService  : tickle {"session":"a2a93ddeb352a7d9afd0acee2667e82f","ssoExpires":420003,"collission":false,"userId":50301190,"hmds":{"error":"no bridge"},"iserver":{"authStatus":{"authenticated":true,"established":true,"competing":false,"connected":true,"message":"","MAC":"06:A8:C0:D9:D5:E3","serverInfo":{"serverName":"JifS12101","serverVersion":"Build 10.44.1h, Apr 20, 2026 11:22:51 AM"},"hardware_info":"275c5aa2|06:A8:C0:D9:D5:E3"}}}
13:17:38.744 INFO  vert.x-eventloop-thread-0 BaseServiceProxy     : -> GET /v1/api/tickle,200|69ms
13:17:38.745 DEBUG vert.x-eventloop-thread-0 ClientPortalService  : tickle {"session":"a2a93ddeb352a7d9afd0acee2667e82f","ssoExpires":389985,"collission":false,"userId":50301190,"hmds":{"error":"no bridge"},"iserver":{"authStatus":{"authenticated":true,"established":true,"competing":false,"connected":true,"message":"","MAC":"06:A8:C0:D9:D5:E3","serverInfo":{"serverName":"JifS12101","serverVersion":"Build 10.44.1h, Apr 20, 2026 11:22:51 AM"},"hardware_info":"275c5aa2|06:A8:C0:D9:D5:E3"}}}
13:17:51.393 INFO  vert.x-eventloop-thread-0 BaseServiceProxy     : -> GET /v1/api/iserver/account/orders,200|56ms
13:17:51.546 INFO  vert.x-eventloop-thread-0 BaseServiceProxy     : -> GET /v1/api/iserver/marketdata/history?conid=212813168&period=30d&bar=1d&outsideRth=false,200|57ms
13:17:51.762 INFO  vert.x-eventloop-thread-0 BaseServiceProxy     : -> GET /v1/api/iserver/marketdata/history?conid=212813168&period=30d&bar=1d&outsideRth=false,200|213ms
13:17:51.899 INFO  vert.x-eventloop-thread-0 BaseServiceProxy     : -> GET /v1/api/iserver/account/orders,200|53ms
13:17:51.960 INFO  vert.x-eventloop-thread-0 BaseServiceProxy     : -> GET /v1/api/iserver/account/orders,200|53ms
13:17:52.304 INFO  vert.x-eventloop-thread-0 BaseServiceProxy     : -> GET /v1/api/iserver/account/U5799398/order/1638730725,200|334ms
13:17:52.360 INFO  vert.x-eventloop-thread-0 BaseServiceProxy     : -> GET /v1/api/iserver/account/orders,200|55ms
13:17:52.455 INFO  vert.x-eventloop-thread-0 BaseServiceProxy     : -> GET /v1/api/iserver/marketdata/history?conid=212813168&period=30d&bar=1d&outsideRth=false,200|78ms
13:17:52.513 INFO  vert.x-eventloop-thread-0 BaseServiceProxy     : -> GET /v1/api/iserver/marketdata/history?conid=212813168&period=30d&bar=1d&outsideRth=false,200|56ms
13:17:52.634 INFO  vert.x-eventloop-thread-0 BaseServiceProxy     : -> GET /v1/api/iserver/account/orders,200|55ms
13:17:58.181 INFO  vert.x-eventloop-thread-0 BaseServiceProxy     : -> GET /v1/api/iserver/account/orders,200|66ms
13:17:58.618 INFO  vert.x-eventloop-thread-0 BaseServiceProxy     : -> GET /v1/api/iserver/account/U5799398/order/1068046752,200|423ms
13:17:58.931 INFO  vert.x-eventloop-thread-0 BaseServiceProxy     : -> GET /v1/api/iserver/account/U5799398/order/1068046751,400|312ms
13:17:59.245 INFO  vert.x-eventloop-thread-0 BaseServiceProxy     : -> GET /v1/api/iserver/account/U5799398/order/1068046750,200|311ms
13:18:08.724 INFO  vert.x-eventloop-thread-0 BaseServiceProxy     : -> GET /v1/api/tickle,200|49ms
13:18:08.724 DEBUG vert.x-eventloop-thread-0 ClientPortalService  : tickle {"session":"a2a93ddeb352a7d9afd0acee2667e82f","ssoExpires":360004,"collission":false,"userId":50301190,"hmds":{"error":"no bridge"},"iserver":{"authStatus":{"authenticated":true,"established":true,"competing":false,"connected":true,"message":"","MAC":"06:A8:C0:D9:D5:E3","serverInfo":{"serverName":"JifS12101","serverVersion":"Build 10.44.1h, Apr 20, 2026 11:22:51 AM"},"hardware_info":"275c5aa2|06:A8:C0:D9:D5:E3"}}}
13:18:33.767 INFO  vert.x-eventloop-thread-0 BaseServiceProxy     : -> GET /sso/ping,200|515ms
13:18:33.769 INFO  vert.x-eventloop-thread-0 SsoService           : sso ping {"result": "true"}
13:18:38.735 INFO  vert.x-eventloop-thread-0 BaseServiceProxy     : -> GET /v1/api/tickle,200|59ms
13:18:38.736 DEBUG vert.x-eventloop-thread-0 ClientPortalService  : tickle {"session":"a2a93ddeb352a7d9afd0acee2667e82f","ssoExpires":329993,"collission":false,"userId":50301190,"hmds":{"error":"no bridge"},"iserver":{"authStatus":{"authenticated":true,"established":true,"competing":false,"connected":true,"message":"","MAC":"06:A8:C0:D9:D5:E3","serverInfo":{"serverName":"JifS12101","serverVersion":"Build 10.44.1h, Apr 20, 2026 11:22:51 AM"},"hardware_info":"275c5aa2|06:A8:C0:D9:D5:E3"}}}
13:19:08.993 INFO  vert.x-eventloop-thread-0 BaseServiceProxy     : -> GET /v1/api/tickle,200|317ms
13:19:08.995 DEBUG vert.x-eventloop-thread-0 ClientPortalService  : tickle {"session":"a2a93ddeb352a7d9afd0acee2667e82f","ssoExpires":299735,"collission":false,"userId":50301190,"hmds":{"error":"no bridge"},"iserver":{"authStatus":{"authenticated":true,"established":true,"competing":false,"connected":true,"message":"","MAC":"06:A8:C0:D9:D5:E3","serverInfo":{"serverName":"JifS12101","serverVersion":"Build 10.44.1h, Apr 20, 2026 11:22:51 AM"},"hardware_info":"275c5aa2|06:A8:C0:D9:D5:E3"}}}
13:19:38.881 INFO  vert.x-eventloop-thread-0 BaseServiceProxy     : -> GET /v1/api/tickle,200|205ms
13:19:38.883 DEBUG vert.x-eventloop-thread-0 ClientPortalService  : tickle {"session":"a2a93ddeb352a7d9afd0acee2667e82f","ssoExpires":269850,"collission":false,"userId":50301190,"hmds":{"error":"no bridge"},"iserver":{"authStatus":{"authenticated":true,"established":true,"competing":false,"connected":true,"message":"","MAC":"06:A8:C0:D9:D5:E3","serverInfo":{"serverName":"JifS12101","serverVersion":"Build 10.44.1h, Apr 20, 2026 11:22:51 AM"},"hardware_info":"275c5aa2|06:A8:C0:D9:D5:E3"}}}
13:20:08.785 INFO  vert.x-eventloop-thread-0 BaseServiceProxy     : -> GET /v1/api/tickle,200|109ms
13:20:08.786 DEBUG vert.x-eventloop-thread-0 ClientPortalService  : tickle {"session":"a2a93ddeb352a7d9afd0acee2667e82f","ssoExpires":239966,"collission":false,"userId":50301190,"hmds":{"error":"no bridge"},"iserver":{"authStatus":{"authenticated":true,"established":true,"competing":false,"connected":true,"message":"","MAC":"06:A8:C0:D9:D5:E3","serverInfo":{"serverName":"JifS12101","serverVersion":"Build 10.44.1h, Apr 20, 2026 11:22:51 AM"},"hardware_info":"275c5aa2|06:A8:C0:D9:D5:E3"}}}
13:20:38.967 INFO  vert.x-eventloop-thread-0 BaseServiceProxy     : -> GET /v1/api/tickle,200|291ms
13:20:38.968 DEBUG vert.x-eventloop-thread-0 ClientPortalService  : tickle {"session":"a2a93ddeb352a7d9afd0acee2667e82f","ssoExpires":209761,"collission":false,"userId":50301190,"hmds":{"error":"no bridge"},"iserver":{"authStatus":{"authenticated":true,"established":true,"competing":false,"connected":true,"message":"","MAC":"06:A8:C0:D9:D5:E3","serverInfo":{"serverName":"JifS12101","serverVersion":"Build 10.44.1h, Apr 20, 2026 11:22:51 AM"},"hardware_info":"275c5aa2|06:A8:C0:D9:D5:E3"}}}
13:21:08.735 INFO  vert.x-eventloop-thread-0 BaseServiceProxy     : -> GET /v1/api/tickle,200|59ms
13:21:08.736 DEBUG vert.x-eventloop-thread-0 ClientPortalService  : tickle {"session":"a2a93ddeb352a7d9afd0acee2667e82f","ssoExpires":179995,"collission":false,"userId":50301190,"hmds":{"error":"no bridge"},"iserver":{"authStatus":{"authenticated":true,"established":true,"competing":false,"connected":true,"message":"","MAC":"06:A8:C0:D9:D5:E3","serverInfo":{"serverName":"JifS12101","serverVersion":"Build 10.44.1h, Apr 20, 2026 11:22:51 AM"},"hardware_info":"275c5aa2|06:A8:C0:D9:D5:E3"}}}
13:21:38.902 INFO  vert.x-eventloop-thread-0 BaseServiceProxy     : -> GET /v1/api/tickle,200|226ms
13:21:38.904 DEBUG vert.x-eventloop-thread-0 ClientPortalService  : tickle {"session":"a2a93ddeb352a7d9afd0acee2667e82f","ssoExpires":149826,"collission":false,"userId":50301190,"hmds":{"error":"no bridge"},"iserver":{"authStatus":{"authenticated":true,"established":true,"competing":false,"connected":true,"message":"","MAC":"06:A8:C0:D9:D5:E3","serverInfo":{"serverName":"JifS12101","serverVersion":"Build 10.44.1h, Apr 20, 2026 11:22:51 AM"},"hardware_info":"275c5aa2|06:A8:C0:D9:D5:E3"}}}
13:22:08.893 INFO  vert.x-eventloop-thread-0 BaseServiceProxy     : -> GET /v1/api/tickle,200|217ms
13:22:08.894 DEBUG vert.x-eventloop-thread-0 ClientPortalService  : tickle {"session":"a2a93ddeb352a7d9afd0acee2667e82f","ssoExpires":119838,"collission":false,"userId":50301190,"hmds":{"error":"no bridge"},"iserver":{"authStatus":{"authenticated":true,"established":true,"competing":false,"connected":true,"message":"","MAC":"06:A8:C0:D9:D5:E3","serverInfo":{"serverName":"JifS12101","serverVersion":"Build 10.44.1h, Apr 20, 2026 11:22:51 AM"},"hardware_info":"275c5aa2|06:A8:C0:D9:D5:E3"}}}
13:22:38.983 INFO  vert.x-eventloop-thread-0 BaseServiceProxy     : -> GET /v1/api/tickle,200|307ms
13:22:38.984 DEBUG vert.x-eventloop-thread-0 ClientPortalService  : tickle {"session":"a2a93ddeb352a7d9afd0acee2667e82f","ssoExpires":89748,"collission":false,"userId":50301190,"hmds":{"error":"no bridge"},"iserver":{"authStatus":{"authenticated":true,"established":true,"competing":false,"connected":true,"message":"","MAC":"06:A8:C0:D9:D5:E3","serverInfo":{"serverName":"JifS12101","serverVersion":"Build 10.44.1h, Apr 20, 2026 11:22:51 AM"},"hardware_info":"275c5aa2|06:A8:C0:D9:D5:E3"}}}
13:22:53.464 INFO  vert.x-eventloop-thread-0 BaseServiceProxy     : -> GET /v1/api/iserver/account/orders,200|56ms
13:22:53.579 INFO  vert.x-eventloop-thread-0 BaseServiceProxy     : -> GET /v1/api/iserver/account/orders,200|55ms
13:22:53.954 INFO  vert.x-eventloop-thread-0 BaseServiceProxy     : -> GET /v1/api/iserver/account/U5799398/order/875342712,200|366ms
13:22:54.009 INFO  vert.x-eventloop-thread-0 BaseServiceProxy     : -> GET /v1/api/iserver/account/orders,200|53ms
13:22:54.329 INFO  vert.x-eventloop-thread-0 BaseServiceProxy     : -> GET /v1/api/iserver/marketdata/history?conid=639336275&period=30d&bar=1d&outsideRth=false,200|304ms
13:22:54.435 INFO  vert.x-eventloop-thread-0 BaseServiceProxy     : -> GET /v1/api/iserver/marketdata/history?conid=639336275&period=30d&bar=1d&outsideRth=false,200|104ms
13:22:54.559 INFO  vert.x-eventloop-thread-0 BaseServiceProxy     : -> GET /v1/api/iserver/account/orders,200|55ms
13:23:08.752 INFO  vert.x-eventloop-thread-0 BaseServiceProxy     : -> GET /v1/api/tickle,200|75ms
13:23:08.754 DEBUG vert.x-eventloop-thread-0 ClientPortalService  : tickle {"session":"a2a93ddeb352a7d9afd0acee2667e82f","ssoExpires":59983,"collission":false,"userId":50301190,"hmds":{"error":"no bridge"},"iserver":{"authStatus":{"authenticated":true,"established":true,"competing":false,"connected":true,"message":"","MAC":"06:A8:C0:D9:D5:E3","serverInfo":{"serverName":"JifS12101","serverVersion":"Build 10.44.1h, Apr 20, 2026 11:22:51 AM"},"hardware_info":"275c5aa2|06:A8:C0:D9:D5:E3"}}}
13:23:33.578 INFO  vert.x-eventloop-thread-0 BaseServiceProxy     : -> GET /sso/ping,200|328ms
13:23:33.580 INFO  vert.x-eventloop-thread-0 SsoService           : sso ping {"result": "true"}
13:23:38.730 INFO  vert.x-eventloop-thread-0 BaseServiceProxy     : -> GET /v1/api/tickle,200|53ms
13:23:38.731 DEBUG vert.x-eventloop-thread-0 ClientPortalService  : tickle {"session":"a2a93ddeb352a7d9afd0acee2667e82f","ssoExpires":29997,"collission":false,"userId":50301190,"hmds":{"error":"no bridge"},"iserver":{"authStatus":{"authenticated":true,"established":true,"competing":false,"connected":true,"message":"","MAC":"06:A8:C0:D9:D5:E3","serverInfo":{"serverName":"JifS12101","serverVersion":"Build 10.44.1h, Apr 20, 2026 11:22:51 AM"},"hardware_info":"275c5aa2|06:A8:C0:D9:D5:E3"}}}
13:24:08.969 INFO  vert.x-eventloop-thread-0 BaseServiceProxy     : -> GET /v1/api/tickle,200|293ms
13:24:08.970 DEBUG vert.x-eventloop-thread-0 ClientPortalService  : tickle {"session":"a2a93ddeb352a7d9afd0acee2667e82f","ssoExpires":600000,"collission":false,"userId":50301190,"hmds":{"error":"no bridge"},"iserver":{"authStatus":{"authenticated":true,"established":true,"competing":false,"connected":true,"message":"","MAC":"06:A8:C0:D9:D5:E3","serverInfo":{"serverName":"JifS12101","serverVersion":"Build 10.44.1h, Apr 20, 2026 11:22:51 AM"},"hardware_info":"275c5aa2|06:A8:C0:D9:D5:E3"}}}
13:24:38.737 INFO  vert.x-eventloop-thread-0 BaseServiceProxy     : -> GET /v1/api/tickle,200|61ms
13:24:38.739 DEBUG vert.x-eventloop-thread-0 ClientPortalService  : tickle {"session":"a2a93ddeb352a7d9afd0acee2667e82f","ssoExpires":570233,"collission":false,"userId":50301190,"hmds":{"error":"no bridge"},"iserver":{"authStatus":{"authenticated":true,"established":true,"competing":false,"connected":true,"message":"","MAC":"06:A8:C0:D9:D5:E3","serverInfo":{"serverName":"JifS12101","serverVersion":"Build 10.44.1h, Apr 20, 2026 11:22:51 AM"},"hardware_info":"275c5aa2|06:A8:C0:D9:D5:E3"}}}
13:25:08.958 INFO  vert.x-eventloop-thread-0 BaseServiceProxy     : -> GET /v1/api/tickle,200|282ms
13:25:08.959 DEBUG vert.x-eventloop-thread-0 ClientPortalService  : tickle {"session":"a2a93ddeb352a7d9afd0acee2667e82f","ssoExpires":540069,"collission":false,"userId":50301190,"hmds":{"error":"no bridge"},"iserver":{"authStatus":{"authenticated":true,"established":true,"competing":false,"connected":true,"message":"","MAC":"06:A8:C0:D9:D5:E3","serverInfo":{"serverName":"JifS12101","serverVersion":"Build 10.44.1h, Apr 20, 2026 11:22:51 AM"},"hardware_info":"275c5aa2|06:A8:C0:D9:D5:E3"}}}
13:25:38.977 INFO  vert.x-eventloop-thread-0 BaseServiceProxy     : -> GET /v1/api/tickle,200|300ms
13:25:38.979 DEBUG vert.x-eventloop-thread-0 ClientPortalService  : tickle {"session":"a2a93ddeb352a7d9afd0acee2667e82f","ssoExpires":509992,"collission":false,"userId":50301190,"hmds":{"error":"no bridge"},"iserver":{"authStatus":{"authenticated":true,"established":true,"competing":false,"connected":true,"message":"","MAC":"06:A8:C0:D9:D5:E3","serverInfo":{"serverName":"JifS12101","serverVersion":"Build 10.44.1h, Apr 20, 2026 11:22:51 AM"},"hardware_info":"275c5aa2|06:A8:C0:D9:D5:E3"}}}
13:26:08.738 INFO  vert.x-eventloop-thread-0 BaseServiceProxy     : -> GET /v1/api/tickle,200|62ms
13:26:08.740 DEBUG vert.x-eventloop-thread-0 ClientPortalService  : tickle {"session":"a2a93ddeb352a7d9afd0acee2667e82f","ssoExpires":480228,"collission":false,"userId":50301190,"hmds":{"error":"no bridge"},"iserver":{"authStatus":{"authenticated":true,"established":true,"competing":false,"connected":true,"message":"","MAC":"06:A8:C0:D9:D5:E3","serverInfo":{"serverName":"JifS12101","serverVersion":"Build 10.44.1h, Apr 20, 2026 11:22:51 AM"},"hardware_info":"275c5aa2|06:A8:C0:D9:D5:E3"}}}
13:26:38.970 INFO  vert.x-eventloop-thread-0 BaseServiceProxy     : -> GET /v1/api/tickle,200|292ms
13:26:38.971 DEBUG vert.x-eventloop-thread-0 ClientPortalService  : tickle {"session":"a2a93ddeb352a7d9afd0acee2667e82f","ssoExpires":449998,"collission":false,"userId":50301190,"hmds":{"error":"no bridge"},"iserver":{"authStatus":{"authenticated":true,"established":true,"competing":false,"connected":true,"message":"","MAC":"06:A8:C0:D9:D5:E3","serverInfo":{"serverName":"JifS12101","serverVersion":"Build 10.44.1h, Apr 20, 2026 11:22:51 AM"},"hardware_info":"275c5aa2|06:A8:C0:D9:D5:E3"}}}
13:27:08.763 INFO  vert.x-eventloop-thread-0 BaseServiceProxy     : -> GET /v1/api/tickle,200|85ms
13:27:08.764 DEBUG vert.x-eventloop-thread-0 ClientPortalService  : tickle {"session":"a2a93ddeb352a7d9afd0acee2667e82f","ssoExpires":420209,"collission":false,"userId":50301190,"hmds":{"error":"no bridge"},"iserver":{"authStatus":{"authenticated":true,"established":true,"competing":false,"connected":true,"message":"","MAC":"06:A8:C0:D9:D5:E3","serverInfo":{"serverName":"JifS12101","serverVersion":"Build 10.44.1h, Apr 20, 2026 11:22:51 AM"},"hardware_info":"275c5aa2|06:A8:C0:D9:D5:E3"}}}
13:27:38.885 INFO  vert.x-eventloop-thread-0 BaseServiceProxy     : -> GET /v1/api/tickle,200|208ms
13:27:38.886 DEBUG vert.x-eventloop-thread-0 ClientPortalService  : tickle {"session":"a2a93ddeb352a7d9afd0acee2667e82f","ssoExpires":390084,"collission":false,"userId":50301190,"hmds":{"error":"no bridge"},"iserver":{"authStatus":{"authenticated":true,"established":true,"competing":false,"connected":true,"message":"","MAC":"06:A8:C0:D9:D5:E3","serverInfo":{"serverName":"JifS12101","serverVersion":"Build 10.44.1h, Apr 20, 2026 11:22:51 AM"},"hardware_info":"275c5aa2|06:A8:C0:D9:D5:E3"}}}
13:28:09.032 INFO  vert.x-eventloop-thread-0 BaseServiceProxy     : -> GET /v1/api/tickle,200|355ms
13:28:09.034 DEBUG vert.x-eventloop-thread-0 ClientPortalService  : tickle {"session":"a2a93ddeb352a7d9afd0acee2667e82f","ssoExpires":360003,"collission":false,"userId":50301190,"hmds":{"error":"no bridge"},"iserver":{"authStatus":{"authenticated":true,"established":true,"competing":false,"connected":true,"message":"","MAC":"06:A8:C0:D9:D5:E3","serverInfo":{"serverName":"JifS12101","serverVersion":"Build 10.44.1h, Apr 20, 2026 11:22:51 AM"},"hardware_info":"275c5aa2|06:A8:C0:D9:D5:E3"}}}
13:28:33.602 INFO  vert.x-eventloop-thread-0 BaseServiceProxy     : -> GET /sso/ping,200|351ms
13:28:33.604 INFO  vert.x-eventloop-thread-0 SsoService           : sso ping {"result": "true"}
13:28:38.738 INFO  vert.x-eventloop-thread-0 BaseServiceProxy     : -> GET /v1/api/tickle,200|61ms
13:28:38.739 DEBUG vert.x-eventloop-thread-0 ClientPortalService  : tickle {"session":"a2a93ddeb352a7d9afd0acee2667e82f","ssoExpires":330229,"collission":false,"userId":50301190,"hmds":{"error":"no bridge"},"iserver":{"authStatus":{"authenticated":true,"established":true,"competing":false,"connected":true,"message":"","MAC":"06:A8:C0:D9:D5:E3","serverInfo":{"serverName":"JifS12101","serverVersion":"Build 10.44.1h, Apr 20, 2026 11:22:51 AM"},"hardware_info":"275c5aa2|06:A8:C0:D9:D5:E3"}}}
13:29:08.734 INFO  vert.x-eventloop-thread-0 BaseServiceProxy     : -> GET /v1/api/tickle,200|57ms
13:29:08.734 DEBUG vert.x-eventloop-thread-0 ClientPortalService  : tickle {"session":"a2a93ddeb352a7d9afd0acee2667e82f","ssoExpires":300233,"collission":false,"userId":50301190,"hmds":{"error":"no bridge"},"iserver":{"authStatus":{"authenticated":true,"established":true,"competing":false,"connected":true,"message":"","MAC":"06:A8:C0:D9:D5:E3","serverInfo":{"serverName":"JifS12101","serverVersion":"Build 10.44.1h, Apr 20, 2026 11:22:51 AM"},"hardware_info":"275c5aa2|06:A8:C0:D9:D5:E3"}}}
13:29:38.736 INFO  vert.x-eventloop-thread-0 BaseServiceProxy     : -> GET /v1/api/tickle,200|58ms
13:29:38.738 DEBUG vert.x-eventloop-thread-0 ClientPortalService  : tickle {"session":"a2a93ddeb352a7d9afd0acee2667e82f","ssoExpires":270232,"collission":false,"userId":50301190,"hmds":{"error":"no bridge"},"iserver":{"authStatus":{"authenticated":true,"established":true,"competing":false,"connected":true,"message":"","MAC":"06:A8:C0:D9:D5:E3","serverInfo":{"serverName":"JifS12101","serverVersion":"Build 10.44.1h, Apr 20, 2026 11:22:51 AM"},"hardware_info":"275c5aa2|06:A8:C0:D9:D5:E3"}}}
13:30:08.746 INFO  vert.x-eventloop-thread-0 BaseServiceProxy     : -> GET /v1/api/tickle,200|68ms
13:30:08.748 DEBUG vert.x-eventloop-thread-0 ClientPortalService  : tickle {"session":"a2a93ddeb352a7d9afd0acee2667e82f","ssoExpires":240221,"collission":false,"userId":50301190,"hmds":{"error":"no bridge"},"iserver":{"authStatus":{"authenticated":true,"established":true,"competing":false,"connected":true,"message":"","MAC":"06:A8:C0:D9:D5:E3","serverInfo":{"serverName":"JifS12101","serverVersion":"Build 10.44.1h, Apr 20, 2026 11:22:51 AM"},"hardware_info":"275c5aa2|06:A8:C0:D9:D5:E3"}}}
13:30:38.745 INFO  vert.x-eventloop-thread-0 BaseServiceProxy     : -> GET /v1/api/tickle,200|67ms
13:30:38.748 DEBUG vert.x-eventloop-thread-0 ClientPortalService  : tickle {"session":"a2a93ddeb352a7d9afd0acee2667e82f","ssoExpires":210225,"collission":false,"userId":50301190,"hmds":{"error":"no bridge"},"iserver":{"authStatus":{"authenticated":true,"established":true,"competing":false,"connected":true,"message":"","MAC":"06:A8:C0:D9:D5:E3","serverInfo":{"serverName":"JifS12101","serverVersion":"Build 10.44.1h, Apr 20, 2026 11:22:51 AM"},"hardware_info":"275c5aa2|06:A8:C0:D9:D5:E3"}}}
13:31:08.742 INFO  vert.x-eventloop-thread-0 BaseServiceProxy     : -> GET /v1/api/tickle,200|58ms
13:31:08.742 DEBUG vert.x-eventloop-thread-0 ClientPortalService  : tickle {"session":"a2a93ddeb352a7d9afd0acee2667e82f","ssoExpires":180232,"collission":false,"userId":50301190,"hmds":{"error":"no bridge"},"iserver":{"authStatus":{"authenticated":true,"established":true,"competing":false,"connected":true,"message":"","MAC":"06:A8:C0:D9:D5:E3","serverInfo":{"serverName":"JifS12101","serverVersion":"Build 10.44.1h, Apr 20, 2026 11:22:51 AM"},"hardware_info":"275c5aa2|06:A8:C0:D9:D5:E3"}}}
13:31:38.758 INFO  vert.x-eventloop-thread-0 BaseServiceProxy     : -> GET /v1/api/tickle,200|64ms
13:31:38.759 DEBUG vert.x-eventloop-thread-0 ClientPortalService  : tickle {"session":"a2a93ddeb352a7d9afd0acee2667e82f","ssoExpires":150227,"collission":false,"userId":50301190,"hmds":{"error":"no bridge"},"iserver":{"authStatus":{"authenticated":true,"established":true,"competing":false,"connected":true,"message":"","MAC":"06:A8:C0:D9:D5:E3","serverInfo":{"serverName":"JifS12101","serverVersion":"Build 10.44.1h, Apr 20, 2026 11:22:51 AM"},"hardware_info":"275c5aa2|06:A8:C0:D9:D5:E3"}}}
13:32:09.072 INFO  vert.x-eventloop-thread-0 BaseServiceProxy     : -> GET /v1/api/tickle,200|377ms
13:32:09.072 DEBUG vert.x-eventloop-thread-0 ClientPortalService  : tickle {"session":"a2a93ddeb352a7d9afd0acee2667e82f","ssoExpires":120001,"collission":false,"userId":50301190,"hmds":{"error":"no bridge"},"iserver":{"authStatus":{"authenticated":true,"established":true,"competing":false,"connected":true,"message":"","MAC":"06:A8:C0:D9:D5:E3","serverInfo":{"serverName":"JifS12101","serverVersion":"Build 10.44.1h, Apr 20, 2026 11:22:51 AM"},"hardware_info":"275c5aa2|06:A8:C0:D9:D5:E3"}}}
13:32:38.760 INFO  vert.x-eventloop-thread-0 BaseServiceProxy     : -> GET /v1/api/tickle,200|65ms
13:32:38.762 DEBUG vert.x-eventloop-thread-0 ClientPortalService  : tickle {"session":"a2a93ddeb352a7d9afd0acee2667e82f","ssoExpires":90232,"collission":false,"userId":50301190,"hmds":{"error":"no bridge"},"iserver":{"authStatus":{"authenticated":true,"established":true,"competing":false,"connected":true,"message":"","MAC":"06:A8:C0:D9:D5:E3","serverInfo":{"serverName":"JifS12101","serverVersion":"Build 10.44.1h, Apr 20, 2026 11:22:51 AM"},"hardware_info":"275c5aa2|06:A8:C0:D9:D5:E3"}}}
13:33:09.245 INFO  vert.x-eventloop-thread-0 BaseServiceProxy     : -> GET /v1/api/tickle,200|551ms
13:33:09.247 DEBUG vert.x-eventloop-thread-0 ClientPortalService  : tickle {"session":"a2a93ddeb352a7d9afd0acee2667e82f","ssoExpires":59741,"collission":false,"userId":50301190,"hmds":{"error":"no bridge"},"iserver":{"authStatus":{"authenticated":true,"established":true,"competing":false,"connected":true,"message":"","MAC":"06:A8:C0:D9:D5:E3","serverInfo":{"serverName":"JifS12101","serverVersion":"Build 10.44.1h, Apr 20, 2026 11:22:51 AM"},"hardware_info":"275c5aa2|06:A8:C0:D9:D5:E3"}}}
13:33:33.794 INFO  vert.x-eventloop-thread-0 BaseServiceProxy     : -> GET /sso/ping,200|525ms
13:33:33.796 INFO  vert.x-eventloop-thread-0 SsoService           : sso ping {"result": "true"}
13:33:39.092 INFO  vert.x-eventloop-thread-0 BaseServiceProxy     : -> GET /v1/api/tickle,200|397ms
13:33:39.093 DEBUG vert.x-eventloop-thread-0 ClientPortalService  : tickle {"session":"a2a93ddeb352a7d9afd0acee2667e82f","ssoExpires":30007,"collission":false,"userId":50301190,"hmds":{"error":"no bridge"},"iserver":{"authStatus":{"authenticated":true,"established":true,"competing":false,"connected":true,"message":"","MAC":"06:A8:C0:D9:D5:E3","serverInfo":{"serverName":"JifS12101","serverVersion":"Build 10.44.1h, Apr 20, 2026 11:22:51 AM"},"hardware_info":"275c5aa2|06:A8:C0:D9:D5:E3"}}}
13:34:08.981 INFO  vert.x-eventloop-thread-0 BaseServiceProxy     : -> GET /v1/api/tickle,200|286ms
13:34:08.982 DEBUG vert.x-eventloop-thread-0 ClientPortalService  : tickle {"session":"a2a93ddeb352a7d9afd0acee2667e82f","ssoExpires":79,"collission":false,"userId":50301190,"hmds":{"error":"no bridge"},"iserver":{"authStatus":{"authenticated":true,"established":true,"competing":false,"connected":true,"message":"","MAC":"06:A8:C0:D9:D5:E3","serverInfo":{"serverName":"JifS12101","serverVersion":"Build 10.44.1h, Apr 20, 2026 11:22:51 AM"},"hardware_info":"275c5aa2|06:A8:C0:D9:D5:E3"}}}
13:34:38.989 INFO  vert.x-eventloop-thread-0 BaseServiceProxy     : -> GET /v1/api/tickle,200|294ms
13:34:38.991 DEBUG vert.x-eventloop-thread-0 ClientPortalService  : tickle {"session":"a2a93ddeb352a7d9afd0acee2667e82f","ssoExpires":600000,"collission":false,"userId":50301190,"hmds":{"error":"no bridge"},"iserver":{"authStatus":{"authenticated":true,"established":true,"competing":false,"connected":true,"message":"","MAC":"06:A8:C0:D9:D5:E3","serverInfo":{"serverName":"JifS12101","serverVersion":"Build 10.44.1h, Apr 20, 2026 11:22:51 AM"},"hardware_info":"275c5aa2|06:A8:C0:D9:D5:E3"}}}
13:35:08.755 INFO  vert.x-eventloop-thread-0 BaseServiceProxy     : -> GET /v1/api/tickle,200|60ms
13:35:08.755 DEBUG vert.x-eventloop-thread-0 ClientPortalService  : tickle {"session":"a2a93ddeb352a7d9afd0acee2667e82f","ssoExpires":570165,"collission":false,"userId":50301190,"hmds":{"error":"no bridge"},"iserver":{"authStatus":{"authenticated":true,"established":true,"competing":false,"connected":true,"message":"","MAC":"06:A8:C0:D9:D5:E3","serverInfo":{"serverName":"JifS12101","serverVersion":"Build 10.44.1h, Apr 20, 2026 11:22:51 AM"},"hardware_info":"275c5aa2|06:A8:C0:D9:D5:E3"}}}
13:35:38.777 INFO  vert.x-eventloop-thread-0 BaseServiceProxy     : -> GET /v1/api/tickle,200|81ms
13:35:38.779 DEBUG vert.x-eventloop-thread-0 ClientPortalService  : tickle {"session":"a2a93ddeb352a7d9afd0acee2667e82f","ssoExpires":540149,"collission":false,"userId":50301190,"hmds":{"error":"no bridge"},"iserver":{"authStatus":{"authenticated":true,"established":true,"competing":false,"connected":true,"message":"","MAC":"06:A8:C0:D9:D5:E3","serverInfo":{"serverName":"JifS12101","serverVersion":"Build 10.44.1h, Apr 20, 2026 11:22:51 AM"},"hardware_info":"275c5aa2|06:A8:C0:D9:D5:E3"}}}
13:36:08.923 INFO  vert.x-eventloop-thread-0 BaseServiceProxy     : -> GET /v1/api/tickle,200|227ms
13:36:08.925 DEBUG vert.x-eventloop-thread-0 ClientPortalService  : tickle {"session":"a2a93ddeb352a7d9afd0acee2667e82f","ssoExpires":509998,"collission":false,"userId":50301190,"hmds":{"error":"no bridge"},"iserver":{"authStatus":{"authenticated":true,"established":true,"competing":false,"connected":true,"message":"","MAC":"06:A8:C0:D9:D5:E3","serverInfo":{"serverName":"JifS12101","serverVersion":"Build 10.44.1h, Apr 20, 2026 11:22:51 AM"},"hardware_info":"275c5aa2|06:A8:C0:D9:D5:E3"}}}
13:36:38.778 INFO  vert.x-eventloop-thread-0 BaseServiceProxy     : -> GET /v1/api/tickle,200|81ms
13:36:38.780 DEBUG vert.x-eventloop-thread-0 ClientPortalService  : tickle {"session":"a2a93ddeb352a7d9afd0acee2667e82f","ssoExpires":480157,"collission":false,"userId":50301190,"hmds":{"error":"no bridge"},"iserver":{"authStatus":{"authenticated":true,"established":true,"competing":false,"connected":true,"message":"","MAC":"06:A8:C0:D9:D5:E3","serverInfo":{"serverName":"JifS12101","serverVersion":"Build 10.44.1h, Apr 20, 2026 11:22:51 AM"},"hardware_info":"275c5aa2|06:A8:C0:D9:D5:E3"}}}
13:37:08.870 INFO  vert.x-eventloop-thread-0 BaseServiceProxy     : -> GET /v1/api/tickle,200|175ms
13:37:08.871 DEBUG vert.x-eventloop-thread-0 ClientPortalService  : tickle {"session":"a2a93ddeb352a7d9afd0acee2667e82f","ssoExpires":450154,"collission":false,"userId":50301190,"hmds":{"error":"no bridge"},"iserver":{"authStatus":{"authenticated":true,"established":true,"competing":false,"connected":true,"message":"","MAC":"06:A8:C0:D9:D5:E3","serverInfo":{"serverName":"JifS12101","serverVersion":"Build 10.44.1h, Apr 20, 2026 11:22:51 AM"},"hardware_info":"275c5aa2|06:A8:C0:D9:D5:E3"}}}
13:37:38.762 INFO  vert.x-eventloop-thread-0 BaseServiceProxy     : -> GET /v1/api/tickle,200|66ms
13:37:38.764 DEBUG vert.x-eventloop-thread-0 ClientPortalService  : tickle {"session":"a2a93ddeb352a7d9afd0acee2667e82f","ssoExpires":420162,"collission":false,"userId":50301190,"hmds":{"error":"no bridge"},"iserver":{"authStatus":{"authenticated":true,"established":true,"competing":false,"connected":true,"message":"","MAC":"06:A8:C0:D9:D5:E3","serverInfo":{"serverName":"JifS12101","serverVersion":"Build 10.44.1h, Apr 20, 2026 11:22:51 AM"},"hardware_info":"275c5aa2|06:A8:C0:D9:D5:E3"}}}
13:38:08.760 INFO  vert.x-eventloop-thread-0 BaseServiceProxy     : -> GET /v1/api/tickle,200|63ms
13:38:08.761 DEBUG vert.x-eventloop-thread-0 ClientPortalService  : tickle {"session":"a2a93ddeb352a7d9afd0acee2667e82f","ssoExpires":390162,"collission":false,"userId":50301190,"hmds":{"error":"no bridge"},"iserver":{"authStatus":{"authenticated":true,"established":true,"competing":false,"connected":true,"message":"","MAC":"06:A8:C0:D9:D5:E3","serverInfo":{"serverName":"JifS12101","serverVersion":"Build 10.44.1h, Apr 20, 2026 11:22:51 AM"},"hardware_info":"275c5aa2|06:A8:C0:D9:D5:E3"}}}
13:38:33.589 INFO  vert.x-eventloop-thread-0 BaseServiceProxy     : -> GET /sso/ping,200|318ms
13:38:33.591 INFO  vert.x-eventloop-thread-0 SsoService           : sso ping {"result": "true"}
13:38:38.749 INFO  vert.x-eventloop-thread-0 BaseServiceProxy     : -> GET /v1/api/tickle,200|53ms
13:38:38.749 DEBUG vert.x-eventloop-thread-0 ClientPortalService  : tickle {"session":"a2a93ddeb352a7d9afd0acee2667e82f","ssoExpires":360171,"collission":false,"userId":50301190,"hmds":{"error":"no bridge"},"iserver":{"authStatus":{"authenticated":true,"established":true,"competing":false,"connected":true,"message":"","MAC":"06:A8:C0:D9:D5:E3","serverInfo":{"serverName":"JifS12101","serverVersion":"Build 10.44.1h, Apr 20, 2026 11:22:51 AM"},"hardware_info":"275c5aa2|06:A8:C0:D9:D5:E3"}}}
13:39:08.750 INFO  vert.x-eventloop-thread-0 BaseServiceProxy     : -> GET /v1/api/tickle,200|54ms
13:39:08.752 DEBUG vert.x-eventloop-thread-0 ClientPortalService  : tickle {"session":"a2a93ddeb352a7d9afd0acee2667e82f","ssoExpires":330169,"collission":false,"userId":50301190,"hmds":{"error":"no bridge"},"iserver":{"authStatus":{"authenticated":true,"established":true,"competing":false,"connected":true,"message":"","MAC":"06:A8:C0:D9:D5:E3","serverInfo":{"serverName":"JifS12101","serverVersion":"Build 10.44.1h, Apr 20, 2026 11:22:51 AM"},"hardware_info":"275c5aa2|06:A8:C0:D9:D5:E3"}}}
13:39:38.907 INFO  vert.x-eventloop-thread-0 BaseServiceProxy     : -> GET /v1/api/tickle,200|211ms
13:39:38.909 DEBUG vert.x-eventloop-thread-0 ClientPortalService  : tickle {"session":"a2a93ddeb352a7d9afd0acee2667e82f","ssoExpires":300015,"collission":false,"userId":50301190,"hmds":{"error":"no bridge"},"iserver":{"authStatus":{"authenticated":true,"established":true,"competing":false,"connected":true,"message":"","MAC":"06:A8:C0:D9:D5:E3","serverInfo":{"serverName":"JifS12101","serverVersion":"Build 10.44.1h, Apr 20, 2026 11:22:51 AM"},"hardware_info":"275c5aa2|06:A8:C0:D9:D5:E3"}}}
13:40:08.802 INFO  vert.x-eventloop-thread-0 BaseServiceProxy     : -> GET /v1/api/tickle,200|104ms
13:40:08.803 DEBUG vert.x-eventloop-thread-0 ClientPortalService  : tickle {"session":"a2a93ddeb352a7d9afd0acee2667e82f","ssoExpires":270141,"collission":false,"userId":50301190,"hmds":{"error":"no bridge"},"iserver":{"authStatus":{"authenticated":true,"established":true,"competing":false,"connected":true,"message":"","MAC":"06:A8:C0:D9:D5:E3","serverInfo":{"serverName":"JifS12101","serverVersion":"Build 10.44.1h, Apr 20, 2026 11:22:51 AM"},"hardware_info":"275c5aa2|06:A8:C0:D9:D5:E3"}}}
13:40:38.825 INFO  vert.x-eventloop-thread-0 BaseServiceProxy     : -> GET /v1/api/tickle,200|128ms
13:40:38.827 DEBUG vert.x-eventloop-thread-0 ClientPortalService  : tickle {"session":"a2a93ddeb352a7d9afd0acee2667e82f","ssoExpires":240098,"collission":false,"userId":50301190,"hmds":{"error":"no bridge"},"iserver":{"authStatus":{"authenticated":true,"established":true,"competing":false,"connected":true,"message":"","MAC":"06:A8:C0:D9:D5:E3","serverInfo":{"serverName":"JifS12101","serverVersion":"Build 10.44.1h, Apr 20, 2026 11:22:51 AM"},"hardware_info":"275c5aa2|06:A8:C0:D9:D5:E3"}}}
13:41:09.028 INFO  vert.x-eventloop-thread-0 BaseServiceProxy     : -> GET /v1/api/tickle,200|331ms
13:41:09.029 DEBUG vert.x-eventloop-thread-0 ClientPortalService  : tickle {"session":"a2a93ddeb352a7d9afd0acee2667e82f","ssoExpires":209927,"collission":false,"userId":50301190,"hmds":{"error":"no bridge"},"iserver":{"authStatus":{"authenticated":true,"established":true,"competing":false,"connected":true,"message":"","MAC":"06:A8:C0:D9:D5:E3","serverInfo":{"serverName":"JifS12101","serverVersion":"Build 10.44.1h, Apr 20, 2026 11:22:51 AM"},"hardware_info":"275c5aa2|06:A8:C0:D9:D5:E3"}}}
13:41:38.921 INFO  vert.x-eventloop-thread-0 BaseServiceProxy     : -> GET /v1/api/tickle,200|223ms
13:41:38.924 DEBUG vert.x-eventloop-thread-0 ClientPortalService  : tickle {"session":"a2a93ddeb352a7d9afd0acee2667e82f","ssoExpires":180003,"collission":false,"userId":50301190,"hmds":{"error":"no bridge"},"iserver":{"authStatus":{"authenticated":true,"established":true,"competing":false,"connected":true,"message":"","MAC":"06:A8:C0:D9:D5:E3","serverInfo":{"serverName":"JifS12101","serverVersion":"Build 10.44.1h, Apr 20, 2026 11:22:51 AM"},"hardware_info":"275c5aa2|06:A8:C0:D9:D5:E3"}}}
13:42:08.764 INFO  vert.x-eventloop-thread-0 BaseServiceProxy     : -> GET /v1/api/tickle,200|67ms
13:42:08.766 DEBUG vert.x-eventloop-thread-0 ClientPortalService  : tickle {"session":"a2a93ddeb352a7d9afd0acee2667e82f","ssoExpires":150163,"collission":false,"userId":50301190,"hmds":{"error":"no bridge"},"iserver":{"authStatus":{"authenticated":true,"established":true,"competing":false,"connected":true,"message":"","MAC":"06:A8:C0:D9:D5:E3","serverInfo":{"serverName":"JifS12101","serverVersion":"Build 10.44.1h, Apr 20, 2026 11:22:51 AM"},"hardware_info":"275c5aa2|06:A8:C0:D9:D5:E3"}}}
13:42:39.141 INFO  vert.x-eventloop-thread-0 BaseServiceProxy     : -> GET /v1/api/tickle,200|444ms
13:42:39.143 DEBUG vert.x-eventloop-thread-0 ClientPortalService  : tickle {"session":"a2a93ddeb352a7d9afd0acee2667e82f","ssoExpires":119894,"collission":false,"userId":50301190,"hmds":{"error":"no bridge"},"iserver":{"authStatus":{"authenticated":true,"established":true,"competing":false,"connected":true,"message":"","MAC":"06:A8:C0:D9:D5:E3","serverInfo":{"serverName":"JifS12101","serverVersion":"Build 10.44.1h, Apr 20, 2026 11:22:51 AM"},"hardware_info":"275c5aa2|06:A8:C0:D9:D5:E3"}}}
13:43:08.766 INFO  vert.x-eventloop-thread-0 BaseServiceProxy     : -> GET /v1/api/tickle,200|68ms
13:43:08.768 DEBUG vert.x-eventloop-thread-0 ClientPortalService  : tickle {"session":"a2a93ddeb352a7d9afd0acee2667e82f","ssoExpires":90161,"collission":false,"userId":50301190,"hmds":{"error":"no bridge"},"iserver":{"authStatus":{"authenticated":true,"established":true,"competing":false,"connected":true,"message":"","MAC":"06:A8:C0:D9:D5:E3","serverInfo":{"serverName":"JifS12101","serverVersion":"Build 10.44.1h, Apr 20, 2026 11:22:51 AM"},"hardware_info":"275c5aa2|06:A8:C0:D9:D5:E3"}}}
13:43:33.827 INFO  vert.x-eventloop-thread-0 BaseServiceProxy     : -> GET /sso/ping,200|555ms
13:43:33.829 INFO  vert.x-eventloop-thread-0 SsoService           : sso ping {"result": "true"}
13:43:39.048 INFO  vert.x-eventloop-thread-0 BaseServiceProxy     : -> GET /v1/api/tickle,200|351ms
13:43:39.048 DEBUG vert.x-eventloop-thread-0 ClientPortalService  : tickle {"session":"a2a93ddeb352a7d9afd0acee2667e82f","ssoExpires":59905,"collission":false,"userId":50301190,"hmds":{"error":"no bridge"},"iserver":{"authStatus":{"authenticated":true,"established":true,"competing":false,"connected":true,"message":"","MAC":"06:A8:C0:D9:D5:E3","serverInfo":{"serverName":"JifS12101","serverVersion":"Build 10.44.1h, Apr 20, 2026 11:22:51 AM"},"hardware_info":"275c5aa2|06:A8:C0:D9:D5:E3"}}}
13:44:08.764 INFO  vert.x-eventloop-thread-0 BaseServiceProxy     : -> GET /v1/api/tickle,200|67ms
13:44:08.765 DEBUG vert.x-eventloop-thread-0 ClientPortalService  : tickle {"session":"a2a93ddeb352a7d9afd0acee2667e82f","ssoExpires":30161,"collission":false,"userId":50301190,"hmds":{"error":"no bridge"},"iserver":{"authStatus":{"authenticated":true,"established":true,"competing":false,"connected":true,"message":"","MAC":"06:A8:C0:D9:D5:E3","serverInfo":{"serverName":"JifS12101","serverVersion":"Build 10.44.1h, Apr 20, 2026 11:22:51 AM"},"hardware_info":"275c5aa2|06:A8:C0:D9:D5:E3"}}}
13:44:38.764 INFO  vert.x-eventloop-thread-0 BaseServiceProxy     : -> GET /v1/api/tickle,200|67ms
13:44:38.765 DEBUG vert.x-eventloop-thread-0 ClientPortalService  : tickle {"session":"a2a93ddeb352a7d9afd0acee2667e82f","ssoExpires":161,"collission":false,"userId":50301190,"hmds":{"error":"no bridge"},"iserver":{"authStatus":{"authenticated":true,"established":true,"competing":false,"connected":true,"message":"","MAC":"06:A8:C0:D9:D5:E3","serverInfo":{"serverName":"JifS12101","serverVersion":"Build 10.44.1h, Apr 20, 2026 11:22:51 AM"},"hardware_info":"275c5aa2|06:A8:C0:D9:D5:E3"}}}
13:45:08.759 INFO  vert.x-eventloop-thread-0 BaseServiceProxy     : -> GET /v1/api/tickle,200|61ms
13:45:08.760 DEBUG vert.x-eventloop-thread-0 ClientPortalService  : tickle {"session":"a2a93ddeb352a7d9afd0acee2667e82f","ssoExpires":600000,"collission":false,"userId":50301190,"hmds":{"error":"no bridge"},"iserver":{"authStatus":{"authenticated":true,"established":true,"competing":false,"connected":true,"message":"","MAC":"06:A8:C0:D9:D5:E3","serverInfo":{"serverName":"JifS12101","serverVersion":"Build 10.44.1h, Apr 20, 2026 11:22:51 AM"},"hardware_info":"275c5aa2|06:A8:C0:D9:D5:E3"}}}
13:45:38.766 INFO  vert.x-eventloop-thread-0 BaseServiceProxy     : -> GET /v1/api/tickle,200|67ms
13:45:38.768 DEBUG vert.x-eventloop-thread-0 ClientPortalService  : tickle {"session":"a2a93ddeb352a7d9afd0acee2667e82f","ssoExpires":569998,"collission":false,"userId":50301190,"hmds":{"error":"no bridge"},"iserver":{"authStatus":{"authenticated":true,"established":true,"competing":false,"connected":true,"message":"","MAC":"06:A8:C0:D9:D5:E3","serverInfo":{"serverName":"JifS12101","serverVersion":"Build 10.44.1h, Apr 20, 2026 11:22:51 AM"},"hardware_info":"275c5aa2|06:A8:C0:D9:D5:E3"}}}
13:46:08.759 INFO  vert.x-eventloop-thread-0 BaseServiceProxy     : -> GET /v1/api/tickle,200|61ms
13:46:08.761 DEBUG vert.x-eventloop-thread-0 ClientPortalService  : tickle {"session":"a2a93ddeb352a7d9afd0acee2667e82f","ssoExpires":540001,"collission":false,"userId":50301190,"hmds":{"error":"no bridge"},"iserver":{"authStatus":{"authenticated":true,"established":true,"competing":false,"connected":true,"message":"","MAC":"06:A8:C0:D9:D5:E3","serverInfo":{"serverName":"JifS12101","serverVersion":"Build 10.44.1h, Apr 20, 2026 11:22:51 AM"},"hardware_info":"275c5aa2|06:A8:C0:D9:D5:E3"}}}
13:46:38.787 INFO  vert.x-eventloop-thread-0 BaseServiceProxy     : -> GET /v1/api/tickle,200|89ms
13:46:38.789 DEBUG vert.x-eventloop-thread-0 ClientPortalService  : tickle {"session":"a2a93ddeb352a7d9afd0acee2667e82f","ssoExpires":509977,"collission":false,"userId":50301190,"hmds":{"error":"no bridge"},"iserver":{"authStatus":{"authenticated":true,"established":true,"competing":false,"connected":true,"message":"","MAC":"06:A8:C0:D9:D5:E3","serverInfo":{"serverName":"JifS12101","serverVersion":"Build 10.44.1h, Apr 20, 2026 11:22:51 AM"},"hardware_info":"275c5aa2|06:A8:C0:D9:D5:E3"}}}
13:47:08.782 INFO  vert.x-eventloop-thread-0 BaseServiceProxy     : -> GET /v1/api/tickle,200|83ms
13:47:08.783 DEBUG vert.x-eventloop-thread-0 ClientPortalService  : tickle {"session":"a2a93ddeb352a7d9afd0acee2667e82f","ssoExpires":479981,"collission":false,"userId":50301190,"hmds":{"error":"no bridge"},"iserver":{"authStatus":{"authenticated":true,"established":true,"competing":false,"connected":true,"message":"","MAC":"06:A8:C0:D9:D5:E3","serverInfo":{"serverName":"JifS12101","serverVersion":"Build 10.44.1h, Apr 20, 2026 11:22:51 AM"},"hardware_info":"275c5aa2|06:A8:C0:D9:D5:E3"}}}
13:47:38.813 INFO  vert.x-eventloop-thread-0 BaseServiceProxy     : -> GET /v1/api/tickle,200|114ms
13:47:38.813 DEBUG vert.x-eventloop-thread-0 ClientPortalService  : tickle {"session":"a2a93ddeb352a7d9afd0acee2667e82f","ssoExpires":449949,"collission":false,"userId":50301190,"hmds":{"error":"no bridge"},"iserver":{"authStatus":{"authenticated":true,"established":true,"competing":false,"connected":true,"message":"","MAC":"06:A8:C0:D9:D5:E3","serverInfo":{"serverName":"JifS12101","serverVersion":"Build 10.44.1h, Apr 20, 2026 11:22:51 AM"},"hardware_info":"275c5aa2|06:A8:C0:D9:D5:E3"}}}
13:48:08.763 INFO  vert.x-eventloop-thread-0 BaseServiceProxy     : -> GET /v1/api/tickle,200|64ms
13:48:08.764 DEBUG vert.x-eventloop-thread-0 ClientPortalService  : tickle {"session":"a2a93ddeb352a7d9afd0acee2667e82f","ssoExpires":419998,"collission":false,"userId":50301190,"hmds":{"error":"no bridge"},"iserver":{"authStatus":{"authenticated":true,"established":true,"competing":false,"connected":true,"message":"","MAC":"06:A8:C0:D9:D5:E3","serverInfo":{"serverName":"JifS12101","serverVersion":"Build 10.44.1h, Apr 20, 2026 11:22:51 AM"},"hardware_info":"275c5aa2|06:A8:C0:D9:D5:E3"}}}
13:48:33.861 INFO  vert.x-eventloop-thread-0 BaseServiceProxy     : -> GET /sso/ping,200|588ms
13:48:33.861 INFO  vert.x-eventloop-thread-0 SsoService           : sso ping {"result": "true"}
13:48:38.778 INFO  vert.x-eventloop-thread-0 BaseServiceProxy     : -> GET /v1/api/tickle,200|79ms
13:48:38.779 DEBUG vert.x-eventloop-thread-0 ClientPortalService  : tickle {"session":"a2a93ddeb352a7d9afd0acee2667e82f","ssoExpires":389983,"collission":false,"userId":50301190,"hmds":{"error":"no bridge"},"iserver":{"authStatus":{"authenticated":true,"established":true,"competing":false,"connected":true,"message":"","MAC":"06:A8:C0:D9:D5:E3","serverInfo":{"serverName":"JifS12101","serverVersion":"Build 10.44.1h, Apr 20, 2026 11:22:51 AM"},"hardware_info":"275c5aa2|06:A8:C0:D9:D5:E3"}}}
13:49:08.754 INFO  vert.x-eventloop-thread-0 BaseServiceProxy     : -> GET /v1/api/tickle,200|55ms
13:49:08.755 DEBUG vert.x-eventloop-thread-0 ClientPortalService  : tickle {"session":"a2a93ddeb352a7d9afd0acee2667e82f","ssoExpires":360008,"collission":false,"userId":50301190,"hmds":{"error":"no bridge"},"iserver":{"authStatus":{"authenticated":true,"established":true,"competing":false,"connected":true,"message":"","MAC":"06:A8:C0:D9:D5:E3","serverInfo":{"serverName":"JifS12101","serverVersion":"Build 10.44.1h, Apr 20, 2026 11:22:51 AM"},"hardware_info":"275c5aa2|06:A8:C0:D9:D5:E3"}}}
13:49:39.085 INFO  vert.x-eventloop-thread-0 BaseServiceProxy     : -> GET /v1/api/tickle,200|386ms
13:49:39.086 DEBUG vert.x-eventloop-thread-0 ClientPortalService  : tickle {"session":"a2a93ddeb352a7d9afd0acee2667e82f","ssoExpires":329749,"collission":false,"userId":50301190,"hmds":{"error":"no bridge"},"iserver":{"authStatus":{"authenticated":true,"established":true,"competing":false,"connected":true,"message":"","MAC":"06:A8:C0:D9:D5:E3","serverInfo":{"serverName":"JifS12101","serverVersion":"Build 10.44.1h, Apr 20, 2026 11:22:51 AM"},"hardware_info":"275c5aa2|06:A8:C0:D9:D5:E3"}}}
13:50:08.751 INFO  vert.x-eventloop-thread-0 BaseServiceProxy     : -> GET /v1/api/tickle,200|51ms
13:50:08.751 DEBUG vert.x-eventloop-thread-0 ClientPortalService  : tickle {"session":"a2a93ddeb352a7d9afd0acee2667e82f","ssoExpires":300009,"collission":false,"userId":50301190,"hmds":{"error":"no bridge"},"iserver":{"authStatus":{"authenticated":true,"established":true,"competing":false,"connected":true,"message":"","MAC":"06:A8:C0:D9:D5:E3","serverInfo":{"serverName":"JifS12101","serverVersion":"Build 10.44.1h, Apr 20, 2026 11:22:51 AM"},"hardware_info":"275c5aa2|06:A8:C0:D9:D5:E3"}}}
13:50:38.771 INFO  vert.x-eventloop-thread-0 BaseServiceProxy     : -> GET /v1/api/tickle,200|71ms
13:50:38.774 DEBUG vert.x-eventloop-thread-0 ClientPortalService  : tickle {"session":"a2a93ddeb352a7d9afd0acee2667e82f","ssoExpires":269994,"collission":false,"userId":50301190,"hmds":{"error":"no bridge"},"iserver":{"authStatus":{"authenticated":true,"established":true,"competing":false,"connected":true,"message":"","MAC":"06:A8:C0:D9:D5:E3","serverInfo":{"serverName":"JifS12101","serverVersion":"Build 10.44.1h, Apr 20, 2026 11:22:51 AM"},"hardware_info":"275c5aa2|06:A8:C0:D9:D5:E3"}}}
13:51:09.198 INFO  vert.x-eventloop-thread-0 BaseServiceProxy     : -> GET /v1/api/tickle,200|498ms
13:51:09.200 DEBUG vert.x-eventloop-thread-0 ClientPortalService  : tickle {"session":"a2a93ddeb352a7d9afd0acee2667e82f","ssoExpires":239627,"collission":false,"userId":50301190,"hmds":{"error":"no bridge"},"iserver":{"authStatus":{"authenticated":true,"established":true,"competing":false,"connected":true,"message":"","MAC":"06:A8:C0:D9:D5:E3","serverInfo":{"serverName":"JifS12101","serverVersion":"Build 10.44.1h, Apr 20, 2026 11:22:51 AM"},"hardware_info":"275c5aa2|06:A8:C0:D9:D5:E3"}}}
13:51:38.781 INFO  vert.x-eventloop-thread-0 BaseServiceProxy     : -> GET /v1/api/tickle,200|81ms
13:51:38.783 DEBUG vert.x-eventloop-thread-0 ClientPortalService  : tickle {"session":"a2a93ddeb352a7d9afd0acee2667e82f","ssoExpires":209980,"collission":false,"userId":50301190,"hmds":{"error":"no bridge"},"iserver":{"authStatus":{"authenticated":true,"established":true,"competing":false,"connected":true,"message":"","MAC":"06:A8:C0:D9:D5:E3","serverInfo":{"serverName":"JifS12101","serverVersion":"Build 10.44.1h, Apr 20, 2026 11:22:51 AM"},"hardware_info":"275c5aa2|06:A8:C0:D9:D5:E3"}}}
13:52:08.761 INFO  vert.x-eventloop-thread-0 BaseServiceProxy     : -> GET /v1/api/tickle,200|61ms
13:52:08.762 DEBUG vert.x-eventloop-thread-0 ClientPortalService  : tickle {"session":"a2a93ddeb352a7d9afd0acee2667e82f","ssoExpires":180001,"collission":false,"userId":50301190,"hmds":{"error":"no bridge"},"iserver":{"authStatus":{"authenticated":true,"established":true,"competing":false,"connected":true,"message":"","MAC":"06:A8:C0:D9:D5:E3","serverInfo":{"serverName":"JifS12101","serverVersion":"Build 10.44.1h, Apr 20, 2026 11:22:51 AM"},"hardware_info":"275c5aa2|06:A8:C0:D9:D5:E3"}}}
13:52:38.765 INFO  vert.x-eventloop-thread-0 BaseServiceProxy     : -> GET /v1/api/tickle,200|65ms
13:52:38.767 DEBUG vert.x-eventloop-thread-0 ClientPortalService  : tickle {"session":"a2a93ddeb352a7d9afd0acee2667e82f","ssoExpires":149996,"collission":false,"userId":50301190,"hmds":{"error":"no bridge"},"iserver":{"authStatus":{"authenticated":true,"established":true,"competing":false,"connected":true,"message":"","MAC":"06:A8:C0:D9:D5:E3","serverInfo":{"serverName":"JifS12101","serverVersion":"Build 10.44.1h, Apr 20, 2026 11:22:51 AM"},"hardware_info":"275c5aa2|06:A8:C0:D9:D5:E3"}}}
13:53:08.999 INFO  vert.x-eventloop-thread-0 BaseServiceProxy     : -> GET /v1/api/tickle,200|299ms
13:53:09.000 DEBUG vert.x-eventloop-thread-0 ClientPortalService  : tickle {"session":"a2a93ddeb352a7d9afd0acee2667e82f","ssoExpires":119767,"collission":false,"userId":50301190,"hmds":{"error":"no bridge"},"iserver":{"authStatus":{"authenticated":true,"established":true,"competing":false,"connected":true,"message":"","MAC":"06:A8:C0:D9:D5:E3","serverInfo":{"serverName":"JifS12101","serverVersion":"Build 10.44.1h, Apr 20, 2026 11:22:51 AM"},"hardware_info":"275c5aa2|06:A8:C0:D9:D5:E3"}}}
13:53:33.896 INFO  vert.x-eventloop-thread-0 BaseServiceProxy     : -> GET /sso/ping,200|621ms
13:53:33.898 INFO  vert.x-eventloop-thread-0 SsoService           : sso ping {"result": "true"}
13:53:38.754 INFO  vert.x-eventloop-thread-0 BaseServiceProxy     : -> GET /v1/api/tickle,200|53ms
13:53:38.754 DEBUG vert.x-eventloop-thread-0 ClientPortalService  : tickle {"session":"a2a93ddeb352a7d9afd0acee2667e82f","ssoExpires":90009,"collission":false,"userId":50301190,"hmds":{"error":"no bridge"},"iserver":{"authStatus":{"authenticated":true,"established":true,"competing":false,"connected":true,"message":"","MAC":"06:A8:C0:D9:D5:E3","serverInfo":{"serverName":"JifS12101","serverVersion":"Build 10.44.1h, Apr 20, 2026 11:22:51 AM"},"hardware_info":"275c5aa2|06:A8:C0:D9:D5:E3"}}}
13:54:09.120 INFO  vert.x-eventloop-thread-0 BaseServiceProxy     : -> GET /v1/api/tickle,200|419ms
13:54:09.123 DEBUG vert.x-eventloop-thread-0 ClientPortalService  : tickle {"session":"a2a93ddeb352a7d9afd0acee2667e82f","ssoExpires":59730,"collission":false,"userId":50301190,"hmds":{"error":"no bridge"},"iserver":{"authStatus":{"authenticated":true,"established":true,"competing":false,"connected":true,"message":"","MAC":"06:A8:C0:D9:D5:E3","serverInfo":{"serverName":"JifS12101","serverVersion":"Build 10.44.1h, Apr 20, 2026 11:22:51 AM"},"hardware_info":"275c5aa2|06:A8:C0:D9:D5:E3"}}}
13:54:38.757 INFO  vert.x-eventloop-thread-0 BaseServiceProxy     : -> GET /v1/api/tickle,200|56ms
13:54:38.758 DEBUG vert.x-eventloop-thread-0 ClientPortalService  : tickle {"session":"a2a93ddeb352a7d9afd0acee2667e82f","ssoExpires":30006,"collission":false,"userId":50301190,"hmds":{"error":"no bridge"},"iserver":{"authStatus":{"authenticated":true,"established":true,"competing":false,"connected":true,"message":"","MAC":"06:A8:C0:D9:D5:E3","serverInfo":{"serverName":"JifS12101","serverVersion":"Build 10.44.1h, Apr 20, 2026 11:22:51 AM"},"hardware_info":"275c5aa2|06:A8:C0:D9:D5:E3"}}}
13:55:08.770 INFO  vert.x-eventloop-thread-0 BaseServiceProxy     : -> GET /v1/api/tickle,200|68ms
13:55:08.772 DEBUG vert.x-eventloop-thread-0 ClientPortalService  : tickle {"session":"a2a93ddeb352a7d9afd0acee2667e82f","ssoExpires":600000,"collission":false,"userId":50301190,"hmds":{"error":"no bridge"},"iserver":{"authStatus":{"authenticated":true,"established":true,"competing":false,"connected":true,"message":"","MAC":"06:A8:C0:D9:D5:E3","serverInfo":{"serverName":"JifS12101","serverVersion":"Build 10.44.1h, Apr 20, 2026 11:22:51 AM"},"hardware_info":"275c5aa2|06:A8:C0:D9:D5:E3"}}}
13:55:39.021 INFO  vert.x-eventloop-thread-0 BaseServiceProxy     : -> GET /v1/api/tickle,200|320ms
13:55:39.023 DEBUG vert.x-eventloop-thread-0 ClientPortalService  : tickle {"session":"a2a93ddeb352a7d9afd0acee2667e82f","ssoExpires":569772,"collission":false,"userId":50301190,"hmds":{"error":"no bridge"},"iserver":{"authStatus":{"authenticated":true,"established":true,"competing":false,"connected":true,"message":"","MAC":"06:A8:C0:D9:D5:E3","serverInfo":{"serverName":"JifS12101","serverVersion":"Build 10.44.1h, Apr 20, 2026 11:22:51 AM"},"hardware_info":"275c5aa2|06:A8:C0:D9:D5:E3"}}}
13:56:09.127 INFO  vert.x-eventloop-thread-0 BaseServiceProxy     : -> GET /v1/api/tickle,200|426ms
13:56:09.128 DEBUG vert.x-eventloop-thread-0 ClientPortalService  : tickle {"session":"a2a93ddeb352a7d9afd0acee2667e82f","ssoExpires":539755,"collission":false,"userId":50301190,"hmds":{"error":"no bridge"},"iserver":{"authStatus":{"authenticated":true,"established":true,"competing":false,"connected":true,"message":"","MAC":"06:A8:C0:D9:D5:E3","serverInfo":{"serverName":"JifS12101","serverVersion":"Build 10.44.1h, Apr 20, 2026 11:22:51 AM"},"hardware_info":"275c5aa2|06:A8:C0:D9:D5:E3"}}}
13:56:38.771 INFO  vert.x-eventloop-thread-0 BaseServiceProxy     : -> GET /v1/api/tickle,200|69ms
13:56:38.773 DEBUG vert.x-eventloop-thread-0 ClientPortalService  : tickle {"session":"a2a93ddeb352a7d9afd0acee2667e82f","ssoExpires":509997,"collission":false,"userId":50301190,"hmds":{"error":"no bridge"},"iserver":{"authStatus":{"authenticated":true,"established":true,"competing":false,"connected":true,"message":"","MAC":"06:A8:C0:D9:D5:E3","serverInfo":{"serverName":"JifS12101","serverVersion":"Build 10.44.1h, Apr 20, 2026 11:22:51 AM"},"hardware_info":"275c5aa2|06:A8:C0:D9:D5:E3"}}}
13:57:08.915 INFO  vert.x-eventloop-thread-0 BaseServiceProxy     : -> GET /v1/api/tickle,200|214ms
13:57:08.917 DEBUG vert.x-eventloop-thread-0 ClientPortalService  : tickle {"session":"a2a93ddeb352a7d9afd0acee2667e82f","ssoExpires":479854,"collission":false,"userId":50301190,"hmds":{"error":"no bridge"},"iserver":{"authStatus":{"authenticated":true,"established":true,"competing":false,"connected":true,"message":"","MAC":"06:A8:C0:D9:D5:E3","serverInfo":{"serverName":"JifS12101","serverVersion":"Build 10.44.1h, Apr 20, 2026 11:22:51 AM"},"hardware_info":"275c5aa2|06:A8:C0:D9:D5:E3"}}}
13:57:38.759 INFO  vert.x-eventloop-thread-0 BaseServiceProxy     : -> GET /v1/api/tickle,200|57ms
13:57:38.761 DEBUG vert.x-eventloop-thread-0 ClientPortalService  : tickle {"session":"a2a93ddeb352a7d9afd0acee2667e82f","ssoExpires":450008,"collission":false,"userId":50301190,"hmds":{"error":"no bridge"},"iserver":{"authStatus":{"authenticated":true,"established":true,"competing":false,"connected":true,"message":"","MAC":"06:A8:C0:D9:D5:E3","serverInfo":{"serverName":"JifS12101","serverVersion":"Build 10.44.1h, Apr 20, 2026 11:22:51 AM"},"hardware_info":"275c5aa2|06:A8:C0:D9:D5:E3"}}}
13:58:08.771 INFO  vert.x-eventloop-thread-0 BaseServiceProxy     : -> GET /v1/api/tickle,200|69ms
13:58:08.772 DEBUG vert.x-eventloop-thread-0 ClientPortalService  : tickle {"session":"a2a93ddeb352a7d9afd0acee2667e82f","ssoExpires":419993,"collission":false,"userId":50301190,"hmds":{"error":"no bridge"},"iserver":{"authStatus":{"authenticated":true,"established":true,"competing":false,"connected":true,"message":"","MAC":"06:A8:C0:D9:D5:E3","serverInfo":{"serverName":"JifS12101","serverVersion":"Build 10.44.1h, Apr 20, 2026 11:22:51 AM"},"hardware_info":"275c5aa2|06:A8:C0:D9:D5:E3"}}}
13:58:33.822 INFO  vert.x-eventloop-thread-0 BaseServiceProxy     : -> GET /sso/ping,200|544ms
13:58:33.824 INFO  vert.x-eventloop-thread-0 SsoService           : sso ping {"result": "true"}
13:58:38.938 INFO  vert.x-eventloop-thread-0 BaseServiceProxy     : -> GET /v1/api/tickle,200|237ms
13:58:38.939 DEBUG vert.x-eventloop-thread-0 ClientPortalService  : tickle {"session":"a2a93ddeb352a7d9afd0acee2667e82f","ssoExpires":389849,"collission":false,"userId":50301190,"hmds":{"error":"no bridge"},"iserver":{"authStatus":{"authenticated":true,"established":true,"competing":false,"connected":true,"message":"","MAC":"06:A8:C0:D9:D5:E3","serverInfo":{"serverName":"JifS12101","serverVersion":"Build 10.44.1h, Apr 20, 2026 11:22:51 AM"},"hardware_info":"275c5aa2|06:A8:C0:D9:D5:E3"}}}
13:59:08.785 INFO  vert.x-eventloop-thread-0 BaseServiceProxy     : -> GET /v1/api/tickle,200|82ms
13:59:08.787 DEBUG vert.x-eventloop-thread-0 ClientPortalService  : tickle {"session":"a2a93ddeb352a7d9afd0acee2667e82f","ssoExpires":359981,"collission":false,"userId":50301190,"hmds":{"error":"no bridge"},"iserver":{"authStatus":{"authenticated":true,"established":true,"competing":false,"connected":true,"message":"","MAC":"06:A8:C0:D9:D5:E3","serverInfo":{"serverName":"JifS12101","serverVersion":"Build 10.44.1h, Apr 20, 2026 11:22:51 AM"},"hardware_info":"275c5aa2|06:A8:C0:D9:D5:E3"}}}
13:59:38.999 INFO  vert.x-eventloop-thread-0 BaseServiceProxy     : -> GET /v1/api/tickle,200|298ms
13:59:39.000 DEBUG vert.x-eventloop-thread-0 ClientPortalService  : tickle {"session":"a2a93ddeb352a7d9afd0acee2667e82f","ssoExpires":329780,"collission":false,"userId":50301190,"hmds":{"error":"no bridge"},"iserver":{"authStatus":{"authenticated":true,"established":true,"competing":false,"connected":true,"message":"","MAC":"06:A8:C0:D9:D5:E3","serverInfo":{"serverName":"JifS12101","serverVersion":"Build 10.44.1h, Apr 20, 2026 11:22:51 AM"},"hardware_info":"275c5aa2|06:A8:C0:D9:D5:E3"}}}
14:00:08.778 INFO  vert.x-eventloop-thread-0 BaseServiceProxy     : -> GET /v1/api/tickle,200|76ms
14:00:08.780 DEBUG vert.x-eventloop-thread-0 ClientPortalService  : tickle {"session":"a2a93ddeb352a7d9afd0acee2667e82f","ssoExpires":299989,"collission":false,"userId":50301190,"hmds":{"error":"no bridge"},"iserver":{"authStatus":{"authenticated":true,"established":true,"competing":false,"connected":true,"message":"","MAC":"06:A8:C0:D9:D5:E3","serverInfo":{"serverName":"JifS12101","serverVersion":"Build 10.44.1h, Apr 20, 2026 11:22:51 AM"},"hardware_info":"275c5aa2|06:A8:C0:D9:D5:E3"}}}
14:00:38.762 INFO  vert.x-eventloop-thread-0 BaseServiceProxy     : -> GET /v1/api/tickle,200|60ms
14:00:38.775 DEBUG vert.x-eventloop-thread-0 ClientPortalService  : tickle {"session":"a2a93ddeb352a7d9afd0acee2667e82f","ssoExpires":270005,"collission":false,"userId":50301190,"hmds":{"error":"no bridge"},"iserver":{"authStatus":{"authenticated":true,"established":true,"competing":false,"connected":true,"message":"","MAC":"06:A8:C0:D9:D5:E3","serverInfo":{"serverName":"JifS12101","serverVersion":"Build 10.44.1h, Apr 20, 2026 11:22:51 AM"},"hardware_info":"275c5aa2|06:A8:C0:D9:D5:E3"}}}
14:01:09.062 INFO  vert.x-eventloop-thread-0 BaseServiceProxy     : -> GET /v1/api/tickle,200|359ms
14:01:09.064 DEBUG vert.x-eventloop-thread-0 ClientPortalService  : tickle {"session":"a2a93ddeb352a7d9afd0acee2667e82f","ssoExpires":239763,"collission":false,"userId":50301190,"hmds":{"error":"no bridge"},"iserver":{"authStatus":{"authenticated":true,"established":true,"competing":false,"connected":true,"message":"","MAC":"06:A8:C0:D9:D5:E3","serverInfo":{"serverName":"JifS12101","serverVersion":"Build 10.44.1h, Apr 20, 2026 11:22:51 AM"},"hardware_info":"275c5aa2|06:A8:C0:D9:D5:E3"}}}
14:01:38.776 INFO  vert.x-eventloop-thread-0 BaseServiceProxy     : -> GET /v1/api/tickle,200|74ms
14:01:38.778 DEBUG vert.x-eventloop-thread-0 ClientPortalService  : tickle {"session":"a2a93ddeb352a7d9afd0acee2667e82f","ssoExpires":209989,"collission":false,"userId":50301190,"hmds":{"error":"no bridge"},"iserver":{"authStatus":{"authenticated":true,"established":true,"competing":false,"connected":true,"message":"","MAC":"06:A8:C0:D9:D5:E3","serverInfo":{"serverName":"JifS12101","serverVersion":"Build 10.44.1h, Apr 20, 2026 11:22:51 AM"},"hardware_info":"275c5aa2|06:A8:C0:D9:D5:E3"}}}
14:02:08.780 INFO  vert.x-eventloop-thread-0 BaseServiceProxy     : -> GET /v1/api/tickle,200|77ms
14:02:08.782 DEBUG vert.x-eventloop-thread-0 ClientPortalService  : tickle {"session":"a2a93ddeb352a7d9afd0acee2667e82f","ssoExpires":179987,"collission":false,"userId":50301190,"hmds":{"error":"no bridge"},"iserver":{"authStatus":{"authenticated":true,"established":true,"competing":false,"connected":true,"message":"","MAC":"06:A8:C0:D9:D5:E3","serverInfo":{"serverName":"JifS12101","serverVersion":"Build 10.44.1h, Apr 20, 2026 11:22:51 AM"},"hardware_info":"275c5aa2|06:A8:C0:D9:D5:E3"}}}
14:02:38.765 INFO  vert.x-eventloop-thread-0 BaseServiceProxy     : -> GET /v1/api/tickle,200|63ms
14:02:38.767 DEBUG vert.x-eventloop-thread-0 ClientPortalService  : tickle {"session":"a2a93ddeb352a7d9afd0acee2667e82f","ssoExpires":150002,"collission":false,"userId":50301190,"hmds":{"error":"no bridge"},"iserver":{"authStatus":{"authenticated":true,"established":true,"competing":false,"connected":true,"message":"","MAC":"06:A8:C0:D9:D5:E3","serverInfo":{"serverName":"JifS12101","serverVersion":"Build 10.44.1h, Apr 20, 2026 11:22:51 AM"},"hardware_info":"275c5aa2|06:A8:C0:D9:D5:E3"}}}
14:03:08.758 INFO  vert.x-eventloop-thread-0 BaseServiceProxy     : -> GET /v1/api/tickle,200|55ms
14:03:08.760 DEBUG vert.x-eventloop-thread-0 ClientPortalService  : tickle {"session":"a2a93ddeb352a7d9afd0acee2667e82f","ssoExpires":120009,"collission":false,"userId":50301190,"hmds":{"error":"no bridge"},"iserver":{"authStatus":{"authenticated":true,"established":true,"competing":false,"connected":true,"message":"","MAC":"06:A8:C0:D9:D5:E3","serverInfo":{"serverName":"JifS12101","serverVersion":"Build 10.44.1h, Apr 20, 2026 11:22:51 AM"},"hardware_info":"275c5aa2|06:A8:C0:D9:D5:E3"}}}
14:03:33.556 INFO  vert.x-eventloop-thread-0 BaseServiceProxy     : -> GET /sso/ping,200|280ms
14:03:33.557 INFO  vert.x-eventloop-thread-0 SsoService           : sso ping {"result": "true"}
14:03:38.774 INFO  vert.x-eventloop-thread-0 BaseServiceProxy     : -> GET /v1/api/tickle,200|71ms
14:03:38.775 DEBUG vert.x-eventloop-thread-0 ClientPortalService  : tickle {"session":"a2a93ddeb352a7d9afd0acee2667e82f","ssoExpires":90006,"collission":false,"userId":50301190,"hmds":{"error":"no bridge"},"iserver":{"authStatus":{"authenticated":true,"established":true,"competing":false,"connected":true,"message":"","MAC":"06:A8:C0:D9:D5:E3","serverInfo":{"serverName":"JifS12101","serverVersion":"Build 10.44.1h, Apr 20, 2026 11:22:51 AM"},"hardware_info":"275c5aa2|06:A8:C0:D9:D5:E3"}}}
14:04:08.770 INFO  vert.x-eventloop-thread-0 BaseServiceProxy     : -> GET /v1/api/tickle,200|66ms
14:04:08.773 DEBUG vert.x-eventloop-thread-0 ClientPortalService  : tickle {"session":"a2a93ddeb352a7d9afd0acee2667e82f","ssoExpires":59999,"collission":false,"userId":50301190,"hmds":{"error":"no bridge"},"iserver":{"authStatus":{"authenticated":true,"established":true,"competing":false,"connected":true,"message":"","MAC":"06:A8:C0:D9:D5:E3","serverInfo":{"serverName":"JifS12101","serverVersion":"Build 10.44.1h, Apr 20, 2026 11:22:51 AM"},"hardware_info":"275c5aa2|06:A8:C0:D9:D5:E3"}}}
14:04:39.085 INFO  vert.x-eventloop-thread-0 BaseServiceProxy     : -> GET /v1/api/tickle,200|382ms
14:04:39.087 DEBUG vert.x-eventloop-thread-0 ClientPortalService  : tickle {"session":"a2a93ddeb352a7d9afd0acee2667e82f","ssoExpires":29735,"collission":false,"userId":50301190,"hmds":{"error":"no bridge"},"iserver":{"authStatus":{"authenticated":true,"established":true,"competing":false,"connected":true,"message":"","MAC":"06:A8:C0:D9:D5:E3","serverInfo":{"serverName":"JifS12101","serverVersion":"Build 10.44.1h, Apr 20, 2026 11:22:51 AM"},"hardware_info":"275c5aa2|06:A8:C0:D9:D5:E3"}}}
14:05:09.089 INFO  vert.x-eventloop-thread-0 BaseServiceProxy     : -> GET /v1/api/tickle,200|386ms
14:05:09.090 DEBUG vert.x-eventloop-thread-0 ClientPortalService  : tickle {"session":"a2a93ddeb352a7d9afd0acee2667e82f","ssoExpires":600000,"collission":false,"userId":50301190,"hmds":{"error":"no bridge"},"iserver":{"authStatus":{"authenticated":true,"established":true,"competing":false,"connected":true,"message":"","MAC":"06:A8:C0:D9:D5:E3","serverInfo":{"serverName":"JifS12101","serverVersion":"Build 10.44.1h, Apr 20, 2026 11:22:51 AM"},"hardware_info":"275c5aa2|06:A8:C0:D9:D5:E3"}}}
14:05:38.767 INFO  vert.x-eventloop-thread-0 BaseServiceProxy     : -> GET /v1/api/tickle,200|64ms
14:05:38.768 DEBUG vert.x-eventloop-thread-0 ClientPortalService  : tickle {"session":"a2a93ddeb352a7d9afd0acee2667e82f","ssoExpires":570219,"collission":false,"userId":50301190,"hmds":{"error":"no bridge"},"iserver":{"authStatus":{"authenticated":true,"established":true,"competing":false,"connected":true,"message":"","MAC":"06:A8:C0:D9:D5:E3","serverInfo":{"serverName":"JifS12101","serverVersion":"Build 10.44.1h, Apr 20, 2026 11:22:51 AM"},"hardware_info":"275c5aa2|06:A8:C0:D9:D5:E3"}}}
14:06:08.783 INFO  vert.x-eventloop-thread-0 BaseServiceProxy     : -> GET /v1/api/tickle,200|79ms
14:06:08.784 DEBUG vert.x-eventloop-thread-0 ClientPortalService  : tickle {"session":"a2a93ddeb352a7d9afd0acee2667e82f","ssoExpires":540204,"collission":false,"userId":50301190,"hmds":{"error":"no bridge"},"iserver":{"authStatus":{"authenticated":true,"established":true,"competing":false,"connected":true,"message":"","MAC":"06:A8:C0:D9:D5:E3","serverInfo":{"serverName":"JifS12101","serverVersion":"Build 10.44.1h, Apr 20, 2026 11:22:51 AM"},"hardware_info":"275c5aa2|06:A8:C0:D9:D5:E3"}}}
14:06:38.762 INFO  vert.x-eventloop-thread-0 BaseServiceProxy     : -> GET /v1/api/tickle,200|59ms
14:06:38.763 DEBUG vert.x-eventloop-thread-0 ClientPortalService  : tickle {"session":"a2a93ddeb352a7d9afd0acee2667e82f","ssoExpires":510226,"collission":false,"userId":50301190,"hmds":{"error":"no bridge"},"iserver":{"authStatus":{"authenticated":true,"established":true,"competing":false,"connected":true,"message":"","MAC":"06:A8:C0:D9:D5:E3","serverInfo":{"serverName":"JifS12101","serverVersion":"Build 10.44.1h, Apr 20, 2026 11:22:51 AM"},"hardware_info":"275c5aa2|06:A8:C0:D9:D5:E3"}}}
14:07:08.767 INFO  vert.x-eventloop-thread-0 BaseServiceProxy     : -> GET /v1/api/tickle,200|64ms
14:07:08.768 DEBUG vert.x-eventloop-thread-0 ClientPortalService  : tickle {"session":"a2a93ddeb352a7d9afd0acee2667e82f","ssoExpires":480224,"collission":false,"userId":50301190,"hmds":{"error":"no bridge"},"iserver":{"authStatus":{"authenticated":true,"established":true,"competing":false,"connected":true,"message":"","MAC":"06:A8:C0:D9:D5:E3","serverInfo":{"serverName":"JifS12101","serverVersion":"Build 10.44.1h, Apr 20, 2026 11:22:51 AM"},"hardware_info":"275c5aa2|06:A8:C0:D9:D5:E3"}}}
14:07:39.108 INFO  vert.x-eventloop-thread-0 BaseServiceProxy     : -> GET /v1/api/tickle,200|405ms
14:07:39.108 DEBUG vert.x-eventloop-thread-0 ClientPortalService  : tickle {"session":"a2a93ddeb352a7d9afd0acee2667e82f","ssoExpires":449955,"collission":false,"userId":50301190,"hmds":{"error":"no bridge"},"iserver":{"authStatus":{"authenticated":true,"established":true,"competing":false,"connected":true,"message":"","MAC":"06:A8:C0:D9:D5:E3","serverInfo":{"serverName":"JifS12101","serverVersion":"Build 10.44.1h, Apr 20, 2026 11:22:51 AM"},"hardware_info":"275c5aa2|06:A8:C0:D9:D5:E3"}}}
14:08:08.774 INFO  vert.x-eventloop-thread-0 BaseServiceProxy     : -> GET /v1/api/tickle,200|69ms
14:08:08.776 DEBUG vert.x-eventloop-thread-0 ClientPortalService  : tickle {"session":"a2a93ddeb352a7d9afd0acee2667e82f","ssoExpires":420212,"collission":false,"userId":50301190,"hmds":{"error":"no bridge"},"iserver":{"authStatus":{"authenticated":true,"established":true,"competing":false,"connected":true,"message":"","MAC":"06:A8:C0:D9:D5:E3","serverInfo":{"serverName":"JifS12101","serverVersion":"Build 10.44.1h, Apr 20, 2026 11:22:51 AM"},"hardware_info":"275c5aa2|06:A8:C0:D9:D5:E3"}}}
14:08:33.568 INFO  vert.x-eventloop-thread-0 BaseServiceProxy     : -> GET /sso/ping,200|290ms
14:08:33.570 INFO  vert.x-eventloop-thread-0 SsoService           : sso ping {"result": "true"}
14:08:38.765 INFO  vert.x-eventloop-thread-0 BaseServiceProxy     : -> GET /v1/api/tickle,200|61ms
14:08:38.766 DEBUG vert.x-eventloop-thread-0 ClientPortalService  : tickle {"session":"a2a93ddeb352a7d9afd0acee2667e82f","ssoExpires":390220,"collission":false,"userId":50301190,"hmds":{"error":"no bridge"},"iserver":{"authStatus":{"authenticated":true,"established":true,"competing":false,"connected":true,"message":"","MAC":"06:A8:C0:D9:D5:E3","serverInfo":{"serverName":"JifS12101","serverVersion":"Build 10.44.1h, Apr 20, 2026 11:22:51 AM"},"hardware_info":"275c5aa2|06:A8:C0:D9:D5:E3"}}}
14:09:08.764 INFO  vert.x-eventloop-thread-0 BaseServiceProxy     : -> GET /v1/api/tickle,200|60ms
14:09:08.765 DEBUG vert.x-eventloop-thread-0 ClientPortalService  : tickle {"session":"a2a93ddeb352a7d9afd0acee2667e82f","ssoExpires":360223,"collission":false,"userId":50301190,"hmds":{"error":"no bridge"},"iserver":{"authStatus":{"authenticated":true,"established":true,"competing":false,"connected":true,"message":"","MAC":"06:A8:C0:D9:D5:E3","serverInfo":{"serverName":"JifS12101","serverVersion":"Build 10.44.1h, Apr 20, 2026 11:22:51 AM"},"hardware_info":"275c5aa2|06:A8:C0:D9:D5:E3"}}}
14:09:38.773 INFO  vert.x-eventloop-thread-0 BaseServiceProxy     : -> GET /v1/api/tickle,200|69ms
14:09:38.775 DEBUG vert.x-eventloop-thread-0 ClientPortalService  : tickle {"session":"a2a93ddeb352a7d9afd0acee2667e82f","ssoExpires":330214,"collission":false,"userId":50301190,"hmds":{"error":"no bridge"},"iserver":{"authStatus":{"authenticated":true,"established":true,"competing":false,"connected":true,"message":"","MAC":"06:A8:C0:D9:D5:E3","serverInfo":{"serverName":"JifS12101","serverVersion":"Build 10.44.1h, Apr 20, 2026 11:22:51 AM"},"hardware_info":"275c5aa2|06:A8:C0:D9:D5:E3"}}}
14:10:09.020 INFO  vert.x-eventloop-thread-0 BaseServiceProxy     : -> GET /v1/api/tickle,200|316ms
14:10:09.021 DEBUG vert.x-eventloop-thread-0 ClientPortalService  : tickle {"session":"a2a93ddeb352a7d9afd0acee2667e82f","ssoExpires":299995,"collission":false,"userId":50301190,"hmds":{"error":"no bridge"},"iserver":{"authStatus":{"authenticated":true,"established":true,"competing":false,"connected":true,"message":"","MAC":"06:A8:C0:D9:D5:E3","serverInfo":{"serverName":"JifS12101","serverVersion":"Build 10.44.1h, Apr 20, 2026 11:22:51 AM"},"hardware_info":"275c5aa2|06:A8:C0:D9:D5:E3"}}}
14:10:38.759 INFO  vert.x-eventloop-thread-0 BaseServiceProxy     : -> GET /v1/api/tickle,200|55ms
14:10:38.760 DEBUG vert.x-eventloop-thread-0 ClientPortalService  : tickle {"session":"a2a93ddeb352a7d9afd0acee2667e82f","ssoExpires":270230,"collission":false,"userId":50301190,"hmds":{"error":"no bridge"},"iserver":{"authStatus":{"authenticated":true,"established":true,"competing":false,"connected":true,"message":"","MAC":"06:A8:C0:D9:D5:E3","serverInfo":{"serverName":"JifS12101","serverVersion":"Build 10.44.1h, Apr 20, 2026 11:22:51 AM"},"hardware_info":"275c5aa2|06:A8:C0:D9:D5:E3"}}}
14:11:08.777 INFO  vert.x-eventloop-thread-0 BaseServiceProxy     : -> GET /v1/api/tickle,200|71ms
14:11:08.779 DEBUG vert.x-eventloop-thread-0 ClientPortalService  : tickle {"session":"a2a93ddeb352a7d9afd0acee2667e82f","ssoExpires":240215,"collission":false,"userId":50301190,"hmds":{"error":"no bridge"},"iserver":{"authStatus":{"authenticated":true,"established":true,"competing":false,"connected":true,"message":"","MAC":"06:A8:C0:D9:D5:E3","serverInfo":{"serverName":"JifS12101","serverVersion":"Build 10.44.1h, Apr 20, 2026 11:22:51 AM"},"hardware_info":"275c5aa2|06:A8:C0:D9:D5:E3"}}}
14:11:38.760 INFO  vert.x-eventloop-thread-0 BaseServiceProxy     : -> GET /v1/api/tickle,200|55ms
14:11:38.762 DEBUG vert.x-eventloop-thread-0 ClientPortalService  : tickle {"session":"a2a93ddeb352a7d9afd0acee2667e82f","ssoExpires":210227,"collission":false,"userId":50301190,"hmds":{"error":"no bridge"},"iserver":{"authStatus":{"authenticated":true,"established":true,"competing":false,"connected":true,"message":"","MAC":"06:A8:C0:D9:D5:E3","serverInfo":{"serverName":"JifS12101","serverVersion":"Build 10.44.1h, Apr 20, 2026 11:22:51 AM"},"hardware_info":"275c5aa2|06:A8:C0:D9:D5:E3"}}}
14:12:08.758 INFO  vert.x-eventloop-thread-0 BaseServiceProxy     : -> GET /v1/api/tickle,200|54ms
14:12:08.759 DEBUG vert.x-eventloop-thread-0 ClientPortalService  : tickle {"session":"a2a93ddeb352a7d9afd0acee2667e82f","ssoExpires":180232,"collission":false,"userId":50301190,"hmds":{"error":"no bridge"},"iserver":{"authStatus":{"authenticated":true,"established":true,"competing":false,"connected":true,"message":"","MAC":"06:A8:C0:D9:D5:E3","serverInfo":{"serverName":"JifS12101","serverVersion":"Build 10.44.1h, Apr 20, 2026 11:22:51 AM"},"hardware_info":"275c5aa2|06:A8:C0:D9:D5:E3"}}}
14:12:38.779 INFO  vert.x-eventloop-thread-0 BaseServiceProxy     : -> GET /v1/api/tickle,200|74ms
14:12:38.780 DEBUG vert.x-eventloop-thread-0 ClientPortalService  : tickle {"session":"a2a93ddeb352a7d9afd0acee2667e82f","ssoExpires":150210,"collission":false,"userId":50301190,"hmds":{"error":"no bridge"},"iserver":{"authStatus":{"authenticated":true,"established":true,"competing":false,"connected":true,"message":"","MAC":"06:A8:C0:D9:D5:E3","serverInfo":{"serverName":"JifS12101","serverVersion":"Build 10.44.1h, Apr 20, 2026 11:22:51 AM"},"hardware_info":"275c5aa2|06:A8:C0:D9:D5:E3"}}}
14:13:08.769 INFO  vert.x-eventloop-thread-0 BaseServiceProxy     : -> GET /v1/api/tickle,200|64ms
14:13:08.771 DEBUG vert.x-eventloop-thread-0 ClientPortalService  : tickle {"session":"a2a93ddeb352a7d9afd0acee2667e82f","ssoExpires":120221,"collission":false,"userId":50301190,"hmds":{"error":"no bridge"},"iserver":{"authStatus":{"authenticated":true,"established":true,"competing":false,"connected":true,"message":"","MAC":"06:A8:C0:D9:D5:E3","serverInfo":{"serverName":"JifS12101","serverVersion":"Build 10.44.1h, Apr 20, 2026 11:22:51 AM"},"hardware_info":"275c5aa2|06:A8:C0:D9:D5:E3"}}}
14:13:33.547 INFO  vert.x-eventloop-thread-0 BaseServiceProxy     : -> GET /sso/ping,200|266ms
14:13:33.548 INFO  vert.x-eventloop-thread-0 SsoService           : sso ping {"result": "true"}
14:13:38.760 INFO  vert.x-eventloop-thread-0 BaseServiceProxy     : -> GET /v1/api/tickle,200|55ms
14:13:38.761 DEBUG vert.x-eventloop-thread-0 ClientPortalService  : tickle {"session":"a2a93ddeb352a7d9afd0acee2667e82f","ssoExpires":90232,"collission":false,"userId":50301190,"hmds":{"error":"no bridge"},"iserver":{"authStatus":{"authenticated":true,"established":true,"competing":false,"connected":true,"message":"","MAC":"06:A8:C0:D9:D5:E3","serverInfo":{"serverName":"JifS12101","serverVersion":"Build 10.44.1h, Apr 20, 2026 11:22:51 AM"},"hardware_info":"275c5aa2|06:A8:C0:D9:D5:E3"}}}
14:14:08.791 INFO  vert.x-eventloop-thread-0 BaseServiceProxy     : -> GET /v1/api/tickle,200|86ms
14:14:08.792 DEBUG vert.x-eventloop-thread-0 ClientPortalService  : tickle {"session":"a2a93ddeb352a7d9afd0acee2667e82f","ssoExpires":60199,"collission":false,"userId":50301190,"hmds":{"error":"no bridge"},"iserver":{"authStatus":{"authenticated":true,"established":true,"competing":false,"connected":true,"message":"","MAC":"06:A8:C0:D9:D5:E3","serverInfo":{"serverName":"JifS12101","serverVersion":"Build 10.44.1h, Apr 20, 2026 11:22:51 AM"},"hardware_info":"275c5aa2|06:A8:C0:D9:D5:E3"}}}
14:14:38.762 INFO  vert.x-eventloop-thread-0 BaseServiceProxy     : -> GET /v1/api/tickle,200|57ms
14:14:38.763 DEBUG vert.x-eventloop-thread-0 ClientPortalService  : tickle {"session":"a2a93ddeb352a7d9afd0acee2667e82f","ssoExpires":30230,"collission":false,"userId":50301190,"hmds":{"error":"no bridge"},"iserver":{"authStatus":{"authenticated":true,"established":true,"competing":false,"connected":true,"message":"","MAC":"06:A8:C0:D9:D5:E3","serverInfo":{"serverName":"JifS12101","serverVersion":"Build 10.44.1h, Apr 20, 2026 11:22:51 AM"},"hardware_info":"275c5aa2|06:A8:C0:D9:D5:E3"}}}
14:15:09.057 INFO  vert.x-eventloop-thread-0 BaseServiceProxy     : -> GET /v1/api/tickle,200|352ms
14:15:09.058 DEBUG vert.x-eventloop-thread-0 ClientPortalService  : tickle {"session":"a2a93ddeb352a7d9afd0acee2667e82f","ssoExpires":600000,"collission":false,"userId":50301190,"hmds":{"error":"no bridge"},"iserver":{"authStatus":{"authenticated":true,"established":true,"competing":false,"connected":true,"message":"","MAC":"06:A8:C0:D9:D5:E3","serverInfo":{"serverName":"JifS12101","serverVersion":"Build 10.44.1h, Apr 20, 2026 11:22:51 AM"},"hardware_info":"275c5aa2|06:A8:C0:D9:D5:E3"}}}
14:15:39.059 INFO  vert.x-eventloop-thread-0 BaseServiceProxy     : -> GET /v1/api/tickle,200|352ms
14:15:39.061 DEBUG vert.x-eventloop-thread-0 ClientPortalService  : tickle {"session":"a2a93ddeb352a7d9afd0acee2667e82f","ssoExpires":570029,"collission":false,"userId":50301190,"hmds":{"error":"no bridge"},"iserver":{"authStatus":{"authenticated":true,"established":true,"competing":false,"connected":true,"message":"","MAC":"06:A8:C0:D9:D5:E3","serverInfo":{"serverName":"JifS12101","serverVersion":"Build 10.44.1h, Apr 20, 2026 11:22:51 AM"},"hardware_info":"275c5aa2|06:A8:C0:D9:D5:E3"}}}
14:16:08.769 INFO  vert.x-eventloop-thread-0 BaseServiceProxy     : -> GET /v1/api/tickle,200|64ms
14:16:08.770 DEBUG vert.x-eventloop-thread-0 ClientPortalService  : tickle {"session":"a2a93ddeb352a7d9afd0acee2667e82f","ssoExpires":540261,"collission":false,"userId":50301190,"hmds":{"error":"no bridge"},"iserver":{"authStatus":{"authenticated":true,"established":true,"competing":false,"connected":true,"message":"","MAC":"06:A8:C0:D9:D5:E3","serverInfo":{"serverName":"JifS12101","serverVersion":"Build 10.44.1h, Apr 20, 2026 11:22:51 AM"},"hardware_info":"275c5aa2|06:A8:C0:D9:D5:E3"}}}
14:16:38.767 INFO  vert.x-eventloop-thread-0 BaseServiceProxy     : -> GET /v1/api/tickle,200|61ms
14:16:38.769 DEBUG vert.x-eventloop-thread-0 ClientPortalService  : tickle {"session":"a2a93ddeb352a7d9afd0acee2667e82f","ssoExpires":510262,"collission":false,"userId":50301190,"hmds":{"error":"no bridge"},"iserver":{"authStatus":{"authenticated":true,"established":true,"competing":false,"connected":true,"message":"","MAC":"06:A8:C0:D9:D5:E3","serverInfo":{"serverName":"JifS12101","serverVersion":"Build 10.44.1h, Apr 20, 2026 11:22:51 AM"},"hardware_info":"275c5aa2|06:A8:C0:D9:D5:E3"}}}
14:17:08.767 INFO  vert.x-eventloop-thread-0 BaseServiceProxy     : -> GET /v1/api/tickle,200|62ms
14:17:08.768 DEBUG vert.x-eventloop-thread-0 ClientPortalService  : tickle {"session":"a2a93ddeb352a7d9afd0acee2667e82f","ssoExpires":480263,"collission":false,"userId":50301190,"hmds":{"error":"no bridge"},"iserver":{"authStatus":{"authenticated":true,"established":true,"competing":false,"connected":true,"message":"","MAC":"06:A8:C0:D9:D5:E3","serverInfo":{"serverName":"JifS12101","serverVersion":"Build 10.44.1h, Apr 20, 2026 11:22:51 AM"},"hardware_info":"275c5aa2|06:A8:C0:D9:D5:E3"}}}
14:17:38.759 INFO  vert.x-eventloop-thread-0 BaseServiceProxy     : -> GET /v1/api/tickle,200|53ms
14:17:38.760 DEBUG vert.x-eventloop-thread-0 ClientPortalService  : tickle {"session":"a2a93ddeb352a7d9afd0acee2667e82f","ssoExpires":450273,"collission":false,"userId":50301190,"hmds":{"error":"no bridge"},"iserver":{"authStatus":{"authenticated":true,"established":true,"competing":false,"connected":true,"message":"","MAC":"06:A8:C0:D9:D5:E3","serverInfo":{"serverName":"JifS12101","serverVersion":"Build 10.44.1h, Apr 20, 2026 11:22:51 AM"},"hardware_info":"275c5aa2|06:A8:C0:D9:D5:E3"}}}
14:18:08.768 INFO  vert.x-eventloop-thread-0 BaseServiceProxy     : -> GET /v1/api/tickle,200|62ms
14:18:08.769 DEBUG vert.x-eventloop-thread-0 ClientPortalService  : tickle {"session":"a2a93ddeb352a7d9afd0acee2667e82f","ssoExpires":420264,"collission":false,"userId":50301190,"hmds":{"error":"no bridge"},"iserver":{"authStatus":{"authenticated":true,"established":true,"competing":false,"connected":true,"message":"","MAC":"06:A8:C0:D9:D5:E3","serverInfo":{"serverName":"JifS12101","serverVersion":"Build 10.44.1h, Apr 20, 2026 11:22:51 AM"},"hardware_info":"275c5aa2|06:A8:C0:D9:D5:E3"}}}
14:18:33.550 INFO  vert.x-eventloop-thread-0 BaseServiceProxy     : -> GET /sso/ping,200|269ms
14:18:33.552 INFO  vert.x-eventloop-thread-0 SsoService           : sso ping {"result": "true"}
14:18:38.840 INFO  vert.x-eventloop-thread-0 BaseServiceProxy     : -> GET /v1/api/tickle,200|134ms
14:18:38.841 DEBUG vert.x-eventloop-thread-0 ClientPortalService  : tickle {"session":"a2a93ddeb352a7d9afd0acee2667e82f","ssoExpires":390193,"collission":false,"userId":50301190,"hmds":{"error":"no bridge"},"iserver":{"authStatus":{"authenticated":true,"established":true,"competing":false,"connected":true,"message":"","MAC":"06:A8:C0:D9:D5:E3","serverInfo":{"serverName":"JifS12101","serverVersion":"Build 10.44.1h, Apr 20, 2026 11:22:51 AM"},"hardware_info":"275c5aa2|06:A8:C0:D9:D5:E3"}}}
14:19:08.773 INFO  vert.x-eventloop-thread-0 BaseServiceProxy     : -> GET /v1/api/tickle,200|66ms
14:19:08.775 DEBUG vert.x-eventloop-thread-0 ClientPortalService  : tickle {"session":"a2a93ddeb352a7d9afd0acee2667e82f","ssoExpires":360257,"collission":false,"userId":50301190,"hmds":{"error":"no bridge"},"iserver":{"authStatus":{"authenticated":true,"established":true,"competing":false,"connected":true,"message":"","MAC":"06:A8:C0:D9:D5:E3","serverInfo":{"serverName":"JifS12101","serverVersion":"Build 10.44.1h, Apr 20, 2026 11:22:51 AM"},"hardware_info":"275c5aa2|06:A8:C0:D9:D5:E3"}}}
14:19:38.773 INFO  vert.x-eventloop-thread-0 BaseServiceProxy     : -> GET /v1/api/tickle,200|66ms
14:19:38.775 DEBUG vert.x-eventloop-thread-0 ClientPortalService  : tickle {"session":"a2a93ddeb352a7d9afd0acee2667e82f","ssoExpires":330260,"collission":false,"userId":50301190,"hmds":{"error":"no bridge"},"iserver":{"authStatus":{"authenticated":true,"established":true,"competing":false,"connected":true,"message":"","MAC":"06:A8:C0:D9:D5:E3","serverInfo":{"serverName":"JifS12101","serverVersion":"Build 10.44.1h, Apr 20, 2026 11:22:51 AM"},"hardware_info":"275c5aa2|06:A8:C0:D9:D5:E3"}}}
14:20:08.776 INFO  vert.x-eventloop-thread-0 BaseServiceProxy     : -> GET /v1/api/tickle,200|70ms
14:20:08.778 DEBUG vert.x-eventloop-thread-0 ClientPortalService  : tickle {"session":"a2a93ddeb352a7d9afd0acee2667e82f","ssoExpires":300261,"collission":false,"userId":50301190,"hmds":{"error":"no bridge"},"iserver":{"authStatus":{"authenticated":true,"established":true,"competing":false,"connected":true,"message":"","MAC":"06:A8:C0:D9:D5:E3","serverInfo":{"serverName":"JifS12101","serverVersion":"Build 10.44.1h, Apr 20, 2026 11:22:51 AM"},"hardware_info":"275c5aa2|06:A8:C0:D9:D5:E3"}}}
14:20:38.794 INFO  vert.x-eventloop-thread-0 BaseServiceProxy     : -> GET /v1/api/tickle,200|75ms
14:20:38.795 DEBUG vert.x-eventloop-thread-0 ClientPortalService  : tickle {"session":"a2a93ddeb352a7d9afd0acee2667e82f","ssoExpires":270236,"collission":false,"userId":50301190,"hmds":{"error":"no bridge"},"iserver":{"authStatus":{"authenticated":true,"established":true,"competing":false,"connected":true,"message":"","MAC":"06:A8:C0:D9:D5:E3","serverInfo":{"serverName":"JifS12101","serverVersion":"Build 10.44.1h, Apr 20, 2026 11:22:51 AM"},"hardware_info":"275c5aa2|06:A8:C0:D9:D5:E3"}}}
14:21:08.771 INFO  vert.x-eventloop-thread-0 BaseServiceProxy     : -> GET /v1/api/tickle,200|63ms
14:21:08.773 DEBUG vert.x-eventloop-thread-0 ClientPortalService  : tickle {"session":"a2a93ddeb352a7d9afd0acee2667e82f","ssoExpires":240266,"collission":false,"userId":50301190,"hmds":{"error":"no bridge"},"iserver":{"authStatus":{"authenticated":true,"established":true,"competing":false,"connected":true,"message":"","MAC":"06:A8:C0:D9:D5:E3","serverInfo":{"serverName":"JifS12101","serverVersion":"Build 10.44.1h, Apr 20, 2026 11:22:51 AM"},"hardware_info":"275c5aa2|06:A8:C0:D9:D5:E3"}}}
14:21:38.787 INFO  vert.x-eventloop-thread-0 BaseServiceProxy     : -> GET /v1/api/tickle,200|80ms
14:21:38.788 DEBUG vert.x-eventloop-thread-0 ClientPortalService  : tickle {"session":"a2a93ddeb352a7d9afd0acee2667e82f","ssoExpires":210257,"collission":false,"userId":50301190,"hmds":{"error":"no bridge"},"iserver":{"authStatus":{"authenticated":true,"established":true,"competing":false,"connected":true,"message":"","MAC":"06:A8:C0:D9:D5:E3","serverInfo":{"serverName":"JifS12101","serverVersion":"Build 10.44.1h, Apr 20, 2026 11:22:51 AM"},"hardware_info":"275c5aa2|06:A8:C0:D9:D5:E3"}}}
14:22:08.781 INFO  vert.x-eventloop-thread-0 BaseServiceProxy     : -> GET /v1/api/tickle,200|72ms
14:22:08.784 DEBUG vert.x-eventloop-thread-0 ClientPortalService  : tickle {"session":"a2a93ddeb352a7d9afd0acee2667e82f","ssoExpires":180251,"collission":false,"userId":50301190,"hmds":{"error":"no bridge"},"iserver":{"authStatus":{"authenticated":true,"established":true,"competing":false,"connected":true,"message":"","MAC":"06:A8:C0:D9:D5:E3","serverInfo":{"serverName":"JifS12101","serverVersion":"Build 10.44.1h, Apr 20, 2026 11:22:51 AM"},"hardware_info":"275c5aa2|06:A8:C0:D9:D5:E3"}}}
14:22:39.109 INFO  vert.x-eventloop-thread-0 BaseServiceProxy     : -> GET /v1/api/tickle,200|402ms
14:22:39.111 DEBUG vert.x-eventloop-thread-0 ClientPortalService  : tickle {"session":"a2a93ddeb352a7d9afd0acee2667e82f","ssoExpires":150027,"collission":false,"userId":50301190,"hmds":{"error":"no bridge"},"iserver":{"authStatus":{"authenticated":true,"established":true,"competing":false,"connected":true,"message":"","MAC":"06:A8:C0:D9:D5:E3","serverInfo":{"serverName":"JifS12101","serverVersion":"Build 10.44.1h, Apr 20, 2026 11:22:51 AM"},"hardware_info":"275c5aa2|06:A8:C0:D9:D5:E3"}}}
14:23:08.780 INFO  vert.x-eventloop-thread-0 BaseServiceProxy     : -> GET /v1/api/tickle,200|69ms
14:23:08.783 DEBUG vert.x-eventloop-thread-0 ClientPortalService  : tickle {"session":"a2a93ddeb352a7d9afd0acee2667e82f","ssoExpires":120252,"collission":false,"userId":50301190,"hmds":{"error":"no bridge"},"iserver":{"authStatus":{"authenticated":true,"established":true,"competing":false,"connected":true,"message":"","MAC":"06:A8:C0:D9:D5:E3","serverInfo":{"serverName":"JifS12101","serverVersion":"Build 10.44.1h, Apr 20, 2026 11:22:51 AM"},"hardware_info":"275c5aa2|06:A8:C0:D9:D5:E3"}}}
14:23:33.788 INFO  vert.x-eventloop-thread-0 BaseServiceProxy     : -> GET /sso/ping,200|507ms
14:23:33.789 INFO  vert.x-eventloop-thread-0 SsoService           : sso ping {"result": "true"}
14:23:38.765 INFO  vert.x-eventloop-thread-0 BaseServiceProxy     : -> GET /v1/api/tickle,200|57ms
14:23:38.766 DEBUG vert.x-eventloop-thread-0 ClientPortalService  : tickle {"session":"a2a93ddeb352a7d9afd0acee2667e82f","ssoExpires":90266,"collission":false,"userId":50301190,"hmds":{"error":"no bridge"},"iserver":{"authStatus":{"authenticated":true,"established":true,"competing":false,"connected":true,"message":"","MAC":"06:A8:C0:D9:D5:E3","serverInfo":{"serverName":"JifS12101","serverVersion":"Build 10.44.1h, Apr 20, 2026 11:22:51 AM"},"hardware_info":"275c5aa2|06:A8:C0:D9:D5:E3"}}}
14:24:08.765 INFO  vert.x-eventloop-thread-0 BaseServiceProxy     : -> GET /v1/api/tickle,200|57ms
14:24:08.767 DEBUG vert.x-eventloop-thread-0 ClientPortalService  : tickle {"session":"a2a93ddeb352a7d9afd0acee2667e82f","ssoExpires":60267,"collission":false,"userId":50301190,"hmds":{"error":"no bridge"},"iserver":{"authStatus":{"authenticated":true,"established":true,"competing":false,"connected":true,"message":"","MAC":"06:A8:C0:D9:D5:E3","serverInfo":{"serverName":"JifS12101","serverVersion":"Build 10.44.1h, Apr 20, 2026 11:22:51 AM"},"hardware_info":"275c5aa2|06:A8:C0:D9:D5:E3"}}}
14:24:38.765 INFO  vert.x-eventloop-thread-0 BaseServiceProxy     : -> GET /v1/api/tickle,200|57ms
14:24:38.766 DEBUG vert.x-eventloop-thread-0 ClientPortalService  : tickle {"session":"a2a93ddeb352a7d9afd0acee2667e82f","ssoExpires":30267,"collission":false,"userId":50301190,"hmds":{"error":"no bridge"},"iserver":{"authStatus":{"authenticated":true,"established":true,"competing":false,"connected":true,"message":"","MAC":"06:A8:C0:D9:D5:E3","serverInfo":{"serverName":"JifS12101","serverVersion":"Build 10.44.1h, Apr 20, 2026 11:22:51 AM"},"hardware_info":"275c5aa2|06:A8:C0:D9:D5:E3"}}}
14:25:09.124 INFO  vert.x-eventloop-thread-0 BaseServiceProxy     : -> GET /v1/api/tickle,200|416ms
14:25:09.125 DEBUG vert.x-eventloop-thread-0 ClientPortalService  : tickle {"session":"a2a93ddeb352a7d9afd0acee2667e82f","ssoExpires":15,"collission":false,"userId":50301190,"hmds":{"error":"no bridge"},"iserver":{"authStatus":{"authenticated":true,"established":true,"competing":false,"connected":true,"message":"","MAC":"06:A8:C0:D9:D5:E3","serverInfo":{"serverName":"JifS12101","serverVersion":"Build 10.44.1h, Apr 20, 2026 11:22:51 AM"},"hardware_info":"275c5aa2|06:A8:C0:D9:D5:E3"}}}
14:25:39.129 INFO  vert.x-eventloop-thread-0 BaseServiceProxy     : -> GET /v1/api/tickle,200|420ms
14:25:39.132 DEBUG vert.x-eventloop-thread-0 ClientPortalService  : tickle {"session":"a2a93ddeb352a7d9afd0acee2667e82f","ssoExpires":600000,"collission":false,"userId":50301190,"hmds":{"error":"no bridge"},"iserver":{"authStatus":{"authenticated":true,"established":true,"competing":false,"connected":true,"message":"","MAC":"06:A8:C0:D9:D5:E3","serverInfo":{"serverName":"JifS12101","serverVersion":"Build 10.44.1h, Apr 20, 2026 11:22:51 AM"},"hardware_info":"275c5aa2|06:A8:C0:D9:D5:E3"}}}
14:26:08.765 INFO  vert.x-eventloop-thread-0 BaseServiceProxy     : -> GET /v1/api/tickle,200|57ms
14:26:08.765 DEBUG vert.x-eventloop-thread-0 ClientPortalService  : tickle {"session":"a2a93ddeb352a7d9afd0acee2667e82f","ssoExpires":570284,"collission":false,"userId":50301190,"hmds":{"error":"no bridge"},"iserver":{"authStatus":{"authenticated":true,"established":true,"competing":false,"connected":true,"message":"","MAC":"06:A8:C0:D9:D5:E3","serverInfo":{"serverName":"JifS12101","serverVersion":"Build 10.44.1h, Apr 20, 2026 11:22:51 AM"},"hardware_info":"275c5aa2|06:A8:C0:D9:D5:E3"}}}
14:26:38.768 INFO  vert.x-eventloop-thread-0 BaseServiceProxy     : -> GET /v1/api/tickle,200|60ms
14:26:38.770 DEBUG vert.x-eventloop-thread-0 ClientPortalService  : tickle {"session":"a2a93ddeb352a7d9afd0acee2667e82f","ssoExpires":540280,"collission":false,"userId":50301190,"hmds":{"error":"no bridge"},"iserver":{"authStatus":{"authenticated":true,"established":true,"competing":false,"connected":true,"message":"","MAC":"06:A8:C0:D9:D5:E3","serverInfo":{"serverName":"JifS12101","serverVersion":"Build 10.44.1h, Apr 20, 2026 11:22:51 AM"},"hardware_info":"275c5aa2|06:A8:C0:D9:D5:E3"}}}
14:27:08.764 INFO  vert.x-eventloop-thread-0 BaseServiceProxy     : -> GET /v1/api/tickle,200|55ms
14:27:08.766 DEBUG vert.x-eventloop-thread-0 ClientPortalService  : tickle {"session":"a2a93ddeb352a7d9afd0acee2667e82f","ssoExpires":510285,"collission":false,"userId":50301190,"hmds":{"error":"no bridge"},"iserver":{"authStatus":{"authenticated":true,"established":true,"competing":false,"connected":true,"message":"","MAC":"06:A8:C0:D9:D5:E3","serverInfo":{"serverName":"JifS12101","serverVersion":"Build 10.44.1h, Apr 20, 2026 11:22:51 AM"},"hardware_info":"275c5aa2|06:A8:C0:D9:D5:E3"}}}
14:27:38.765 INFO  vert.x-eventloop-thread-0 BaseServiceProxy     : -> GET /v1/api/tickle,200|57ms
14:27:38.765 DEBUG vert.x-eventloop-thread-0 ClientPortalService  : tickle {"session":"a2a93ddeb352a7d9afd0acee2667e82f","ssoExpires":480284,"collission":false,"userId":50301190,"hmds":{"error":"no bridge"},"iserver":{"authStatus":{"authenticated":true,"established":true,"competing":false,"connected":true,"message":"","MAC":"06:A8:C0:D9:D5:E3","serverInfo":{"serverName":"JifS12101","serverVersion":"Build 10.44.1h, Apr 20, 2026 11:22:51 AM"},"hardware_info":"275c5aa2|06:A8:C0:D9:D5:E3"}}}
14:28:08.767 INFO  vert.x-eventloop-thread-0 BaseServiceProxy     : -> GET /v1/api/tickle,200|58ms
14:28:08.768 DEBUG vert.x-eventloop-thread-0 ClientPortalService  : tickle {"session":"a2a93ddeb352a7d9afd0acee2667e82f","ssoExpires":450284,"collission":false,"userId":50301190,"hmds":{"error":"no bridge"},"iserver":{"authStatus":{"authenticated":true,"established":true,"competing":false,"connected":true,"message":"","MAC":"06:A8:C0:D9:D5:E3","serverInfo":{"serverName":"JifS12101","serverVersion":"Build 10.44.1h, Apr 20, 2026 11:22:51 AM"},"hardware_info":"275c5aa2|06:A8:C0:D9:D5:E3"}}}
14:28:34.060 INFO  vert.x-eventloop-thread-0 BaseServiceProxy     : -> GET /sso/ping,200|777ms
14:28:34.062 INFO  vert.x-eventloop-thread-0 SsoService           : sso ping {"result": "true"}
14:28:38.761 INFO  vert.x-eventloop-thread-0 BaseServiceProxy     : -> GET /v1/api/tickle,200|53ms
14:28:38.762 DEBUG vert.x-eventloop-thread-0 ClientPortalService  : tickle {"session":"a2a93ddeb352a7d9afd0acee2667e82f","ssoExpires":420288,"collission":false,"userId":50301190,"hmds":{"error":"no bridge"},"iserver":{"authStatus":{"authenticated":true,"established":true,"competing":false,"connected":true,"message":"","MAC":"06:A8:C0:D9:D5:E3","serverInfo":{"serverName":"JifS12101","serverVersion":"Build 10.44.1h, Apr 20, 2026 11:22:51 AM"},"hardware_info":"275c5aa2|06:A8:C0:D9:D5:E3"}}}
14:29:08.786 INFO  vert.x-eventloop-thread-0 BaseServiceProxy     : -> GET /v1/api/tickle,200|76ms
14:29:08.788 DEBUG vert.x-eventloop-thread-0 ClientPortalService  : tickle {"session":"a2a93ddeb352a7d9afd0acee2667e82f","ssoExpires":390274,"collission":false,"userId":50301190,"hmds":{"error":"no bridge"},"iserver":{"authStatus":{"authenticated":true,"established":true,"competing":false,"connected":true,"message":"","MAC":"06:A8:C0:D9:D5:E3","serverInfo":{"serverName":"JifS12101","serverVersion":"Build 10.44.1h, Apr 20, 2026 11:22:51 AM"},"hardware_info":"275c5aa2|06:A8:C0:D9:D5:E3"}}}
14:29:39.051 INFO  vert.x-eventloop-thread-0 BaseServiceProxy     : -> GET /v1/api/tickle,200|342ms
14:29:39.052 DEBUG vert.x-eventloop-thread-0 ClientPortalService  : tickle {"session":"a2a93ddeb352a7d9afd0acee2667e82f","ssoExpires":360047,"collission":false,"userId":50301190,"hmds":{"error":"no bridge"},"iserver":{"authStatus":{"authenticated":true,"established":true,"competing":false,"connected":true,"message":"","MAC":"06:A8:C0:D9:D5:E3","serverInfo":{"serverName":"JifS12101","serverVersion":"Build 10.44.1h, Apr 20, 2026 11:22:51 AM"},"hardware_info":"275c5aa2|06:A8:C0:D9:D5:E3"}}}
14:30:08.772 INFO  vert.x-eventloop-thread-0 BaseServiceProxy     : -> GET /v1/api/tickle,200|63ms
14:30:08.774 DEBUG vert.x-eventloop-thread-0 ClientPortalService  : tickle {"session":"a2a93ddeb352a7d9afd0acee2667e82f","ssoExpires":330280,"collission":false,"userId":50301190,"hmds":{"error":"no bridge"},"iserver":{"authStatus":{"authenticated":true,"established":true,"competing":false,"connected":true,"message":"","MAC":"06:A8:C0:D9:D5:E3","serverInfo":{"serverName":"JifS12101","serverVersion":"Build 10.44.1h, Apr 20, 2026 11:22:51 AM"},"hardware_info":"275c5aa2|06:A8:C0:D9:D5:E3"}}}
14:30:38.772 INFO  vert.x-eventloop-thread-0 BaseServiceProxy     : -> GET /v1/api/tickle,200|62ms
14:30:38.774 DEBUG vert.x-eventloop-thread-0 ClientPortalService  : tickle {"session":"a2a93ddeb352a7d9afd0acee2667e82f","ssoExpires":300278,"collission":false,"userId":50301190,"hmds":{"error":"no bridge"},"iserver":{"authStatus":{"authenticated":true,"established":true,"competing":false,"connected":true,"message":"","MAC":"06:A8:C0:D9:D5:E3","serverInfo":{"serverName":"JifS12101","serverVersion":"Build 10.44.1h, Apr 20, 2026 11:22:51 AM"},"hardware_info":"275c5aa2|06:A8:C0:D9:D5:E3"}}}
14:31:09.026 INFO  vert.x-eventloop-thread-0 BaseServiceProxy     : -> GET /v1/api/tickle,200|317ms
14:31:09.027 DEBUG vert.x-eventloop-thread-0 ClientPortalService  : tickle {"session":"a2a93ddeb352a7d9afd0acee2667e82f","ssoExpires":270047,"collission":false,"userId":50301190,"hmds":{"error":"no bridge"},"iserver":{"authStatus":{"authenticated":true,"established":true,"competing":false,"connected":true,"message":"","MAC":"06:A8:C0:D9:D5:E3","serverInfo":{"serverName":"JifS12101","serverVersion":"Build 10.44.1h, Apr 20, 2026 11:22:51 AM"},"hardware_info":"275c5aa2|06:A8:C0:D9:D5:E3"}}}
14:31:39.008 INFO  vert.x-eventloop-thread-0 BaseServiceProxy     : -> GET /v1/api/tickle,200|298ms
14:31:39.009 DEBUG vert.x-eventloop-thread-0 ClientPortalService  : tickle {"session":"a2a93ddeb352a7d9afd0acee2667e82f","ssoExpires":240050,"collission":false,"userId":50301190,"hmds":{"error":"no bridge"},"iserver":{"authStatus":{"authenticated":true,"established":true,"competing":false,"connected":true,"message":"","MAC":"06:A8:C0:D9:D5:E3","serverInfo":{"serverName":"JifS12101","serverVersion":"Build 10.44.1h, Apr 20, 2026 11:22:51 AM"},"hardware_info":"275c5aa2|06:A8:C0:D9:D5:E3"}}}
14:32:08.775 INFO  vert.x-eventloop-thread-0 BaseServiceProxy     : -> GET /v1/api/tickle,200|62ms
14:32:08.776 DEBUG vert.x-eventloop-thread-0 ClientPortalService  : tickle {"session":"a2a93ddeb352a7d9afd0acee2667e82f","ssoExpires":210279,"collission":false,"userId":50301190,"hmds":{"error":"no bridge"},"iserver":{"authStatus":{"authenticated":true,"established":true,"competing":false,"connected":true,"message":"","MAC":"06:A8:C0:D9:D5:E3","serverInfo":{"serverName":"JifS12101","serverVersion":"Build 10.44.1h, Apr 20, 2026 11:22:51 AM"},"hardware_info":"275c5aa2|06:A8:C0:D9:D5:E3"}}}
14:32:38.946 INFO  vert.x-eventloop-thread-0 BaseServiceProxy     : -> GET /v1/api/tickle,200|229ms
14:32:38.948 DEBUG vert.x-eventloop-thread-0 ClientPortalService  : tickle {"session":"a2a93ddeb352a7d9afd0acee2667e82f","ssoExpires":180114,"collission":false,"userId":50301190,"hmds":{"error":"no bridge"},"iserver":{"authStatus":{"authenticated":true,"established":true,"competing":false,"connected":true,"message":"","MAC":"06:A8:C0:D9:D5:E3","serverInfo":{"serverName":"JifS12101","serverVersion":"Build 10.44.1h, Apr 20, 2026 11:22:51 AM"},"hardware_info":"275c5aa2|06:A8:C0:D9:D5:E3"}}}
14:33:08.770 INFO  vert.x-eventloop-thread-0 BaseServiceProxy     : -> GET /v1/api/tickle,200|53ms
14:33:08.771 DEBUG vert.x-eventloop-thread-0 ClientPortalService  : tickle {"session":"a2a93ddeb352a7d9afd0acee2667e82f","ssoExpires":150288,"collission":false,"userId":50301190,"hmds":{"error":"no bridge"},"iserver":{"authStatus":{"authenticated":true,"established":true,"competing":false,"connected":true,"message":"","MAC":"06:A8:C0:D9:D5:E3","serverInfo":{"serverName":"JifS12101","serverVersion":"Build 10.44.1h, Apr 20, 2026 11:22:51 AM"},"hardware_info":"275c5aa2|06:A8:C0:D9:D5:E3"}}}
14:33:33.866 INFO  vert.x-eventloop-thread-0 BaseServiceProxy     : -> GET /sso/ping,200|575ms
14:33:33.867 INFO  vert.x-eventloop-thread-0 SsoService           : sso ping {"result": "true"}
14:33:38.769 INFO  vert.x-eventloop-thread-0 BaseServiceProxy     : -> GET /v1/api/tickle,200|51ms
14:33:38.770 DEBUG vert.x-eventloop-thread-0 ClientPortalService  : tickle {"session":"a2a93ddeb352a7d9afd0acee2667e82f","ssoExpires":120292,"collission":false,"userId":50301190,"hmds":{"error":"no bridge"},"iserver":{"authStatus":{"authenticated":true,"established":true,"competing":false,"connected":true,"message":"","MAC":"06:A8:C0:D9:D5:E3","serverInfo":{"serverName":"JifS12101","serverVersion":"Build 10.44.1h, Apr 20, 2026 11:22:51 AM"},"hardware_info":"275c5aa2|06:A8:C0:D9:D5:E3"}}}
14:34:08.779 INFO  vert.x-eventloop-thread-0 BaseServiceProxy     : -> GET /v1/api/tickle,200|61ms
14:34:08.790 DEBUG vert.x-eventloop-thread-0 ClientPortalService  : tickle {"session":"a2a93ddeb352a7d9afd0acee2667e82f","ssoExpires":90280,"collission":false,"userId":50301190,"hmds":{"error":"no bridge"},"iserver":{"authStatus":{"authenticated":true,"established":true,"competing":false,"connected":true,"message":"","MAC":"06:A8:C0:D9:D5:E3","serverInfo":{"serverName":"JifS12101","serverVersion":"Build 10.44.1h, Apr 20, 2026 11:22:51 AM"},"hardware_info":"275c5aa2|06:A8:C0:D9:D5:E3"}}}
14:34:38.776 INFO  vert.x-eventloop-thread-0 BaseServiceProxy     : -> GET /v1/api/tickle,200|58ms
14:34:38.778 DEBUG vert.x-eventloop-thread-0 ClientPortalService  : tickle {"session":"a2a93ddeb352a7d9afd0acee2667e82f","ssoExpires":60282,"collission":false,"userId":50301190,"hmds":{"error":"no bridge"},"iserver":{"authStatus":{"authenticated":true,"established":true,"competing":false,"connected":true,"message":"","MAC":"06:A8:C0:D9:D5:E3","serverInfo":{"serverName":"JifS12101","serverVersion":"Build 10.44.1h, Apr 20, 2026 11:22:51 AM"},"hardware_info":"275c5aa2|06:A8:C0:D9:D5:E3"}}}
14:35:08.799 INFO  vert.x-eventloop-thread-0 BaseServiceProxy     : -> GET /v1/api/tickle,200|81ms
14:35:08.801 DEBUG vert.x-eventloop-thread-0 ClientPortalService  : tickle {"session":"a2a93ddeb352a7d9afd0acee2667e82f","ssoExpires":30263,"collission":false,"userId":50301190,"hmds":{"error":"no bridge"},"iserver":{"authStatus":{"authenticated":true,"established":true,"competing":false,"connected":true,"message":"","MAC":"06:A8:C0:D9:D5:E3","serverInfo":{"serverName":"JifS12101","serverVersion":"Build 10.44.1h, Apr 20, 2026 11:22:51 AM"},"hardware_info":"275c5aa2|06:A8:C0:D9:D5:E3"}}}
14:35:39.103 INFO  vert.x-eventloop-thread-0 BaseServiceProxy     : -> GET /v1/api/tickle,200|385ms
14:35:39.105 DEBUG vert.x-eventloop-thread-0 ClientPortalService  : tickle {"session":"a2a93ddeb352a7d9afd0acee2667e82f","ssoExpires":38,"collission":false,"userId":50301190,"hmds":{"error":"no bridge"},"iserver":{"authStatus":{"authenticated":true,"established":true,"competing":false,"connected":true,"message":"","MAC":"06:A8:C0:D9:D5:E3","serverInfo":{"serverName":"JifS12101","serverVersion":"Build 10.44.1h, Apr 20, 2026 11:22:51 AM"},"hardware_info":"275c5aa2|06:A8:C0:D9:D5:E3"}}}
14:36:09.350 INFO  vert.x-eventloop-thread-0 BaseServiceProxy     : -> GET /v1/api/tickle,200|632ms
14:36:09.351 DEBUG vert.x-eventloop-thread-0 ClientPortalService  : tickle {"session":"a2a93ddeb352a7d9afd0acee2667e82f","ssoExpires":600000,"collission":false,"userId":50301190,"hmds":{"error":"no bridge"},"iserver":{"authStatus":{"authenticated":true,"established":true,"competing":false,"connected":true,"message":"","MAC":"06:A8:C0:D9:D5:E3","serverInfo":{"serverName":"JifS12101","serverVersion":"Build 10.44.1h, Apr 20, 2026 11:22:51 AM"},"hardware_info":"275c5aa2|06:A8:C0:D9:D5:E3"}}}
14:36:38.799 INFO  vert.x-eventloop-thread-0 BaseServiceProxy     : -> GET /v1/api/tickle,200|80ms
14:36:38.800 DEBUG vert.x-eventloop-thread-0 ClientPortalService  : tickle {"session":"a2a93ddeb352a7d9afd0acee2667e82f","ssoExpires":570561,"collission":false,"userId":50301190,"hmds":{"error":"no bridge"},"iserver":{"authStatus":{"authenticated":true,"established":true,"competing":false,"connected":true,"message":"","MAC":"06:A8:C0:D9:D5:E3","serverInfo":{"serverName":"JifS12101","serverVersion":"Build 10.44.1h, Apr 20, 2026 11:22:51 AM"},"hardware_info":"275c5aa2|06:A8:C0:D9:D5:E3"}}}
14:37:08.775 INFO  vert.x-eventloop-thread-0 BaseServiceProxy     : -> GET /v1/api/tickle,200|57ms
14:37:08.776 DEBUG vert.x-eventloop-thread-0 ClientPortalService  : tickle {"session":"a2a93ddeb352a7d9afd0acee2667e82f","ssoExpires":540573,"collission":false,"userId":50301190,"hmds":{"error":"no bridge"},"iserver":{"authStatus":{"authenticated":true,"established":true,"competing":false,"connected":true,"message":"","MAC":"06:A8:C0:D9:D5:E3","serverInfo":{"serverName":"JifS12101","serverVersion":"Build 10.44.1h, Apr 20, 2026 11:22:51 AM"},"hardware_info":"275c5aa2|06:A8:C0:D9:D5:E3"}}}
14:37:39.116 INFO  vert.x-eventloop-thread-0 BaseServiceProxy     : -> GET /v1/api/tickle,200|398ms
14:37:39.117 DEBUG vert.x-eventloop-thread-0 ClientPortalService  : tickle {"session":"a2a93ddeb352a7d9afd0acee2667e82f","ssoExpires":510321,"collission":false,"userId":50301190,"hmds":{"error":"no bridge"},"iserver":{"authStatus":{"authenticated":true,"established":true,"competing":false,"connected":true,"message":"","MAC":"06:A8:C0:D9:D5:E3","serverInfo":{"serverName":"JifS12101","serverVersion":"Build 10.44.1h, Apr 20, 2026 11:22:51 AM"},"hardware_info":"275c5aa2|06:A8:C0:D9:D5:E3"}}}
14:38:08.780 INFO  vert.x-eventloop-thread-0 BaseServiceProxy     : -> GET /v1/api/tickle,200|61ms
14:38:08.782 DEBUG vert.x-eventloop-thread-0 ClientPortalService  : tickle {"session":"a2a93ddeb352a7d9afd0acee2667e82f","ssoExpires":480568,"collission":false,"userId":50301190,"hmds":{"error":"no bridge"},"iserver":{"authStatus":{"authenticated":true,"established":true,"competing":false,"connected":true,"message":"","MAC":"06:A8:C0:D9:D5:E3","serverInfo":{"serverName":"JifS12101","serverVersion":"Build 10.44.1h, Apr 20, 2026 11:22:51 AM"},"hardware_info":"275c5aa2|06:A8:C0:D9:D5:E3"}}}
14:38:33.800 INFO  vert.x-eventloop-thread-0 BaseServiceProxy     : -> GET /sso/ping,200|507ms
14:38:33.801 INFO  vert.x-eventloop-thread-0 SsoService           : sso ping {"result": "true"}
14:38:38.778 INFO  vert.x-eventloop-thread-0 BaseServiceProxy     : -> GET /v1/api/tickle,200|59ms
14:38:38.778 DEBUG vert.x-eventloop-thread-0 ClientPortalService  : tickle {"session":"a2a93ddeb352a7d9afd0acee2667e82f","ssoExpires":450571,"collission":false,"userId":50301190,"hmds":{"error":"no bridge"},"iserver":{"authStatus":{"authenticated":true,"established":true,"competing":false,"connected":true,"message":"","MAC":"06:A8:C0:D9:D5:E3","serverInfo":{"serverName":"JifS12101","serverVersion":"Build 10.44.1h, Apr 20, 2026 11:22:51 AM"},"hardware_info":"275c5aa2|06:A8:C0:D9:D5:E3"}}}
14:39:08.776 INFO  vert.x-eventloop-thread-0 BaseServiceProxy     : -> GET /v1/api/tickle,200|57ms
14:39:08.777 DEBUG vert.x-eventloop-thread-0 ClientPortalService  : tickle {"session":"a2a93ddeb352a7d9afd0acee2667e82f","ssoExpires":420572,"collission":false,"userId":50301190,"hmds":{"error":"no bridge"},"iserver":{"authStatus":{"authenticated":true,"established":true,"competing":false,"connected":true,"message":"","MAC":"06:A8:C0:D9:D5:E3","serverInfo":{"serverName":"JifS12101","serverVersion":"Build 10.44.1h, Apr 20, 2026 11:22:51 AM"},"hardware_info":"275c5aa2|06:A8:C0:D9:D5:E3"}}}
14:39:38.782 INFO  vert.x-eventloop-thread-0 BaseServiceProxy     : -> GET /v1/api/tickle,200|63ms
14:39:38.783 DEBUG vert.x-eventloop-thread-0 ClientPortalService  : tickle {"session":"a2a93ddeb352a7d9afd0acee2667e82f","ssoExpires":390579,"collission":false,"userId":50301190,"hmds":{"error":"no bridge"},"iserver":{"authStatus":{"authenticated":true,"established":true,"competing":false,"connected":true,"message":"","MAC":"06:A8:C0:D9:D5:E3","serverInfo":{"serverName":"JifS12101","serverVersion":"Build 10.44.1h, Apr 20, 2026 11:22:51 AM"},"hardware_info":"275c5aa2|06:A8:C0:D9:D5:E3"}}}
14:40:09.029 INFO  vert.x-eventloop-thread-0 BaseServiceProxy     : -> GET /v1/api/tickle,200|310ms
14:40:09.029 DEBUG vert.x-eventloop-thread-0 ClientPortalService  : tickle {"session":"a2a93ddeb352a7d9afd0acee2667e82f","ssoExpires":360334,"collission":false,"userId":50301190,"hmds":{"error":"no bridge"},"iserver":{"authStatus":{"authenticated":true,"established":true,"competing":false,"connected":true,"message":"","MAC":"06:A8:C0:D9:D5:E3","serverInfo":{"serverName":"JifS12101","serverVersion":"Build 10.44.1h, Apr 20, 2026 11:22:51 AM"},"hardware_info":"275c5aa2|06:A8:C0:D9:D5:E3"}}}
14:40:38.777 INFO  vert.x-eventloop-thread-0 BaseServiceProxy     : -> GET /v1/api/tickle,200|57ms
14:40:38.779 DEBUG vert.x-eventloop-thread-0 ClientPortalService  : tickle {"session":"a2a93ddeb352a7d9afd0acee2667e82f","ssoExpires":330573,"collission":false,"userId":50301190,"hmds":{"error":"no bridge"},"iserver":{"authStatus":{"authenticated":true,"established":true,"competing":false,"connected":true,"message":"","MAC":"06:A8:C0:D9:D5:E3","serverInfo":{"serverName":"JifS12101","serverVersion":"Build 10.44.1h, Apr 20, 2026 11:22:51 AM"},"hardware_info":"275c5aa2|06:A8:C0:D9:D5:E3"}}}
14:41:08.779 INFO  vert.x-eventloop-thread-0 BaseServiceProxy     : -> GET /v1/api/tickle,200|60ms
14:41:08.780 DEBUG vert.x-eventloop-thread-0 ClientPortalService  : tickle {"session":"a2a93ddeb352a7d9afd0acee2667e82f","ssoExpires":300570,"collission":false,"userId":50301190,"hmds":{"error":"no bridge"},"iserver":{"authStatus":{"authenticated":true,"established":true,"competing":false,"connected":true,"message":"","MAC":"06:A8:C0:D9:D5:E3","serverInfo":{"serverName":"JifS12101","serverVersion":"Build 10.44.1h, Apr 20, 2026 11:22:51 AM"},"hardware_info":"275c5aa2|06:A8:C0:D9:D5:E3"}}}
14:41:38.786 INFO  vert.x-eventloop-thread-0 BaseServiceProxy     : -> GET /v1/api/tickle,200|66ms
14:41:38.787 DEBUG vert.x-eventloop-thread-0 ClientPortalService  : tickle {"session":"a2a93ddeb352a7d9afd0acee2667e82f","ssoExpires":270572,"collission":false,"userId":50301190,"hmds":{"error":"no bridge"},"iserver":{"authStatus":{"authenticated":true,"established":true,"competing":false,"connected":true,"message":"","MAC":"06:A8:C0:D9:D5:E3","serverInfo":{"serverName":"JifS12101","serverVersion":"Build 10.44.1h, Apr 20, 2026 11:22:51 AM"},"hardware_info":"275c5aa2|06:A8:C0:D9:D5:E3"}}}
14:42:08.806 INFO  vert.x-eventloop-thread-0 BaseServiceProxy     : -> GET /v1/api/tickle,200|85ms
14:42:08.807 DEBUG vert.x-eventloop-thread-0 ClientPortalService  : tickle {"session":"a2a93ddeb352a7d9afd0acee2667e82f","ssoExpires":240565,"collission":false,"userId":50301190,"hmds":{"error":"no bridge"},"iserver":{"authStatus":{"authenticated":true,"established":true,"competing":false,"connected":true,"message":"","MAC":"06:A8:C0:D9:D5:E3","serverInfo":{"serverName":"JifS12101","serverVersion":"Build 10.44.1h, Apr 20, 2026 11:22:51 AM"},"hardware_info":"275c5aa2|06:A8:C0:D9:D5:E3"}}}
14:42:39.050 INFO  vert.x-eventloop-thread-0 BaseServiceProxy     : -> GET /v1/api/tickle,200|330ms
14:42:39.051 DEBUG vert.x-eventloop-thread-0 ClientPortalService  : tickle {"session":"a2a93ddeb352a7d9afd0acee2667e82f","ssoExpires":210405,"collission":false,"userId":50301190,"hmds":{"error":"no bridge"},"iserver":{"authStatus":{"authenticated":true,"established":true,"competing":false,"connected":true,"message":"","MAC":"06:A8:C0:D9:D5:E3","serverInfo":{"serverName":"JifS12101","serverVersion":"Build 10.44.1h, Apr 20, 2026 11:22:51 AM"},"hardware_info":"275c5aa2|06:A8:C0:D9:D5:E3"}}}
14:43:09.053 INFO  vert.x-eventloop-thread-0 BaseServiceProxy     : -> GET /v1/api/tickle,200|332ms
14:43:09.056 DEBUG vert.x-eventloop-thread-0 ClientPortalService  : tickle {"session":"a2a93ddeb352a7d9afd0acee2667e82f","ssoExpires":180336,"collission":false,"userId":50301190,"hmds":{"error":"no bridge"},"iserver":{"authStatus":{"authenticated":true,"established":true,"competing":false,"connected":true,"message":"","MAC":"06:A8:C0:D9:D5:E3","serverInfo":{"serverName":"JifS12101","serverVersion":"Build 10.44.1h, Apr 20, 2026 11:22:51 AM"},"hardware_info":"275c5aa2|06:A8:C0:D9:D5:E3"}}}
14:43:33.832 INFO  vert.x-eventloop-thread-0 BaseServiceProxy     : -> GET /sso/ping,200|538ms
14:43:33.833 INFO  vert.x-eventloop-thread-0 SsoService           : sso ping {"result": "true"}
14:43:38.772 INFO  vert.x-eventloop-thread-0 BaseServiceProxy     : -> GET /v1/api/tickle,200|52ms
14:43:38.773 DEBUG vert.x-eventloop-thread-0 ClientPortalService  : tickle {"session":"a2a93ddeb352a7d9afd0acee2667e82f","ssoExpires":150580,"collission":false,"userId":50301190,"hmds":{"error":"no bridge"},"iserver":{"authStatus":{"authenticated":true,"established":true,"competing":false,"connected":true,"message":"","MAC":"06:A8:C0:D9:D5:E3","serverInfo":{"serverName":"JifS12101","serverVersion":"Build 10.44.1h, Apr 20, 2026 11:22:51 AM"},"hardware_info":"275c5aa2|06:A8:C0:D9:D5:E3"}}}
14:44:08.809 INFO  vert.x-eventloop-thread-0 BaseServiceProxy     : -> GET /v1/api/tickle,200|88ms
14:44:08.812 DEBUG vert.x-eventloop-thread-0 ClientPortalService  : tickle {"session":"a2a93ddeb352a7d9afd0acee2667e82f","ssoExpires":120551,"collission":false,"userId":50301190,"hmds":{"error":"no bridge"},"iserver":{"authStatus":{"authenticated":true,"established":true,"competing":false,"connected":true,"message":"","MAC":"06:A8:C0:D9:D5:E3","serverInfo":{"serverName":"JifS12101","serverVersion":"Build 10.44.1h, Apr 20, 2026 11:22:51 AM"},"hardware_info":"275c5aa2|06:A8:C0:D9:D5:E3"}}}
14:44:39.064 INFO  vert.x-eventloop-thread-0 BaseServiceProxy     : -> GET /v1/api/tickle,200|343ms
14:44:39.066 DEBUG vert.x-eventloop-thread-0 ClientPortalService  : tickle {"session":"a2a93ddeb352a7d9afd0acee2667e82f","ssoExpires":90340,"collission":false,"userId":50301190,"hmds":{"error":"no bridge"},"iserver":{"authStatus":{"authenticated":true,"established":true,"competing":false,"connected":true,"message":"","MAC":"06:A8:C0:D9:D5:E3","serverInfo":{"serverName":"JifS12101","serverVersion":"Build 10.44.1h, Apr 20, 2026 11:22:51 AM"},"hardware_info":"275c5aa2|06:A8:C0:D9:D5:E3"}}}
14:45:08.780 INFO  vert.x-eventloop-thread-0 BaseServiceProxy     : -> GET /v1/api/tickle,200|58ms
14:45:08.782 DEBUG vert.x-eventloop-thread-0 ClientPortalService  : tickle {"session":"a2a93ddeb352a7d9afd0acee2667e82f","ssoExpires":60570,"collission":false,"userId":50301190,"hmds":{"error":"no bridge"},"iserver":{"authStatus":{"authenticated":true,"established":true,"competing":false,"connected":true,"message":"","MAC":"06:A8:C0:D9:D5:E3","serverInfo":{"serverName":"JifS12101","serverVersion":"Build 10.44.1h, Apr 20, 2026 11:22:51 AM"},"hardware_info":"275c5aa2|06:A8:C0:D9:D5:E3"}}}
14:45:38.807 INFO  vert.x-eventloop-thread-0 BaseServiceProxy     : -> GET /v1/api/tickle,200|86ms
14:45:38.808 DEBUG vert.x-eventloop-thread-0 ClientPortalService  : tickle {"session":"a2a93ddeb352a7d9afd0acee2667e82f","ssoExpires":30544,"collission":false,"userId":50301190,"hmds":{"error":"no bridge"},"iserver":{"authStatus":{"authenticated":true,"established":true,"competing":false,"connected":true,"message":"","MAC":"06:A8:C0:D9:D5:E3","serverInfo":{"serverName":"JifS12101","serverVersion":"Build 10.44.1h, Apr 20, 2026 11:22:51 AM"},"hardware_info":"275c5aa2|06:A8:C0:D9:D5:E3"}}}
14:46:08.973 INFO  vert.x-eventloop-thread-0 BaseServiceProxy     : -> GET /v1/api/tickle,200|252ms
14:46:08.974 DEBUG vert.x-eventloop-thread-0 ClientPortalService  : tickle {"session":"a2a93ddeb352a7d9afd0acee2667e82f","ssoExpires":404,"collission":false,"userId":50301190,"hmds":{"error":"no bridge"},"iserver":{"authStatus":{"authenticated":true,"established":true,"competing":false,"connected":true,"message":"","MAC":"06:A8:C0:D9:D5:E3","serverInfo":{"serverName":"JifS12101","serverVersion":"Build 10.44.1h, Apr 20, 2026 11:22:51 AM"},"hardware_info":"275c5aa2|06:A8:C0:D9:D5:E3"}}}
14:46:39.075 INFO  vert.x-eventloop-thread-0 BaseServiceProxy     : -> GET /v1/api/tickle,200|354ms
14:46:39.077 DEBUG vert.x-eventloop-thread-0 ClientPortalService  : tickle {"session":"a2a93ddeb352a7d9afd0acee2667e82f","ssoExpires":600000,"collission":false,"userId":50301190,"hmds":{"error":"no bridge"},"iserver":{"authStatus":{"authenticated":true,"established":true,"competing":false,"connected":true,"message":"","MAC":"06:A8:C0:D9:D5:E3","serverInfo":{"serverName":"JifS12101","serverVersion":"Build 10.44.1h, Apr 20, 2026 11:22:51 AM"},"hardware_info":"275c5aa2|06:A8:C0:D9:D5:E3"}}}
14:47:08.939 INFO  vert.x-eventloop-thread-0 BaseServiceProxy     : -> GET /v1/api/tickle,200|218ms
14:47:08.940 DEBUG vert.x-eventloop-thread-0 ClientPortalService  : tickle {"session":"a2a93ddeb352a7d9afd0acee2667e82f","ssoExpires":570104,"collission":false,"userId":50301190,"hmds":{"error":"no bridge"},"iserver":{"authStatus":{"authenticated":true,"established":true,"competing":false,"connected":true,"message":"","MAC":"06:A8:C0:D9:D5:E3","serverInfo":{"serverName":"JifS12101","serverVersion":"Build 10.44.1h, Apr 20, 2026 11:22:51 AM"},"hardware_info":"275c5aa2|06:A8:C0:D9:D5:E3"}}}
14:47:38.782 INFO  vert.x-eventloop-thread-0 BaseServiceProxy     : -> GET /v1/api/tickle,200|61ms
14:47:38.783 DEBUG vert.x-eventloop-thread-0 ClientPortalService  : tickle {"session":"a2a93ddeb352a7d9afd0acee2667e82f","ssoExpires":540260,"collission":false,"userId":50301190,"hmds":{"error":"no bridge"},"iserver":{"authStatus":{"authenticated":true,"established":true,"competing":false,"connected":true,"message":"","MAC":"06:A8:C0:D9:D5:E3","serverInfo":{"serverName":"JifS12101","serverVersion":"Build 10.44.1h, Apr 20, 2026 11:22:51 AM"},"hardware_info":"275c5aa2|06:A8:C0:D9:D5:E3"}}}
14:48:08.784 INFO  vert.x-eventloop-thread-0 BaseServiceProxy     : -> GET /v1/api/tickle,200|63ms
14:48:08.785 DEBUG vert.x-eventloop-thread-0 ClientPortalService  : tickle {"session":"a2a93ddeb352a7d9afd0acee2667e82f","ssoExpires":510258,"collission":false,"userId":50301190,"hmds":{"error":"no bridge"},"iserver":{"authStatus":{"authenticated":true,"established":true,"competing":false,"connected":true,"message":"","MAC":"06:A8:C0:D9:D5:E3","serverInfo":{"serverName":"JifS12101","serverVersion":"Build 10.44.1h, Apr 20, 2026 11:22:51 AM"},"hardware_info":"275c5aa2|06:A8:C0:D9:D5:E3"}}}
14:48:33.867 INFO  vert.x-eventloop-thread-0 BaseServiceProxy     : -> GET /sso/ping,200|571ms
14:48:33.868 INFO  vert.x-eventloop-thread-0 SsoService           : sso ping {"result": "true"}
14:48:39.088 INFO  vert.x-eventloop-thread-0 BaseServiceProxy     : -> GET /v1/api/tickle,200|366ms
14:48:39.088 DEBUG vert.x-eventloop-thread-0 ClientPortalService  : tickle {"session":"a2a93ddeb352a7d9afd0acee2667e82f","ssoExpires":480027,"collission":false,"userId":50301190,"hmds":{"error":"no bridge"},"iserver":{"authStatus":{"authenticated":true,"established":true,"competing":false,"connected":true,"message":"","MAC":"06:A8:C0:D9:D5:E3","serverInfo":{"serverName":"JifS12101","serverVersion":"Build 10.44.1h, Apr 20, 2026 11:22:51 AM"},"hardware_info":"275c5aa2|06:A8:C0:D9:D5:E3"}}}
14:49:08.948 INFO  vert.x-eventloop-thread-0 BaseServiceProxy     : -> GET /v1/api/tickle,200|226ms
14:49:08.949 DEBUG vert.x-eventloop-thread-0 ClientPortalService  : tickle {"session":"a2a93ddeb352a7d9afd0acee2667e82f","ssoExpires":450098,"collission":false,"userId":50301190,"hmds":{"error":"no bridge"},"iserver":{"authStatus":{"authenticated":true,"established":true,"competing":false,"connected":true,"message":"","MAC":"06:A8:C0:D9:D5:E3","serverInfo":{"serverName":"JifS12101","serverVersion":"Build 10.44.1h, Apr 20, 2026 11:22:51 AM"},"hardware_info":"275c5aa2|06:A8:C0:D9:D5:E3"}}}
14:49:39.096 INFO  vert.x-eventloop-thread-0 BaseServiceProxy     : -> GET /v1/api/tickle,200|374ms
14:49:39.098 DEBUG vert.x-eventloop-thread-0 ClientPortalService  : tickle {"session":"a2a93ddeb352a7d9afd0acee2667e82f","ssoExpires":420035,"collission":false,"userId":50301190,"hmds":{"error":"no bridge"},"iserver":{"authStatus":{"authenticated":true,"established":true,"competing":false,"connected":true,"message":"","MAC":"06:A8:C0:D9:D5:E3","serverInfo":{"serverName":"JifS12101","serverVersion":"Build 10.44.1h, Apr 20, 2026 11:22:51 AM"},"hardware_info":"275c5aa2|06:A8:C0:D9:D5:E3"}}}
14:50:08.786 INFO  vert.x-eventloop-thread-0 BaseServiceProxy     : -> GET /v1/api/tickle,200|64ms
14:50:08.787 DEBUG vert.x-eventloop-thread-0 ClientPortalService  : tickle {"session":"a2a93ddeb352a7d9afd0acee2667e82f","ssoExpires":390258,"collission":false,"userId":50301190,"hmds":{"error":"no bridge"},"iserver":{"authStatus":{"authenticated":true,"established":true,"competing":false,"connected":true,"message":"","MAC":"06:A8:C0:D9:D5:E3","serverInfo":{"serverName":"JifS12101","serverVersion":"Build 10.44.1h, Apr 20, 2026 11:22:51 AM"},"hardware_info":"275c5aa2|06:A8:C0:D9:D5:E3"}}}
14:50:39.102 INFO  vert.x-eventloop-thread-0 BaseServiceProxy     : -> GET /v1/api/tickle,200|380ms
14:50:39.104 DEBUG vert.x-eventloop-thread-0 ClientPortalService  : tickle {"session":"a2a93ddeb352a7d9afd0acee2667e82f","ssoExpires":360034,"collission":false,"userId":50301190,"hmds":{"error":"no bridge"},"iserver":{"authStatus":{"authenticated":true,"established":true,"competing":false,"connected":true,"message":"","MAC":"06:A8:C0:D9:D5:E3","serverInfo":{"serverName":"JifS12101","serverVersion":"Build 10.44.1h, Apr 20, 2026 11:22:51 AM"},"hardware_info":"275c5aa2|06:A8:C0:D9:D5:E3"}}}
14:51:08.783 INFO  vert.x-eventloop-thread-0 BaseServiceProxy     : -> GET /v1/api/tickle,200|60ms
14:51:08.788 DEBUG vert.x-eventloop-thread-0 ClientPortalService  : tickle {"session":"a2a93ddeb352a7d9afd0acee2667e82f","ssoExpires":330260,"collission":false,"userId":50301190,"hmds":{"error":"no bridge"},"iserver":{"authStatus":{"authenticated":true,"established":true,"competing":false,"connected":true,"message":"","MAC":"06:A8:C0:D9:D5:E3","serverInfo":{"serverName":"JifS12101","serverVersion":"Build 10.44.1h, Apr 20, 2026 11:22:51 AM"},"hardware_info":"275c5aa2|06:A8:C0:D9:D5:E3"}}}
14:51:38.781 INFO  vert.x-eventloop-thread-0 BaseServiceProxy     : -> GET /v1/api/tickle,200|59ms
14:51:38.783 DEBUG vert.x-eventloop-thread-0 ClientPortalService  : tickle {"session":"a2a93ddeb352a7d9afd0acee2667e82f","ssoExpires":300261,"collission":false,"userId":50301190,"hmds":{"error":"no bridge"},"iserver":{"authStatus":{"authenticated":true,"established":true,"competing":false,"connected":true,"message":"","MAC":"06:A8:C0:D9:D5:E3","serverInfo":{"serverName":"JifS12101","serverVersion":"Build 10.44.1h, Apr 20, 2026 11:22:51 AM"},"hardware_info":"275c5aa2|06:A8:C0:D9:D5:E3"}}}
14:52:08.948 INFO  vert.x-eventloop-thread-0 BaseServiceProxy     : -> GET /v1/api/tickle,200|225ms
14:52:08.949 DEBUG vert.x-eventloop-thread-0 ClientPortalService  : tickle {"session":"a2a93ddeb352a7d9afd0acee2667e82f","ssoExpires":270096,"collission":false,"userId":50301190,"hmds":{"error":"no bridge"},"iserver":{"authStatus":{"authenticated":true,"established":true,"competing":false,"connected":true,"message":"","MAC":"06:A8:C0:D9:D5:E3","serverInfo":{"serverName":"JifS12101","serverVersion":"Build 10.44.1h, Apr 20, 2026 11:22:51 AM"},"hardware_info":"275c5aa2|06:A8:C0:D9:D5:E3"}}}
14:52:38.786 INFO  vert.x-eventloop-thread-0 BaseServiceProxy     : -> GET /v1/api/tickle,200|63ms
14:52:38.787 DEBUG vert.x-eventloop-thread-0 ClientPortalService  : tickle {"session":"a2a93ddeb352a7d9afd0acee2667e82f","ssoExpires":240259,"collission":false,"userId":50301190,"hmds":{"error":"no bridge"},"iserver":{"authStatus":{"authenticated":true,"established":true,"competing":false,"connected":true,"message":"","MAC":"06:A8:C0:D9:D5:E3","serverInfo":{"serverName":"JifS12101","serverVersion":"Build 10.44.1h, Apr 20, 2026 11:22:51 AM"},"hardware_info":"275c5aa2|06:A8:C0:D9:D5:E3"}}}
14:53:08.790 INFO  vert.x-eventloop-thread-0 BaseServiceProxy     : -> GET /v1/api/tickle,200|65ms
14:53:08.791 DEBUG vert.x-eventloop-thread-0 ClientPortalService  : tickle {"session":"a2a93ddeb352a7d9afd0acee2667e82f","ssoExpires":210255,"collission":false,"userId":50301190,"hmds":{"error":"no bridge"},"iserver":{"authStatus":{"authenticated":true,"established":true,"competing":false,"connected":true,"message":"","MAC":"06:A8:C0:D9:D5:E3","serverInfo":{"serverName":"JifS12101","serverVersion":"Build 10.44.1h, Apr 20, 2026 11:22:51 AM"},"hardware_info":"275c5aa2|06:A8:C0:D9:D5:E3"}}}
14:53:33.638 INFO  vert.x-eventloop-thread-0 BaseServiceProxy     : -> GET /sso/ping,200|341ms
14:53:33.639 INFO  vert.x-eventloop-thread-0 SsoService           : sso ping {"result": "true"}
14:53:39.154 INFO  vert.x-eventloop-thread-0 BaseServiceProxy     : -> GET /v1/api/tickle,200|431ms
14:53:39.155 DEBUG vert.x-eventloop-thread-0 ClientPortalService  : tickle {"session":"a2a93ddeb352a7d9afd0acee2667e82f","ssoExpires":180031,"collission":false,"userId":50301190,"hmds":{"error":"no bridge"},"iserver":{"authStatus":{"authenticated":true,"established":true,"competing":false,"connected":true,"message":"","MAC":"06:A8:C0:D9:D5:E3","serverInfo":{"serverName":"JifS12101","serverVersion":"Build 10.44.1h, Apr 20, 2026 11:22:51 AM"},"hardware_info":"275c5aa2|06:A8:C0:D9:D5:E3"}}}
14:54:09.125 INFO  vert.x-eventloop-thread-0 BaseServiceProxy     : -> GET /v1/api/tickle,200|402ms
14:54:09.127 DEBUG vert.x-eventloop-thread-0 ClientPortalService  : tickle {"session":"a2a93ddeb352a7d9afd0acee2667e82f","ssoExpires":150029,"collission":false,"userId":50301190,"hmds":{"error":"no bridge"},"iserver":{"authStatus":{"authenticated":true,"established":true,"competing":false,"connected":true,"message":"","MAC":"06:A8:C0:D9:D5:E3","serverInfo":{"serverName":"JifS12101","serverVersion":"Build 10.44.1h, Apr 20, 2026 11:22:51 AM"},"hardware_info":"275c5aa2|06:A8:C0:D9:D5:E3"}}}
14:54:39.130 INFO  vert.x-eventloop-thread-0 BaseServiceProxy     : -> GET /v1/api/tickle,200|406ms
14:54:39.131 DEBUG vert.x-eventloop-thread-0 ClientPortalService  : tickle {"session":"a2a93ddeb352a7d9afd0acee2667e82f","ssoExpires":120020,"collission":false,"userId":50301190,"hmds":{"error":"no bridge"},"iserver":{"authStatus":{"authenticated":true,"established":true,"competing":false,"connected":true,"message":"","MAC":"06:A8:C0:D9:D5:E3","serverInfo":{"serverName":"JifS12101","serverVersion":"Build 10.44.1h, Apr 20, 2026 11:22:51 AM"},"hardware_info":"275c5aa2|06:A8:C0:D9:D5:E3"}}}
14:55:09.030 INFO  vert.x-eventloop-thread-0 BaseServiceProxy     : -> GET /v1/api/tickle,200|307ms
14:55:09.031 DEBUG vert.x-eventloop-thread-0 ClientPortalService  : tickle {"session":"a2a93ddeb352a7d9afd0acee2667e82f","ssoExpires":90031,"collission":false,"userId":50301190,"hmds":{"error":"no bridge"},"iserver":{"authStatus":{"authenticated":true,"established":true,"competing":false,"connected":true,"message":"","MAC":"06:A8:C0:D9:D5:E3","serverInfo":{"serverName":"JifS12101","serverVersion":"Build 10.44.1h, Apr 20, 2026 11:22:51 AM"},"hardware_info":"275c5aa2|06:A8:C0:D9:D5:E3"}}}
14:55:38.783 INFO  vert.x-eventloop-thread-0 BaseServiceProxy     : -> GET /v1/api/tickle,200|59ms
14:55:38.785 DEBUG vert.x-eventloop-thread-0 ClientPortalService  : tickle {"session":"a2a93ddeb352a7d9afd0acee2667e82f","ssoExpires":60262,"collission":false,"userId":50301190,"hmds":{"error":"no bridge"},"iserver":{"authStatus":{"authenticated":true,"established":true,"competing":false,"connected":true,"message":"","MAC":"06:A8:C0:D9:D5:E3","serverInfo":{"serverName":"JifS12101","serverVersion":"Build 10.44.1h, Apr 20, 2026 11:22:51 AM"},"hardware_info":"275c5aa2|06:A8:C0:D9:D5:E3"}}}
14:56:08.808 INFO  vert.x-eventloop-thread-0 BaseServiceProxy     : -> GET /v1/api/tickle,200|83ms
14:56:08.810 DEBUG vert.x-eventloop-thread-0 ClientPortalService  : tickle {"session":"a2a93ddeb352a7d9afd0acee2667e82f","ssoExpires":30255,"collission":false,"userId":50301190,"hmds":{"error":"no bridge"},"iserver":{"authStatus":{"authenticated":true,"established":true,"competing":false,"connected":true,"message":"","MAC":"06:A8:C0:D9:D5:E3","serverInfo":{"serverName":"JifS12101","serverVersion":"Build 10.44.1h, Apr 20, 2026 11:22:51 AM"},"hardware_info":"275c5aa2|06:A8:C0:D9:D5:E3"}}}
14:56:38.790 INFO  vert.x-eventloop-thread-0 BaseServiceProxy     : -> GET /v1/api/tickle,200|66ms
14:56:38.792 DEBUG vert.x-eventloop-thread-0 ClientPortalService  : tickle {"session":"a2a93ddeb352a7d9afd0acee2667e82f","ssoExpires":254,"collission":false,"userId":50301190,"hmds":{"error":"no bridge"},"iserver":{"authStatus":{"authenticated":true,"established":true,"competing":false,"connected":true,"message":"","MAC":"06:A8:C0:D9:D5:E3","serverInfo":{"serverName":"JifS12101","serverVersion":"Build 10.44.1h, Apr 20, 2026 11:22:51 AM"},"hardware_info":"275c5aa2|06:A8:C0:D9:D5:E3"}}}
14:57:09.353 INFO  vert.x-eventloop-thread-0 BaseServiceProxy     : -> GET /v1/api/tickle,200|629ms
14:57:09.354 DEBUG vert.x-eventloop-thread-0 ClientPortalService  : tickle {"session":"a2a93ddeb352a7d9afd0acee2667e82f","ssoExpires":600000,"collission":false,"userId":50301190,"hmds":{"error":"no bridge"},"iserver":{"authStatus":{"authenticated":true,"established":true,"competing":false,"connected":true,"message":"","MAC":"06:A8:C0:D9:D5:E3","serverInfo":{"serverName":"JifS12101","serverVersion":"Build 10.44.1h, Apr 20, 2026 11:22:51 AM"},"hardware_info":"275c5aa2|06:A8:C0:D9:D5:E3"}}}
14:57:38.802 INFO  vert.x-eventloop-thread-0 BaseServiceProxy     : -> GET /v1/api/tickle,200|79ms
14:57:38.803 DEBUG vert.x-eventloop-thread-0 ClientPortalService  : tickle {"session":"a2a93ddeb352a7d9afd0acee2667e82f","ssoExpires":570472,"collission":false,"userId":50301190,"hmds":{"error":"no bridge"},"iserver":{"authStatus":{"authenticated":true,"established":true,"competing":false,"connected":true,"message":"","MAC":"06:A8:C0:D9:D5:E3","serverInfo":{"serverName":"JifS12101","serverVersion":"Build 10.44.1h, Apr 20, 2026 11:22:51 AM"},"hardware_info":"275c5aa2|06:A8:C0:D9:D5:E3"}}}
14:58:08.808 INFO  vert.x-eventloop-thread-0 BaseServiceProxy     : -> GET /v1/api/tickle,200|84ms
14:58:08.810 DEBUG vert.x-eventloop-thread-0 ClientPortalService  : tickle {"session":"a2a93ddeb352a7d9afd0acee2667e82f","ssoExpires":540498,"collission":false,"userId":50301190,"hmds":{"error":"no bridge"},"iserver":{"authStatus":{"authenticated":true,"established":true,"competing":false,"connected":true,"message":"","MAC":"06:A8:C0:D9:D5:E3","serverInfo":{"serverName":"JifS12101","serverVersion":"Build 10.44.1h, Apr 20, 2026 11:22:51 AM"},"hardware_info":"275c5aa2|06:A8:C0:D9:D5:E3"}}}
14:58:33.627 INFO  vert.x-eventloop-thread-0 BaseServiceProxy     : -> GET /sso/ping,200|328ms
14:58:33.629 INFO  vert.x-eventloop-thread-0 SsoService           : sso ping {"result": "true"}
14:58:38.941 INFO  vert.x-eventloop-thread-0 BaseServiceProxy     : -> GET /v1/api/tickle,200|217ms
14:58:38.942 DEBUG vert.x-eventloop-thread-0 ClientPortalService  : tickle {"session":"a2a93ddeb352a7d9afd0acee2667e82f","ssoExpires":510334,"collission":false,"userId":50301190,"hmds":{"error":"no bridge"},"iserver":{"authStatus":{"authenticated":true,"established":true,"competing":false,"connected":true,"message":"","MAC":"06:A8:C0:D9:D5:E3","serverInfo":{"serverName":"JifS12101","serverVersion":"Build 10.44.1h, Apr 20, 2026 11:22:51 AM"},"hardware_info":"275c5aa2|06:A8:C0:D9:D5:E3"}}}
14:59:08.782 INFO  vert.x-eventloop-thread-0 BaseServiceProxy     : -> GET /v1/api/tickle,200|57ms
14:59:08.784 DEBUG vert.x-eventloop-thread-0 ClientPortalService  : tickle {"session":"a2a93ddeb352a7d9afd0acee2667e82f","ssoExpires":480492,"collission":false,"userId":50301190,"hmds":{"error":"no bridge"},"iserver":{"authStatus":{"authenticated":true,"established":true,"competing":false,"connected":true,"message":"","MAC":"06:A8:C0:D9:D5:E3","serverInfo":{"serverName":"JifS12101","serverVersion":"Build 10.44.1h, Apr 20, 2026 11:22:51 AM"},"hardware_info":"275c5aa2|06:A8:C0:D9:D5:E3"}}}
14:59:39.063 INFO  vert.x-eventloop-thread-0 BaseServiceProxy     : -> GET /v1/api/tickle,200|338ms
14:59:39.064 DEBUG vert.x-eventloop-thread-0 ClientPortalService  : tickle {"session":"a2a93ddeb352a7d9afd0acee2667e82f","ssoExpires":450254,"collission":false,"userId":50301190,"hmds":{"error":"no bridge"},"iserver":{"authStatus":{"authenticated":true,"established":true,"competing":false,"connected":true,"message":"","MAC":"06:A8:C0:D9:D5:E3","serverInfo":{"serverName":"JifS12101","serverVersion":"Build 10.44.1h, Apr 20, 2026 11:22:51 AM"},"hardware_info":"275c5aa2|06:A8:C0:D9:D5:E3"}}}
15:00:08.778 INFO  vert.x-eventloop-thread-0 BaseServiceProxy     : -> GET /v1/api/tickle,200|53ms
15:00:08.780 DEBUG vert.x-eventloop-thread-0 ClientPortalService  : tickle {"session":"a2a93ddeb352a7d9afd0acee2667e82f","ssoExpires":420497,"collission":false,"userId":50301190,"hmds":{"error":"no bridge"},"iserver":{"authStatus":{"authenticated":true,"established":true,"competing":false,"connected":true,"message":"","MAC":"06:A8:C0:D9:D5:E3","serverInfo":{"serverName":"JifS12101","serverVersion":"Build 10.44.1h, Apr 20, 2026 11:22:51 AM"},"hardware_info":"275c5aa2|06:A8:C0:D9:D5:E3"}}}
15:00:39.071 INFO  vert.x-eventloop-thread-0 BaseServiceProxy     : -> GET /v1/api/tickle,200|345ms
15:00:39.073 DEBUG vert.x-eventloop-thread-0 ClientPortalService  : tickle {"session":"a2a93ddeb352a7d9afd0acee2667e82f","ssoExpires":390247,"collission":false,"userId":50301190,"hmds":{"error":"no bridge"},"iserver":{"authStatus":{"authenticated":true,"established":true,"competing":false,"connected":true,"message":"","MAC":"06:A8:C0:D9:D5:E3","serverInfo":{"serverName":"JifS12101","serverVersion":"Build 10.44.1h, Apr 20, 2026 11:22:51 AM"},"hardware_info":"275c5aa2|06:A8:C0:D9:D5:E3"}}}
15:01:09.074 INFO  vert.x-eventloop-thread-0 BaseServiceProxy     : -> GET /v1/api/tickle,200|348ms
15:01:09.075 DEBUG vert.x-eventloop-thread-0 ClientPortalService  : tickle {"session":"a2a93ddeb352a7d9afd0acee2667e82f","ssoExpires":360272,"collission":false,"userId":50301190,"hmds":{"error":"no bridge"},"iserver":{"authStatus":{"authenticated":true,"established":true,"competing":false,"connected":true,"message":"","MAC":"06:A8:C0:D9:D5:E3","serverInfo":{"serverName":"JifS12101","serverVersion":"Build 10.44.1h, Apr 20, 2026 11:22:51 AM"},"hardware_info":"275c5aa2|06:A8:C0:D9:D5:E3"}}}
15:01:38.778 INFO  vert.x-eventloop-thread-0 BaseServiceProxy     : -> GET /v1/api/tickle,200|52ms
15:01:38.780 DEBUG vert.x-eventloop-thread-0 ClientPortalService  : tickle {"session":"a2a93ddeb352a7d9afd0acee2667e82f","ssoExpires":330497,"collission":false,"userId":50301190,"hmds":{"error":"no bridge"},"iserver":{"authStatus":{"authenticated":true,"established":true,"competing":false,"connected":true,"message":"","MAC":"06:A8:C0:D9:D5:E3","serverInfo":{"serverName":"JifS12101","serverVersion":"Build 10.44.1h, Apr 20, 2026 11:22:51 AM"},"hardware_info":"275c5aa2|06:A8:C0:D9:D5:E3"}}}
15:02:08.792 INFO  vert.x-eventloop-thread-0 BaseServiceProxy     : -> GET /v1/api/tickle,200|64ms
15:02:08.794 DEBUG vert.x-eventloop-thread-0 ClientPortalService  : tickle {"session":"a2a93ddeb352a7d9afd0acee2667e82f","ssoExpires":300490,"collission":false,"userId":50301190,"hmds":{"error":"no bridge"},"iserver":{"authStatus":{"authenticated":true,"established":true,"competing":false,"connected":true,"message":"","MAC":"06:A8:C0:D9:D5:E3","serverInfo":{"serverName":"JifS12101","serverVersion":"Build 10.44.1h, Apr 20, 2026 11:22:51 AM"},"hardware_info":"275c5aa2|06:A8:C0:D9:D5:E3"}}}
15:02:39.092 INFO  vert.x-eventloop-thread-0 BaseServiceProxy     : -> GET /v1/api/tickle,200|362ms
15:02:39.094 DEBUG vert.x-eventloop-thread-0 ClientPortalService  : tickle {"session":"a2a93ddeb352a7d9afd0acee2667e82f","ssoExpires":270253,"collission":false,"userId":50301190,"hmds":{"error":"no bridge"},"iserver":{"authStatus":{"authenticated":true,"established":true,"competing":false,"connected":true,"message":"","MAC":"06:A8:C0:D9:D5:E3","serverInfo":{"serverName":"JifS12101","serverVersion":"Build 10.44.1h, Apr 20, 2026 11:22:51 AM"},"hardware_info":"275c5aa2|06:A8:C0:D9:D5:E3"}}}
15:03:09.090 INFO  vert.x-eventloop-thread-0 BaseServiceProxy     : -> GET /v1/api/tickle,200|360ms
15:03:09.091 DEBUG vert.x-eventloop-thread-0 ClientPortalService  : tickle {"session":"a2a93ddeb352a7d9afd0acee2667e82f","ssoExpires":240268,"collission":false,"userId":50301190,"hmds":{"error":"no bridge"},"iserver":{"authStatus":{"authenticated":true,"established":true,"competing":false,"connected":true,"message":"","MAC":"06:A8:C0:D9:D5:E3","serverInfo":{"serverName":"JifS12101","serverVersion":"Build 10.44.1h, Apr 20, 2026 11:22:51 AM"},"hardware_info":"275c5aa2|06:A8:C0:D9:D5:E3"}}}
15:03:33.873 INFO  vert.x-eventloop-thread-0 BaseServiceProxy     : -> GET /sso/ping,200|568ms
15:03:33.875 INFO  vert.x-eventloop-thread-0 SsoService           : sso ping {"result": "false"}
15:20:06.662 ERROR vert.x-eventloop-thread-0 ConnectionBase       : java.net.SocketException: Connection reset
15:20:06.663 ERROR vert.x-eventloop-thread-0 BaseServiceProxy     : request failed Connection reset
java.net.SocketException: Connection reset
	at java.base/sun.nio.ch.SocketChannelImpl.throwConnectionReset(SocketChannelImpl.java:394)
	at java.base/sun.nio.ch.SocketChannelImpl.read(SocketChannelImpl.java:426)
	at io.netty.buffer.PooledUnsafeDirectByteBuf.setBytes(PooledUnsafeDirectByteBuf.java:288)
	at io.netty.buffer.AbstractByteBuf.writeBytes(AbstractByteBuf.java:1106)
	at io.netty.channel.socket.nio.NioSocketChannel.doReadBytes(NioSocketChannel.java:373)
	at io.netty.channel.nio.AbstractNioByteChannel$NioByteUnsafe.read(AbstractNioByteChannel.java:123)
	at io.netty.channel.nio.NioEventLoop.processSelectedKey(NioEventLoop.java:645)
	at io.netty.channel.nio.NioEventLoop.processSelectedKeysPlain(NioEventLoop.java:545)
	at io.netty.channel.nio.NioEventLoop.processSelectedKeys(NioEventLoop.java:499)
	at io.netty.channel.nio.NioEventLoop.run(NioEventLoop.java:459)
	at io.netty.util.concurrent.SingleThreadEventExecutor$5.run(SingleThreadEventExecutor.java:858)
	at java.base/java.lang.Thread.run(Thread.java:842)
16:41:02.997 ERROR vert.x-eventloop-thread-0 ConnectionBase       : java.net.SocketException: Connection reset
16:41:02.998 ERROR vert.x-eventloop-thread-0 BaseServiceProxy     : request failed Connection reset
java.net.SocketException: Connection reset
	at java.base/sun.nio.ch.SocketChannelImpl.throwConnectionReset(SocketChannelImpl.java:394)
	at java.base/sun.nio.ch.SocketChannelImpl.read(SocketChannelImpl.java:426)
	at io.netty.buffer.PooledUnsafeDirectByteBuf.setBytes(PooledUnsafeDirectByteBuf.java:288)
	at io.netty.buffer.AbstractByteBuf.writeBytes(AbstractByteBuf.java:1106)
	at io.netty.channel.socket.nio.NioSocketChannel.doReadBytes(NioSocketChannel.java:373)
	at io.netty.channel.nio.AbstractNioByteChannel$NioByteUnsafe.read(AbstractNioByteChannel.java:123)
	at io.netty.channel.nio.NioEventLoop.processSelectedKey(NioEventLoop.java:645)
	at io.netty.channel.nio.NioEventLoop.processSelectedKeysPlain(NioEventLoop.java:545)
	at io.netty.channel.nio.NioEventLoop.processSelectedKeys(NioEventLoop.java:499)
	at io.netty.channel.nio.NioEventLoop.run(NioEventLoop.java:459)
	at io.netty.util.concurrent.SingleThreadEventExecutor$5.run(SingleThreadEventExecutor.java:858)
	at java.base/java.lang.Thread.run(Thread.java:842)
16:47:13.263 ERROR vert.x-eventloop-thread-0 ConnectionBase       : java.net.SocketException: Connection reset
16:47:13.264 ERROR vert.x-eventloop-thread-0 BaseServiceProxy     : request failed Connection reset
java.net.SocketException: Connection reset
	at java.base/sun.nio.ch.SocketChannelImpl.throwConnectionReset(SocketChannelImpl.java:394)
	at java.base/sun.nio.ch.SocketChannelImpl.read(SocketChannelImpl.java:426)
	at io.netty.buffer.PooledUnsafeDirectByteBuf.setBytes(PooledUnsafeDirectByteBuf.java:288)
	at io.netty.buffer.AbstractByteBuf.writeBytes(AbstractByteBuf.java:1106)
	at io.netty.channel.socket.nio.NioSocketChannel.doReadBytes(NioSocketChannel.java:373)
	at io.netty.channel.nio.AbstractNioByteChannel$NioByteUnsafe.read(AbstractNioByteChannel.java:123)
	at io.netty.channel.nio.NioEventLoop.processSelectedKey(NioEventLoop.java:645)
	at io.netty.channel.nio.NioEventLoop.processSelectedKeysPlain(NioEventLoop.java:545)
	at io.netty.channel.nio.NioEventLoop.processSelectedKeys(NioEventLoop.java:499)
	at io.netty.channel.nio.NioEventLoop.run(NioEventLoop.java:459)
	at io.netty.util.concurrent.SingleThreadEventExecutor$5.run(SingleThreadEventExecutor.java:858)
	at java.base/java.lang.Thread.run(Thread.java:842)
16:47:43.238 ERROR vert.x-eventloop-thread-0 ConnectionBase       : java.net.SocketException: Connection reset
16:47:43.238 ERROR vert.x-eventloop-thread-0 BaseServiceProxy     : request failed Connection reset
java.net.SocketException: Connection reset
	at java.base/sun.nio.ch.SocketChannelImpl.throwConnectionReset(SocketChannelImpl.java:394)
	at java.base/sun.nio.ch.SocketChannelImpl.read(SocketChannelImpl.java:426)
	at io.netty.buffer.PooledUnsafeDirectByteBuf.setBytes(PooledUnsafeDirectByteBuf.java:288)
	at io.netty.buffer.AbstractByteBuf.writeBytes(AbstractByteBuf.java:1106)
	at io.netty.channel.socket.nio.NioSocketChannel.doReadBytes(NioSocketChannel.java:373)
	at io.netty.channel.nio.AbstractNioByteChannel$NioByteUnsafe.read(AbstractNioByteChannel.java:123)
	at io.netty.channel.nio.NioEventLoop.processSelectedKey(NioEventLoop.java:645)
	at io.netty.channel.nio.NioEventLoop.processSelectedKeysPlain(NioEventLoop.java:545)
	at io.netty.channel.nio.NioEventLoop.processSelectedKeys(NioEventLoop.java:499)
	at io.netty.channel.nio.NioEventLoop.run(NioEventLoop.java:459)
	at io.netty.util.concurrent.SingleThreadEventExecutor$5.run(SingleThreadEventExecutor.java:858)
	at java.base/java.lang.Thread.run(Thread.java:842)
16:48:13.252 ERROR vert.x-eventloop-thread-0 ConnectionBase       : java.net.SocketException: Connection reset
16:48:13.254 ERROR vert.x-eventloop-thread-0 BaseServiceProxy     : request failed Connection reset
java.net.SocketException: Connection reset
	at java.base/sun.nio.ch.SocketChannelImpl.throwConnectionReset(SocketChannelImpl.java:394)
	at java.base/sun.nio.ch.SocketChannelImpl.read(SocketChannelImpl.java:426)
	at io.netty.buffer.PooledUnsafeDirectByteBuf.setBytes(PooledUnsafeDirectByteBuf.java:288)
	at io.netty.buffer.AbstractByteBuf.writeBytes(AbstractByteBuf.java:1106)
	at io.netty.channel.socket.nio.NioSocketChannel.doReadBytes(NioSocketChannel.java:373)
	at io.netty.channel.nio.AbstractNioByteChannel$NioByteUnsafe.read(AbstractNioByteChannel.java:123)
	at io.netty.channel.nio.NioEventLoop.processSelectedKey(NioEventLoop.java:645)
	at io.netty.channel.nio.NioEventLoop.processSelectedKeysPlain(NioEventLoop.java:545)
	at io.netty.channel.nio.NioEventLoop.processSelectedKeys(NioEventLoop.java:499)
	at io.netty.channel.nio.NioEventLoop.run(NioEventLoop.java:459)
	at io.netty.util.concurrent.SingleThreadEventExecutor$5.run(SingleThreadEventExecutor.java:858)
	at java.base/java.lang.Thread.run(Thread.java:842)
16:48:43.665 INFO  vert.x-eventloop-thread-0 BaseServiceProxy     : -> GET /v1/api/tickle,401|446ms
16:48:43.666 WARN  vert.x-eventloop-thread-0 BaseServiceProxy     : failed /v1/api/tickle | reason Access Denied
16:48:43.670 DEBUG vert.x-eventloop-thread-0 ClientPortalService  : tickle null
16:48:43.670 ERROR vert.x-eventloop-thread-0 ClientPortalService  : tickle cp session failed {}
io.vertx.core.impl.NoStackTraceThrowable: Access Denied
16:48:43.670 DEBUG vert.x-eventloop-thread-0 BaseServiceProxy     : cancel timer ClientPortalService 2
16:48:43.670 DEBUG vert.x-eventloop-thread-0 BaseServiceProxy     : forward event ON_CP_TICKLE_FAILED, payload none
16:48:44.008 INFO  vert.x-eventloop-thread-0 BaseServiceProxy     : -> GET /v1/api/sso/validate?gw=1,401|337ms
16:48:44.008 WARN  vert.x-eventloop-thread-0 BaseServiceProxy     : failed /v1/api/sso/validate?gw=1 | reason Access Denied
16:48:44.008 DEBUG vert.x-eventloop-thread-0 ClientPortalService  : portal validate response: null
16:48:44.008 ERROR vert.x-eventloop-thread-0 GatewayHttpProxy     : authentication to cp failed, retry 1
io.vertx.core.impl.NoStackTraceThrowable: Access Denied
16:48:44.010 DEBUG vert.x-eventloop-thread-0 BaseServiceProxy     : forward event CP_LOGIN_FAILED, payload none
16:48:44.010 INFO  vert.x-eventloop-thread-0 GatewayHttpProxy     : Unhandled event CP_LOGIN_FAILED
16:48:47.328 INFO  vert.x-eventloop-thread-0 BaseServiceProxy     : -> GET /v1/api/sso/validate?gw=1,401|317ms
16:48:47.328 WARN  vert.x-eventloop-thread-0 BaseServiceProxy     : failed /v1/api/sso/validate?gw=1 | reason Access Denied
16:48:47.328 DEBUG vert.x-eventloop-thread-0 ClientPortalService  : portal validate response: null
16:48:47.328 ERROR vert.x-eventloop-thread-0 GatewayHttpProxy     : authentication to cp failed, retry 2
io.vertx.core.impl.NoStackTraceThrowable: Access Denied
16:48:47.329 DEBUG vert.x-eventloop-thread-0 BaseServiceProxy     : forward event CP_LOGIN_FAILED, payload none
16:48:47.329 INFO  vert.x-eventloop-thread-0 GatewayHttpProxy     : Unhandled event CP_LOGIN_FAILED
16:48:50.732 INFO  vert.x-eventloop-thread-0 BaseServiceProxy     : -> GET /v1/api/sso/validate?gw=1,401|402ms
16:48:50.732 WARN  vert.x-eventloop-thread-0 BaseServiceProxy     : failed /v1/api/sso/validate?gw=1 | reason Access Denied
16:48:50.732 DEBUG vert.x-eventloop-thread-0 ClientPortalService  : portal validate response: null
16:48:50.732 ERROR vert.x-eventloop-thread-0 GatewayHttpProxy     : authentication to cp failed, retry 3
io.vertx.core.impl.NoStackTraceThrowable: Access Denied
16:48:50.732 DEBUG vert.x-eventloop-thread-0 BaseServiceProxy     : forward event CP_LOGIN_FAILED, payload none
16:48:50.732 INFO  vert.x-eventloop-thread-0 GatewayHttpProxy     : Unhandled event CP_LOGIN_FAILED
16:48:54.109 INFO  vert.x-eventloop-thread-0 BaseServiceProxy     : -> GET /v1/api/sso/validate?gw=1,401|376ms
16:48:54.110 WARN  vert.x-eventloop-thread-0 BaseServiceProxy     : failed /v1/api/sso/validate?gw=1 | reason Access Denied
16:48:54.110 DEBUG vert.x-eventloop-thread-0 ClientPortalService  : portal validate response: null
16:48:54.110 ERROR vert.x-eventloop-thread-0 GatewayHttpProxy     : authentication to cp failed, retry 4
io.vertx.core.impl.NoStackTraceThrowable: Access Denied
16:48:54.110 DEBUG vert.x-eventloop-thread-0 BaseServiceProxy     : forward event CP_LOGIN_FAILED, payload none
16:48:54.110 INFO  vert.x-eventloop-thread-0 GatewayHttpProxy     : Unhandled event CP_LOGIN_FAILED
16:48:57.488 INFO  vert.x-eventloop-thread-0 BaseServiceProxy     : -> GET /v1/api/sso/validate?gw=1,401|377ms
16:48:57.488 WARN  vert.x-eventloop-thread-0 BaseServiceProxy     : failed /v1/api/sso/validate?gw=1 | reason Access Denied
16:48:57.488 DEBUG vert.x-eventloop-thread-0 ClientPortalService  : portal validate response: null
16:48:57.488 ERROR vert.x-eventloop-thread-0 GatewayHttpProxy     : authentication to cp failed, retry 5
io.vertx.core.impl.NoStackTraceThrowable: Access Denied
16:48:57.488 ERROR vert.x-eventloop-thread-0 GatewayHttpProxy     : giving up ...
16:48:57.488 DEBUG vert.x-eventloop-thread-0 BaseServiceProxy     : forward event CP_LOGIN_FAILED, payload none
16:48:57.488 INFO  vert.x-eventloop-thread-0 GatewayHttpProxy     : Unhandled event CP_LOGIN_FAILED
16:51:08.355 INFO  vert.x-eventloop-thread-0 BaseServiceProxy     : -> GET /sso/ping,200|565ms
16:51:08.356 INFO  vert.x-eventloop-thread-0 SsoService           : sso ping {"result": "true"}
