00:00:13.484 INFO  vert.x-eventloop-thread-0 BaseServiceProxy     : -> GET /v1/api/tickle,200|219ms
00:00:13.487 DEBUG vert.x-eventloop-thread-0 ClientPortalService  : tickle {"session":"dad9c17286541725e94155c9735b78c8","ssoExpires":450019,"collission":false,"userId":50301190,"hmds":{"error":"no bridge"},"iserver":{"authStatus":{"authenticated":true,"established":true,"competing":false,"connected":true,"message":"","MAC":null,"serverInfo":{"serverName":"JifS17095","serverVersion":"Build 10.44.1f, Apr 7, 2026 1:49:24 PM"},"hardware_info":"3a3b9886|F4:03:43:DB:8E:10"}}}
00:00:43.375 INFO  vert.x-eventloop-thread-0 BaseServiceProxy     : -> GET /v1/api/tickle,200|111ms
00:00:43.377 DEBUG vert.x-eventloop-thread-0 ClientPortalService  : tickle {"session":"dad9c17286541725e94155c9735b78c8","ssoExpires":420093,"collission":false,"userId":50301190,"hmds":{"error":"no bridge"},"iserver":{"authStatus":{"authenticated":true,"established":true,"competing":false,"connected":true,"message":"","MAC":null,"serverInfo":{"serverName":"JifS17095","serverVersion":"Build 10.44.1f, Apr 7, 2026 1:49:24 PM"},"hardware_info":"11b49d55|F4:03:43:DB:8E:10"}}}
00:01:13.378 INFO  vert.x-eventloop-thread-0 BaseServiceProxy     : -> GET /v1/api/tickle,200|115ms
00:01:13.378 DEBUG vert.x-eventloop-thread-0 ClientPortalService  : tickle {"session":"dad9c17286541725e94155c9735b78c8","ssoExpires":390084,"collission":false,"userId":50301190,"hmds":{"error":"no bridge"},"iserver":{"authStatus":{"authenticated":true,"established":true,"competing":false,"connected":true,"message":"","MAC":null,"serverInfo":{"serverName":"JifS17095","serverVersion":"Build 10.44.1f, Apr 7, 2026 1:49:24 PM"},"hardware_info":"33e02251|F4:03:43:DB:8E:10"}}}
00:01:43.333 INFO  vert.x-eventloop-thread-0 BaseServiceProxy     : -> GET /v1/api/tickle,200|69ms
00:01:43.335 DEBUG vert.x-eventloop-thread-0 ClientPortalService  : tickle {"session":"dad9c17286541725e94155c9735b78c8","ssoExpires":360119,"collission":false,"userId":50301190,"hmds":{"error":"no bridge"},"iserver":{"authStatus":{"authenticated":true,"established":true,"competing":false,"connected":true,"message":"","MAC":null,"serverInfo":{"serverName":"JifS17095","serverVersion":"Build 10.44.1f, Apr 7, 2026 1:49:24 PM"},"hardware_info":"36210e3e|F4:03:43:DB:8E:10"}}}
00:02:13.373 INFO  vert.x-eventloop-thread-0 BaseServiceProxy     : -> GET /v1/api/tickle,200|109ms
00:02:13.374 DEBUG vert.x-eventloop-thread-0 ClientPortalService  : tickle {"session":"dad9c17286541725e94155c9735b78c8","ssoExpires":330106,"collission":false,"userId":50301190,"hmds":{"error":"no bridge"},"iserver":{"authStatus":{"authenticated":true,"established":true,"competing":false,"connected":true,"message":"","MAC":null,"serverInfo":{"serverName":"JifS17095","serverVersion":"Build 10.44.1f, Apr 7, 2026 1:49:24 PM"},"hardware_info":"34f9f8ab|F4:03:43:DB:8E:10"}}}
00:02:21.544 INFO  vert.x-eventloop-thread-0 BaseServiceProxy     : -> GET /v1/api/tickle,200|65ms
00:02:43.327 INFO  vert.x-eventloop-thread-0 BaseServiceProxy     : -> GET /v1/api/tickle,200|88ms
00:02:43.328 DEBUG vert.x-eventloop-thread-0 ClientPortalService  : tickle {"session":"dad9c17286541725e94155c9735b78c8","ssoExpires":300108,"collission":false,"userId":50301190,"hmds":{"error":"no bridge"},"iserver":{"authStatus":{"authenticated":true,"established":true,"competing":false,"connected":true,"message":"","MAC":null,"serverInfo":{"serverName":"JifS17095","serverVersion":"Build 10.44.1f, Apr 7, 2026 1:49:24 PM"},"hardware_info":"123433ad|F4:03:43:DB:8E:10"}}}
00:03:08.453 INFO  vert.x-eventloop-thread-0 BaseServiceProxy     : -> GET /sso/ping,200|344ms
00:03:08.454 INFO  vert.x-eventloop-thread-0 SsoService           : sso ping {"result": "true"}
00:03:13.318 INFO  vert.x-eventloop-thread-0 BaseServiceProxy     : -> GET /v1/api/tickle,200|86ms
00:03:13.319 DEBUG vert.x-eventloop-thread-0 ClientPortalService  : tickle {"session":"dad9c17286541725e94155c9735b78c8","ssoExpires":270117,"collission":false,"userId":50301190,"hmds":{"error":"no bridge"},"iserver":{"authStatus":{"authenticated":true,"established":true,"competing":false,"connected":true,"message":"","MAC":null,"serverInfo":{"serverName":"JifS17095","serverVersion":"Build 10.44.1f, Apr 7, 2026 1:49:24 PM"},"hardware_info":"1580ec1c|F4:03:43:DB:8E:10"}}}
00:03:43.323 INFO  vert.x-eventloop-thread-0 BaseServiceProxy     : -> GET /v1/api/tickle,200|92ms
00:03:43.324 DEBUG vert.x-eventloop-thread-0 ClientPortalService  : tickle {"session":"dad9c17286541725e94155c9735b78c8","ssoExpires":240096,"collission":false,"userId":50301190,"hmds":{"error":"no bridge"},"iserver":{"authStatus":{"authenticated":true,"established":true,"competing":false,"connected":true,"message":"","MAC":null,"serverInfo":{"serverName":"JifS17095","serverVersion":"Build 10.44.1f, Apr 7, 2026 1:49:24 PM"},"hardware_info":"26907641|F4:03:43:DB:8E:10"}}}
00:04:13.288 INFO  vert.x-eventloop-thread-0 BaseServiceProxy     : -> GET /v1/api/tickle,200|58ms
00:04:13.289 DEBUG vert.x-eventloop-thread-0 ClientPortalService  : tickle {"session":"dad9c17286541725e94155c9735b78c8","ssoExpires":210129,"collission":false,"userId":50301190,"hmds":{"error":"no bridge"},"iserver":{"authStatus":{"authenticated":true,"established":true,"competing":false,"connected":true,"message":"","MAC":null,"serverInfo":{"serverName":"JifS17095","serverVersion":"Build 10.44.1f, Apr 7, 2026 1:49:24 PM"},"hardware_info":"332c61b4|F4:03:43:DB:8E:10"}}}
00:04:43.297 INFO  vert.x-eventloop-thread-0 BaseServiceProxy     : -> GET /v1/api/tickle,200|65ms
00:04:43.298 DEBUG vert.x-eventloop-thread-0 ClientPortalService  : tickle {"session":"dad9c17286541725e94155c9735b78c8","ssoExpires":180122,"collission":false,"userId":50301190,"hmds":{"error":"no bridge"},"iserver":{"authStatus":{"authenticated":true,"established":true,"competing":false,"connected":true,"message":"","MAC":null,"serverInfo":{"serverName":"JifS17095","serverVersion":"Build 10.44.1f, Apr 7, 2026 1:49:24 PM"},"hardware_info":"2ea8e162|F4:03:43:DB:8E:10"}}}
00:05:13.302 INFO  vert.x-eventloop-thread-0 BaseServiceProxy     : -> GET /v1/api/tickle,200|71ms
00:05:13.303 DEBUG vert.x-eventloop-thread-0 ClientPortalService  : tickle {"session":"dad9c17286541725e94155c9735b78c8","ssoExpires":150119,"collission":false,"userId":50301190,"hmds":{"error":"no bridge"},"iserver":{"authStatus":{"authenticated":true,"established":true,"competing":false,"connected":true,"message":"","MAC":null,"serverInfo":{"serverName":"JifS17095","serverVersion":"Build 10.44.1f, Apr 7, 2026 1:49:24 PM"},"hardware_info":"14e662a5|F4:03:43:DB:8E:10"}}}
00:05:21.729 INFO  vert.x-eventloop-thread-0 BaseServiceProxy     : -> GET /v1/api/tickle,200|72ms
00:05:43.300 INFO  vert.x-eventloop-thread-0 BaseServiceProxy     : -> GET /v1/api/tickle,200|68ms
00:05:43.302 DEBUG vert.x-eventloop-thread-0 ClientPortalService  : tickle {"session":"dad9c17286541725e94155c9735b78c8","ssoExpires":120120,"collission":false,"userId":50301190,"hmds":{"error":"no bridge"},"iserver":{"authStatus":{"authenticated":true,"established":true,"competing":false,"connected":true,"message":"","MAC":null,"serverInfo":{"serverName":"JifS17095","serverVersion":"Build 10.44.1f, Apr 7, 2026 1:49:24 PM"},"hardware_info":"16973ca5|F4:03:43:DB:8E:10"}}}
00:06:13.297 INFO  vert.x-eventloop-thread-0 BaseServiceProxy     : -> GET /v1/api/tickle,200|67ms
00:06:13.297 DEBUG vert.x-eventloop-thread-0 ClientPortalService  : tickle {"session":"dad9c17286541725e94155c9735b78c8","ssoExpires":90127,"collission":false,"userId":50301190,"hmds":{"error":"no bridge"},"iserver":{"authStatus":{"authenticated":true,"established":true,"competing":false,"connected":true,"message":"","MAC":null,"serverInfo":{"serverName":"JifS17095","serverVersion":"Build 10.44.1f, Apr 7, 2026 1:49:24 PM"},"hardware_info":"33446b6b|F4:03:43:DB:8E:10"}}}
00:06:43.403 INFO  vert.x-eventloop-thread-0 BaseServiceProxy     : -> GET /v1/api/tickle,200|172ms
00:06:43.405 DEBUG vert.x-eventloop-thread-0 ClientPortalService  : tickle {"session":"dad9c17286541725e94155c9735b78c8","ssoExpires":60069,"collission":false,"userId":50301190,"hmds":{"error":"no bridge"},"iserver":{"authStatus":{"authenticated":true,"established":true,"competing":false,"connected":true,"message":"","MAC":null,"serverInfo":{"serverName":"JifS17095","serverVersion":"Build 10.44.1f, Apr 7, 2026 1:49:24 PM"},"hardware_info":"202b821e|F4:03:43:DB:8E:10"}}}
00:07:13.436 INFO  vert.x-eventloop-thread-0 BaseServiceProxy     : -> GET /v1/api/tickle,200|205ms
00:07:13.437 DEBUG vert.x-eventloop-thread-0 ClientPortalService  : tickle {"session":"dad9c17286541725e94155c9735b78c8","ssoExpires":30031,"collission":false,"userId":50301190,"hmds":{"error":"no bridge"},"iserver":{"authStatus":{"authenticated":true,"established":true,"competing":false,"connected":true,"message":"","MAC":null,"serverInfo":{"serverName":"JifS17095","serverVersion":"Build 10.44.1f, Apr 7, 2026 1:49:24 PM"},"hardware_info":"1c45b9de|F4:03:43:DB:8E:10"}}}
00:07:43.352 INFO  vert.x-eventloop-thread-0 BaseServiceProxy     : -> GET /v1/api/tickle,200|122ms
00:07:43.354 DEBUG vert.x-eventloop-thread-0 ClientPortalService  : tickle {"session":"dad9c17286541725e94155c9735b78c8","ssoExpires":66,"collission":false,"userId":50301190,"hmds":{"error":"no bridge"},"iserver":{"authStatus":{"authenticated":true,"established":true,"competing":false,"connected":true,"message":"","MAC":null,"serverInfo":{"serverName":"JifS17095","serverVersion":"Build 10.44.1f, Apr 7, 2026 1:49:24 PM"},"hardware_info":"0a251958|F4:03:43:DB:8E:10"}}}
00:08:08.432 INFO  vert.x-eventloop-thread-0 BaseServiceProxy     : -> GET /sso/ping,200|327ms
00:08:08.433 INFO  vert.x-eventloop-thread-0 SsoService           : sso ping {"result": "true"}
00:08:13.295 INFO  vert.x-eventloop-thread-0 BaseServiceProxy     : -> GET /v1/api/tickle,200|63ms
00:08:13.296 DEBUG vert.x-eventloop-thread-0 ClientPortalService  : tickle {"session":"dad9c17286541725e94155c9735b78c8","ssoExpires":600000,"collission":false,"userId":50301190,"hmds":{"error":"no bridge"},"iserver":{"authStatus":{"authenticated":true,"established":true,"competing":false,"connected":true,"message":"","MAC":null,"serverInfo":{"serverName":"JifS17095","serverVersion":"Build 10.44.1f, Apr 7, 2026 1:49:24 PM"},"hardware_info":"4032039c|F4:03:43:DB:8E:10"}}}
00:08:21.918 INFO  vert.x-eventloop-thread-0 BaseServiceProxy     : -> GET /v1/api/tickle,200|85ms
00:08:43.578 INFO  vert.x-eventloop-thread-0 BaseServiceProxy     : -> GET /v1/api/tickle,200|348ms
00:08:43.579 DEBUG vert.x-eventloop-thread-0 ClientPortalService  : tickle {"session":"dad9c17286541725e94155c9735b78c8","ssoExpires":569719,"collission":false,"userId":50301190,"hmds":{"error":"no bridge"},"iserver":{"authStatus":{"authenticated":true,"established":true,"competing":false,"connected":true,"message":"","MAC":null,"serverInfo":{"serverName":"JifS17095","serverVersion":"Build 10.44.1f, Apr 7, 2026 1:49:24 PM"},"hardware_info":"160a79ae|F4:03:43:DB:8E:10"}}}
00:09:13.382 INFO  vert.x-eventloop-thread-0 BaseServiceProxy     : -> GET /v1/api/tickle,200|154ms
00:09:13.382 DEBUG vert.x-eventloop-thread-0 ClientPortalService  : tickle {"session":"dad9c17286541725e94155c9735b78c8","ssoExpires":539912,"collission":false,"userId":50301190,"hmds":{"error":"no bridge"},"iserver":{"authStatus":{"authenticated":true,"established":true,"competing":false,"connected":true,"message":"","MAC":null,"serverInfo":{"serverName":"JifS17095","serverVersion":"Build 10.44.1f, Apr 7, 2026 1:49:24 PM"},"hardware_info":"238f3bba|F4:03:43:DB:8E:10"}}}
00:09:43.340 INFO  vert.x-eventloop-thread-0 BaseServiceProxy     : -> GET /v1/api/tickle,200|110ms
00:09:43.340 DEBUG vert.x-eventloop-thread-0 ClientPortalService  : tickle {"session":"dad9c17286541725e94155c9735b78c8","ssoExpires":509957,"collission":false,"userId":50301190,"hmds":{"error":"no bridge"},"iserver":{"authStatus":{"authenticated":true,"established":true,"competing":false,"connected":true,"message":"","MAC":null,"serverInfo":{"serverName":"JifS17095","serverVersion":"Build 10.44.1f, Apr 7, 2026 1:49:24 PM"},"hardware_info":"39ec9993|F4:03:43:DB:8E:10"}}}
00:10:13.352 INFO  vert.x-eventloop-thread-0 BaseServiceProxy     : -> GET /v1/api/tickle,200|123ms
00:10:13.353 DEBUG vert.x-eventloop-thread-0 ClientPortalService  : tickle {"session":"dad9c17286541725e94155c9735b78c8","ssoExpires":479975,"collission":false,"userId":50301190,"hmds":{"error":"no bridge"},"iserver":{"authStatus":{"authenticated":true,"established":true,"competing":false,"connected":true,"message":"","MAC":null,"serverInfo":{"serverName":"JifS17095","serverVersion":"Build 10.44.1f, Apr 7, 2026 1:49:24 PM"},"hardware_info":"2edead0b|F4:03:43:DB:8E:10"}}}
00:10:43.301 INFO  vert.x-eventloop-thread-0 BaseServiceProxy     : -> GET /v1/api/tickle,200|72ms
00:10:43.303 DEBUG vert.x-eventloop-thread-0 ClientPortalService  : tickle {"session":"dad9c17286541725e94155c9735b78c8","ssoExpires":449996,"collission":false,"userId":50301190,"hmds":{"error":"no bridge"},"iserver":{"authStatus":{"authenticated":true,"established":true,"competing":false,"connected":true,"message":"","MAC":null,"serverInfo":{"serverName":"JifS17095","serverVersion":"Build 10.44.1f, Apr 7, 2026 1:49:24 PM"},"hardware_info":"2faadf51|F4:03:43:DB:8E:10"}}}
00:11:13.425 INFO  vert.x-eventloop-thread-0 BaseServiceProxy     : -> GET /v1/api/tickle,200|196ms
00:11:13.427 DEBUG vert.x-eventloop-thread-0 ClientPortalService  : tickle {"session":"dad9c17286541725e94155c9735b78c8","ssoExpires":419904,"collission":false,"userId":50301190,"hmds":{"error":"no bridge"},"iserver":{"authStatus":{"authenticated":true,"established":true,"competing":false,"connected":true,"message":"","MAC":null,"serverInfo":{"serverName":"JifS17095","serverVersion":"Build 10.44.1f, Apr 7, 2026 1:49:24 PM"},"hardware_info":"3baaf1c6|F4:03:43:DB:8E:10"}}}
00:11:22.167 INFO  vert.x-eventloop-thread-0 BaseServiceProxy     : -> GET /v1/api/tickle,200|144ms
00:11:43.431 INFO  vert.x-eventloop-thread-0 BaseServiceProxy     : -> GET /v1/api/tickle,200|202ms
00:11:43.433 DEBUG vert.x-eventloop-thread-0 ClientPortalService  : tickle {"session":"dad9c17286541725e94155c9735b78c8","ssoExpires":389949,"collission":false,"userId":50301190,"hmds":{"error":"no bridge"},"iserver":{"authStatus":{"authenticated":true,"established":true,"competing":false,"connected":true,"message":"","MAC":null,"serverInfo":{"serverName":"JifS17095","serverVersion":"Build 10.44.1f, Apr 7, 2026 1:49:24 PM"},"hardware_info":"14c6a784|F4:03:43:DB:8E:10"}}}
00:12:13.323 INFO  vert.x-eventloop-thread-0 BaseServiceProxy     : -> GET /v1/api/tickle,200|94ms
00:12:13.327 DEBUG vert.x-eventloop-thread-0 ClientPortalService  : tickle {"session":"dad9c17286541725e94155c9735b78c8","ssoExpires":359990,"collission":false,"userId":50301190,"hmds":{"error":"no bridge"},"iserver":{"authStatus":{"authenticated":true,"established":true,"competing":false,"connected":true,"message":"","MAC":null,"serverInfo":{"serverName":"JifS17095","serverVersion":"Build 10.44.1f, Apr 7, 2026 1:49:24 PM"},"hardware_info":"0fbf51e8|F4:03:43:DB:8E:10"}}}
00:12:43.357 INFO  vert.x-eventloop-thread-0 BaseServiceProxy     : -> GET /v1/api/tickle,200|130ms
00:12:43.358 DEBUG vert.x-eventloop-thread-0 ClientPortalService  : tickle {"session":"dad9c17286541725e94155c9735b78c8","ssoExpires":329998,"collission":false,"userId":50301190,"hmds":{"error":"no bridge"},"iserver":{"authStatus":{"authenticated":true,"established":true,"competing":false,"connected":true,"message":"","MAC":null,"serverInfo":{"serverName":"JifS17095","serverVersion":"Build 10.44.1f, Apr 7, 2026 1:49:24 PM"},"hardware_info":"31a7990e|F4:03:43:DB:8E:10"}}}
00:13:08.745 INFO  vert.x-eventloop-thread-0 BaseServiceProxy     : -> GET /sso/ping,200|642ms
00:13:08.745 INFO  vert.x-eventloop-thread-0 SsoService           : sso ping {"result": "true"}
00:13:13.289 INFO  vert.x-eventloop-thread-0 BaseServiceProxy     : -> GET /v1/api/tickle,200|63ms
00:13:13.290 DEBUG vert.x-eventloop-thread-0 ClientPortalService  : tickle {"session":"dad9c17286541725e94155c9735b78c8","ssoExpires":300004,"collission":false,"userId":50301190,"hmds":{"error":"no bridge"},"iserver":{"authStatus":{"authenticated":true,"established":true,"competing":false,"connected":true,"message":"","MAC":null,"serverInfo":{"serverName":"JifS17095","serverVersion":"Build 10.44.1f, Apr 7, 2026 1:49:24 PM"},"hardware_info":"17311e13|F4:03:43:DB:8E:10"}}}
00:13:43.411 INFO  vert.x-eventloop-thread-0 BaseServiceProxy     : -> GET /v1/api/tickle,200|183ms
00:13:43.413 DEBUG vert.x-eventloop-thread-0 ClientPortalService  : tickle {"session":"dad9c17286541725e94155c9735b78c8","ssoExpires":269895,"collission":false,"userId":50301190,"hmds":{"error":"no bridge"},"iserver":{"authStatus":{"authenticated":true,"established":true,"competing":false,"connected":true,"message":"","MAC":null,"serverInfo":{"serverName":"JifS17095","serverVersion":"Build 10.44.1f, Apr 7, 2026 1:49:24 PM"},"hardware_info":"39078064|F4:03:43:DB:8E:10"}}}
00:14:13.342 INFO  vert.x-eventloop-thread-0 BaseServiceProxy     : -> GET /v1/api/tickle,200|115ms
00:14:13.343 DEBUG vert.x-eventloop-thread-0 ClientPortalService  : tickle {"session":"dad9c17286541725e94155c9735b78c8","ssoExpires":239969,"collission":false,"userId":50301190,"hmds":{"error":"no bridge"},"iserver":{"authStatus":{"authenticated":true,"established":true,"competing":false,"connected":true,"message":"","MAC":null,"serverInfo":{"serverName":"JifS17095","serverVersion":"Build 10.44.1f, Apr 7, 2026 1:49:24 PM"},"hardware_info":"21c11251|F4:03:43:DB:8E:10"}}}
00:14:22.427 INFO  vert.x-eventloop-thread-0 BaseServiceProxy     : -> GET /v1/api/tickle,200|91ms
00:14:43.312 INFO  vert.x-eventloop-thread-0 BaseServiceProxy     : -> GET /v1/api/tickle,200|84ms
00:14:43.314 DEBUG vert.x-eventloop-thread-0 ClientPortalService  : tickle {"session":"dad9c17286541725e94155c9735b78c8","ssoExpires":209985,"collission":false,"userId":50301190,"hmds":{"error":"no bridge"},"iserver":{"authStatus":{"authenticated":true,"established":true,"competing":false,"connected":true,"message":"","MAC":null,"serverInfo":{"serverName":"JifS17095","serverVersion":"Build 10.44.1f, Apr 7, 2026 1:49:24 PM"},"hardware_info":"202da943|F4:03:43:DB:8E:10"}}}
00:15:13.514 INFO  vert.x-eventloop-thread-0 BaseServiceProxy     : -> GET /v1/api/tickle,200|288ms
00:15:13.515 DEBUG vert.x-eventloop-thread-0 ClientPortalService  : tickle {"session":"dad9c17286541725e94155c9735b78c8","ssoExpires":179857,"collission":false,"userId":50301190,"hmds":{"error":"no bridge"},"iserver":{"authStatus":{"authenticated":true,"established":true,"competing":false,"connected":true,"message":"","MAC":null,"serverInfo":{"serverName":"JifS17095","serverVersion":"Build 10.44.1f, Apr 7, 2026 1:49:24 PM"},"hardware_info":"28695298|F4:03:43:DB:8E:10"}}}
00:15:43.294 INFO  vert.x-eventloop-thread-0 BaseServiceProxy     : -> GET /v1/api/tickle,200|67ms
00:15:43.296 DEBUG vert.x-eventloop-thread-0 ClientPortalService  : tickle {"session":"dad9c17286541725e94155c9735b78c8","ssoExpires":149998,"collission":false,"userId":50301190,"hmds":{"error":"no bridge"},"iserver":{"authStatus":{"authenticated":true,"established":true,"competing":false,"connected":true,"message":"","MAC":null,"serverInfo":{"serverName":"JifS17095","serverVersion":"Build 10.44.1f, Apr 7, 2026 1:49:24 PM"},"hardware_info":"35d50be4|F4:03:43:DB:8E:10"}}}
00:16:13.302 INFO  vert.x-eventloop-thread-0 BaseServiceProxy     : -> GET /v1/api/tickle,200|75ms
00:16:13.305 DEBUG vert.x-eventloop-thread-0 ClientPortalService  : tickle {"session":"dad9c17286541725e94155c9735b78c8","ssoExpires":119997,"collission":false,"userId":50301190,"hmds":{"error":"no bridge"},"iserver":{"authStatus":{"authenticated":true,"established":true,"competing":false,"connected":true,"message":"","MAC":null,"serverInfo":{"serverName":"JifS17095","serverVersion":"Build 10.44.1f, Apr 7, 2026 1:49:24 PM"},"hardware_info":"0ed1e286|F4:03:43:DB:8E:10"}}}
00:16:43.453 INFO  vert.x-eventloop-thread-0 BaseServiceProxy     : -> GET /v1/api/tickle,200|227ms
00:16:43.454 DEBUG vert.x-eventloop-thread-0 ClientPortalService  : tickle {"session":"dad9c17286541725e94155c9735b78c8","ssoExpires":89840,"collission":false,"userId":50301190,"hmds":{"error":"no bridge"},"iserver":{"authStatus":{"authenticated":true,"established":true,"competing":false,"connected":true,"message":"","MAC":null,"serverInfo":{"serverName":"JifS17095","serverVersion":"Build 10.44.1f, Apr 7, 2026 1:49:24 PM"},"hardware_info":"12e936cf|F4:03:43:DB:8E:10"}}}
00:17:13.300 INFO  vert.x-eventloop-thread-0 BaseServiceProxy     : -> GET /v1/api/tickle,200|74ms
00:17:13.301 DEBUG vert.x-eventloop-thread-0 ClientPortalService  : tickle {"session":"dad9c17286541725e94155c9735b78c8","ssoExpires":59992,"collission":false,"userId":50301190,"hmds":{"error":"no bridge"},"iserver":{"authStatus":{"authenticated":true,"established":true,"competing":false,"connected":true,"message":"","MAC":null,"serverInfo":{"serverName":"JifS17095","serverVersion":"Build 10.44.1f, Apr 7, 2026 1:49:24 PM"},"hardware_info":"2ec35f0c|F4:03:43:DB:8E:10"}}}
00:17:22.635 INFO  vert.x-eventloop-thread-0 BaseServiceProxy     : -> GET /v1/api/tickle,200|86ms
00:17:43.302 INFO  vert.x-eventloop-thread-0 BaseServiceProxy     : -> GET /v1/api/tickle,200|76ms
00:17:43.302 DEBUG vert.x-eventloop-thread-0 ClientPortalService  : tickle {"session":"dad9c17286541725e94155c9735b78c8","ssoExpires":29990,"collission":false,"userId":50301190,"hmds":{"error":"no bridge"},"iserver":{"authStatus":{"authenticated":true,"established":true,"competing":false,"connected":true,"message":"","MAC":null,"serverInfo":{"serverName":"JifS17095","serverVersion":"Build 10.44.1f, Apr 7, 2026 1:49:24 PM"},"hardware_info":"077f063c|F4:03:43:DB:8E:10"}}}
00:18:08.388 INFO  vert.x-eventloop-thread-0 BaseServiceProxy     : -> GET /sso/ping,200|287ms
00:18:08.389 INFO  vert.x-eventloop-thread-0 SsoService           : sso ping {"result": "false"}
00:18:13.350 INFO  vert.x-eventloop-thread-0 BaseServiceProxy     : -> GET /v1/api/tickle,200|126ms
00:18:13.350 DEBUG vert.x-eventloop-thread-0 ClientPortalService  : tickle {"session":"dad9c17286541725e94155c9735b78c8","ssoExpires":600000,"collission":false,"userId":50301190,"hmds":{"error":"no bridge"},"iserver":{"authStatus":{"authenticated":true,"established":true,"competing":false,"connected":true,"message":"","MAC":null,"serverInfo":{"serverName":"JifS17095","serverVersion":"Build 10.44.1f, Apr 7, 2026 1:49:24 PM"},"hardware_info":"2b41ba22|F4:03:43:DB:8E:10"}}}
00:18:43.446 INFO  vert.x-eventloop-thread-0 BaseServiceProxy     : -> GET /v1/api/tickle,200|221ms
00:18:43.447 DEBUG vert.x-eventloop-thread-0 ClientPortalService  : tickle {"session":"dad9c17286541725e94155c9735b78c8","ssoExpires":569860,"collission":false,"userId":50301190,"hmds":{"error":"no bridge"},"iserver":{"authStatus":{"authenticated":true,"established":true,"competing":false,"connected":true,"message":"","MAC":null,"serverInfo":{"serverName":"JifS17095","serverVersion":"Build 10.44.1f, Apr 7, 2026 1:49:24 PM"},"hardware_info":"23d9f299|F4:03:43:DB:8E:10"}}}
00:19:13.545 INFO  vert.x-eventloop-thread-0 BaseServiceProxy     : -> GET /v1/api/tickle,200|321ms
00:19:13.546 DEBUG vert.x-eventloop-thread-0 ClientPortalService  : tickle {"session":"dad9c17286541725e94155c9735b78c8","ssoExpires":539759,"collission":false,"userId":50301190,"hmds":{"error":"no bridge"},"iserver":{"authStatus":{"authenticated":true,"established":true,"competing":false,"connected":true,"message":"","MAC":null,"serverInfo":{"serverName":"JifS17095","serverVersion":"Build 10.44.1f, Apr 7, 2026 1:49:24 PM"},"hardware_info":"2b6408c6|F4:03:43:DB:8E:10"}}}
00:19:43.322 INFO  vert.x-eventloop-thread-0 BaseServiceProxy     : -> GET /v1/api/tickle,200|97ms
00:19:43.322 DEBUG vert.x-eventloop-thread-0 ClientPortalService  : tickle {"session":"dad9c17286541725e94155c9735b78c8","ssoExpires":509999,"collission":false,"userId":50301190,"hmds":{"error":"no bridge"},"iserver":{"authStatus":{"authenticated":true,"established":true,"competing":false,"connected":true,"message":"","MAC":null,"serverInfo":{"serverName":"JifS17095","serverVersion":"Build 10.44.1f, Apr 7, 2026 1:49:24 PM"},"hardware_info":"2c223177|F4:03:43:DB:8E:10"}}}
00:20:13.324 INFO  vert.x-eventloop-thread-0 BaseServiceProxy     : -> GET /v1/api/tickle,200|101ms
00:20:13.324 DEBUG vert.x-eventloop-thread-0 ClientPortalService  : tickle {"session":"dad9c17286541725e94155c9735b78c8","ssoExpires":479981,"collission":false,"userId":50301190,"hmds":{"error":"no bridge"},"iserver":{"authStatus":{"authenticated":true,"established":true,"competing":false,"connected":true,"message":"","MAC":null,"serverInfo":{"serverName":"JifS17095","serverVersion":"Build 10.44.1f, Apr 7, 2026 1:49:24 PM"},"hardware_info":"16b72b37|F4:03:43:DB:8E:10"}}}
00:20:22.853 INFO  vert.x-eventloop-thread-0 BaseServiceProxy     : -> GET /v1/api/tickle,200|65ms
00:20:43.339 INFO  vert.x-eventloop-thread-0 BaseServiceProxy     : -> GET /v1/api/tickle,200|116ms
00:20:43.340 DEBUG vert.x-eventloop-thread-0 ClientPortalService  : tickle {"session":"dad9c17286541725e94155c9735b78c8","ssoExpires":449996,"collission":false,"userId":50301190,"hmds":{"error":"no bridge"},"iserver":{"authStatus":{"authenticated":true,"established":true,"competing":false,"connected":true,"message":"","MAC":null,"serverInfo":{"serverName":"JifS17095","serverVersion":"Build 10.44.1f, Apr 7, 2026 1:49:24 PM"},"hardware_info":"0c1c5a0f|F4:03:43:DB:8E:10"}}}
00:21:13.297 INFO  vert.x-eventloop-thread-0 BaseServiceProxy     : -> GET /v1/api/tickle,200|74ms
00:21:13.298 DEBUG vert.x-eventloop-thread-0 ClientPortalService  : tickle {"session":"dad9c17286541725e94155c9735b78c8","ssoExpires":420008,"collission":false,"userId":50301190,"hmds":{"error":"no bridge"},"iserver":{"authStatus":{"authenticated":true,"established":true,"competing":false,"connected":true,"message":"","MAC":null,"serverInfo":{"serverName":"JifS17095","serverVersion":"Build 10.44.1f, Apr 7, 2026 1:49:24 PM"},"hardware_info":"1994550c|F4:03:43:DB:8E:10"}}}
00:21:43.330 INFO  vert.x-eventloop-thread-0 BaseServiceProxy     : -> GET /v1/api/tickle,200|107ms
00:21:43.331 DEBUG vert.x-eventloop-thread-0 ClientPortalService  : tickle {"session":"dad9c17286541725e94155c9735b78c8","ssoExpires":389993,"collission":false,"userId":50301190,"hmds":{"error":"no bridge"},"iserver":{"authStatus":{"authenticated":true,"established":true,"competing":false,"connected":true,"message":"","MAC":null,"serverInfo":{"serverName":"JifS17095","serverVersion":"Build 10.44.1f, Apr 7, 2026 1:49:24 PM"},"hardware_info":"0c5413dc|F4:03:43:DB:8E:10"}}}
00:22:13.510 INFO  vert.x-eventloop-thread-0 BaseServiceProxy     : -> GET /v1/api/tickle,200|287ms
00:22:13.510 DEBUG vert.x-eventloop-thread-0 ClientPortalService  : tickle {"session":"dad9c17286541725e94155c9735b78c8","ssoExpires":359905,"collission":false,"userId":50301190,"hmds":{"error":"no bridge"},"iserver":{"authStatus":{"authenticated":true,"established":true,"competing":false,"connected":true,"message":"","MAC":null,"serverInfo":{"serverName":"JifS17095","serverVersion":"Build 10.44.1f, Apr 7, 2026 1:49:24 PM"},"hardware_info":"14044526|F4:03:43:DB:8E:10"}}}
00:22:43.729 INFO  vert.x-eventloop-thread-0 BaseServiceProxy     : -> GET /v1/api/tickle,200|507ms
00:22:43.730 DEBUG vert.x-eventloop-thread-0 ClientPortalService  : tickle {"session":"dad9c17286541725e94155c9735b78c8","ssoExpires":329675,"collission":false,"userId":50301190,"hmds":{"error":"no bridge"},"iserver":{"authStatus":{"authenticated":true,"established":true,"competing":false,"connected":true,"message":"","MAC":null,"serverInfo":{"serverName":"JifS17095","serverVersion":"Build 10.44.1f, Apr 7, 2026 1:49:24 PM"},"hardware_info":"1be27de6|F4:03:43:DB:8E:10"}}}
00:23:09.119 INFO  vert.x-eventloop-thread-0 BaseServiceProxy     : -> GET /sso/ping,200|1020ms
00:23:09.119 INFO  vert.x-eventloop-thread-0 SsoService           : sso ping {"result": "true"}
00:23:13.421 INFO  vert.x-eventloop-thread-0 BaseServiceProxy     : -> GET /v1/api/tickle,200|199ms
00:23:13.422 DEBUG vert.x-eventloop-thread-0 ClientPortalService  : tickle {"session":"dad9c17286541725e94155c9735b78c8","ssoExpires":299934,"collission":false,"userId":50301190,"hmds":{"error":"no bridge"},"iserver":{"authStatus":{"authenticated":true,"established":true,"competing":false,"connected":true,"message":"","MAC":null,"serverInfo":{"serverName":"JifS17095","serverVersion":"Build 10.44.1f, Apr 7, 2026 1:49:24 PM"},"hardware_info":"11359a9b|F4:03:43:DB:8E:10"}}}
00:23:23.114 INFO  vert.x-eventloop-thread-0 BaseServiceProxy     : -> GET /v1/api/tickle,200|119ms
00:23:43.348 INFO  vert.x-eventloop-thread-0 BaseServiceProxy     : -> GET /v1/api/tickle,200|126ms
00:23:43.348 DEBUG vert.x-eventloop-thread-0 ClientPortalService  : tickle {"session":"dad9c17286541725e94155c9735b78c8","ssoExpires":269976,"collission":false,"userId":50301190,"hmds":{"error":"no bridge"},"iserver":{"authStatus":{"authenticated":true,"established":true,"competing":false,"connected":true,"message":"","MAC":null,"serverInfo":{"serverName":"JifS17095","serverVersion":"Build 10.44.1f, Apr 7, 2026 1:49:24 PM"},"hardware_info":"2a63cd32|F4:03:43:DB:8E:10"}}}
00:24:13.346 INFO  vert.x-eventloop-thread-0 BaseServiceProxy     : -> GET /v1/api/tickle,200|122ms
00:24:13.347 DEBUG vert.x-eventloop-thread-0 ClientPortalService  : tickle {"session":"dad9c17286541725e94155c9735b78c8","ssoExpires":239961,"collission":false,"userId":50301190,"hmds":{"error":"no bridge"},"iserver":{"authStatus":{"authenticated":true,"established":true,"competing":false,"connected":true,"message":"","MAC":null,"serverInfo":{"serverName":"JifS17095","serverVersion":"Build 10.44.1f, Apr 7, 2026 1:49:24 PM"},"hardware_info":"1a78dd9f|F4:03:43:DB:8E:10"}}}
00:24:43.299 INFO  vert.x-eventloop-thread-0 BaseServiceProxy     : -> GET /v1/api/tickle,200|77ms
00:24:43.300 DEBUG vert.x-eventloop-thread-0 ClientPortalService  : tickle {"session":"dad9c17286541725e94155c9735b78c8","ssoExpires":210004,"collission":false,"userId":50301190,"hmds":{"error":"no bridge"},"iserver":{"authStatus":{"authenticated":true,"established":true,"competing":false,"connected":true,"message":"","MAC":null,"serverInfo":{"serverName":"JifS17095","serverVersion":"Build 10.44.1f, Apr 7, 2026 1:49:24 PM"},"hardware_info":"1f6cd5c3|F4:03:43:DB:8E:10"}}}
00:25:13.295 INFO  vert.x-eventloop-thread-0 BaseServiceProxy     : -> GET /v1/api/tickle,200|72ms
00:25:13.296 DEBUG vert.x-eventloop-thread-0 ClientPortalService  : tickle {"session":"dad9c17286541725e94155c9735b78c8","ssoExpires":180007,"collission":false,"userId":50301190,"hmds":{"error":"no bridge"},"iserver":{"authStatus":{"authenticated":true,"established":true,"competing":false,"connected":true,"message":"","MAC":null,"serverInfo":{"serverName":"JifS17095","serverVersion":"Build 10.44.1f, Apr 7, 2026 1:49:24 PM"},"hardware_info":"208f3b96|F4:03:43:DB:8E:10"}}}
00:25:43.300 INFO  vert.x-eventloop-thread-0 BaseServiceProxy     : -> GET /v1/api/tickle,200|77ms
00:25:43.302 DEBUG vert.x-eventloop-thread-0 ClientPortalService  : tickle {"session":"dad9c17286541725e94155c9735b78c8","ssoExpires":150004,"collission":false,"userId":50301190,"hmds":{"error":"no bridge"},"iserver":{"authStatus":{"authenticated":true,"established":true,"competing":false,"connected":true,"message":"","MAC":null,"serverInfo":{"serverName":"JifS17095","serverVersion":"Build 10.44.1f, Apr 7, 2026 1:49:24 PM"},"hardware_info":"2335a6c1|F4:03:43:DB:8E:10"}}}
00:26:13.290 INFO  vert.x-eventloop-thread-0 BaseServiceProxy     : -> GET /v1/api/tickle,200|68ms
00:26:13.291 DEBUG vert.x-eventloop-thread-0 ClientPortalService  : tickle {"session":"dad9c17286541725e94155c9735b78c8","ssoExpires":120013,"collission":false,"userId":50301190,"hmds":{"error":"no bridge"},"iserver":{"authStatus":{"authenticated":true,"established":true,"competing":false,"connected":true,"message":"","MAC":null,"serverInfo":{"serverName":"JifS17095","serverVersion":"Build 10.44.1f, Apr 7, 2026 1:49:24 PM"},"hardware_info":"18c089b5|F4:03:43:DB:8E:10"}}}
00:26:23.273 INFO  vert.x-eventloop-thread-0 BaseServiceProxy     : -> GET /v1/api/tickle,200|69ms
00:26:43.307 INFO  vert.x-eventloop-thread-0 BaseServiceProxy     : -> GET /v1/api/tickle,200|86ms
00:26:43.307 DEBUG vert.x-eventloop-thread-0 ClientPortalService  : tickle {"session":"dad9c17286541725e94155c9735b78c8","ssoExpires":89994,"collission":false,"userId":50301190,"hmds":{"error":"no bridge"},"iserver":{"authStatus":{"authenticated":true,"established":true,"competing":false,"connected":true,"message":"","MAC":null,"serverInfo":{"serverName":"JifS17095","serverVersion":"Build 10.44.1f, Apr 7, 2026 1:49:24 PM"},"hardware_info":"37bc2143|F4:03:43:DB:8E:10"}}}
00:27:13.298 INFO  vert.x-eventloop-thread-0 BaseServiceProxy     : -> GET /v1/api/tickle,200|77ms
00:27:13.300 DEBUG vert.x-eventloop-thread-0 ClientPortalService  : tickle {"session":"dad9c17286541725e94155c9735b78c8","ssoExpires":60005,"collission":false,"userId":50301190,"hmds":{"error":"no bridge"},"iserver":{"authStatus":{"authenticated":true,"established":true,"competing":false,"connected":true,"message":"","MAC":null,"serverInfo":{"serverName":"JifS17095","serverVersion":"Build 10.44.1f, Apr 7, 2026 1:49:24 PM"},"hardware_info":"20a39cae|F4:03:43:DB:8E:10"}}}
00:27:43.288 INFO  vert.x-eventloop-thread-0 BaseServiceProxy     : -> GET /v1/api/tickle,200|68ms
00:27:43.288 DEBUG vert.x-eventloop-thread-0 ClientPortalService  : tickle {"session":"dad9c17286541725e94155c9735b78c8","ssoExpires":30016,"collission":false,"userId":50301190,"hmds":{"error":"no bridge"},"iserver":{"authStatus":{"authenticated":true,"established":true,"competing":false,"connected":true,"message":"","MAC":null,"serverInfo":{"serverName":"JifS17095","serverVersion":"Build 10.44.1f, Apr 7, 2026 1:49:24 PM"},"hardware_info":"0ef82f98|F4:03:43:DB:8E:10"}}}
00:28:08.632 INFO  vert.x-eventloop-thread-0 BaseServiceProxy     : -> GET /sso/ping,200|535ms
00:28:08.633 INFO  vert.x-eventloop-thread-0 SsoService           : sso ping {"result": "true"}
00:28:13.281 INFO  vert.x-eventloop-thread-0 BaseServiceProxy     : -> GET /v1/api/tickle,200|60ms
00:28:13.282 DEBUG vert.x-eventloop-thread-0 ClientPortalService  : tickle {"session":"dad9c17286541725e94155c9735b78c8","ssoExpires":22,"collission":false,"userId":50301190,"hmds":{"error":"no bridge"},"iserver":{"authStatus":{"authenticated":true,"established":true,"competing":false,"connected":true,"message":"","MAC":null,"serverInfo":{"serverName":"JifS17095","serverVersion":"Build 10.44.1f, Apr 7, 2026 1:49:24 PM"},"hardware_info":"09d6f770|F4:03:43:DB:8E:10"}}}
00:28:43.280 INFO  vert.x-eventloop-thread-0 BaseServiceProxy     : -> GET /v1/api/tickle,200|59ms
00:28:43.281 DEBUG vert.x-eventloop-thread-0 ClientPortalService  : tickle {"session":"dad9c17286541725e94155c9735b78c8","ssoExpires":600000,"collission":false,"userId":50301190,"hmds":{"error":"no bridge"},"iserver":{"authStatus":{"authenticated":true,"established":true,"competing":false,"connected":true,"message":"","MAC":null,"serverInfo":{"serverName":"JifS17095","serverVersion":"Build 10.44.1f, Apr 7, 2026 1:49:24 PM"},"hardware_info":"2f7c47ab|F4:03:43:DB:8E:10"}}}
00:29:13.294 INFO  vert.x-eventloop-thread-0 BaseServiceProxy     : -> GET /v1/api/tickle,200|74ms
00:29:13.294 DEBUG vert.x-eventloop-thread-0 ClientPortalService  : tickle {"session":"dad9c17286541725e94155c9735b78c8","ssoExpires":569986,"collission":false,"userId":50301190,"hmds":{"error":"no bridge"},"iserver":{"authStatus":{"authenticated":true,"established":true,"competing":false,"connected":true,"message":"","MAC":null,"serverInfo":{"serverName":"JifS17095","serverVersion":"Build 10.44.1f, Apr 7, 2026 1:49:24 PM"},"hardware_info":"413ab215|F4:03:43:DB:8E:10"}}}
00:29:23.722 INFO  vert.x-eventloop-thread-0 BaseServiceProxy     : -> GET /v1/api/tickle,200|318ms
00:29:43.295 INFO  vert.x-eventloop-thread-0 BaseServiceProxy     : -> GET /v1/api/tickle,200|75ms
00:29:43.296 DEBUG vert.x-eventloop-thread-0 ClientPortalService  : tickle {"session":"dad9c17286541725e94155c9735b78c8","ssoExpires":539984,"collission":false,"userId":50301190,"hmds":{"error":"no bridge"},"iserver":{"authStatus":{"authenticated":true,"established":true,"competing":false,"connected":true,"message":"","MAC":null,"serverInfo":{"serverName":"JifS17095","serverVersion":"Build 10.44.1f, Apr 7, 2026 1:49:24 PM"},"hardware_info":"2edabd0f|F4:03:43:DB:8E:10"}}}
00:30:13.281 INFO  vert.x-eventloop-thread-0 BaseServiceProxy     : -> GET /v1/api/tickle,200|62ms
00:30:13.282 DEBUG vert.x-eventloop-thread-0 ClientPortalService  : tickle {"session":"dad9c17286541725e94155c9735b78c8","ssoExpires":509998,"collission":false,"userId":50301190,"hmds":{"error":"no bridge"},"iserver":{"authStatus":{"authenticated":true,"established":true,"competing":false,"connected":true,"message":"","MAC":null,"serverInfo":{"serverName":"JifS17095","serverVersion":"Build 10.44.1f, Apr 7, 2026 1:49:24 PM"},"hardware_info":"230aad36|F4:03:43:DB:8E:10"}}}
00:30:43.349 INFO  vert.x-eventloop-thread-0 BaseServiceProxy     : -> GET /v1/api/tickle,200|129ms
00:30:43.351 DEBUG vert.x-eventloop-thread-0 ClientPortalService  : tickle {"session":"dad9c17286541725e94155c9735b78c8","ssoExpires":479966,"collission":false,"userId":50301190,"hmds":{"error":"no bridge"},"iserver":{"authStatus":{"authenticated":true,"established":true,"competing":false,"connected":true,"message":"","MAC":null,"serverInfo":{"serverName":"JifS17095","serverVersion":"Build 10.44.1f, Apr 7, 2026 1:49:24 PM"},"hardware_info":"3be77613|F4:03:43:DB:8E:10"}}}
00:31:13.320 INFO  vert.x-eventloop-thread-0 BaseServiceProxy     : -> GET /v1/api/tickle,200|101ms
00:31:13.321 DEBUG vert.x-eventloop-thread-0 ClientPortalService  : tickle {"session":"dad9c17286541725e94155c9735b78c8","ssoExpires":449961,"collission":false,"userId":50301190,"hmds":{"error":"no bridge"},"iserver":{"authStatus":{"authenticated":true,"established":true,"competing":false,"connected":true,"message":"","MAC":null,"serverInfo":{"serverName":"JifS17095","serverVersion":"Build 10.44.1f, Apr 7, 2026 1:49:24 PM"},"hardware_info":"323f669e|F4:03:43:DB:8E:10"}}}
00:31:43.298 INFO  vert.x-eventloop-thread-0 BaseServiceProxy     : -> GET /v1/api/tickle,200|79ms
00:31:43.299 DEBUG vert.x-eventloop-thread-0 ClientPortalService  : tickle {"session":"dad9c17286541725e94155c9735b78c8","ssoExpires":419989,"collission":false,"userId":50301190,"hmds":{"error":"no bridge"},"iserver":{"authStatus":{"authenticated":true,"established":true,"competing":false,"connected":true,"message":"","MAC":null,"serverInfo":{"serverName":"JifS17095","serverVersion":"Build 10.44.1f, Apr 7, 2026 1:49:24 PM"},"hardware_info":"337039b4|F4:03:43:DB:8E:10"}}}
00:31:49.416 INFO  vert.x-eventloop-thread-0 BaseServiceProxy     : -> GET /v1/api/iserver/account/orders,200|65ms
00:31:49.505 INFO  vert.x-eventloop-thread-0 BaseServiceProxy     : -> GET /v1/api/iserver/account/orders,200|67ms
00:31:50.123 INFO  vert.x-eventloop-thread-0 BaseServiceProxy     : -> GET /v1/api/iserver/account/U5799398/order/2114802824,200|602ms
00:31:50.187 INFO  vert.x-eventloop-thread-0 BaseServiceProxy     : -> GET /v1/api/iserver/account/orders,200|62ms
00:31:51.043 INFO  vert.x-eventloop-thread-0 BaseServiceProxy     : -> GET /v1/api/iserver/marketdata/history?conid=12460&period=30d&bar=1d&outsideRth=false,200|840ms
00:31:51.108 INFO  vert.x-eventloop-thread-0 BaseServiceProxy     : -> GET /v1/api/iserver/marketdata/history?conid=12460&period=30d&bar=1d&outsideRth=false,200|63ms
00:31:51.214 INFO  vert.x-eventloop-thread-0 BaseServiceProxy     : -> GET /v1/api/iserver/account/orders,200|65ms
00:32:13.301 INFO  vert.x-eventloop-thread-0 BaseServiceProxy     : -> GET /v1/api/tickle,200|82ms
00:32:13.302 DEBUG vert.x-eventloop-thread-0 ClientPortalService  : tickle {"session":"dad9c17286541725e94155c9735b78c8","ssoExpires":389979,"collission":false,"userId":50301190,"hmds":{"error":"no bridge"},"iserver":{"authStatus":{"authenticated":true,"established":true,"competing":false,"connected":true,"message":"","MAC":null,"serverInfo":{"serverName":"JifS17095","serverVersion":"Build 10.44.1f, Apr 7, 2026 1:49:24 PM"},"hardware_info":"2c4b6725|F4:03:43:DB:8E:10"}}}
00:32:43.298 INFO  vert.x-eventloop-thread-0 BaseServiceProxy     : -> GET /v1/api/tickle,200|67ms
00:32:43.299 DEBUG vert.x-eventloop-thread-0 ClientPortalService  : tickle {"session":"dad9c17286541725e94155c9735b78c8","ssoExpires":359995,"collission":false,"userId":50301190,"hmds":{"error":"no bridge"},"iserver":{"authStatus":{"authenticated":true,"established":true,"competing":false,"connected":true,"message":"","MAC":null,"serverInfo":{"serverName":"JifS17095","serverVersion":"Build 10.44.1f, Apr 7, 2026 1:49:24 PM"},"hardware_info":"39d466a8|F4:03:43:DB:8E:10"}}}
00:33:08.411 INFO  vert.x-eventloop-thread-0 BaseServiceProxy     : -> GET /sso/ping,200|296ms
00:33:08.413 INFO  vert.x-eventloop-thread-0 SsoService           : sso ping {"result": "true"}
00:33:13.303 INFO  vert.x-eventloop-thread-0 BaseServiceProxy     : -> GET /v1/api/tickle,200|63ms
00:33:13.303 DEBUG vert.x-eventloop-thread-0 ClientPortalService  : tickle {"session":"dad9c17286541725e94155c9735b78c8","ssoExpires":329997,"collission":false,"userId":50301190,"hmds":{"error":"no bridge"},"iserver":{"authStatus":{"authenticated":true,"established":true,"competing":false,"connected":true,"message":"","MAC":null,"serverInfo":{"serverName":"JifS17095","serverVersion":"Build 10.44.1f, Apr 7, 2026 1:49:24 PM"},"hardware_info":"07cc13af|F4:03:43:DB:8E:10"}}}
00:33:43.313 INFO  vert.x-eventloop-thread-0 BaseServiceProxy     : -> GET /v1/api/tickle,200|71ms
00:33:43.315 DEBUG vert.x-eventloop-thread-0 ClientPortalService  : tickle {"session":"dad9c17286541725e94155c9735b78c8","ssoExpires":299989,"collission":false,"userId":50301190,"hmds":{"error":"no bridge"},"iserver":{"authStatus":{"authenticated":true,"established":true,"competing":false,"connected":true,"message":"","MAC":null,"serverInfo":{"serverName":"JifS17095","serverVersion":"Build 10.44.1f, Apr 7, 2026 1:49:24 PM"},"hardware_info":"233a8a86|F4:03:43:DB:8E:10"}}}
00:34:13.337 INFO  vert.x-eventloop-thread-0 BaseServiceProxy     : -> GET /v1/api/tickle,200|96ms
00:34:13.339 DEBUG vert.x-eventloop-thread-0 ClientPortalService  : tickle {"session":"dad9c17286541725e94155c9735b78c8","ssoExpires":269963,"collission":false,"userId":50301190,"hmds":{"error":"no bridge"},"iserver":{"authStatus":{"authenticated":true,"established":true,"competing":false,"connected":true,"message":"","MAC":null,"serverInfo":{"serverName":"JifS17095","serverVersion":"Build 10.44.1f, Apr 7, 2026 1:49:24 PM"},"hardware_info":"1dd15ab5|F4:03:43:DB:8E:10"}}}
00:34:43.298 INFO  vert.x-eventloop-thread-0 BaseServiceProxy     : -> GET /v1/api/tickle,200|58ms
00:34:43.299 DEBUG vert.x-eventloop-thread-0 ClientPortalService  : tickle {"session":"dad9c17286541725e94155c9735b78c8","ssoExpires":240001,"collission":false,"userId":50301190,"hmds":{"error":"no bridge"},"iserver":{"authStatus":{"authenticated":true,"established":true,"competing":false,"connected":true,"message":"","MAC":null,"serverInfo":{"serverName":"JifS17095","serverVersion":"Build 10.44.1f, Apr 7, 2026 1:49:24 PM"},"hardware_info":"2f3c50b1|F4:03:43:DB:8E:10"}}}
00:35:13.317 INFO  vert.x-eventloop-thread-0 BaseServiceProxy     : -> GET /v1/api/tickle,200|76ms
00:35:13.320 DEBUG vert.x-eventloop-thread-0 ClientPortalService  : tickle {"session":"dad9c17286541725e94155c9735b78c8","ssoExpires":209998,"collission":false,"userId":50301190,"hmds":{"error":"no bridge"},"iserver":{"authStatus":{"authenticated":true,"established":true,"competing":false,"connected":true,"message":"","MAC":null,"serverInfo":{"serverName":"JifS17095","serverVersion":"Build 10.44.1f, Apr 7, 2026 1:49:24 PM"},"hardware_info":"3e35947b|F4:03:43:DB:8E:10"}}}
00:35:43.303 INFO  vert.x-eventloop-thread-0 BaseServiceProxy     : -> GET /v1/api/tickle,200|62ms
00:35:43.305 DEBUG vert.x-eventloop-thread-0 ClientPortalService  : tickle {"session":"dad9c17286541725e94155c9735b78c8","ssoExpires":179998,"collission":false,"userId":50301190,"hmds":{"error":"no bridge"},"iserver":{"authStatus":{"authenticated":true,"established":true,"competing":false,"connected":true,"message":"","MAC":null,"serverInfo":{"serverName":"JifS17095","serverVersion":"Build 10.44.1f, Apr 7, 2026 1:49:24 PM"},"hardware_info":"24a51e8a|F4:03:43:DB:8E:10"}}}
00:36:13.329 INFO  vert.x-eventloop-thread-0 BaseServiceProxy     : -> GET /v1/api/tickle,200|88ms
00:36:13.331 DEBUG vert.x-eventloop-thread-0 ClientPortalService  : tickle {"session":"dad9c17286541725e94155c9735b78c8","ssoExpires":149972,"collission":false,"userId":50301190,"hmds":{"error":"no bridge"},"iserver":{"authStatus":{"authenticated":true,"established":true,"competing":false,"connected":true,"message":"","MAC":null,"serverInfo":{"serverName":"JifS17095","serverVersion":"Build 10.44.1f, Apr 7, 2026 1:49:24 PM"},"hardware_info":"39ff0a76|F4:03:43:DB:8E:10"}}}
00:36:43.373 INFO  vert.x-eventloop-thread-0 BaseServiceProxy     : -> GET /v1/api/tickle,200|133ms
00:36:43.376 DEBUG vert.x-eventloop-thread-0 ClientPortalService  : tickle {"session":"dad9c17286541725e94155c9735b78c8","ssoExpires":119929,"collission":false,"userId":50301190,"hmds":{"error":"no bridge"},"iserver":{"authStatus":{"authenticated":true,"established":true,"competing":false,"connected":true,"message":"","MAC":null,"serverInfo":{"serverName":"JifS17095","serverVersion":"Build 10.44.1f, Apr 7, 2026 1:49:24 PM"},"hardware_info":"3322b10a|F4:03:43:DB:8E:10"}}}
00:37:13.317 INFO  vert.x-eventloop-thread-0 BaseServiceProxy     : -> GET /v1/api/tickle,200|77ms
00:37:13.320 DEBUG vert.x-eventloop-thread-0 ClientPortalService  : tickle {"session":"dad9c17286541725e94155c9735b78c8","ssoExpires":89990,"collission":false,"userId":50301190,"hmds":{"error":"no bridge"},"iserver":{"authStatus":{"authenticated":true,"established":true,"competing":false,"connected":true,"message":"","MAC":null,"serverInfo":{"serverName":"JifS17095","serverVersion":"Build 10.44.1f, Apr 7, 2026 1:49:24 PM"},"hardware_info":"23b5d700|F4:03:43:DB:8E:10"}}}
00:37:43.454 INFO  vert.x-eventloop-thread-0 BaseServiceProxy     : -> GET /v1/api/tickle,200|214ms
00:37:43.455 DEBUG vert.x-eventloop-thread-0 ClientPortalService  : tickle {"session":"dad9c17286541725e94155c9735b78c8","ssoExpires":59956,"collission":false,"userId":50301190,"hmds":{"error":"no bridge"},"iserver":{"authStatus":{"authenticated":true,"established":true,"competing":false,"connected":true,"message":"","MAC":null,"serverInfo":{"serverName":"JifS17095","serverVersion":"Build 10.44.1f, Apr 7, 2026 1:49:24 PM"},"hardware_info":"39e06ba3|F4:03:43:DB:8E:10"}}}
00:38:08.511 INFO  vert.x-eventloop-thread-0 BaseServiceProxy     : -> GET /sso/ping,200|394ms
00:38:08.513 INFO  vert.x-eventloop-thread-0 SsoService           : sso ping {"result": "true"}
00:38:13.344 INFO  vert.x-eventloop-thread-0 BaseServiceProxy     : -> GET /v1/api/tickle,200|104ms
00:38:13.344 DEBUG vert.x-eventloop-thread-0 ClientPortalService  : tickle {"session":"dad9c17286541725e94155c9735b78c8","ssoExpires":29967,"collission":false,"userId":50301190,"hmds":{"error":"no bridge"},"iserver":{"authStatus":{"authenticated":true,"established":true,"competing":false,"connected":true,"message":"","MAC":null,"serverInfo":{"serverName":"JifS17095","serverVersion":"Build 10.44.1f, Apr 7, 2026 1:49:24 PM"},"hardware_info":"31dde2ee|F4:03:43:DB:8E:10"}}}
00:38:43.299 INFO  vert.x-eventloop-thread-0 BaseServiceProxy     : -> GET /v1/api/tickle,200|59ms
00:38:43.301 DEBUG vert.x-eventloop-thread-0 ClientPortalService  : tickle {"session":"dad9c17286541725e94155c9735b78c8","ssoExpires":600000,"collission":false,"userId":50301190,"hmds":{"error":"no bridge"},"iserver":{"authStatus":{"authenticated":true,"established":true,"competing":false,"connected":true,"message":"","MAC":null,"serverInfo":{"serverName":"JifS17095","serverVersion":"Build 10.44.1f, Apr 7, 2026 1:49:24 PM"},"hardware_info":"1a2c55e7|F4:03:43:DB:8E:10"}}}
00:39:13.315 INFO  vert.x-eventloop-thread-0 BaseServiceProxy     : -> GET /v1/api/tickle,200|75ms
00:39:13.317 DEBUG vert.x-eventloop-thread-0 ClientPortalService  : tickle {"session":"dad9c17286541725e94155c9735b78c8","ssoExpires":569980,"collission":false,"userId":50301190,"hmds":{"error":"no bridge"},"iserver":{"authStatus":{"authenticated":true,"established":true,"competing":false,"connected":true,"message":"","MAC":null,"serverInfo":{"serverName":"JifS17095","serverVersion":"Build 10.44.1f, Apr 7, 2026 1:49:24 PM"},"hardware_info":"0eb3164e|F4:03:43:DB:8E:10"}}}
00:39:43.319 INFO  vert.x-eventloop-thread-0 BaseServiceProxy     : -> GET /v1/api/tickle,200|80ms
00:39:43.321 DEBUG vert.x-eventloop-thread-0 ClientPortalService  : tickle {"session":"dad9c17286541725e94155c9735b78c8","ssoExpires":539992,"collission":false,"userId":50301190,"hmds":{"error":"no bridge"},"iserver":{"authStatus":{"authenticated":true,"established":true,"competing":false,"connected":true,"message":"","MAC":null,"serverInfo":{"serverName":"JifS17095","serverVersion":"Build 10.44.1f, Apr 7, 2026 1:49:24 PM"},"hardware_info":"3b9da27d|F4:03:43:DB:8E:10"}}}
00:40:13.399 INFO  vert.x-eventloop-thread-0 BaseServiceProxy     : -> GET /v1/api/tickle,200|160ms
00:40:13.401 DEBUG vert.x-eventloop-thread-0 ClientPortalService  : tickle {"session":"dad9c17286541725e94155c9735b78c8","ssoExpires":509978,"collission":false,"userId":50301190,"hmds":{"error":"no bridge"},"iserver":{"authStatus":{"authenticated":true,"established":true,"competing":false,"connected":true,"message":"","MAC":null,"serverInfo":{"serverName":"JifS17095","serverVersion":"Build 10.44.1f, Apr 7, 2026 1:49:24 PM"},"hardware_info":"3d5152e0|F4:03:43:DB:8E:10"}}}
00:40:43.304 INFO  vert.x-eventloop-thread-0 BaseServiceProxy     : -> GET /v1/api/tickle,200|64ms
00:40:43.305 DEBUG vert.x-eventloop-thread-0 ClientPortalService  : tickle {"session":"dad9c17286541725e94155c9735b78c8","ssoExpires":479991,"collission":false,"userId":50301190,"hmds":{"error":"no bridge"},"iserver":{"authStatus":{"authenticated":true,"established":true,"competing":false,"connected":true,"message":"","MAC":null,"serverInfo":{"serverName":"JifS17095","serverVersion":"Build 10.44.1f, Apr 7, 2026 1:49:24 PM"},"hardware_info":"0a179b3b|F4:03:43:DB:8E:10"}}}
00:41:13.323 INFO  vert.x-eventloop-thread-0 BaseServiceProxy     : -> GET /v1/api/tickle,200|83ms
00:41:13.325 DEBUG vert.x-eventloop-thread-0 ClientPortalService  : tickle {"session":"dad9c17286541725e94155c9735b78c8","ssoExpires":450000,"collission":false,"userId":50301190,"hmds":{"error":"no bridge"},"iserver":{"authStatus":{"authenticated":true,"established":true,"competing":false,"connected":true,"message":"","MAC":null,"serverInfo":{"serverName":"JifS17095","serverVersion":"Build 10.44.1f, Apr 7, 2026 1:49:24 PM"},"hardware_info":"31314026|F4:03:43:DB:8E:10"}}}
00:41:43.315 INFO  vert.x-eventloop-thread-0 BaseServiceProxy     : -> GET /v1/api/tickle,200|76ms
00:41:43.318 DEBUG vert.x-eventloop-thread-0 ClientPortalService  : tickle {"session":"dad9c17286541725e94155c9735b78c8","ssoExpires":419985,"collission":false,"userId":50301190,"hmds":{"error":"no bridge"},"iserver":{"authStatus":{"authenticated":true,"established":true,"competing":false,"connected":true,"message":"","MAC":null,"serverInfo":{"serverName":"JifS17095","serverVersion":"Build 10.44.1f, Apr 7, 2026 1:49:24 PM"},"hardware_info":"064552b6|F4:03:43:DB:8E:10"}}}
00:42:13.572 INFO  vert.x-eventloop-thread-0 BaseServiceProxy     : -> GET /v1/api/tickle,200|332ms
00:42:13.574 DEBUG vert.x-eventloop-thread-0 ClientPortalService  : tickle {"session":"dad9c17286541725e94155c9735b78c8","ssoExpires":389727,"collission":false,"userId":50301190,"hmds":{"error":"no bridge"},"iserver":{"authStatus":{"authenticated":true,"established":true,"competing":false,"connected":true,"message":"","MAC":null,"serverInfo":{"serverName":"JifS17095","serverVersion":"Build 10.44.1f, Apr 7, 2026 1:49:24 PM"},"hardware_info":"291e78d6|F4:03:43:DB:8E:10"}}}
00:42:43.341 INFO  vert.x-eventloop-thread-0 BaseServiceProxy     : -> GET /v1/api/tickle,200|103ms
00:42:43.343 DEBUG vert.x-eventloop-thread-0 ClientPortalService  : tickle {"session":"dad9c17286541725e94155c9735b78c8","ssoExpires":359973,"collission":false,"userId":50301190,"hmds":{"error":"no bridge"},"iserver":{"authStatus":{"authenticated":true,"established":true,"competing":false,"connected":true,"message":"","MAC":null,"serverInfo":{"serverName":"JifS17095","serverVersion":"Build 10.44.1f, Apr 7, 2026 1:49:24 PM"},"hardware_info":"232fcb69|F4:03:43:DB:8E:10"}}}
00:43:08.441 INFO  vert.x-eventloop-thread-0 BaseServiceProxy     : -> GET /sso/ping,200|325ms
00:43:08.442 INFO  vert.x-eventloop-thread-0 SsoService           : sso ping {"result": "true"}
00:43:13.393 INFO  vert.x-eventloop-thread-0 BaseServiceProxy     : -> GET /v1/api/tickle,200|154ms
00:43:13.393 DEBUG vert.x-eventloop-thread-0 ClientPortalService  : tickle {"session":"dad9c17286541725e94155c9735b78c8","ssoExpires":329932,"collission":false,"userId":50301190,"hmds":{"error":"no bridge"},"iserver":{"authStatus":{"authenticated":true,"established":true,"competing":false,"connected":true,"message":"","MAC":null,"serverInfo":{"serverName":"JifS17095","serverVersion":"Build 10.44.1f, Apr 7, 2026 1:49:24 PM"},"hardware_info":"3308409c|F4:03:43:DB:8E:10"}}}
00:43:43.377 INFO  vert.x-eventloop-thread-0 BaseServiceProxy     : -> GET /v1/api/tickle,200|138ms
00:43:43.379 DEBUG vert.x-eventloop-thread-0 ClientPortalService  : tickle {"session":"dad9c17286541725e94155c9735b78c8","ssoExpires":299949,"collission":false,"userId":50301190,"hmds":{"error":"no bridge"},"iserver":{"authStatus":{"authenticated":true,"established":true,"competing":false,"connected":true,"message":"","MAC":null,"serverInfo":{"serverName":"JifS17095","serverVersion":"Build 10.44.1f, Apr 7, 2026 1:49:24 PM"},"hardware_info":"130f2672|F4:03:43:DB:8E:10"}}}
00:44:13.367 INFO  vert.x-eventloop-thread-0 BaseServiceProxy     : -> GET /v1/api/tickle,200|129ms
00:44:13.369 DEBUG vert.x-eventloop-thread-0 ClientPortalService  : tickle {"session":"dad9c17286541725e94155c9735b78c8","ssoExpires":269950,"collission":false,"userId":50301190,"hmds":{"error":"no bridge"},"iserver":{"authStatus":{"authenticated":true,"established":true,"competing":false,"connected":true,"message":"","MAC":null,"serverInfo":{"serverName":"JifS17095","serverVersion":"Build 10.44.1f, Apr 7, 2026 1:49:24 PM"},"hardware_info":"11ae9850|F4:03:43:DB:8E:10"}}}
00:44:43.570 INFO  vert.x-eventloop-thread-0 BaseServiceProxy     : -> GET /v1/api/tickle,200|332ms
00:44:43.571 DEBUG vert.x-eventloop-thread-0 ClientPortalService  : tickle {"session":"dad9c17286541725e94155c9735b78c8","ssoExpires":239926,"collission":false,"userId":50301190,"hmds":{"error":"no bridge"},"iserver":{"authStatus":{"authenticated":true,"established":true,"competing":false,"connected":true,"message":"","MAC":null,"serverInfo":{"serverName":"JifS17095","serverVersion":"Build 10.44.1f, Apr 7, 2026 1:49:24 PM"},"hardware_info":"3d60ea63|F4:03:43:DB:8E:10"}}}
00:45:13.552 INFO  vert.x-eventloop-thread-0 BaseServiceProxy     : -> GET /v1/api/tickle,200|315ms
00:45:13.552 DEBUG vert.x-eventloop-thread-0 ClientPortalService  : tickle {"session":"dad9c17286541725e94155c9735b78c8","ssoExpires":209876,"collission":false,"userId":50301190,"hmds":{"error":"no bridge"},"iserver":{"authStatus":{"authenticated":true,"established":true,"competing":false,"connected":true,"message":"","MAC":null,"serverInfo":{"serverName":"JifS17095","serverVersion":"Build 10.44.1f, Apr 7, 2026 1:49:24 PM"},"hardware_info":"1d47718c|F4:03:43:DB:8E:10"}}}
00:45:43.389 INFO  vert.x-eventloop-thread-0 BaseServiceProxy     : -> GET /v1/api/tickle,200|151ms
00:45:43.391 DEBUG vert.x-eventloop-thread-0 ClientPortalService  : tickle {"session":"dad9c17286541725e94155c9735b78c8","ssoExpires":179934,"collission":false,"userId":50301190,"hmds":{"error":"no bridge"},"iserver":{"authStatus":{"authenticated":true,"established":true,"competing":false,"connected":true,"message":"","MAC":null,"serverInfo":{"serverName":"JifS17095","serverVersion":"Build 10.44.1f, Apr 7, 2026 1:49:24 PM"},"hardware_info":"28696e36|F4:03:43:DB:8E:10"}}}
00:46:13.580 INFO  vert.x-eventloop-thread-0 BaseServiceProxy     : -> GET /v1/api/tickle,200|342ms
00:46:13.581 DEBUG vert.x-eventloop-thread-0 ClientPortalService  : tickle {"session":"dad9c17286541725e94155c9735b78c8","ssoExpires":149908,"collission":false,"userId":50301190,"hmds":{"error":"no bridge"},"iserver":{"authStatus":{"authenticated":true,"established":true,"competing":false,"connected":true,"message":"","MAC":null,"serverInfo":{"serverName":"JifS17095","serverVersion":"Build 10.44.1f, Apr 7, 2026 1:49:24 PM"},"hardware_info":"06328c04|F4:03:43:DB:8E:10"}}}
00:46:43.490 INFO  vert.x-eventloop-thread-0 BaseServiceProxy     : -> GET /v1/api/tickle,200|253ms
00:46:43.491 DEBUG vert.x-eventloop-thread-0 ClientPortalService  : tickle {"session":"dad9c17286541725e94155c9735b78c8","ssoExpires":119822,"collission":false,"userId":50301190,"hmds":{"error":"no bridge"},"iserver":{"authStatus":{"authenticated":true,"established":true,"competing":false,"connected":true,"message":"","MAC":null,"serverInfo":{"serverName":"JifS17095","serverVersion":"Build 10.44.1f, Apr 7, 2026 1:49:24 PM"},"hardware_info":"27843ff3|F4:03:43:DB:8E:10"}}}
00:47:13.325 INFO  vert.x-eventloop-thread-0 BaseServiceProxy     : -> GET /v1/api/tickle,200|88ms
00:47:13.326 DEBUG vert.x-eventloop-thread-0 ClientPortalService  : tickle {"session":"dad9c17286541725e94155c9735b78c8","ssoExpires":89973,"collission":false,"userId":50301190,"hmds":{"error":"no bridge"},"iserver":{"authStatus":{"authenticated":true,"established":true,"competing":false,"connected":true,"message":"","MAC":null,"serverInfo":{"serverName":"JifS17095","serverVersion":"Build 10.44.1f, Apr 7, 2026 1:49:24 PM"},"hardware_info":"3a079738|F4:03:43:DB:8E:10"}}}
00:47:43.322 INFO  vert.x-eventloop-thread-0 BaseServiceProxy     : -> GET /v1/api/tickle,200|87ms
00:47:43.324 DEBUG vert.x-eventloop-thread-0 ClientPortalService  : tickle {"session":"dad9c17286541725e94155c9735b78c8","ssoExpires":59976,"collission":false,"userId":50301190,"hmds":{"error":"no bridge"},"iserver":{"authStatus":{"authenticated":true,"established":true,"competing":false,"connected":true,"message":"","MAC":null,"serverInfo":{"serverName":"JifS17095","serverVersion":"Build 10.44.1f, Apr 7, 2026 1:49:24 PM"},"hardware_info":"17c6a8ff|F4:03:43:DB:8E:10"}}}
00:48:08.485 INFO  vert.x-eventloop-thread-0 BaseServiceProxy     : -> GET /sso/ping,200|389ms
00:48:08.486 INFO  vert.x-eventloop-thread-0 SsoService           : sso ping {"result": "true"}
00:48:13.411 INFO  vert.x-eventloop-thread-0 BaseServiceProxy     : -> GET /v1/api/tickle,200|194ms
00:48:13.412 DEBUG vert.x-eventloop-thread-0 ClientPortalService  : tickle {"session":"dad9c17286541725e94155c9735b78c8","ssoExpires":29946,"collission":false,"userId":50301190,"hmds":{"error":"no bridge"},"iserver":{"authStatus":{"authenticated":true,"established":true,"competing":false,"connected":true,"message":"","MAC":null,"serverInfo":{"serverName":"JifS17095","serverVersion":"Build 10.44.1f, Apr 7, 2026 1:49:24 PM"},"hardware_info":"129af530|F4:03:43:DB:8E:10"}}}
00:48:43.337 INFO  vert.x-eventloop-thread-0 BaseServiceProxy     : -> GET /v1/api/tickle,200|122ms
00:48:43.338 DEBUG vert.x-eventloop-thread-0 ClientPortalService  : tickle {"session":"dad9c17286541725e94155c9735b78c8","ssoExpires":600000,"collission":false,"userId":50301190,"hmds":{"error":"no bridge"},"iserver":{"authStatus":{"authenticated":true,"established":true,"competing":false,"connected":true,"message":"","MAC":null,"serverInfo":{"serverName":"JifS17095","serverVersion":"Build 10.44.1f, Apr 7, 2026 1:49:24 PM"},"hardware_info":"0f82f092|F4:03:43:DB:8E:10"}}}
00:49:13.345 INFO  vert.x-eventloop-thread-0 BaseServiceProxy     : -> GET /v1/api/tickle,200|130ms
00:49:13.347 DEBUG vert.x-eventloop-thread-0 ClientPortalService  : tickle {"session":"dad9c17286541725e94155c9735b78c8","ssoExpires":569993,"collission":false,"userId":50301190,"hmds":{"error":"no bridge"},"iserver":{"authStatus":{"authenticated":true,"established":true,"competing":false,"connected":true,"message":"","MAC":null,"serverInfo":{"serverName":"JifS17095","serverVersion":"Build 10.44.1f, Apr 7, 2026 1:49:24 PM"},"hardware_info":"2fc30881|F4:03:43:DB:8E:10"}}}
00:49:43.351 INFO  vert.x-eventloop-thread-0 BaseServiceProxy     : -> GET /v1/api/tickle,200|137ms
00:49:43.352 DEBUG vert.x-eventloop-thread-0 ClientPortalService  : tickle {"session":"dad9c17286541725e94155c9735b78c8","ssoExpires":540003,"collission":false,"userId":50301190,"hmds":{"error":"no bridge"},"iserver":{"authStatus":{"authenticated":true,"established":true,"competing":false,"connected":true,"message":"","MAC":null,"serverInfo":{"serverName":"JifS17095","serverVersion":"Build 10.44.1f, Apr 7, 2026 1:49:24 PM"},"hardware_info":"4128cef5|F4:03:43:DB:8E:10"}}}
00:50:13.308 INFO  vert.x-eventloop-thread-0 BaseServiceProxy     : -> GET /v1/api/tickle,200|94ms
00:50:13.315 DEBUG vert.x-eventloop-thread-0 ClientPortalService  : tickle {"session":"dad9c17286541725e94155c9735b78c8","ssoExpires":510052,"collission":false,"userId":50301190,"hmds":{"error":"no bridge"},"iserver":{"authStatus":{"authenticated":true,"established":true,"competing":false,"connected":true,"message":"","MAC":null,"serverInfo":{"serverName":"JifS17095","serverVersion":"Build 10.44.1f, Apr 7, 2026 1:49:24 PM"},"hardware_info":"31b34f7c|F4:03:43:DB:8E:10"}}}
00:50:43.306 INFO  vert.x-eventloop-thread-0 BaseServiceProxy     : -> GET /v1/api/tickle,200|92ms
00:50:43.307 DEBUG vert.x-eventloop-thread-0 ClientPortalService  : tickle {"session":"dad9c17286541725e94155c9735b78c8","ssoExpires":480027,"collission":false,"userId":50301190,"hmds":{"error":"no bridge"},"iserver":{"authStatus":{"authenticated":true,"established":true,"competing":false,"connected":true,"message":"","MAC":null,"serverInfo":{"serverName":"JifS17095","serverVersion":"Build 10.44.1f, Apr 7, 2026 1:49:24 PM"},"hardware_info":"16a5d922|F4:03:43:DB:8E:10"}}}
00:51:13.367 INFO  vert.x-eventloop-thread-0 BaseServiceProxy     : -> GET /v1/api/tickle,200|153ms
00:51:13.367 DEBUG vert.x-eventloop-thread-0 ClientPortalService  : tickle {"session":"dad9c17286541725e94155c9735b78c8","ssoExpires":450056,"collission":false,"userId":50301190,"hmds":{"error":"no bridge"},"iserver":{"authStatus":{"authenticated":true,"established":true,"competing":false,"connected":true,"message":"","MAC":null,"serverInfo":{"serverName":"JifS17095","serverVersion":"Build 10.44.1f, Apr 7, 2026 1:49:24 PM"},"hardware_info":"29bbb2d3|F4:03:43:DB:8E:10"}}}
00:51:43.292 INFO  vert.x-eventloop-thread-0 BaseServiceProxy     : -> GET /v1/api/tickle,200|78ms
00:51:43.293 DEBUG vert.x-eventloop-thread-0 ClientPortalService  : tickle {"session":"dad9c17286541725e94155c9735b78c8","ssoExpires":420048,"collission":false,"userId":50301190,"hmds":{"error":"no bridge"},"iserver":{"authStatus":{"authenticated":true,"established":true,"competing":false,"connected":true,"message":"","MAC":null,"serverInfo":{"serverName":"JifS17095","serverVersion":"Build 10.44.1f, Apr 7, 2026 1:49:24 PM"},"hardware_info":"3006a994|F4:03:43:DB:8E:10"}}}
00:52:13.340 INFO  vert.x-eventloop-thread-0 BaseServiceProxy     : -> GET /v1/api/tickle,200|126ms
00:52:13.340 DEBUG vert.x-eventloop-thread-0 ClientPortalService  : tickle {"session":"dad9c17286541725e94155c9735b78c8","ssoExpires":390033,"collission":false,"userId":50301190,"hmds":{"error":"no bridge"},"iserver":{"authStatus":{"authenticated":true,"established":true,"competing":false,"connected":true,"message":"","MAC":null,"serverInfo":{"serverName":"JifS17095","serverVersion":"Build 10.44.1f, Apr 7, 2026 1:49:24 PM"},"hardware_info":"08d2de9f|F4:03:43:DB:8E:10"}}}
00:52:44.220 INFO  vert.x-eventloop-thread-0 BaseServiceProxy     : -> GET /v1/api/tickle,200|1007ms
00:52:44.221 DEBUG vert.x-eventloop-thread-0 ClientPortalService  : tickle {"session":"dad9c17286541725e94155c9735b78c8","ssoExpires":359113,"collission":false,"userId":50301190,"hmds":{"error":"no bridge"},"iserver":{"authStatus":{"authenticated":true,"established":true,"competing":false,"connected":true,"message":"","MAC":null,"serverInfo":{"serverName":"JifS17095","serverVersion":"Build 10.44.1f, Apr 7, 2026 1:49:24 PM"},"hardware_info":"321fa739|F4:03:43:DB:8E:10"}}}
00:53:08.688 INFO  vert.x-eventloop-thread-0 BaseServiceProxy     : -> GET /sso/ping,200|599ms
00:53:08.689 INFO  vert.x-eventloop-thread-0 SsoService           : sso ping {"result": "true"}
00:53:13.289 INFO  vert.x-eventloop-thread-0 BaseServiceProxy     : -> GET /v1/api/tickle,200|76ms
00:53:13.289 DEBUG vert.x-eventloop-thread-0 ClientPortalService  : tickle {"session":"dad9c17286541725e94155c9735b78c8","ssoExpires":330044,"collission":false,"userId":50301190,"hmds":{"error":"no bridge"},"iserver":{"authStatus":{"authenticated":true,"established":true,"competing":false,"connected":true,"message":"","MAC":null,"serverInfo":{"serverName":"JifS17095","serverVersion":"Build 10.44.1f, Apr 7, 2026 1:49:24 PM"},"hardware_info":"1dd74676|F4:03:43:DB:8E:10"}}}
00:53:43.282 INFO  vert.x-eventloop-thread-0 BaseServiceProxy     : -> GET /v1/api/tickle,200|69ms
00:53:43.284 DEBUG vert.x-eventloop-thread-0 ClientPortalService  : tickle {"session":"dad9c17286541725e94155c9735b78c8","ssoExpires":300050,"collission":false,"userId":50301190,"hmds":{"error":"no bridge"},"iserver":{"authStatus":{"authenticated":true,"established":true,"competing":false,"connected":true,"message":"","MAC":null,"serverInfo":{"serverName":"JifS17095","serverVersion":"Build 10.44.1f, Apr 7, 2026 1:49:24 PM"},"hardware_info":"25ba2946|F4:03:43:DB:8E:10"}}}
00:54:13.281 INFO  vert.x-eventloop-thread-0 BaseServiceProxy     : -> GET /v1/api/tickle,200|69ms
00:54:13.283 DEBUG vert.x-eventloop-thread-0 ClientPortalService  : tickle {"session":"dad9c17286541725e94155c9735b78c8","ssoExpires":270051,"collission":false,"userId":50301190,"hmds":{"error":"no bridge"},"iserver":{"authStatus":{"authenticated":true,"established":true,"competing":false,"connected":true,"message":"","MAC":null,"serverInfo":{"serverName":"JifS17095","serverVersion":"Build 10.44.1f, Apr 7, 2026 1:49:24 PM"},"hardware_info":"3441251b|F4:03:43:DB:8E:10"}}}
00:54:43.438 INFO  vert.x-eventloop-thread-0 BaseServiceProxy     : -> GET /v1/api/tickle,200|225ms
00:54:43.439 DEBUG vert.x-eventloop-thread-0 ClientPortalService  : tickle {"session":"dad9c17286541725e94155c9735b78c8","ssoExpires":239898,"collission":false,"userId":50301190,"hmds":{"error":"no bridge"},"iserver":{"authStatus":{"authenticated":true,"established":true,"competing":false,"connected":true,"message":"","MAC":null,"serverInfo":{"serverName":"JifS17095","serverVersion":"Build 10.44.1f, Apr 7, 2026 1:49:24 PM"},"hardware_info":"391dfc20|F4:03:43:DB:8E:10"}}}
00:55:13.280 INFO  vert.x-eventloop-thread-0 BaseServiceProxy     : -> GET /v1/api/tickle,200|68ms
00:55:13.282 DEBUG vert.x-eventloop-thread-0 ClientPortalService  : tickle {"session":"dad9c17286541725e94155c9735b78c8","ssoExpires":210054,"collission":false,"userId":50301190,"hmds":{"error":"no bridge"},"iserver":{"authStatus":{"authenticated":true,"established":true,"competing":false,"connected":true,"message":"","MAC":null,"serverInfo":{"serverName":"JifS17095","serverVersion":"Build 10.44.1f, Apr 7, 2026 1:49:24 PM"},"hardware_info":"18e716fb|F4:03:43:DB:8E:10"}}}
00:55:43.437 INFO  vert.x-eventloop-thread-0 BaseServiceProxy     : -> GET /v1/api/tickle,200|224ms
00:55:43.438 DEBUG vert.x-eventloop-thread-0 ClientPortalService  : tickle {"session":"dad9c17286541725e94155c9735b78c8","ssoExpires":179898,"collission":false,"userId":50301190,"hmds":{"error":"no bridge"},"iserver":{"authStatus":{"authenticated":true,"established":true,"competing":false,"connected":true,"message":"","MAC":null,"serverInfo":{"serverName":"JifS17095","serverVersion":"Build 10.44.1f, Apr 7, 2026 1:49:24 PM"},"hardware_info":"08e629d4|F4:03:43:DB:8E:10"}}}
00:56:13.296 INFO  vert.x-eventloop-thread-0 BaseServiceProxy     : -> GET /v1/api/tickle,200|85ms
00:56:13.297 DEBUG vert.x-eventloop-thread-0 ClientPortalService  : tickle {"session":"dad9c17286541725e94155c9735b78c8","ssoExpires":150058,"collission":false,"userId":50301190,"hmds":{"error":"no bridge"},"iserver":{"authStatus":{"authenticated":true,"established":true,"competing":false,"connected":true,"message":"","MAC":null,"serverInfo":{"serverName":"JifS17095","serverVersion":"Build 10.44.1f, Apr 7, 2026 1:49:24 PM"},"hardware_info":"2961bec5|F4:03:43:DB:8E:10"}}}
00:56:43.308 INFO  vert.x-eventloop-thread-0 BaseServiceProxy     : -> GET /v1/api/tickle,200|95ms
00:56:43.310 DEBUG vert.x-eventloop-thread-0 ClientPortalService  : tickle {"session":"dad9c17286541725e94155c9735b78c8","ssoExpires":120026,"collission":false,"userId":50301190,"hmds":{"error":"no bridge"},"iserver":{"authStatus":{"authenticated":true,"established":true,"competing":false,"connected":true,"message":"","MAC":null,"serverInfo":{"serverName":"JifS17095","serverVersion":"Build 10.44.1f, Apr 7, 2026 1:49:24 PM"},"hardware_info":"41299bc3|F4:03:43:DB:8E:10"}}}
00:57:13.324 INFO  vert.x-eventloop-thread-0 BaseServiceProxy     : -> GET /v1/api/tickle,200|113ms
00:57:13.326 DEBUG vert.x-eventloop-thread-0 ClientPortalService  : tickle {"session":"dad9c17286541725e94155c9735b78c8","ssoExpires":90023,"collission":false,"userId":50301190,"hmds":{"error":"no bridge"},"iserver":{"authStatus":{"authenticated":true,"established":true,"competing":false,"connected":true,"message":"","MAC":null,"serverInfo":{"serverName":"JifS17095","serverVersion":"Build 10.44.1f, Apr 7, 2026 1:49:24 PM"},"hardware_info":"27b0483b|F4:03:43:DB:8E:10"}}}
00:57:43.308 INFO  vert.x-eventloop-thread-0 BaseServiceProxy     : -> GET /v1/api/tickle,200|96ms
00:57:43.310 DEBUG vert.x-eventloop-thread-0 ClientPortalService  : tickle {"session":"dad9c17286541725e94155c9735b78c8","ssoExpires":60031,"collission":false,"userId":50301190,"hmds":{"error":"no bridge"},"iserver":{"authStatus":{"authenticated":true,"established":true,"competing":false,"connected":true,"message":"","MAC":null,"serverInfo":{"serverName":"JifS17095","serverVersion":"Build 10.44.1f, Apr 7, 2026 1:49:24 PM"},"hardware_info":"23c3a3a6|F4:03:43:DB:8E:10"}}}
00:58:08.011 INFO  vert.x-eventloop-thread-0 BaseServiceProxy     : -> GET /v1/api/iserver/account/orders,200|67ms
00:58:08.102 INFO  vert.x-eventloop-thread-0 BaseServiceProxy     : -> GET /v1/api/iserver/account/orders,200|68ms
00:58:08.519 INFO  vert.x-eventloop-thread-0 BaseServiceProxy     : -> GET /v1/api/iserver/account/U5799398/order/515644643,200|402ms
00:58:08.520 INFO  vert.x-eventloop-thread-0 BaseServiceProxy     : -> GET /sso/ping,200|433ms
00:58:08.520 INFO  vert.x-eventloop-thread-0 SsoService           : sso ping {"result": "true"}
00:58:08.633 INFO  vert.x-eventloop-thread-0 BaseServiceProxy     : -> GET /v1/api/iserver/account/orders,200|113ms
00:58:09.394 INFO  vert.x-eventloop-thread-0 BaseServiceProxy     : -> GET /v1/api/iserver/marketdata/history?conid=6929&period=30d&bar=1d&outsideRth=false,200|745ms
00:58:09.462 INFO  vert.x-eventloop-thread-0 BaseServiceProxy     : -> GET /v1/api/iserver/marketdata/history?conid=6929&period=30d&bar=1d&outsideRth=false,200|64ms
00:58:09.591 INFO  vert.x-eventloop-thread-0 BaseServiceProxy     : -> GET /v1/api/iserver/account/orders,200|58ms
00:58:13.272 INFO  vert.x-eventloop-thread-0 BaseServiceProxy     : -> GET /v1/api/tickle,200|62ms
00:58:13.279 DEBUG vert.x-eventloop-thread-0 ClientPortalService  : tickle {"session":"dad9c17286541725e94155c9735b78c8","ssoExpires":30058,"collission":false,"userId":50301190,"hmds":{"error":"no bridge"},"iserver":{"authStatus":{"authenticated":true,"established":true,"competing":false,"connected":true,"message":"","MAC":null,"serverInfo":{"serverName":"JifS17095","serverVersion":"Build 10.44.1f, Apr 7, 2026 1:49:24 PM"},"hardware_info":"3259240d|F4:03:43:DB:8E:10"}}}
00:58:43.542 INFO  vert.x-eventloop-thread-0 BaseServiceProxy     : -> GET /v1/api/tickle,200|331ms
00:58:43.544 DEBUG vert.x-eventloop-thread-0 ClientPortalService  : tickle {"session":"dad9c17286541725e94155c9735b78c8","ssoExpires":600000,"collission":false,"userId":50301190,"hmds":{"error":"no bridge"},"iserver":{"authStatus":{"authenticated":true,"established":true,"competing":false,"connected":true,"message":"","MAC":null,"serverInfo":{"serverName":"JifS17095","serverVersion":"Build 10.44.1f, Apr 7, 2026 1:49:24 PM"},"hardware_info":"13381b34|F4:03:43:DB:8E:10"}}}
00:59:13.285 INFO  vert.x-eventloop-thread-0 BaseServiceProxy     : -> GET /v1/api/tickle,200|73ms
00:59:13.285 DEBUG vert.x-eventloop-thread-0 ClientPortalService  : tickle {"session":"dad9c17286541725e94155c9735b78c8","ssoExpires":570240,"collission":false,"userId":50301190,"hmds":{"error":"no bridge"},"iserver":{"authStatus":{"authenticated":true,"established":true,"competing":false,"connected":true,"message":"","MAC":null,"serverInfo":{"serverName":"JifS17095","serverVersion":"Build 10.44.1f, Apr 7, 2026 1:49:24 PM"},"hardware_info":"2254542d|F4:03:43:DB:8E:10"}}}
00:59:43.280 INFO  vert.x-eventloop-thread-0 BaseServiceProxy     : -> GET /v1/api/tickle,200|70ms
00:59:43.282 DEBUG vert.x-eventloop-thread-0 ClientPortalService  : tickle {"session":"dad9c17286541725e94155c9735b78c8","ssoExpires":540243,"collission":false,"userId":50301190,"hmds":{"error":"no bridge"},"iserver":{"authStatus":{"authenticated":true,"established":true,"competing":false,"connected":true,"message":"","MAC":null,"serverInfo":{"serverName":"JifS17095","serverVersion":"Build 10.44.1f, Apr 7, 2026 1:49:24 PM"},"hardware_info":"35d64a64|F4:03:43:DB:8E:10"}}}
01:00:13.286 INFO  vert.x-eventloop-thread-0 BaseServiceProxy     : -> GET /v1/api/tickle,200|76ms
01:00:13.288 DEBUG vert.x-eventloop-thread-0 ClientPortalService  : tickle {"session":"dad9c17286541725e94155c9735b78c8","ssoExpires":510236,"collission":false,"userId":50301190,"hmds":{"error":"no bridge"},"iserver":{"authStatus":{"authenticated":true,"established":true,"competing":false,"connected":true,"message":"","MAC":null,"serverInfo":{"serverName":"JifS17095","serverVersion":"Build 10.44.1f, Apr 7, 2026 1:49:24 PM"},"hardware_info":"1504fe52|F4:03:43:DB:8E:10"}}}
01:00:43.282 INFO  vert.x-eventloop-thread-0 BaseServiceProxy     : -> GET /v1/api/tickle,200|72ms
01:00:43.284 DEBUG vert.x-eventloop-thread-0 ClientPortalService  : tickle {"session":"dad9c17286541725e94155c9735b78c8","ssoExpires":480241,"collission":false,"userId":50301190,"hmds":{"error":"no bridge"},"iserver":{"authStatus":{"authenticated":true,"established":true,"competing":false,"connected":true,"message":"","MAC":null,"serverInfo":{"serverName":"JifS17095","serverVersion":"Build 10.44.1f, Apr 7, 2026 1:49:24 PM"},"hardware_info":"3d1bbef5|F4:03:43:DB:8E:10"}}}
01:01:13.310 INFO  vert.x-eventloop-thread-0 BaseServiceProxy     : -> GET /v1/api/tickle,200|101ms
01:01:13.311 DEBUG vert.x-eventloop-thread-0 ClientPortalService  : tickle {"session":"dad9c17286541725e94155c9735b78c8","ssoExpires":450215,"collission":false,"userId":50301190,"hmds":{"error":"no bridge"},"iserver":{"authStatus":{"authenticated":true,"established":true,"competing":false,"connected":true,"message":"","MAC":null,"serverInfo":{"serverName":"JifS17095","serverVersion":"Build 10.44.1f, Apr 7, 2026 1:49:24 PM"},"hardware_info":"08e8b62b|F4:03:43:DB:8E:10"}}}
01:01:43.272 INFO  vert.x-eventloop-thread-0 BaseServiceProxy     : -> GET /v1/api/tickle,200|63ms
01:01:43.274 DEBUG vert.x-eventloop-thread-0 ClientPortalService  : tickle {"session":"dad9c17286541725e94155c9735b78c8","ssoExpires":420250,"collission":false,"userId":50301190,"hmds":{"error":"no bridge"},"iserver":{"authStatus":{"authenticated":true,"established":true,"competing":false,"connected":true,"message":"","MAC":null,"serverInfo":{"serverName":"JifS17095","serverVersion":"Build 10.44.1f, Apr 7, 2026 1:49:24 PM"},"hardware_info":"3c6c09e4|F4:03:43:DB:8E:10"}}}
01:02:13.283 INFO  vert.x-eventloop-thread-0 BaseServiceProxy     : -> GET /v1/api/tickle,200|74ms
01:02:13.285 DEBUG vert.x-eventloop-thread-0 ClientPortalService  : tickle {"session":"dad9c17286541725e94155c9735b78c8","ssoExpires":390240,"collission":false,"userId":50301190,"hmds":{"error":"no bridge"},"iserver":{"authStatus":{"authenticated":true,"established":true,"competing":false,"connected":true,"message":"","MAC":null,"serverInfo":{"serverName":"JifS17095","serverVersion":"Build 10.44.1f, Apr 7, 2026 1:49:24 PM"},"hardware_info":"3858e8e1|F4:03:43:DB:8E:10"}}}
01:02:43.292 INFO  vert.x-eventloop-thread-0 BaseServiceProxy     : -> GET /v1/api/tickle,200|84ms
01:02:43.294 DEBUG vert.x-eventloop-thread-0 ClientPortalService  : tickle {"session":"dad9c17286541725e94155c9735b78c8","ssoExpires":360235,"collission":false,"userId":50301190,"hmds":{"error":"no bridge"},"iserver":{"authStatus":{"authenticated":true,"established":true,"competing":false,"connected":true,"message":"","MAC":null,"serverInfo":{"serverName":"JifS17095","serverVersion":"Build 10.44.1f, Apr 7, 2026 1:49:24 PM"},"hardware_info":"0b0f5fd6|F4:03:43:DB:8E:10"}}}
01:03:08.444 INFO  vert.x-eventloop-thread-0 BaseServiceProxy     : -> GET /sso/ping,200|359ms
01:03:08.446 INFO  vert.x-eventloop-thread-0 SsoService           : sso ping {"result": "true"}
01:03:13.288 INFO  vert.x-eventloop-thread-0 BaseServiceProxy     : -> GET /v1/api/tickle,200|79ms
01:03:13.291 DEBUG vert.x-eventloop-thread-0 ClientPortalService  : tickle {"session":"dad9c17286541725e94155c9735b78c8","ssoExpires":330233,"collission":false,"userId":50301190,"hmds":{"error":"no bridge"},"iserver":{"authStatus":{"authenticated":true,"established":true,"competing":false,"connected":true,"message":"","MAC":null,"serverInfo":{"serverName":"JifS17095","serverVersion":"Build 10.44.1f, Apr 7, 2026 1:49:24 PM"},"hardware_info":"145de40a|F4:03:43:DB:8E:10"}}}
01:03:43.312 INFO  vert.x-eventloop-thread-0 BaseServiceProxy     : -> GET /v1/api/tickle,200|103ms
01:03:43.314 DEBUG vert.x-eventloop-thread-0 ClientPortalService  : tickle {"session":"dad9c17286541725e94155c9735b78c8","ssoExpires":300212,"collission":false,"userId":50301190,"hmds":{"error":"no bridge"},"iserver":{"authStatus":{"authenticated":true,"established":true,"competing":false,"connected":true,"message":"","MAC":null,"serverInfo":{"serverName":"JifS17095","serverVersion":"Build 10.44.1f, Apr 7, 2026 1:49:24 PM"},"hardware_info":"154db11c|F4:03:43:DB:8E:10"}}}
01:04:13.268 INFO  vert.x-eventloop-thread-0 BaseServiceProxy     : -> GET /v1/api/tickle,200|60ms
01:04:13.269 DEBUG vert.x-eventloop-thread-0 ClientPortalService  : tickle {"session":"dad9c17286541725e94155c9735b78c8","ssoExpires":270255,"collission":false,"userId":50301190,"hmds":{"error":"no bridge"},"iserver":{"authStatus":{"authenticated":true,"established":true,"competing":false,"connected":true,"message":"","MAC":null,"serverInfo":{"serverName":"JifS17095","serverVersion":"Build 10.44.1f, Apr 7, 2026 1:49:24 PM"},"hardware_info":"383a20a5|F4:03:43:DB:8E:10"}}}
01:04:43.295 INFO  vert.x-eventloop-thread-0 BaseServiceProxy     : -> GET /v1/api/tickle,200|87ms
01:04:43.297 DEBUG vert.x-eventloop-thread-0 ClientPortalService  : tickle {"session":"dad9c17286541725e94155c9735b78c8","ssoExpires":240227,"collission":false,"userId":50301190,"hmds":{"error":"no bridge"},"iserver":{"authStatus":{"authenticated":true,"established":true,"competing":false,"connected":true,"message":"","MAC":null,"serverInfo":{"serverName":"JifS17095","serverVersion":"Build 10.44.1f, Apr 7, 2026 1:49:24 PM"},"hardware_info":"32c52486|F4:03:43:DB:8E:10"}}}
01:05:13.268 INFO  vert.x-eventloop-thread-0 BaseServiceProxy     : -> GET /v1/api/tickle,200|60ms
01:05:13.270 DEBUG vert.x-eventloop-thread-0 ClientPortalService  : tickle {"session":"dad9c17286541725e94155c9735b78c8","ssoExpires":210255,"collission":false,"userId":50301190,"hmds":{"error":"no bridge"},"iserver":{"authStatus":{"authenticated":true,"established":true,"competing":false,"connected":true,"message":"","MAC":null,"serverInfo":{"serverName":"JifS17095","serverVersion":"Build 10.44.1f, Apr 7, 2026 1:49:24 PM"},"hardware_info":"307c0b91|F4:03:43:DB:8E:10"}}}
01:05:36.964 INFO  vert.x-eventloop-thread-0 BaseServiceProxy     : -> GET /v1/api/portfolio/U5799398/summary,200|347ms
01:05:37.048 INFO  vert.x-eventloop-thread-0 BaseServiceProxy     : -> GET /v1/api/iserver/account/orders,200|68ms
01:05:37.083 INFO  vert.x-eventloop-thread-0 BaseServiceProxy     : -> GET /v1/api/portfolio/U5799398/positions/0?direction=a&period=1W&sort=position,200|114ms
01:05:42.281 INFO  vert.x-eventloop-thread-0 BaseServiceProxy     : -> GET /v1/api/iserver/secdef/search?symbol=BWXT&secType=STK,200|94ms
01:05:42.356 INFO  vert.x-eventloop-thread-0 BaseServiceProxy     : -> GET /v1/api/iserver/account/orders,200|73ms
01:05:42.488 INFO  vert.x-eventloop-thread-0 BaseServiceProxy     : -> GET /v1/api/portfolio/U5799398/summary,200|103ms
01:05:42.860 INFO  vert.x-eventloop-thread-0 BaseServiceProxy     : -> GET /v1/api/iserver/account/U5799398/orders,200|367ms
01:05:42.941 INFO  vert.x-eventloop-thread-0 BaseServiceProxy     : -> GET /v1/api/iserver/reply/e7c28f34-7f7d-44de-9bf6-d3682b60590c,200|80ms
01:05:43.011 INFO  vert.x-eventloop-thread-0 BaseServiceProxy     : -> GET /v1/api/iserver/account/orders,200|68ms
01:05:43.287 INFO  vert.x-eventloop-thread-0 BaseServiceProxy     : -> GET /v1/api/tickle,200|76ms
01:05:43.288 DEBUG vert.x-eventloop-thread-0 ClientPortalService  : tickle {"session":"dad9c17286541725e94155c9735b78c8","ssoExpires":180242,"collission":false,"userId":50301190,"hmds":{"error":"no bridge"},"iserver":{"authStatus":{"authenticated":true,"established":true,"competing":false,"connected":true,"message":"","MAC":null,"serverInfo":{"serverName":"JifS17095","serverVersion":"Build 10.44.1f, Apr 7, 2026 1:49:24 PM"},"hardware_info":"15a15df6|F4:03:43:DB:8E:10"}}}
01:05:43.788 INFO  vert.x-eventloop-thread-0 BaseServiceProxy     : -> GET /v1/api/iserver/marketdata/history?conid=196689572&period=30d&bar=1d&outsideRth=false,200|749ms
01:05:43.853 INFO  vert.x-eventloop-thread-0 BaseServiceProxy     : -> GET /v1/api/iserver/marketdata/history?conid=196689572&period=30d&bar=1d&outsideRth=false,200|63ms
01:05:52.847 INFO  vert.x-eventloop-thread-0 BaseServiceProxy     : -> GET /v1/api/iserver/account/orders,200|98ms
01:05:52.926 INFO  vert.x-eventloop-thread-0 BaseServiceProxy     : -> GET /v1/api/iserver/marketdata/history?conid=196689572&period=30d&bar=1d&outsideRth=false,200|61ms
01:05:53.025 INFO  vert.x-eventloop-thread-0 BaseServiceProxy     : -> GET /v1/api/iserver/marketdata/history?conid=196689572&period=30d&bar=1d&outsideRth=false,200|97ms
01:05:53.156 INFO  vert.x-eventloop-thread-0 BaseServiceProxy     : -> GET /v1/api/iserver/account/orders,200|59ms
01:05:53.237 INFO  vert.x-eventloop-thread-0 BaseServiceProxy     : -> GET /v1/api/iserver/account/orders,200|63ms
01:05:53.626 INFO  vert.x-eventloop-thread-0 BaseServiceProxy     : -> GET /v1/api/iserver/account/U5799398/order/215384062,200|340ms
01:05:53.714 INFO  vert.x-eventloop-thread-0 BaseServiceProxy     : -> GET /v1/api/iserver/account/orders,200|86ms
01:05:53.818 INFO  vert.x-eventloop-thread-0 BaseServiceProxy     : -> GET /v1/api/iserver/marketdata/history?conid=196689572&period=30d&bar=1d&outsideRth=false,200|66ms
01:05:53.888 INFO  vert.x-eventloop-thread-0 BaseServiceProxy     : -> GET /v1/api/iserver/marketdata/history?conid=196689572&period=30d&bar=1d&outsideRth=false,200|67ms
01:05:54.020 INFO  vert.x-eventloop-thread-0 BaseServiceProxy     : -> GET /v1/api/iserver/account/orders,200|60ms
01:06:13.320 INFO  vert.x-eventloop-thread-0 BaseServiceProxy     : -> GET /v1/api/tickle,200|112ms
01:06:13.323 DEBUG vert.x-eventloop-thread-0 ClientPortalService  : tickle {"session":"dad9c17286541725e94155c9735b78c8","ssoExpires":150215,"collission":false,"userId":50301190,"hmds":{"error":"no bridge"},"iserver":{"authStatus":{"authenticated":true,"established":true,"competing":false,"connected":true,"message":"","MAC":null,"serverInfo":{"serverName":"JifS17095","serverVersion":"Build 10.44.1f, Apr 7, 2026 1:49:24 PM"},"hardware_info":"24861e56|F4:03:43:DB:8E:10"}}}
01:06:43.262 INFO  vert.x-eventloop-thread-0 BaseServiceProxy     : -> GET /v1/api/tickle,200|55ms
01:06:43.264 DEBUG vert.x-eventloop-thread-0 ClientPortalService  : tickle {"session":"dad9c17286541725e94155c9735b78c8","ssoExpires":120257,"collission":false,"userId":50301190,"hmds":{"error":"no bridge"},"iserver":{"authStatus":{"authenticated":true,"established":true,"competing":false,"connected":true,"message":"","MAC":null,"serverInfo":{"serverName":"JifS17095","serverVersion":"Build 10.44.1f, Apr 7, 2026 1:49:24 PM"},"hardware_info":"2119d83d|F4:03:43:DB:8E:10"}}}
01:07:13.291 INFO  vert.x-eventloop-thread-0 BaseServiceProxy     : -> GET /v1/api/tickle,200|84ms
01:07:13.293 DEBUG vert.x-eventloop-thread-0 ClientPortalService  : tickle {"session":"dad9c17286541725e94155c9735b78c8","ssoExpires":90230,"collission":false,"userId":50301190,"hmds":{"error":"no bridge"},"iserver":{"authStatus":{"authenticated":true,"established":true,"competing":false,"connected":true,"message":"","MAC":null,"serverInfo":{"serverName":"JifS17095","serverVersion":"Build 10.44.1f, Apr 7, 2026 1:49:24 PM"},"hardware_info":"21c7490b|F4:03:43:DB:8E:10"}}}
01:07:43.284 INFO  vert.x-eventloop-thread-0 BaseServiceProxy     : -> GET /v1/api/tickle,200|77ms
01:07:43.285 DEBUG vert.x-eventloop-thread-0 ClientPortalService  : tickle {"session":"dad9c17286541725e94155c9735b78c8","ssoExpires":60245,"collission":false,"userId":50301190,"hmds":{"error":"no bridge"},"iserver":{"authStatus":{"authenticated":true,"established":true,"competing":false,"connected":true,"message":"","MAC":null,"serverInfo":{"serverName":"JifS17095","serverVersion":"Build 10.44.1f, Apr 7, 2026 1:49:24 PM"},"hardware_info":"39cb5c11|F4:03:43:DB:8E:10"}}}
01:08:08.402 INFO  vert.x-eventloop-thread-0 BaseServiceProxy     : -> GET /sso/ping,200|318ms
01:08:08.403 INFO  vert.x-eventloop-thread-0 SsoService           : sso ping {"result": "true"}
01:08:13.278 INFO  vert.x-eventloop-thread-0 BaseServiceProxy     : -> GET /v1/api/tickle,200|71ms
01:08:13.279 DEBUG vert.x-eventloop-thread-0 ClientPortalService  : tickle {"session":"dad9c17286541725e94155c9735b78c8","ssoExpires":30246,"collission":false,"userId":50301190,"hmds":{"error":"no bridge"},"iserver":{"authStatus":{"authenticated":true,"established":true,"competing":false,"connected":true,"message":"","MAC":null,"serverInfo":{"serverName":"JifS17095","serverVersion":"Build 10.44.1f, Apr 7, 2026 1:49:24 PM"},"hardware_info":"3041c74c|F4:03:43:DB:8E:10"}}}
01:08:43.283 INFO  vert.x-eventloop-thread-0 BaseServiceProxy     : -> GET /v1/api/tickle,200|77ms
01:08:43.284 DEBUG vert.x-eventloop-thread-0 ClientPortalService  : tickle {"session":"dad9c17286541725e94155c9735b78c8","ssoExpires":242,"collission":false,"userId":50301190,"hmds":{"error":"no bridge"},"iserver":{"authStatus":{"authenticated":true,"established":true,"competing":false,"connected":true,"message":"","MAC":null,"serverInfo":{"serverName":"JifS17095","serverVersion":"Build 10.44.1f, Apr 7, 2026 1:49:24 PM"},"hardware_info":"1fe051a1|F4:03:43:DB:8E:10"}}}
01:09:13.270 INFO  vert.x-eventloop-thread-0 BaseServiceProxy     : -> GET /v1/api/tickle,200|63ms
01:09:13.271 DEBUG vert.x-eventloop-thread-0 ClientPortalService  : tickle {"session":"dad9c17286541725e94155c9735b78c8","ssoExpires":600000,"collission":false,"userId":50301190,"hmds":{"error":"no bridge"},"iserver":{"authStatus":{"authenticated":true,"established":true,"competing":false,"connected":true,"message":"","MAC":null,"serverInfo":{"serverName":"JifS17095","serverVersion":"Build 10.44.1f, Apr 7, 2026 1:49:24 PM"},"hardware_info":"3cbfd25a|F4:03:43:DB:8E:10"}}}
01:09:43.310 INFO  vert.x-eventloop-thread-0 BaseServiceProxy     : -> GET /v1/api/tickle,200|102ms
01:09:43.313 DEBUG vert.x-eventloop-thread-0 ClientPortalService  : tickle {"session":"dad9c17286541725e94155c9735b78c8","ssoExpires":569963,"collission":false,"userId":50301190,"hmds":{"error":"no bridge"},"iserver":{"authStatus":{"authenticated":true,"established":true,"competing":false,"connected":true,"message":"","MAC":null,"serverInfo":{"serverName":"JifS17095","serverVersion":"Build 10.44.1f, Apr 7, 2026 1:49:24 PM"},"hardware_info":"36e95e25|F4:03:43:DB:8E:10"}}}
01:10:13.606 INFO  vert.x-eventloop-thread-0 BaseServiceProxy     : -> GET /v1/api/tickle,200|401ms
01:10:13.606 DEBUG vert.x-eventloop-thread-0 ClientPortalService  : tickle {"session":"dad9c17286541725e94155c9735b78c8","ssoExpires":539755,"collission":false,"userId":50301190,"hmds":{"error":"no bridge"},"iserver":{"authStatus":{"authenticated":true,"established":true,"competing":false,"connected":true,"message":"","MAC":null,"serverInfo":{"serverName":"JifS17095","serverVersion":"Build 10.44.1f, Apr 7, 2026 1:49:24 PM"},"hardware_info":"1776c396|F4:03:43:DB:8E:10"}}}
01:10:43.298 INFO  vert.x-eventloop-thread-0 BaseServiceProxy     : -> GET /v1/api/tickle,200|91ms
01:10:43.300 DEBUG vert.x-eventloop-thread-0 ClientPortalService  : tickle {"session":"dad9c17286541725e94155c9735b78c8","ssoExpires":509977,"collission":false,"userId":50301190,"hmds":{"error":"no bridge"},"iserver":{"authStatus":{"authenticated":true,"established":true,"competing":false,"connected":true,"message":"","MAC":null,"serverInfo":{"serverName":"JifS17095","serverVersion":"Build 10.44.1f, Apr 7, 2026 1:49:24 PM"},"hardware_info":"14df2216|F4:03:43:DB:8E:10"}}}
01:11:13.286 INFO  vert.x-eventloop-thread-0 BaseServiceProxy     : -> GET /v1/api/tickle,200|81ms
01:11:13.287 DEBUG vert.x-eventloop-thread-0 ClientPortalService  : tickle {"session":"dad9c17286541725e94155c9735b78c8","ssoExpires":480007,"collission":false,"userId":50301190,"hmds":{"error":"no bridge"},"iserver":{"authStatus":{"authenticated":true,"established":true,"competing":false,"connected":true,"message":"","MAC":null,"serverInfo":{"serverName":"JifS17095","serverVersion":"Build 10.44.1f, Apr 7, 2026 1:49:24 PM"},"hardware_info":"3f6bcd53|F4:03:43:DB:8E:10"}}}
01:11:43.282 INFO  vert.x-eventloop-thread-0 BaseServiceProxy     : -> GET /v1/api/tickle,200|77ms
01:11:43.283 DEBUG vert.x-eventloop-thread-0 ClientPortalService  : tickle {"session":"dad9c17286541725e94155c9735b78c8","ssoExpires":449992,"collission":false,"userId":50301190,"hmds":{"error":"no bridge"},"iserver":{"authStatus":{"authenticated":true,"established":true,"competing":false,"connected":true,"message":"","MAC":null,"serverInfo":{"serverName":"JifS17095","serverVersion":"Build 10.44.1f, Apr 7, 2026 1:49:24 PM"},"hardware_info":"30b65784|F4:03:43:DB:8E:10"}}}
01:12:13.266 INFO  vert.x-eventloop-thread-0 BaseServiceProxy     : -> GET /v1/api/tickle,200|62ms
01:12:13.267 DEBUG vert.x-eventloop-thread-0 ClientPortalService  : tickle {"session":"dad9c17286541725e94155c9735b78c8","ssoExpires":420006,"collission":false,"userId":50301190,"hmds":{"error":"no bridge"},"iserver":{"authStatus":{"authenticated":true,"established":true,"competing":false,"connected":true,"message":"","MAC":null,"serverInfo":{"serverName":"JifS17095","serverVersion":"Build 10.44.1f, Apr 7, 2026 1:49:24 PM"},"hardware_info":"205157d6|F4:03:43:DB:8E:10"}}}
01:12:43.304 INFO  vert.x-eventloop-thread-0 BaseServiceProxy     : -> GET /v1/api/tickle,200|99ms
01:12:43.306 DEBUG vert.x-eventloop-thread-0 ClientPortalService  : tickle {"session":"dad9c17286541725e94155c9735b78c8","ssoExpires":389975,"collission":false,"userId":50301190,"hmds":{"error":"no bridge"},"iserver":{"authStatus":{"authenticated":true,"established":true,"competing":false,"connected":true,"message":"","MAC":null,"serverInfo":{"serverName":"JifS17095","serverVersion":"Build 10.44.1f, Apr 7, 2026 1:49:24 PM"},"hardware_info":"15f2ebcf|F4:03:43:DB:8E:10"}}}
01:13:08.378 INFO  vert.x-eventloop-thread-0 BaseServiceProxy     : -> GET /sso/ping,200|297ms
01:13:08.378 INFO  vert.x-eventloop-thread-0 SsoService           : sso ping {"result": "true"}
01:13:13.274 INFO  vert.x-eventloop-thread-0 BaseServiceProxy     : -> GET /v1/api/tickle,200|69ms
01:13:13.274 DEBUG vert.x-eventloop-thread-0 ClientPortalService  : tickle {"session":"dad9c17286541725e94155c9735b78c8","ssoExpires":360004,"collission":false,"userId":50301190,"hmds":{"error":"no bridge"},"iserver":{"authStatus":{"authenticated":true,"established":true,"competing":false,"connected":true,"message":"","MAC":null,"serverInfo":{"serverName":"JifS17095","serverVersion":"Build 10.44.1f, Apr 7, 2026 1:49:24 PM"},"hardware_info":"16eac29c|F4:03:43:DB:8E:10"}}}
01:13:35.481 ERROR vert.x-eventloop-thread-0 ConnectionBase       : java.net.SocketException: Connection reset
01:13:35.482 ERROR vert.x-eventloop-thread-0 ConnectionBase       : java.net.SocketException: Connection reset
01:13:35.483 ERROR vert.x-eventloop-thread-0 ConnectionBase       : java.net.SocketException: Connection reset
19:43:39.846 INFO  main GatewayStart         : config ../root/conf.yaml !!ibgroup.web.core.clientportal.gw.Config
authDelay: 3000
ccp: false
cors: {origin.allowed: '*', allowCredentials: false}
ip2loc: US
ips:
  allow: [192.*, 131.216.*, 127.0.0.1]
  deny: [212.90.324.10]
listenPort: 8080
listenSsl: true
portalBaseURL: ''
proxyRemoteHost: https://api.ibkr.com
proxyRemoteSsl: true
sslCert: vertx.jks
sslPwd: mywebapi
ssoPing: 5
svcEnvironment: v1
tst: false
twsBaseURL: /tws.proxy
webApps:
- {cache: true, index: index.html, listing: false, name: demo, proxy: ''}

19:43:39.991 INFO  vert.x-eventloop-thread-0 GatewayHttpProxy     :  -> mount demo on /demo
19:43:40.004 INFO  vert.x-eventloop-thread-0 GatewayVerticle      : version: a27ed42161ad96c53e715ca5c5e3e3fa4cff5262 Mon, 24 Apr 2023 15:41:53 -0400
19:43:40.004 INFO  vert.x-eventloop-thread-0 GatewayVerticle      : Java Version: 17.0.10
19:43:40.298 WARN  vert.x-eventloop-thread-0 DefaultChannelPipeline : An exceptionCaught() event was fired, and it reached at the tail of the pipeline. It usually means the last handler in the pipeline did not handle the exception.
io.netty.handler.codec.DecoderException: javax.net.ssl.SSLHandshakeException: Received fatal alert: certificate_unknown
	at io.netty.handler.codec.ByteToMessageDecoder.callDecode(ByteToMessageDecoder.java:459)
	at io.netty.handler.codec.ByteToMessageDecoder.channelRead(ByteToMessageDecoder.java:265)
	at io.netty.channel.AbstractChannelHandlerContext.invokeChannelRead(AbstractChannelHandlerContext.java:362)
	at io.netty.channel.AbstractChannelHandlerContext.invokeChannelRead(AbstractChannelHandlerContext.java:348)
	at io.netty.channel.AbstractChannelHandlerContext.fireChannelRead(AbstractChannelHandlerContext.java:340)
	at io.netty.channel.DefaultChannelPipeline$HeadContext.channelRead(DefaultChannelPipeline.java:1359)
	at io.netty.channel.AbstractChannelHandlerContext.invokeChannelRead(AbstractChannelHandlerContext.java:362)
	at io.netty.channel.AbstractChannelHandlerContext.invokeChannelRead(AbstractChannelHandlerContext.java:348)
	at io.netty.channel.DefaultChannelPipeline.fireChannelRead(DefaultChannelPipeline.java:935)
	at io.netty.channel.nio.AbstractNioByteChannel$NioByteUnsafe.read(AbstractNioByteChannel.java:134)
	at io.netty.channel.nio.NioEventLoop.processSelectedKey(NioEventLoop.java:645)
	at io.netty.channel.nio.NioEventLoop.processSelectedKeysPlain(NioEventLoop.java:545)
	at io.netty.channel.nio.NioEventLoop.processSelectedKeys(NioEventLoop.java:499)
	at io.netty.channel.nio.NioEventLoop.run(NioEventLoop.java:459)
	at io.netty.util.concurrent.SingleThreadEventExecutor$5.run(SingleThreadEventExecutor.java:858)
	at java.base/java.lang.Thread.run(Thread.java:842)
Caused by: javax.net.ssl.SSLHandshakeException: Received fatal alert: certificate_unknown
	at java.base/sun.security.ssl.Alert.createSSLException(Alert.java:131)
	at java.base/sun.security.ssl.Alert.createSSLException(Alert.java:117)
	at java.base/sun.security.ssl.TransportContext.fatal(TransportContext.java:365)
	at java.base/sun.security.ssl.Alert$AlertConsumer.consume(Alert.java:293)
	at java.base/sun.security.ssl.TransportContext.dispatch(TransportContext.java:204)
	at java.base/sun.security.ssl.SSLTransport.decode(SSLTransport.java:172)
	at java.base/sun.security.ssl.SSLEngineImpl.decode(SSLEngineImpl.java:736)
	at java.base/sun.security.ssl.SSLEngineImpl.readRecord(SSLEngineImpl.java:691)
	at java.base/sun.security.ssl.SSLEngineImpl.unwrap(SSLEngineImpl.java:506)
	at java.base/sun.security.ssl.SSLEngineImpl.unwrap(SSLEngineImpl.java:482)
	at java.base/javax.net.ssl.SSLEngine.unwrap(SSLEngine.java:679)
	at io.netty.handler.ssl.SslHandler$SslEngineType$3.unwrap(SslHandler.java:281)
	at io.netty.handler.ssl.SslHandler.unwrap(SslHandler.java:1215)
	at io.netty.handler.ssl.SslHandler.decodeJdkCompatible(SslHandler.java:1127)
	at io.netty.handler.ssl.SslHandler.decode(SslHandler.java:1162)
	at io.netty.handler.codec.ByteToMessageDecoder.decodeRemovalReentryProtection(ByteToMessageDecoder.java:489)
	at io.netty.handler.codec.ByteToMessageDecoder.callDecode(ByteToMessageDecoder.java:428)
	... 15 common frames omitted
19:43:40.299 WARN  vert.x-eventloop-thread-0 DefaultChannelPipeline : An exceptionCaught() event was fired, and it reached at the tail of the pipeline. It usually means the last handler in the pipeline did not handle the exception.
io.netty.handler.codec.DecoderException: javax.net.ssl.SSLHandshakeException: Received fatal alert: certificate_unknown
	at io.netty.handler.codec.ByteToMessageDecoder.callDecode(ByteToMessageDecoder.java:459)
	at io.netty.handler.codec.ByteToMessageDecoder.channelRead(ByteToMessageDecoder.java:265)
	at io.netty.channel.AbstractChannelHandlerContext.invokeChannelRead(AbstractChannelHandlerContext.java:362)
	at io.netty.channel.AbstractChannelHandlerContext.invokeChannelRead(AbstractChannelHandlerContext.java:348)
	at io.netty.channel.AbstractChannelHandlerContext.fireChannelRead(AbstractChannelHandlerContext.java:340)
	at io.netty.channel.DefaultChannelPipeline$HeadContext.channelRead(DefaultChannelPipeline.java:1359)
	at io.netty.channel.AbstractChannelHandlerContext.invokeChannelRead(AbstractChannelHandlerContext.java:362)
	at io.netty.channel.AbstractChannelHandlerContext.invokeChannelRead(AbstractChannelHandlerContext.java:348)
	at io.netty.channel.DefaultChannelPipeline.fireChannelRead(DefaultChannelPipeline.java:935)
	at io.netty.channel.nio.AbstractNioByteChannel$NioByteUnsafe.read(AbstractNioByteChannel.java:134)
	at io.netty.channel.nio.NioEventLoop.processSelectedKey(NioEventLoop.java:645)
	at io.netty.channel.nio.NioEventLoop.processSelectedKeysPlain(NioEventLoop.java:545)
	at io.netty.channel.nio.NioEventLoop.processSelectedKeys(NioEventLoop.java:499)
	at io.netty.channel.nio.NioEventLoop.run(NioEventLoop.java:459)
	at io.netty.util.concurrent.SingleThreadEventExecutor$5.run(SingleThreadEventExecutor.java:858)
	at java.base/java.lang.Thread.run(Thread.java:842)
Caused by: javax.net.ssl.SSLHandshakeException: Received fatal alert: certificate_unknown
	at java.base/sun.security.ssl.Alert.createSSLException(Alert.java:131)
	at java.base/sun.security.ssl.Alert.createSSLException(Alert.java:117)
	at java.base/sun.security.ssl.TransportContext.fatal(TransportContext.java:365)
	at java.base/sun.security.ssl.Alert$AlertConsumer.consume(Alert.java:293)
	at java.base/sun.security.ssl.TransportContext.dispatch(TransportContext.java:204)
	at java.base/sun.security.ssl.SSLTransport.decode(SSLTransport.java:172)
	at java.base/sun.security.ssl.SSLEngineImpl.decode(SSLEngineImpl.java:736)
	at java.base/sun.security.ssl.SSLEngineImpl.readRecord(SSLEngineImpl.java:691)
	at java.base/sun.security.ssl.SSLEngineImpl.unwrap(SSLEngineImpl.java:506)
	at java.base/sun.security.ssl.SSLEngineImpl.unwrap(SSLEngineImpl.java:482)
	at java.base/javax.net.ssl.SSLEngine.unwrap(SSLEngine.java:679)
	at io.netty.handler.ssl.SslHandler$SslEngineType$3.unwrap(SslHandler.java:281)
	at io.netty.handler.ssl.SslHandler.unwrap(SslHandler.java:1215)
	at io.netty.handler.ssl.SslHandler.decodeJdkCompatible(SslHandler.java:1127)
	at io.netty.handler.ssl.SslHandler.decode(SslHandler.java:1162)
	at io.netty.handler.codec.ByteToMessageDecoder.decodeRemovalReentryProtection(ByteToMessageDecoder.java:489)
	at io.netty.handler.codec.ByteToMessageDecoder.callDecode(ByteToMessageDecoder.java:428)
	... 15 common frames omitted
19:43:40.801 INFO  vert.x-eventloop-thread-0 BaseServiceProxy     : -> GET /sso/Login?forwardTo=22&RL=1&ip2loc=US,200|448ms
19:43:40.802 INFO  vert.x-eventloop-thread-0 CookieManager        : set cookies [partnerID=""; Domain=.ibkr.com; Expires=Thu, 01 Jan 1970 00:00:10 GMT; Path=/;Secure;SameSite=None, partnerID=""; Domain=.ibkr.com; Expires=Thu, 01 Jan 1970 00:00:10 GMT; Path=/;Secure;SameSite=None, URL_PARAM=forwardTo%3D22&RL%3D1&ip2loc%3DUS; Domain=.ibkr.com; Path=/;Secure, JSESSIONID=FC4DA544875A4693BBA2CBB87FF12AD4.ny5wwwdam2-internet; Path=/sso; HttpOnly;Secure;SameSite=None, x-sess-uuid=0.67af74cb.1776858220.9df9930; secure; HttpOnly]
19:43:40.804 DEBUG vert.x-eventloop-thread-0 BaseServiceProxy     : Remapping Set-cookies [partnerID=""; Domain=.ibkr.com; Expires=Thu, 01 Jan 1970 00:00:10 GMT; Path=/;Secure;SameSite=None, partnerID=""; Domain=.ibkr.com; Expires=Thu, 01 Jan 1970 00:00:10 GMT; Path=/;Secure;SameSite=None, URL_PARAM=forwardTo%3D22&RL%3D1&ip2loc%3DUS; Domain=.ibkr.com; Path=/;Secure, JSESSIONID=FC4DA544875A4693BBA2CBB87FF12AD4.ny5wwwdam2-internet; Path=/sso; HttpOnly;Secure;SameSite=None, x-sess-uuid=0.67af74cb.1776858220.9df9930; secure; HttpOnly] -> 
19:43:40.873 WARN  vert.x-eventloop-thread-0 DefaultChannelPipeline : An exceptionCaught() event was fired, and it reached at the tail of the pipeline. It usually means the last handler in the pipeline did not handle the exception.
io.netty.handler.codec.DecoderException: javax.net.ssl.SSLHandshakeException: Received fatal alert: certificate_unknown
	at io.netty.handler.codec.ByteToMessageDecoder.callDecode(ByteToMessageDecoder.java:459)
	at io.netty.handler.codec.ByteToMessageDecoder.channelRead(ByteToMessageDecoder.java:265)
	at io.netty.channel.AbstractChannelHandlerContext.invokeChannelRead(AbstractChannelHandlerContext.java:362)
	at io.netty.channel.AbstractChannelHandlerContext.invokeChannelRead(AbstractChannelHandlerContext.java:348)
	at io.netty.channel.AbstractChannelHandlerContext.fireChannelRead(AbstractChannelHandlerContext.java:340)
	at io.netty.channel.DefaultChannelPipeline$HeadContext.channelRead(DefaultChannelPipeline.java:1359)
	at io.netty.channel.AbstractChannelHandlerContext.invokeChannelRead(AbstractChannelHandlerContext.java:362)
	at io.netty.channel.AbstractChannelHandlerContext.invokeChannelRead(AbstractChannelHandlerContext.java:348)
	at io.netty.channel.DefaultChannelPipeline.fireChannelRead(DefaultChannelPipeline.java:935)
	at io.netty.channel.nio.AbstractNioByteChannel$NioByteUnsafe.read(AbstractNioByteChannel.java:134)
	at io.netty.channel.nio.NioEventLoop.processSelectedKey(NioEventLoop.java:645)
	at io.netty.channel.nio.NioEventLoop.processSelectedKeysPlain(NioEventLoop.java:545)
	at io.netty.channel.nio.NioEventLoop.processSelectedKeys(NioEventLoop.java:499)
	at io.netty.channel.nio.NioEventLoop.run(NioEventLoop.java:459)
	at io.netty.util.concurrent.SingleThreadEventExecutor$5.run(SingleThreadEventExecutor.java:858)
	at java.base/java.lang.Thread.run(Thread.java:842)
Caused by: javax.net.ssl.SSLHandshakeException: Received fatal alert: certificate_unknown
	at java.base/sun.security.ssl.Alert.createSSLException(Alert.java:131)
	at java.base/sun.security.ssl.Alert.createSSLException(Alert.java:117)
	at java.base/sun.security.ssl.TransportContext.fatal(TransportContext.java:365)
	at java.base/sun.security.ssl.Alert$AlertConsumer.consume(Alert.java:293)
	at java.base/sun.security.ssl.TransportContext.dispatch(TransportContext.java:204)
	at java.base/sun.security.ssl.SSLTransport.decode(SSLTransport.java:172)
	at java.base/sun.security.ssl.SSLEngineImpl.decode(SSLEngineImpl.java:736)
	at java.base/sun.security.ssl.SSLEngineImpl.readRecord(SSLEngineImpl.java:691)
	at java.base/sun.security.ssl.SSLEngineImpl.unwrap(SSLEngineImpl.java:506)
	at java.base/sun.security.ssl.SSLEngineImpl.unwrap(SSLEngineImpl.java:482)
	at java.base/javax.net.ssl.SSLEngine.unwrap(SSLEngine.java:679)
	at io.netty.handler.ssl.SslHandler$SslEngineType$3.unwrap(SslHandler.java:281)
	at io.netty.handler.ssl.SslHandler.unwrap(SslHandler.java:1215)
	at io.netty.handler.ssl.SslHandler.decodeJdkCompatible(SslHandler.java:1127)
	at io.netty.handler.ssl.SslHandler.decode(SslHandler.java:1162)
	at io.netty.handler.codec.ByteToMessageDecoder.decodeRemovalReentryProtection(ByteToMessageDecoder.java:489)
	at io.netty.handler.codec.ByteToMessageDecoder.callDecode(ByteToMessageDecoder.java:428)
	... 15 common frames omitted
19:43:40.873 WARN  vert.x-eventloop-thread-0 DefaultChannelPipeline : An exceptionCaught() event was fired, and it reached at the tail of the pipeline. It usually means the last handler in the pipeline did not handle the exception.
io.netty.handler.codec.DecoderException: javax.net.ssl.SSLHandshakeException: Received fatal alert: certificate_unknown
	at io.netty.handler.codec.ByteToMessageDecoder.callDecode(ByteToMessageDecoder.java:459)
	at io.netty.handler.codec.ByteToMessageDecoder.channelRead(ByteToMessageDecoder.java:265)
	at io.netty.channel.AbstractChannelHandlerContext.invokeChannelRead(AbstractChannelHandlerContext.java:362)
	at io.netty.channel.AbstractChannelHandlerContext.invokeChannelRead(AbstractChannelHandlerContext.java:348)
	at io.netty.channel.AbstractChannelHandlerContext.fireChannelRead(AbstractChannelHandlerContext.java:340)
	at io.netty.channel.DefaultChannelPipeline$HeadContext.channelRead(DefaultChannelPipeline.java:1359)
	at io.netty.channel.AbstractChannelHandlerContext.invokeChannelRead(AbstractChannelHandlerContext.java:362)
	at io.netty.channel.AbstractChannelHandlerContext.invokeChannelRead(AbstractChannelHandlerContext.java:348)
	at io.netty.channel.DefaultChannelPipeline.fireChannelRead(DefaultChannelPipeline.java:935)
	at io.netty.channel.nio.AbstractNioByteChannel$NioByteUnsafe.read(AbstractNioByteChannel.java:134)
	at io.netty.channel.nio.NioEventLoop.processSelectedKey(NioEventLoop.java:645)
	at io.netty.channel.nio.NioEventLoop.processSelectedKeysPlain(NioEventLoop.java:545)
	at io.netty.channel.nio.NioEventLoop.processSelectedKeys(NioEventLoop.java:499)
	at io.netty.channel.nio.NioEventLoop.run(NioEventLoop.java:459)
	at io.netty.util.concurrent.SingleThreadEventExecutor$5.run(SingleThreadEventExecutor.java:858)
	at java.base/java.lang.Thread.run(Thread.java:842)
Caused by: javax.net.ssl.SSLHandshakeException: Received fatal alert: certificate_unknown
	at java.base/sun.security.ssl.Alert.createSSLException(Alert.java:131)
	at java.base/sun.security.ssl.Alert.createSSLException(Alert.java:117)
	at java.base/sun.security.ssl.TransportContext.fatal(TransportContext.java:365)
	at java.base/sun.security.ssl.Alert$AlertConsumer.consume(Alert.java:293)
	at java.base/sun.security.ssl.TransportContext.dispatch(TransportContext.java:204)
	at java.base/sun.security.ssl.SSLTransport.decode(SSLTransport.java:172)
	at java.base/sun.security.ssl.SSLEngineImpl.decode(SSLEngineImpl.java:736)
	at java.base/sun.security.ssl.SSLEngineImpl.readRecord(SSLEngineImpl.java:691)
	at java.base/sun.security.ssl.SSLEngineImpl.unwrap(SSLEngineImpl.java:506)
	at java.base/sun.security.ssl.SSLEngineImpl.unwrap(SSLEngineImpl.java:482)
	at java.base/javax.net.ssl.SSLEngine.unwrap(SSLEngine.java:679)
	at io.netty.handler.ssl.SslHandler$SslEngineType$3.unwrap(SslHandler.java:281)
	at io.netty.handler.ssl.SslHandler.unwrap(SslHandler.java:1215)
	at io.netty.handler.ssl.SslHandler.decodeJdkCompatible(SslHandler.java:1127)
	at io.netty.handler.ssl.SslHandler.decode(SslHandler.java:1162)
	at io.netty.handler.codec.ByteToMessageDecoder.decodeRemovalReentryProtection(ByteToMessageDecoder.java:489)
	at io.netty.handler.codec.ByteToMessageDecoder.callDecode(ByteToMessageDecoder.java:428)
	... 15 common frames omitted
19:43:40.875 WARN  vert.x-eventloop-thread-0 DefaultChannelPipeline : An exceptionCaught() event was fired, and it reached at the tail of the pipeline. It usually means the last handler in the pipeline did not handle the exception.
io.netty.handler.codec.DecoderException: javax.net.ssl.SSLHandshakeException: Received fatal alert: certificate_unknown
	at io.netty.handler.codec.ByteToMessageDecoder.callDecode(ByteToMessageDecoder.java:459)
	at io.netty.handler.codec.ByteToMessageDecoder.channelRead(ByteToMessageDecoder.java:265)
	at io.netty.channel.AbstractChannelHandlerContext.invokeChannelRead(AbstractChannelHandlerContext.java:362)
	at io.netty.channel.AbstractChannelHandlerContext.invokeChannelRead(AbstractChannelHandlerContext.java:348)
	at io.netty.channel.AbstractChannelHandlerContext.fireChannelRead(AbstractChannelHandlerContext.java:340)
	at io.netty.channel.DefaultChannelPipeline$HeadContext.channelRead(DefaultChannelPipeline.java:1359)
	at io.netty.channel.AbstractChannelHandlerContext.invokeChannelRead(AbstractChannelHandlerContext.java:362)
	at io.netty.channel.AbstractChannelHandlerContext.invokeChannelRead(AbstractChannelHandlerContext.java:348)
	at io.netty.channel.DefaultChannelPipeline.fireChannelRead(DefaultChannelPipeline.java:935)
	at io.netty.channel.nio.AbstractNioByteChannel$NioByteUnsafe.read(AbstractNioByteChannel.java:134)
	at io.netty.channel.nio.NioEventLoop.processSelectedKey(NioEventLoop.java:645)
	at io.netty.channel.nio.NioEventLoop.processSelectedKeysPlain(NioEventLoop.java:545)
	at io.netty.channel.nio.NioEventLoop.processSelectedKeys(NioEventLoop.java:499)
	at io.netty.channel.nio.NioEventLoop.run(NioEventLoop.java:459)
	at io.netty.util.concurrent.SingleThreadEventExecutor$5.run(SingleThreadEventExecutor.java:858)
	at java.base/java.lang.Thread.run(Thread.java:842)
Caused by: javax.net.ssl.SSLHandshakeException: Received fatal alert: certificate_unknown
	at java.base/sun.security.ssl.Alert.createSSLException(Alert.java:131)
	at java.base/sun.security.ssl.Alert.createSSLException(Alert.java:117)
	at java.base/sun.security.ssl.TransportContext.fatal(TransportContext.java:365)
	at java.base/sun.security.ssl.Alert$AlertConsumer.consume(Alert.java:293)
	at java.base/sun.security.ssl.TransportContext.dispatch(TransportContext.java:204)
	at java.base/sun.security.ssl.SSLTransport.decode(SSLTransport.java:172)
	at java.base/sun.security.ssl.SSLEngineImpl.decode(SSLEngineImpl.java:736)
	at java.base/sun.security.ssl.SSLEngineImpl.readRecord(SSLEngineImpl.java:691)
	at java.base/sun.security.ssl.SSLEngineImpl.unwrap(SSLEngineImpl.java:506)
	at java.base/sun.security.ssl.SSLEngineImpl.unwrap(SSLEngineImpl.java:482)
	at java.base/javax.net.ssl.SSLEngine.unwrap(SSLEngine.java:679)
	at io.netty.handler.ssl.SslHandler$SslEngineType$3.unwrap(SslHandler.java:281)
	at io.netty.handler.ssl.SslHandler.unwrap(SslHandler.java:1215)
	at io.netty.handler.ssl.SslHandler.decodeJdkCompatible(SslHandler.java:1127)
	at io.netty.handler.ssl.SslHandler.decode(SslHandler.java:1162)
	at io.netty.handler.codec.ByteToMessageDecoder.decodeRemovalReentryProtection(ByteToMessageDecoder.java:489)
	at io.netty.handler.codec.ByteToMessageDecoder.callDecode(ByteToMessageDecoder.java:428)
	... 15 common frames omitted
19:43:40.876 WARN  vert.x-eventloop-thread-0 DefaultChannelPipeline : An exceptionCaught() event was fired, and it reached at the tail of the pipeline. It usually means the last handler in the pipeline did not handle the exception.
io.netty.handler.codec.DecoderException: javax.net.ssl.SSLHandshakeException: Received fatal alert: certificate_unknown
	at io.netty.handler.codec.ByteToMessageDecoder.callDecode(ByteToMessageDecoder.java:459)
	at io.netty.handler.codec.ByteToMessageDecoder.channelRead(ByteToMessageDecoder.java:265)
	at io.netty.channel.AbstractChannelHandlerContext.invokeChannelRead(AbstractChannelHandlerContext.java:362)
	at io.netty.channel.AbstractChannelHandlerContext.invokeChannelRead(AbstractChannelHandlerContext.java:348)
	at io.netty.channel.AbstractChannelHandlerContext.fireChannelRead(AbstractChannelHandlerContext.java:340)
	at io.netty.channel.DefaultChannelPipeline$HeadContext.channelRead(DefaultChannelPipeline.java:1359)
	at io.netty.channel.AbstractChannelHandlerContext.invokeChannelRead(AbstractChannelHandlerContext.java:362)
	at io.netty.channel.AbstractChannelHandlerContext.invokeChannelRead(AbstractChannelHandlerContext.java:348)
	at io.netty.channel.DefaultChannelPipeline.fireChannelRead(DefaultChannelPipeline.java:935)
	at io.netty.channel.nio.AbstractNioByteChannel$NioByteUnsafe.read(AbstractNioByteChannel.java:134)
	at io.netty.channel.nio.NioEventLoop.processSelectedKey(NioEventLoop.java:645)
	at io.netty.channel.nio.NioEventLoop.processSelectedKeysPlain(NioEventLoop.java:545)
	at io.netty.channel.nio.NioEventLoop.processSelectedKeys(NioEventLoop.java:499)
	at io.netty.channel.nio.NioEventLoop.run(NioEventLoop.java:459)
	at io.netty.util.concurrent.SingleThreadEventExecutor$5.run(SingleThreadEventExecutor.java:858)
	at java.base/java.lang.Thread.run(Thread.java:842)
Caused by: javax.net.ssl.SSLHandshakeException: Received fatal alert: certificate_unknown
	at java.base/sun.security.ssl.Alert.createSSLException(Alert.java:131)
	at java.base/sun.security.ssl.Alert.createSSLException(Alert.java:117)
	at java.base/sun.security.ssl.TransportContext.fatal(TransportContext.java:365)
	at java.base/sun.security.ssl.Alert$AlertConsumer.consume(Alert.java:293)
	at java.base/sun.security.ssl.TransportContext.dispatch(TransportContext.java:204)
	at java.base/sun.security.ssl.SSLTransport.decode(SSLTransport.java:172)
	at java.base/sun.security.ssl.SSLEngineImpl.decode(SSLEngineImpl.java:736)
	at java.base/sun.security.ssl.SSLEngineImpl.readRecord(SSLEngineImpl.java:691)
	at java.base/sun.security.ssl.SSLEngineImpl.unwrap(SSLEngineImpl.java:506)
	at java.base/sun.security.ssl.SSLEngineImpl.unwrap(SSLEngineImpl.java:482)
	at java.base/javax.net.ssl.SSLEngine.unwrap(SSLEngine.java:679)
	at io.netty.handler.ssl.SslHandler$SslEngineType$3.unwrap(SslHandler.java:281)
	at io.netty.handler.ssl.SslHandler.unwrap(SslHandler.java:1215)
	at io.netty.handler.ssl.SslHandler.decodeJdkCompatible(SslHandler.java:1127)
	at io.netty.handler.ssl.SslHandler.decode(SslHandler.java:1162)
	at io.netty.handler.codec.ByteToMessageDecoder.decodeRemovalReentryProtection(ByteToMessageDecoder.java:489)
	at io.netty.handler.codec.ByteToMessageDecoder.callDecode(ByteToMessageDecoder.java:428)
	... 15 common frames omitted
19:43:40.877 WARN  vert.x-eventloop-thread-0 DefaultChannelPipeline : An exceptionCaught() event was fired, and it reached at the tail of the pipeline. It usually means the last handler in the pipeline did not handle the exception.
io.netty.handler.codec.DecoderException: javax.net.ssl.SSLHandshakeException: Received fatal alert: certificate_unknown
	at io.netty.handler.codec.ByteToMessageDecoder.callDecode(ByteToMessageDecoder.java:459)
	at io.netty.handler.codec.ByteToMessageDecoder.channelRead(ByteToMessageDecoder.java:265)
	at io.netty.channel.AbstractChannelHandlerContext.invokeChannelRead(AbstractChannelHandlerContext.java:362)
	at io.netty.channel.AbstractChannelHandlerContext.invokeChannelRead(AbstractChannelHandlerContext.java:348)
	at io.netty.channel.AbstractChannelHandlerContext.fireChannelRead(AbstractChannelHandlerContext.java:340)
	at io.netty.channel.DefaultChannelPipeline$HeadContext.channelRead(DefaultChannelPipeline.java:1359)
	at io.netty.channel.AbstractChannelHandlerContext.invokeChannelRead(AbstractChannelHandlerContext.java:362)
	at io.netty.channel.AbstractChannelHandlerContext.invokeChannelRead(AbstractChannelHandlerContext.java:348)
	at io.netty.channel.DefaultChannelPipeline.fireChannelRead(DefaultChannelPipeline.java:935)
	at io.netty.channel.nio.AbstractNioByteChannel$NioByteUnsafe.read(AbstractNioByteChannel.java:134)
	at io.netty.channel.nio.NioEventLoop.processSelectedKey(NioEventLoop.java:645)
	at io.netty.channel.nio.NioEventLoop.processSelectedKeysPlain(NioEventLoop.java:545)
	at io.netty.channel.nio.NioEventLoop.processSelectedKeys(NioEventLoop.java:499)
	at io.netty.channel.nio.NioEventLoop.run(NioEventLoop.java:459)
	at io.netty.util.concurrent.SingleThreadEventExecutor$5.run(SingleThreadEventExecutor.java:858)
	at java.base/java.lang.Thread.run(Thread.java:842)
Caused by: javax.net.ssl.SSLHandshakeException: Received fatal alert: certificate_unknown
	at java.base/sun.security.ssl.Alert.createSSLException(Alert.java:131)
	at java.base/sun.security.ssl.Alert.createSSLException(Alert.java:117)
	at java.base/sun.security.ssl.TransportContext.fatal(TransportContext.java:365)
	at java.base/sun.security.ssl.Alert$AlertConsumer.consume(Alert.java:293)
	at java.base/sun.security.ssl.TransportContext.dispatch(TransportContext.java:204)
	at java.base/sun.security.ssl.SSLTransport.decode(SSLTransport.java:172)
	at java.base/sun.security.ssl.SSLEngineImpl.decode(SSLEngineImpl.java:736)
	at java.base/sun.security.ssl.SSLEngineImpl.readRecord(SSLEngineImpl.java:691)
	at java.base/sun.security.ssl.SSLEngineImpl.unwrap(SSLEngineImpl.java:506)
	at java.base/sun.security.ssl.SSLEngineImpl.unwrap(SSLEngineImpl.java:482)
	at java.base/javax.net.ssl.SSLEngine.unwrap(SSLEngine.java:679)
	at io.netty.handler.ssl.SslHandler$SslEngineType$3.unwrap(SslHandler.java:281)
	at io.netty.handler.ssl.SslHandler.unwrap(SslHandler.java:1215)
	at io.netty.handler.ssl.SslHandler.decodeJdkCompatible(SslHandler.java:1127)
	at io.netty.handler.ssl.SslHandler.decode(SslHandler.java:1162)
	at io.netty.handler.codec.ByteToMessageDecoder.decodeRemovalReentryProtection(ByteToMessageDecoder.java:489)
	at io.netty.handler.codec.ByteToMessageDecoder.callDecode(ByteToMessageDecoder.java:428)
	... 15 common frames omitted
19:43:40.885 WARN  vert.x-eventloop-thread-0 DefaultChannelPipeline : An exceptionCaught() event was fired, and it reached at the tail of the pipeline. It usually means the last handler in the pipeline did not handle the exception.
io.netty.handler.codec.DecoderException: javax.net.ssl.SSLHandshakeException: Received fatal alert: certificate_unknown
	at io.netty.handler.codec.ByteToMessageDecoder.callDecode(ByteToMessageDecoder.java:459)
	at io.netty.handler.codec.ByteToMessageDecoder.channelRead(ByteToMessageDecoder.java:265)
	at io.netty.channel.AbstractChannelHandlerContext.invokeChannelRead(AbstractChannelHandlerContext.java:362)
	at io.netty.channel.AbstractChannelHandlerContext.invokeChannelRead(AbstractChannelHandlerContext.java:348)
	at io.netty.channel.AbstractChannelHandlerContext.fireChannelRead(AbstractChannelHandlerContext.java:340)
	at io.netty.channel.DefaultChannelPipeline$HeadContext.channelRead(DefaultChannelPipeline.java:1359)
	at io.netty.channel.AbstractChannelHandlerContext.invokeChannelRead(AbstractChannelHandlerContext.java:362)
	at io.netty.channel.AbstractChannelHandlerContext.invokeChannelRead(AbstractChannelHandlerContext.java:348)
	at io.netty.channel.DefaultChannelPipeline.fireChannelRead(DefaultChannelPipeline.java:935)
	at io.netty.channel.nio.AbstractNioByteChannel$NioByteUnsafe.read(AbstractNioByteChannel.java:134)
	at io.netty.channel.nio.NioEventLoop.processSelectedKey(NioEventLoop.java:645)
	at io.netty.channel.nio.NioEventLoop.processSelectedKeysPlain(NioEventLoop.java:545)
	at io.netty.channel.nio.NioEventLoop.processSelectedKeys(NioEventLoop.java:499)
	at io.netty.channel.nio.NioEventLoop.run(NioEventLoop.java:459)
	at io.netty.util.concurrent.SingleThreadEventExecutor$5.run(SingleThreadEventExecutor.java:858)
	at java.base/java.lang.Thread.run(Thread.java:842)
Caused by: javax.net.ssl.SSLHandshakeException: Received fatal alert: certificate_unknown
	at java.base/sun.security.ssl.Alert.createSSLException(Alert.java:131)
	at java.base/sun.security.ssl.Alert.createSSLException(Alert.java:117)
	at java.base/sun.security.ssl.TransportContext.fatal(TransportContext.java:365)
	at java.base/sun.security.ssl.Alert$AlertConsumer.consume(Alert.java:293)
	at java.base/sun.security.ssl.TransportContext.dispatch(TransportContext.java:204)
	at java.base/sun.security.ssl.SSLTransport.decode(SSLTransport.java:172)
	at java.base/sun.security.ssl.SSLEngineImpl.decode(SSLEngineImpl.java:736)
	at java.base/sun.security.ssl.SSLEngineImpl.readRecord(SSLEngineImpl.java:691)
	at java.base/sun.security.ssl.SSLEngineImpl.unwrap(SSLEngineImpl.java:506)
	at java.base/sun.security.ssl.SSLEngineImpl.unwrap(SSLEngineImpl.java:482)
	at java.base/javax.net.ssl.SSLEngine.unwrap(SSLEngine.java:679)
	at io.netty.handler.ssl.SslHandler$SslEngineType$3.unwrap(SslHandler.java:281)
	at io.netty.handler.ssl.SslHandler.unwrap(SslHandler.java:1215)
	at io.netty.handler.ssl.SslHandler.decodeJdkCompatible(SslHandler.java:1127)
	at io.netty.handler.ssl.SslHandler.decode(SslHandler.java:1162)
	at io.netty.handler.codec.ByteToMessageDecoder.decodeRemovalReentryProtection(ByteToMessageDecoder.java:489)
	at io.netty.handler.codec.ByteToMessageDecoder.callDecode(ByteToMessageDecoder.java:428)
	... 15 common frames omitted
19:43:40.885 WARN  vert.x-eventloop-thread-0 DefaultChannelPipeline : An exceptionCaught() event was fired, and it reached at the tail of the pipeline. It usually means the last handler in the pipeline did not handle the exception.
io.netty.handler.codec.DecoderException: javax.net.ssl.SSLHandshakeException: Received fatal alert: certificate_unknown
	at io.netty.handler.codec.ByteToMessageDecoder.callDecode(ByteToMessageDecoder.java:459)
	at io.netty.handler.codec.ByteToMessageDecoder.channelRead(ByteToMessageDecoder.java:265)
	at io.netty.channel.AbstractChannelHandlerContext.invokeChannelRead(AbstractChannelHandlerContext.java:362)
	at io.netty.channel.AbstractChannelHandlerContext.invokeChannelRead(AbstractChannelHandlerContext.java:348)
	at io.netty.channel.AbstractChannelHandlerContext.fireChannelRead(AbstractChannelHandlerContext.java:340)
	at io.netty.channel.DefaultChannelPipeline$HeadContext.channelRead(DefaultChannelPipeline.java:1359)
	at io.netty.channel.AbstractChannelHandlerContext.invokeChannelRead(AbstractChannelHandlerContext.java:362)
	at io.netty.channel.AbstractChannelHandlerContext.invokeChannelRead(AbstractChannelHandlerContext.java:348)
	at io.netty.channel.DefaultChannelPipeline.fireChannelRead(DefaultChannelPipeline.java:935)
	at io.netty.channel.nio.AbstractNioByteChannel$NioByteUnsafe.read(AbstractNioByteChannel.java:134)
	at io.netty.channel.nio.NioEventLoop.processSelectedKey(NioEventLoop.java:645)
	at io.netty.channel.nio.NioEventLoop.processSelectedKeysPlain(NioEventLoop.java:545)
	at io.netty.channel.nio.NioEventLoop.processSelectedKeys(NioEventLoop.java:499)
	at io.netty.channel.nio.NioEventLoop.run(NioEventLoop.java:459)
	at io.netty.util.concurrent.SingleThreadEventExecutor$5.run(SingleThreadEventExecutor.java:858)
	at java.base/java.lang.Thread.run(Thread.java:842)
Caused by: javax.net.ssl.SSLHandshakeException: Received fatal alert: certificate_unknown
	at java.base/sun.security.ssl.Alert.createSSLException(Alert.java:131)
	at java.base/sun.security.ssl.Alert.createSSLException(Alert.java:117)
	at java.base/sun.security.ssl.TransportContext.fatal(TransportContext.java:365)
	at java.base/sun.security.ssl.Alert$AlertConsumer.consume(Alert.java:293)
	at java.base/sun.security.ssl.TransportContext.dispatch(TransportContext.java:204)
	at java.base/sun.security.ssl.SSLTransport.decode(SSLTransport.java:172)
	at java.base/sun.security.ssl.SSLEngineImpl.decode(SSLEngineImpl.java:736)
	at java.base/sun.security.ssl.SSLEngineImpl.readRecord(SSLEngineImpl.java:691)
	at java.base/sun.security.ssl.SSLEngineImpl.unwrap(SSLEngineImpl.java:506)
	at java.base/sun.security.ssl.SSLEngineImpl.unwrap(SSLEngineImpl.java:482)
	at java.base/javax.net.ssl.SSLEngine.unwrap(SSLEngine.java:679)
	at io.netty.handler.ssl.SslHandler$SslEngineType$3.unwrap(SslHandler.java:281)
	at io.netty.handler.ssl.SslHandler.unwrap(SslHandler.java:1215)
	at io.netty.handler.ssl.SslHandler.decodeJdkCompatible(SslHandler.java:1127)
	at io.netty.handler.ssl.SslHandler.decode(SslHandler.java:1162)
	at io.netty.handler.codec.ByteToMessageDecoder.decodeRemovalReentryProtection(ByteToMessageDecoder.java:489)
	at io.netty.handler.codec.ByteToMessageDecoder.callDecode(ByteToMessageDecoder.java:428)
	... 15 common frames omitted
19:43:40.887 WARN  vert.x-eventloop-thread-0 DefaultChannelPipeline : An exceptionCaught() event was fired, and it reached at the tail of the pipeline. It usually means the last handler in the pipeline did not handle the exception.
io.netty.handler.codec.DecoderException: javax.net.ssl.SSLHandshakeException: Received fatal alert: certificate_unknown
	at io.netty.handler.codec.ByteToMessageDecoder.callDecode(ByteToMessageDecoder.java:459)
	at io.netty.handler.codec.ByteToMessageDecoder.channelRead(ByteToMessageDecoder.java:265)
	at io.netty.channel.AbstractChannelHandlerContext.invokeChannelRead(AbstractChannelHandlerContext.java:362)
	at io.netty.channel.AbstractChannelHandlerContext.invokeChannelRead(AbstractChannelHandlerContext.java:348)
	at io.netty.channel.AbstractChannelHandlerContext.fireChannelRead(AbstractChannelHandlerContext.java:340)
	at io.netty.channel.DefaultChannelPipeline$HeadContext.channelRead(DefaultChannelPipeline.java:1359)
	at io.netty.channel.AbstractChannelHandlerContext.invokeChannelRead(AbstractChannelHandlerContext.java:362)
	at io.netty.channel.AbstractChannelHandlerContext.invokeChannelRead(AbstractChannelHandlerContext.java:348)
	at io.netty.channel.DefaultChannelPipeline.fireChannelRead(DefaultChannelPipeline.java:935)
	at io.netty.channel.nio.AbstractNioByteChannel$NioByteUnsafe.read(AbstractNioByteChannel.java:134)
	at io.netty.channel.nio.NioEventLoop.processSelectedKey(NioEventLoop.java:645)
	at io.netty.channel.nio.NioEventLoop.processSelectedKeysPlain(NioEventLoop.java:545)
	at io.netty.channel.nio.NioEventLoop.processSelectedKeys(NioEventLoop.java:499)
	at io.netty.channel.nio.NioEventLoop.run(NioEventLoop.java:459)
	at io.netty.util.concurrent.SingleThreadEventExecutor$5.run(SingleThreadEventExecutor.java:858)
	at java.base/java.lang.Thread.run(Thread.java:842)
Caused by: javax.net.ssl.SSLHandshakeException: Received fatal alert: certificate_unknown
	at java.base/sun.security.ssl.Alert.createSSLException(Alert.java:131)
	at java.base/sun.security.ssl.Alert.createSSLException(Alert.java:117)
	at java.base/sun.security.ssl.TransportContext.fatal(TransportContext.java:365)
	at java.base/sun.security.ssl.Alert$AlertConsumer.consume(Alert.java:293)
	at java.base/sun.security.ssl.TransportContext.dispatch(TransportContext.java:204)
	at java.base/sun.security.ssl.SSLTransport.decode(SSLTransport.java:172)
	at java.base/sun.security.ssl.SSLEngineImpl.decode(SSLEngineImpl.java:736)
	at java.base/sun.security.ssl.SSLEngineImpl.readRecord(SSLEngineImpl.java:691)
	at java.base/sun.security.ssl.SSLEngineImpl.unwrap(SSLEngineImpl.java:506)
	at java.base/sun.security.ssl.SSLEngineImpl.unwrap(SSLEngineImpl.java:482)
	at java.base/javax.net.ssl.SSLEngine.unwrap(SSLEngine.java:679)
	at io.netty.handler.ssl.SslHandler$SslEngineType$3.unwrap(SslHandler.java:281)
	at io.netty.handler.ssl.SslHandler.unwrap(SslHandler.java:1215)
	at io.netty.handler.ssl.SslHandler.decodeJdkCompatible(SslHandler.java:1127)
	at io.netty.handler.ssl.SslHandler.decode(SslHandler.java:1162)
	at io.netty.handler.codec.ByteToMessageDecoder.decodeRemovalReentryProtection(ByteToMessageDecoder.java:489)
	at io.netty.handler.codec.ByteToMessageDecoder.callDecode(ByteToMessageDecoder.java:428)
	... 15 common frames omitted
19:43:40.970 INFO  vert.x-eventloop-thread-0 BaseServiceProxy     : -> GET /css/bootstrap-5.2.2/bootstrap.min.css,200|116ms
19:43:41.010 INFO  vert.x-eventloop-thread-0 BaseServiceProxy     : -> GET /css/ibkr/theme-ibkr-portal.min.css,200|115ms
19:43:41.020 INFO  vert.x-eventloop-thread-0 BaseServiceProxy     : -> GET /css/fontawesome-6.4.2/all.min.css,200|132ms
19:43:41.039 INFO  vert.x-eventloop-thread-0 BaseServiceProxy     : -> GET /css/reg-am/login.min.css,200|145ms
19:43:41.046 INFO  vert.x-eventloop-thread-0 BaseServiceProxy     : -> GET /css/bootstrap-switch-3.3.2/bootstrap-switch.min.css,200|154ms
19:43:41.058 INFO  vert.x-eventloop-thread-0 BaseServiceProxy     : -> GET /scripts/common/js/jquery-3.7.0/jquery.min.js,200|162ms
19:43:41.107 INFO  vert.x-eventloop-thread-0 BaseServiceProxy     : -> GET /sso/lib/xyz.bundle.min.js,200|72ms
19:43:41.107 INFO  vert.x-eventloop-thread-0 CookieManager        : set cookies [x-sess-uuid=0.67af74cb.1776858221.9df9b29; secure; HttpOnly]
19:43:41.107 DEBUG vert.x-eventloop-thread-0 BaseServiceProxy     : Remapping Set-cookies [x-sess-uuid=0.67af74cb.1776858221.9df9b29; secure; HttpOnly] -> 
19:43:41.128 INFO  vert.x-eventloop-thread-0 BaseServiceProxy     : -> GET /scripts/common/js/bootstrap-5.2.2/bootstrap.bundle.min.js,200|135ms
19:43:41.205 INFO  vert.x-eventloop-thread-0 BaseServiceProxy     : -> GET /images/common/logos/ibkr/interactive-brokers.svg,200|36ms
19:43:41.265 INFO  vert.x-eventloop-thread-0 BaseServiceProxy     : -> GET /fonts/fontawesome-6.4.2/webfonts/fa-brands-400.woff2,200|66ms
19:43:41.274 INFO  vert.x-eventloop-thread-0 BaseServiceProxy     : -> GET /fonts/fontawesome-6.4.2/webfonts/fa-solid-900.woff2,200|79ms
19:43:41.316 INFO  vert.x-eventloop-thread-0 BaseServiceProxy     : -> GET /fonts/proxima-nova/Proxima-Nova-Regular.woff2,200|123ms
19:43:41.319 INFO  vert.x-eventloop-thread-0 BaseServiceProxy     : -> GET /portal.proxy/v1/gstat/bulletins,204|95ms
19:43:41.375 INFO  vert.x-eventloop-thread-0 BaseServiceProxy     : -> GET /images/web/favicons/home-screen-icon-128x128.png,200|37ms
19:43:41.564 INFO  vert.x-eventloop-thread-0 BaseServiceProxy     : -> GET /sso/report,200|342ms
19:43:41.565 INFO  vert.x-eventloop-thread-0 CookieManager        : set cookies [x-sess-uuid=0.67af74cb.1776858221.9df9b7e; secure; HttpOnly]
19:43:41.565 DEBUG vert.x-eventloop-thread-0 BaseServiceProxy     : Remapping Set-cookies [x-sess-uuid=0.67af74cb.1776858221.9df9b7e; secure; HttpOnly] -> 
19:43:44.688 INFO  vert.x-eventloop-thread-0 BaseServiceProxy     : -> GET /sso/Authenticator,200|403ms
19:43:44.688 INFO  vert.x-eventloop-thread-0 CookieManager        : set cookies [x-sess-uuid=0.7caf74cb.1776858224.27f0822; secure; HttpOnly]
19:43:44.689 DEBUG vert.x-eventloop-thread-0 BaseServiceProxy     : Remapping Set-cookies [x-sess-uuid=0.7caf74cb.1776858224.27f0822; secure; HttpOnly] -> 
19:43:45.096 INFO  vert.x-eventloop-thread-0 BaseServiceProxy     : -> GET /sso/Authenticator,200|392ms
19:43:45.097 INFO  vert.x-eventloop-thread-0 CookieManager        : set cookies [web=3343352782; Domain=.ibkr.com; Expires=Thu, 22 Apr 2027 11:43:45 GMT; Path=/; Secure;Secure;SameSite=None, x-sess-uuid=0.67af74cb.1776858224.9df9c34; secure; HttpOnly]
19:43:45.097 DEBUG vert.x-eventloop-thread-0 BaseServiceProxy     : Remapping Set-cookies [web=3343352782; Domain=.ibkr.com; Expires=Thu, 22 Apr 2027 11:43:45 GMT; Path=/; Secure;Secure;SameSite=None, x-sess-uuid=0.67af74cb.1776858224.9df9c34; secure; HttpOnly] -> 
19:43:45.464 INFO  vert.x-eventloop-thread-0 BaseServiceProxy     : -> GET /sso/Authenticator,200|359ms
19:43:45.465 INFO  vert.x-eventloop-thread-0 CookieManager        : set cookies [x-sess-uuid=0.67af74cb.1776858225.9df9c37; secure; HttpOnly]
19:43:45.465 DEBUG vert.x-eventloop-thread-0 BaseServiceProxy     : Remapping Set-cookies [x-sess-uuid=0.67af74cb.1776858225.9df9c37; secure; HttpOnly] -> 
19:43:48.784 INFO  vert.x-eventloop-thread-0 BaseServiceProxy     : -> GET /sso/Authenticator,200|308ms
19:43:48.784 INFO  vert.x-eventloop-thread-0 CookieManager        : set cookies [x-sess-uuid=0.7caf74cb.1776858228.27f088e; secure; HttpOnly]
19:43:48.785 DEBUG vert.x-eventloop-thread-0 BaseServiceProxy     : Remapping Set-cookies [x-sess-uuid=0.7caf74cb.1776858228.27f088e; secure; HttpOnly] -> 
19:43:51.856 INFO  vert.x-eventloop-thread-0 BaseServiceProxy     : -> GET /sso/Authenticator,200|382ms
19:43:51.856 INFO  vert.x-eventloop-thread-0 CookieManager        : set cookies [x-sess-uuid=0.67af74cb.1776858231.9df9d0b; secure; HttpOnly]
19:43:51.857 DEBUG vert.x-eventloop-thread-0 BaseServiceProxy     : Remapping Set-cookies [x-sess-uuid=0.67af74cb.1776858231.9df9d0b; secure; HttpOnly] -> 
19:43:52.370 INFO  vert.x-eventloop-thread-0 BaseServiceProxy     : -> GET /sso/Dispatcher,302|494ms
19:43:52.370 INFO  vert.x-eventloop-thread-0 CookieManager        : set cookies [USERID=50301190; Domain=.ibkr.com; Path=/;Secure;SameSite=None, x-sess-uuid=0.7caf74cb.1776858232.27f1737; secure; HttpOnly]
19:43:52.371 DEBUG vert.x-eventloop-thread-0 BaseServiceProxy     : Remapping Set-cookies [USERID=50301190; Domain=.ibkr.com; Path=/;Secure;SameSite=None, x-sess-uuid=0.7caf74cb.1776858232.27f1737; secure; HttpOnly] -> 
19:43:52.372 INFO  vert.x-eventloop-thread-0 GatewayHttpProxy     : Client login succeeds
19:43:52.980 INFO  vert.x-eventloop-thread-0 BaseServiceProxy     : -> GET /v1/api/sso/validate?gw=1,200|605ms
19:43:52.983 DEBUG vert.x-eventloop-thread-0 ClientPortalService  : portal validate response: {"SFT":"5.2a","IS_PENDING_APPLICANT":false,"SF_ENABLED":true,"HARDWARE_INFO":"","UNIQUE_LOGIN_ID":"50301190-1776858230567","AUTH_TIME":1776858230620,"SF_CONFIG":"5.2a","USER_NAME":"pragu1020","CREDENTIAL_TYPE":0,"IS_FREE_TRIAL":false,"LOGIN_TYPE":1,"LANDING_APP":"PORTAL","CREDENTIAL":"pragu1020","ANOMALOUS_LOGIN":false,"RESULT":true,"IP":"116.88.81.189","USER_ID":50301190,"EXPIRES":1776858233051,"TOKEN":"c77c76edf856e74b4c552d329ab6222e10242fd8","took":260,"IS_MASTER":false,"features":{"env":"PROD","wlms":true,"realtime":true,"bond":true,"optionChains":true,"calendar":true,"newMf":true},"region":"SG"}
19:43:53.109 INFO  vert.x-eventloop-thread-0 GatewayHttpProxy     : authenticated to cp
19:43:53.110 DEBUG vert.x-eventloop-thread-0 BaseServiceProxy     : cancel timer SsoService 0
19:43:53.110 DEBUG vert.x-eventloop-thread-0 BaseServiceProxy     : start timer 300000 SsoService
19:43:53.113 DEBUG vert.x-eventloop-thread-0 BaseServiceProxy     : forward event ON_SSO_VALIDATION, payload 50301190
19:43:53.495 INFO  vert.x-eventloop-thread-0 BaseServiceProxy     : -> GET /v1/api/one/user,200|386ms
19:43:53.496 INFO  vert.x-eventloop-thread-0 ClientPortalService  : get user reply {"username":"pragu1020","features":{"env":"PROD","wlms":true,"realtime":true,"bond":true,"optionChains":true,"calendar":true,"newMf":true},"wbId":"","uar":{"portfolioAnalyst":true,"userInfo":true,"messageCenter":true,"accountDetails":true,"tradingRestrictions":false,"tws":true,"fyi":true,"voting":true,"forum":true,"recentTransactions":true},"props":{"isIBAMClient":false,"ReadOnlySession":null},"firstApprovedDate":1592755200000,"accts":{"U5799398F":{"isIBAMClient":false,"clearingStatus":"O","openDate":1667577600000,"isFAClient":false,"isFunded":true,"tradingPermissions":["CMDTY"]},"U5799398":{"isIBAMClient":false,"clearingStatus":"O","openDate":1592150400000,"isFAClient":false,"isFunded":true,"tradingPermissions":["OPT","IOPT","WAR","STK","CASH","FOP"]}},"hasBrokerageAccessInd":true,"hfcipEligibleInd":false,"fa":false,"has2fa":false,"islite":false,"ispaper":false,"applicants":[{"id":6062329,"type":"INDIVIDUAL","businessType":"INDEPENDENT","nlcode":"en_US","legalCountry":{"name":"Singapore","alpha3":"SGP"}}]}
19:43:54.929 INFO  vert.x-eventloop-thread-0 SsoService           : sso init status=200, url=https://api.ibkr.com/v1/api/ssodh/init
19:43:55.000 DEBUG vert.x-eventloop-thread-0 SsoService           : K f16ffe35ccd5953c9ee0e65b8683c13d6ce69421
19:43:55.001 DEBUG vert.x-eventloop-thread-0 BaseServiceProxy     : forward event ON_SSODH_COMPLETED, payload none
19:43:55.001 DEBUG vert.x-eventloop-thread-0 GatewayHttpProxy     : delaying authentication for 3000
19:43:55.009 ERROR vert.x-eventloop-thread-0 ContextImpl          : Unhandled exception
java.lang.NullPointerException: Cannot read the array length because "mac" is null
	at ibgroup.web.core.clientportal.gw.utils.TstTokenUtils.getMacAddress(TstTokenUtils.java:22)
	at ibgroup.web.core.clientportal.gw.services.SsoService.getMac(SsoService.java:81)
	at ibgroup.web.core.clientportal.gw.services.SsoService.getDeviceId(SsoService.java:70)
	at ibgroup.web.core.clientportal.gw.services.SsoService.setTstToken(SsoService.java:88)
	at ibgroup.web.core.clientportal.gw.http.GatewayHttpProxy.onEvent(GatewayHttpProxy.java:213)
	at ibgroup.web.core.clientportal.gw.http.GatewayHttpProxy.lambda$new$1(GatewayHttpProxy.java:56)
	at ibgroup.web.core.clientportal.gw.services.BaseServiceProxy.lambda$null$0(BaseServiceProxy.java:67)
	at java.base/java.util.ArrayList.forEach(ArrayList.java:1511)
	at ibgroup.web.core.clientportal.gw.services.BaseServiceProxy.lambda$on$1(BaseServiceProxy.java:67)
	at io.vertx.core.impl.ContextImpl.lambda$wrapTask$2(ContextImpl.java:344)
	at io.netty.util.concurrent.AbstractEventExecutor.safeExecute(AbstractEventExecutor.java:163)
	at io.netty.util.concurrent.SingleThreadEventExecutor.runAllTasks(SingleThreadEventExecutor.java:403)
	at io.netty.channel.nio.NioEventLoop.run(NioEventLoop.java:463)
	at io.netty.util.concurrent.SingleThreadEventExecutor$5.run(SingleThreadEventExecutor.java:858)
	at java.base/java.lang.Thread.run(Thread.java:842)
19:43:58.105 INFO  vert.x-eventloop-thread-0 BaseServiceProxy     : -> GET /v1/api/iserver/auth/status,200|99ms
19:43:58.107 DEBUG vert.x-eventloop-thread-0 ClientPortalService  : status {"authenticated":false,"established":false,"competing":false,"connected":false,"MAC":"06:A8:C0:D9:D5:E3"}
19:43:58.108 INFO  vert.x-eventloop-thread-0 ClientPortalService  : process auth status {"authenticated":false,"established":false,"competing":false,"connected":false,"MAC":"06:A8:C0:D9:D5:E3"}
19:43:58.141 DEBUG vert.x-eventloop-thread-0 ClientPortalService  : auth brokerage, k=f16ffe35ccd5953c9ee0e65b8683c13d6ce69421, post={"username":"pragu1020","machineId":"2e770abc","compete":true}
19:43:58.506 INFO  vert.x-eventloop-thread-0 BaseServiceProxy     : -> POST https://api.ibkr.com/v1/api/iserver/auth/ssodh/init,200|364ms
19:43:58.511 DEBUG vert.x-eventloop-thread-0 ClientPortalService  : iserver init : {"passed":true,"authenticated":true,"connected":true,"established":false,"competing":false,"hardware_info":"275c5aa2|06:A8:C0:D9:D5:E3"}
19:43:58.512 INFO  vert.x-eventloop-thread-0 ClientPortalService  : process auth status {"passed":true,"authenticated":true,"connected":true,"established":false,"competing":false,"hardware_info":"275c5aa2|06:A8:C0:D9:D5:E3"}
19:43:58.523 DEBUG vert.x-eventloop-thread-0 BaseServiceProxy     : start timer 30000 ClientPortalService
19:43:58.583 INFO  vert.x-eventloop-thread-0 BaseServiceProxy     : -> GET /v1/api/iserver/accounts,200|61ms
19:43:58.584 DEBUG vert.x-eventloop-thread-0 ClientPortalService  : iserver accounts {}
19:44:02.410 INFO  vert.x-eventloop-thread-0 BaseServiceProxy     : -> GET /v1/api/iserver/auth/ssodh/init?publish=true&compete=true,200|490ms
19:44:02.553 INFO  vert.x-eventloop-thread-0 BaseServiceProxy     : -> GET /v1/api/iserver/account/orders,200|81ms
19:44:02.642 INFO  vert.x-eventloop-thread-0 BaseServiceProxy     : -> GET /v1/api/tickle,200|59ms
19:44:09.778 INFO  vert.x-eventloop-thread-0 BaseServiceProxy     : -> GET /v1/api/iserver/account/orders,200|73ms
19:44:10.088 INFO  vert.x-eventloop-thread-0 BaseServiceProxy     : -> GET /v1/api/portfolio/U5799398/positions/0?direction=a&period=1W&sort=position,200|390ms
19:44:28.606 INFO  vert.x-eventloop-thread-0 BaseServiceProxy     : -> GET /v1/api/tickle,200|76ms
19:44:28.614 DEBUG vert.x-eventloop-thread-0 ClientPortalService  : tickle {"session":"f49f7072e03dda79f2e9445b551ea9b3","ssoExpires":564280,"collission":false,"userId":50301190,"hmds":{"error":"no bridge"},"iserver":{"authStatus":{"authenticated":true,"established":true,"competing":false,"connected":true,"message":"","MAC":"06:A8:C0:D9:D5:E3","serverInfo":{"serverName":"JifS07117","serverVersion":"Build 10.44.1h, Apr 20, 2026 11:22:51 AM"},"hardware_info":"275c5aa2|06:A8:C0:D9:D5:E3"}}}
19:44:37.628 INFO  vert.x-eventloop-thread-0 BaseServiceProxy     : -> GET /v1/api/iserver/secdef/search?symbol=IPGP&secType=STK,200|114ms
19:44:41.651 INFO  vert.x-eventloop-thread-0 BaseServiceProxy     : -> GET /v1/api/portfolio/U5799398/summary,200|144ms
19:44:41.769 INFO  vert.x-eventloop-thread-0 BaseServiceProxy     : -> GET /v1/api/iserver/account/orders,200|109ms
19:44:43.734 INFO  vert.x-eventloop-thread-0 BaseServiceProxy     : -> GET /v1/api/portfolio/U5799398/positions/0?direction=a&period=1W&sort=position,200|2076ms
19:44:48.910 INFO  vert.x-eventloop-thread-0 BaseServiceProxy     : -> GET /v1/api/iserver/secdef/search?symbol=IPGP&secType=STK,200|61ms
19:44:48.974 INFO  vert.x-eventloop-thread-0 BaseServiceProxy     : -> GET /v1/api/iserver/account/orders,200|62ms
19:44:49.116 INFO  vert.x-eventloop-thread-0 BaseServiceProxy     : -> GET /v1/api/portfolio/U5799398/summary,200|109ms
19:44:49.611 INFO  vert.x-eventloop-thread-0 BaseServiceProxy     : -> GET /v1/api/iserver/account/U5799398/orders,200|471ms
19:44:49.678 INFO  vert.x-eventloop-thread-0 BaseServiceProxy     : -> GET /v1/api/iserver/reply/ec26ca53-78a5-4e59-bd30-915a8db7a454,200|62ms
19:44:49.823 INFO  vert.x-eventloop-thread-0 BaseServiceProxy     : -> GET /v1/api/iserver/reply/a69a71de-e73f-44d3-bd90-219914d8a736,200|141ms
19:44:49.889 INFO  vert.x-eventloop-thread-0 BaseServiceProxy     : -> GET /v1/api/iserver/reply/cceed2a5-bb5e-4c9b-aa82-e2f15ed7cc4c,200|60ms
19:44:49.977 INFO  vert.x-eventloop-thread-0 BaseServiceProxy     : -> GET /v1/api/iserver/reply/4eb006c2-0411-44e9-bb0c-7d658217ae06,200|84ms
19:44:50.052 INFO  vert.x-eventloop-thread-0 BaseServiceProxy     : -> GET /v1/api/iserver/reply/c0e41777-08d1-4ef1-82f9-9eea1ae70508,200|73ms
19:44:50.130 INFO  vert.x-eventloop-thread-0 BaseServiceProxy     : -> GET /v1/api/iserver/reply/3e9e9037-9d1a-462a-91b0-d72c451ff7e1,200|76ms
19:44:50.222 INFO  vert.x-eventloop-thread-0 BaseServiceProxy     : -> GET /v1/api/iserver/account/orders,200|91ms
19:44:50.548 INFO  vert.x-eventloop-thread-0 BaseServiceProxy     : -> GET /v1/api/iserver/marketdata/history?conid=41891895&period=30d&bar=1d&outsideRth=false,200|315ms
19:44:50.641 INFO  vert.x-eventloop-thread-0 BaseServiceProxy     : -> GET /v1/api/iserver/marketdata/history?conid=41891895&period=30d&bar=1d&outsideRth=false,200|90ms
19:44:58.823 INFO  vert.x-eventloop-thread-0 BaseServiceProxy     : -> GET /v1/api/tickle,200|300ms
19:44:58.824 DEBUG vert.x-eventloop-thread-0 ClientPortalService  : tickle {"session":"f49f7072e03dda79f2e9445b551ea9b3","ssoExpires":534070,"collission":false,"userId":50301190,"hmds":{"error":"no bridge"},"iserver":{"authStatus":{"authenticated":true,"established":true,"competing":false,"connected":true,"message":"","MAC":"06:A8:C0:D9:D5:E3","serverInfo":{"serverName":"JifS07117","serverVersion":"Build 10.44.1h, Apr 20, 2026 11:22:51 AM"},"hardware_info":"275c5aa2|06:A8:C0:D9:D5:E3"}}}
19:45:19.944 INFO  vert.x-eventloop-thread-0 BaseServiceProxy     : -> GET /v1/api/iserver/account/orders,200|144ms
19:45:20.024 INFO  vert.x-eventloop-thread-0 BaseServiceProxy     : -> GET /v1/api/iserver/marketdata/history?conid=41891895&period=30d&bar=1d&outsideRth=false,200|63ms
19:45:20.122 INFO  vert.x-eventloop-thread-0 BaseServiceProxy     : -> GET /v1/api/iserver/marketdata/history?conid=41891895&period=30d&bar=1d&outsideRth=false,200|95ms
19:45:20.247 INFO  vert.x-eventloop-thread-0 BaseServiceProxy     : -> GET /v1/api/iserver/account/orders,200|58ms
19:45:20.356 INFO  vert.x-eventloop-thread-0 BaseServiceProxy     : -> GET /v1/api/iserver/account/orders,200|89ms
19:45:21.249 INFO  vert.x-eventloop-thread-0 BaseServiceProxy     : -> GET /v1/api/iserver/account/U5799398/order/2100837502,200|885ms
19:45:21.304 INFO  vert.x-eventloop-thread-0 BaseServiceProxy     : -> GET /v1/api/iserver/account/orders,200|53ms
19:45:21.430 INFO  vert.x-eventloop-thread-0 BaseServiceProxy     : -> GET /v1/api/iserver/marketdata/history?conid=41891895&period=30d&bar=1d&outsideRth=false,200|112ms
19:45:21.490 INFO  vert.x-eventloop-thread-0 BaseServiceProxy     : -> GET /v1/api/iserver/marketdata/history?conid=41891895&period=30d&bar=1d&outsideRth=false,200|56ms
19:45:21.631 INFO  vert.x-eventloop-thread-0 BaseServiceProxy     : -> GET /v1/api/iserver/account/orders,200|92ms
19:45:28.598 INFO  vert.x-eventloop-thread-0 BaseServiceProxy     : -> GET /v1/api/tickle,200|76ms
19:45:28.600 DEBUG vert.x-eventloop-thread-0 ClientPortalService  : tickle {"session":"f49f7072e03dda79f2e9445b551ea9b3","ssoExpires":504284,"collission":false,"userId":50301190,"hmds":{"error":"no bridge"},"iserver":{"authStatus":{"authenticated":true,"established":true,"competing":false,"connected":true,"message":"","MAC":"06:A8:C0:D9:D5:E3","serverInfo":{"serverName":"JifS07117","serverVersion":"Build 10.44.1h, Apr 20, 2026 11:22:51 AM"},"hardware_info":"275c5aa2|06:A8:C0:D9:D5:E3"}}}
19:45:58.609 INFO  vert.x-eventloop-thread-0 BaseServiceProxy     : -> GET /v1/api/tickle,200|80ms
19:45:58.612 DEBUG vert.x-eventloop-thread-0 ClientPortalService  : tickle {"session":"f49f7072e03dda79f2e9445b551ea9b3","ssoExpires":474273,"collission":false,"userId":50301190,"hmds":{"error":"no bridge"},"iserver":{"authStatus":{"authenticated":true,"established":true,"competing":false,"connected":true,"message":"","MAC":"06:A8:C0:D9:D5:E3","serverInfo":{"serverName":"JifS07117","serverVersion":"Build 10.44.1h, Apr 20, 2026 11:22:51 AM"},"hardware_info":"275c5aa2|06:A8:C0:D9:D5:E3"}}}
19:46:28.607 INFO  vert.x-eventloop-thread-0 BaseServiceProxy     : -> GET /v1/api/tickle,200|85ms
19:46:28.608 DEBUG vert.x-eventloop-thread-0 ClientPortalService  : tickle {"session":"f49f7072e03dda79f2e9445b551ea9b3","ssoExpires":444281,"collission":false,"userId":50301190,"hmds":{"error":"no bridge"},"iserver":{"authStatus":{"authenticated":true,"established":true,"competing":false,"connected":true,"message":"","MAC":"06:A8:C0:D9:D5:E3","serverInfo":{"serverName":"JifS07117","serverVersion":"Build 10.44.1h, Apr 20, 2026 11:22:51 AM"},"hardware_info":"275c5aa2|06:A8:C0:D9:D5:E3"}}}
19:46:58.601 INFO  vert.x-eventloop-thread-0 BaseServiceProxy     : -> GET /v1/api/tickle,200|80ms
19:46:58.603 DEBUG vert.x-eventloop-thread-0 ClientPortalService  : tickle {"session":"f49f7072e03dda79f2e9445b551ea9b3","ssoExpires":414303,"collission":false,"userId":50301190,"hmds":{"error":"no bridge"},"iserver":{"authStatus":{"authenticated":true,"established":true,"competing":false,"connected":true,"message":"","MAC":"06:A8:C0:D9:D5:E3","serverInfo":{"serverName":"JifS07117","serverVersion":"Build 10.44.1h, Apr 20, 2026 11:22:51 AM"},"hardware_info":"275c5aa2|06:A8:C0:D9:D5:E3"}}}
19:47:02.824 INFO  vert.x-eventloop-thread-0 BaseServiceProxy     : -> GET /v1/api/tickle,200|63ms
19:47:28.842 INFO  vert.x-eventloop-thread-0 BaseServiceProxy     : -> GET /v1/api/tickle,200|321ms
19:47:28.843 DEBUG vert.x-eventloop-thread-0 ClientPortalService  : tickle {"session":"f49f7072e03dda79f2e9445b551ea9b3","ssoExpires":384075,"collission":false,"userId":50301190,"hmds":{"error":"no bridge"},"iserver":{"authStatus":{"authenticated":true,"established":true,"competing":false,"connected":true,"message":"","MAC":"06:A8:C0:D9:D5:E3","serverInfo":{"serverName":"JifS07117","serverVersion":"Build 10.44.1h, Apr 20, 2026 11:22:51 AM"},"hardware_info":"275c5aa2|06:A8:C0:D9:D5:E3"}}}
19:47:58.670 INFO  vert.x-eventloop-thread-0 BaseServiceProxy     : -> GET /v1/api/tickle,200|150ms
19:47:58.672 DEBUG vert.x-eventloop-thread-0 ClientPortalService  : tickle {"session":"f49f7072e03dda79f2e9445b551ea9b3","ssoExpires":354221,"collission":false,"userId":50301190,"hmds":{"error":"no bridge"},"iserver":{"authStatus":{"authenticated":true,"established":true,"competing":false,"connected":true,"message":"","MAC":"06:A8:C0:D9:D5:E3","serverInfo":{"serverName":"JifS07117","serverVersion":"Build 10.44.1h, Apr 20, 2026 11:22:51 AM"},"hardware_info":"275c5aa2|06:A8:C0:D9:D5:E3"}}}
19:48:28.619 INFO  vert.x-eventloop-thread-0 BaseServiceProxy     : -> GET /v1/api/tickle,200|100ms
19:48:28.620 DEBUG vert.x-eventloop-thread-0 ClientPortalService  : tickle {"session":"f49f7072e03dda79f2e9445b551ea9b3","ssoExpires":324274,"collission":false,"userId":50301190,"hmds":{"error":"no bridge"},"iserver":{"authStatus":{"authenticated":true,"established":true,"competing":false,"connected":true,"message":"","MAC":"06:A8:C0:D9:D5:E3","serverInfo":{"serverName":"JifS07117","serverVersion":"Build 10.44.1h, Apr 20, 2026 11:22:51 AM"},"hardware_info":"275c5aa2|06:A8:C0:D9:D5:E3"}}}
19:48:53.419 INFO  vert.x-eventloop-thread-0 BaseServiceProxy     : -> GET /sso/ping,200|309ms
19:48:53.421 INFO  vert.x-eventloop-thread-0 SsoService           : sso ping {"result": "true"}
19:48:58.579 INFO  vert.x-eventloop-thread-0 BaseServiceProxy     : -> GET /v1/api/tickle,200|60ms
19:48:58.580 DEBUG vert.x-eventloop-thread-0 ClientPortalService  : tickle {"session":"f49f7072e03dda79f2e9445b551ea9b3","ssoExpires":294300,"collission":false,"userId":50301190,"hmds":{"error":"no bridge"},"iserver":{"authStatus":{"authenticated":true,"established":true,"competing":false,"connected":true,"message":"","MAC":"06:A8:C0:D9:D5:E3","serverInfo":{"serverName":"JifS07117","serverVersion":"Build 10.44.1h, Apr 20, 2026 11:22:51 AM"},"hardware_info":"275c5aa2|06:A8:C0:D9:D5:E3"}}}
19:49:28.583 INFO  vert.x-eventloop-thread-0 BaseServiceProxy     : -> GET /v1/api/tickle,200|65ms
19:49:28.584 DEBUG vert.x-eventloop-thread-0 ClientPortalService  : tickle {"session":"f49f7072e03dda79f2e9445b551ea9b3","ssoExpires":264291,"collission":false,"userId":50301190,"hmds":{"error":"no bridge"},"iserver":{"authStatus":{"authenticated":true,"established":true,"competing":false,"connected":true,"message":"","MAC":"06:A8:C0:D9:D5:E3","serverInfo":{"serverName":"JifS07117","serverVersion":"Build 10.44.1h, Apr 20, 2026 11:22:51 AM"},"hardware_info":"275c5aa2|06:A8:C0:D9:D5:E3"}}}
19:49:58.592 INFO  vert.x-eventloop-thread-0 BaseServiceProxy     : -> GET /v1/api/tickle,200|74ms
19:49:58.593 DEBUG vert.x-eventloop-thread-0 ClientPortalService  : tickle {"session":"f49f7072e03dda79f2e9445b551ea9b3","ssoExpires":234286,"collission":false,"userId":50301190,"hmds":{"error":"no bridge"},"iserver":{"authStatus":{"authenticated":true,"established":true,"competing":false,"connected":true,"message":"","MAC":"06:A8:C0:D9:D5:E3","serverInfo":{"serverName":"JifS07117","serverVersion":"Build 10.44.1h, Apr 20, 2026 11:22:51 AM"},"hardware_info":"275c5aa2|06:A8:C0:D9:D5:E3"}}}
19:50:03.337 INFO  vert.x-eventloop-thread-0 BaseServiceProxy     : -> GET /v1/api/tickle,200|404ms
19:50:28.611 INFO  vert.x-eventloop-thread-0 BaseServiceProxy     : -> GET /v1/api/tickle,200|93ms
19:50:28.612 DEBUG vert.x-eventloop-thread-0 ClientPortalService  : tickle {"session":"f49f7072e03dda79f2e9445b551ea9b3","ssoExpires":204298,"collission":false,"userId":50301190,"hmds":{"error":"no bridge"},"iserver":{"authStatus":{"authenticated":true,"established":true,"competing":false,"connected":true,"message":"","MAC":"06:A8:C0:D9:D5:E3","serverInfo":{"serverName":"JifS07117","serverVersion":"Build 10.44.1h, Apr 20, 2026 11:22:51 AM"},"hardware_info":"275c5aa2|06:A8:C0:D9:D5:E3"}}}
19:50:58.859 INFO  vert.x-eventloop-thread-0 BaseServiceProxy     : -> GET /v1/api/tickle,200|341ms
19:50:58.861 DEBUG vert.x-eventloop-thread-0 ClientPortalService  : tickle {"session":"f49f7072e03dda79f2e9445b551ea9b3","ssoExpires":174065,"collission":false,"userId":50301190,"hmds":{"error":"no bridge"},"iserver":{"authStatus":{"authenticated":true,"established":true,"competing":false,"connected":true,"message":"","MAC":"06:A8:C0:D9:D5:E3","serverInfo":{"serverName":"JifS07117","serverVersion":"Build 10.44.1h, Apr 20, 2026 11:22:51 AM"},"hardware_info":"275c5aa2|06:A8:C0:D9:D5:E3"}}}
19:51:28.601 INFO  vert.x-eventloop-thread-0 BaseServiceProxy     : -> GET /v1/api/tickle,200|84ms
19:51:28.603 DEBUG vert.x-eventloop-thread-0 ClientPortalService  : tickle {"session":"f49f7072e03dda79f2e9445b551ea9b3","ssoExpires":144277,"collission":false,"userId":50301190,"hmds":{"error":"no bridge"},"iserver":{"authStatus":{"authenticated":true,"established":true,"competing":false,"connected":true,"message":"","MAC":"06:A8:C0:D9:D5:E3","serverInfo":{"serverName":"JifS07117","serverVersion":"Build 10.44.1h, Apr 20, 2026 11:22:51 AM"},"hardware_info":"275c5aa2|06:A8:C0:D9:D5:E3"}}}
19:51:58.813 INFO  vert.x-eventloop-thread-0 BaseServiceProxy     : -> GET /v1/api/tickle,200|297ms
19:51:58.815 DEBUG vert.x-eventloop-thread-0 ClientPortalService  : tickle {"session":"f49f7072e03dda79f2e9445b551ea9b3","ssoExpires":114071,"collission":false,"userId":50301190,"hmds":{"error":"no bridge"},"iserver":{"authStatus":{"authenticated":true,"established":true,"competing":false,"connected":true,"message":"","MAC":"06:A8:C0:D9:D5:E3","serverInfo":{"serverName":"JifS07117","serverVersion":"Build 10.44.1h, Apr 20, 2026 11:22:51 AM"},"hardware_info":"275c5aa2|06:A8:C0:D9:D5:E3"}}}
19:52:28.846 INFO  vert.x-eventloop-thread-0 BaseServiceProxy     : -> GET /v1/api/tickle,200|331ms
19:52:28.847 DEBUG vert.x-eventloop-thread-0 ClientPortalService  : tickle {"session":"f49f7072e03dda79f2e9445b551ea9b3","ssoExpires":84036,"collission":false,"userId":50301190,"hmds":{"error":"no bridge"},"iserver":{"authStatus":{"authenticated":true,"established":true,"competing":false,"connected":true,"message":"","MAC":"06:A8:C0:D9:D5:E3","serverInfo":{"serverName":"JifS07117","serverVersion":"Build 10.44.1h, Apr 20, 2026 11:22:51 AM"},"hardware_info":"275c5aa2|06:A8:C0:D9:D5:E3"}}}
19:52:58.872 INFO  vert.x-eventloop-thread-0 BaseServiceProxy     : -> GET /v1/api/tickle,200|358ms
19:52:58.874 DEBUG vert.x-eventloop-thread-0 ClientPortalService  : tickle {"session":"f49f7072e03dda79f2e9445b551ea9b3","ssoExpires":54030,"collission":false,"userId":50301190,"hmds":{"error":"no bridge"},"iserver":{"authStatus":{"authenticated":true,"established":true,"competing":false,"connected":true,"message":"","MAC":"06:A8:C0:D9:D5:E3","serverInfo":{"serverName":"JifS07117","serverVersion":"Build 10.44.1h, Apr 20, 2026 11:22:51 AM"},"hardware_info":"275c5aa2|06:A8:C0:D9:D5:E3"}}}
19:53:03.553 INFO  vert.x-eventloop-thread-0 BaseServiceProxy     : -> GET /v1/api/tickle,200|73ms
19:53:28.603 INFO  vert.x-eventloop-thread-0 BaseServiceProxy     : -> GET /v1/api/tickle,200|89ms
19:53:28.605 DEBUG vert.x-eventloop-thread-0 ClientPortalService  : tickle {"session":"f49f7072e03dda79f2e9445b551ea9b3","ssoExpires":24290,"collission":false,"userId":50301190,"hmds":{"error":"no bridge"},"iserver":{"authStatus":{"authenticated":true,"established":true,"competing":false,"connected":true,"message":"","MAC":"06:A8:C0:D9:D5:E3","serverInfo":{"serverName":"JifS07117","serverVersion":"Build 10.44.1h, Apr 20, 2026 11:22:51 AM"},"hardware_info":"275c5aa2|06:A8:C0:D9:D5:E3"}}}
19:53:39.350 INFO  vert.x-eventloop-thread-0 BaseServiceProxy     : -> GET /v1/api/iserver/secdef/search?symbol=DCO&secType=STK,200|103ms
19:53:53.656 INFO  vert.x-eventloop-thread-0 BaseServiceProxy     : -> GET /sso/ping,200|554ms
19:53:53.658 INFO  vert.x-eventloop-thread-0 SsoService           : sso ping {"result": "true"}
19:53:58.579 INFO  vert.x-eventloop-thread-0 BaseServiceProxy     : -> GET /v1/api/tickle,200|65ms
19:53:58.580 DEBUG vert.x-eventloop-thread-0 ClientPortalService  : tickle {"session":"f49f7072e03dda79f2e9445b551ea9b3","ssoExpires":600000,"collission":false,"userId":50301190,"hmds":{"error":"no bridge"},"iserver":{"authStatus":{"authenticated":true,"established":true,"competing":false,"connected":true,"message":"","MAC":"06:A8:C0:D9:D5:E3","serverInfo":{"serverName":"JifS07117","serverVersion":"Build 10.44.1h, Apr 20, 2026 11:22:51 AM"},"hardware_info":"275c5aa2|06:A8:C0:D9:D5:E3"}}}
19:54:02.163 INFO  vert.x-eventloop-thread-0 BaseServiceProxy     : -> GET /v1/api/portfolio/U5799398/summary,200|131ms
19:54:02.221 INFO  vert.x-eventloop-thread-0 BaseServiceProxy     : -> GET /v1/api/iserver/account/orders,200|55ms
19:54:02.317 INFO  vert.x-eventloop-thread-0 BaseServiceProxy     : -> GET /v1/api/portfolio/U5799398/positions/0?direction=a&period=1W&sort=position,200|141ms
19:54:07.357 INFO  vert.x-eventloop-thread-0 BaseServiceProxy     : -> GET /v1/api/iserver/secdef/search?symbol=DCO&secType=STK,200|65ms
19:54:07.419 INFO  vert.x-eventloop-thread-0 BaseServiceProxy     : -> GET /v1/api/iserver/account/orders,200|60ms
19:54:07.546 INFO  vert.x-eventloop-thread-0 BaseServiceProxy     : -> GET /v1/api/portfolio/U5799398/summary,200|116ms
19:54:07.988 INFO  vert.x-eventloop-thread-0 BaseServiceProxy     : -> GET /v1/api/iserver/account/U5799398/orders,200|435ms
19:54:08.058 INFO  vert.x-eventloop-thread-0 BaseServiceProxy     : -> GET /v1/api/iserver/reply/5dca90df-dd4f-4d06-986a-081598f3ccf9,200|68ms
19:54:08.115 INFO  vert.x-eventloop-thread-0 BaseServiceProxy     : -> GET /v1/api/iserver/reply/539dfa9b-d180-4ba7-9382-e223e0b5a513,200|55ms
19:54:08.188 INFO  vert.x-eventloop-thread-0 BaseServiceProxy     : -> GET /v1/api/iserver/reply/91d43927-71c3-4c1d-aab9-eec006a033e5,200|71ms
19:54:08.254 INFO  vert.x-eventloop-thread-0 BaseServiceProxy     : -> GET /v1/api/iserver/reply/d64bb482-0a7d-44c3-b9d5-7b973789bfc8,200|64ms
19:54:08.312 INFO  vert.x-eventloop-thread-0 BaseServiceProxy     : -> GET /v1/api/iserver/reply/b18ef762-176d-4c7b-b095-88d870003a85,200|57ms
19:54:08.383 INFO  vert.x-eventloop-thread-0 BaseServiceProxy     : -> GET /v1/api/iserver/reply/65f15a14-cc93-480f-b02b-e36cc0ac8199,200|69ms
19:54:08.435 INFO  vert.x-eventloop-thread-0 BaseServiceProxy     : -> GET /v1/api/iserver/account/orders,200|51ms
19:54:08.744 INFO  vert.x-eventloop-thread-0 BaseServiceProxy     : -> GET /v1/api/iserver/marketdata/history?conid=2585711&period=30d&bar=1d&outsideRth=false,200|298ms
19:54:08.807 INFO  vert.x-eventloop-thread-0 BaseServiceProxy     : -> GET /v1/api/iserver/marketdata/history?conid=2585711&period=30d&bar=1d&outsideRth=false,200|61ms
19:54:18.554 INFO  vert.x-eventloop-thread-0 BaseServiceProxy     : -> GET /v1/api/iserver/account/orders,200|78ms
19:54:18.648 INFO  vert.x-eventloop-thread-0 BaseServiceProxy     : -> GET /v1/api/iserver/marketdata/history?conid=2585711&period=30d&bar=1d&outsideRth=false,200|84ms
19:54:18.737 INFO  vert.x-eventloop-thread-0 BaseServiceProxy     : -> GET /v1/api/iserver/marketdata/history?conid=2585711&period=30d&bar=1d&outsideRth=false,200|85ms
19:54:18.851 INFO  vert.x-eventloop-thread-0 BaseServiceProxy     : -> GET /v1/api/iserver/account/orders,200|53ms
19:54:18.923 INFO  vert.x-eventloop-thread-0 BaseServiceProxy     : -> GET /v1/api/iserver/account/orders,200|62ms
19:54:19.257 INFO  vert.x-eventloop-thread-0 BaseServiceProxy     : -> GET /v1/api/iserver/account/U5799398/order/2100837505,200|326ms
19:54:19.327 INFO  vert.x-eventloop-thread-0 BaseServiceProxy     : -> GET /v1/api/iserver/account/orders,200|68ms
19:54:19.412 INFO  vert.x-eventloop-thread-0 BaseServiceProxy     : -> GET /v1/api/iserver/marketdata/history?conid=2585711&period=30d&bar=1d&outsideRth=false,200|62ms
19:54:19.471 INFO  vert.x-eventloop-thread-0 BaseServiceProxy     : -> GET /v1/api/iserver/marketdata/history?conid=2585711&period=30d&bar=1d&outsideRth=false,200|56ms
19:54:19.585 INFO  vert.x-eventloop-thread-0 BaseServiceProxy     : -> GET /v1/api/iserver/account/orders,200|55ms
19:54:28.603 INFO  vert.x-eventloop-thread-0 BaseServiceProxy     : -> GET /v1/api/tickle,200|89ms
19:54:28.604 DEBUG vert.x-eventloop-thread-0 ClientPortalService  : tickle {"session":"f49f7072e03dda79f2e9445b551ea9b3","ssoExpires":569967,"collission":false,"userId":50301190,"hmds":{"error":"no bridge"},"iserver":{"authStatus":{"authenticated":true,"established":true,"competing":false,"connected":true,"message":"","MAC":"06:A8:C0:D9:D5:E3","serverInfo":{"serverName":"JifS07117","serverVersion":"Build 10.44.1h, Apr 20, 2026 11:22:51 AM"},"hardware_info":"275c5aa2|06:A8:C0:D9:D5:E3"}}}
19:54:58.578 INFO  vert.x-eventloop-thread-0 BaseServiceProxy     : -> GET /v1/api/tickle,200|64ms
19:54:58.581 DEBUG vert.x-eventloop-thread-0 ClientPortalService  : tickle {"session":"f49f7072e03dda79f2e9445b551ea9b3","ssoExpires":539991,"collission":false,"userId":50301190,"hmds":{"error":"no bridge"},"iserver":{"authStatus":{"authenticated":true,"established":true,"competing":false,"connected":true,"message":"","MAC":"06:A8:C0:D9:D5:E3","serverInfo":{"serverName":"JifS07117","serverVersion":"Build 10.44.1h, Apr 20, 2026 11:22:51 AM"},"hardware_info":"275c5aa2|06:A8:C0:D9:D5:E3"}}}
19:55:28.838 INFO  vert.x-eventloop-thread-0 BaseServiceProxy     : -> GET /v1/api/tickle,200|326ms
19:55:28.840 DEBUG vert.x-eventloop-thread-0 ClientPortalService  : tickle {"session":"f49f7072e03dda79f2e9445b551ea9b3","ssoExpires":509732,"collission":false,"userId":50301190,"hmds":{"error":"no bridge"},"iserver":{"authStatus":{"authenticated":true,"established":true,"competing":false,"connected":true,"message":"","MAC":"06:A8:C0:D9:D5:E3","serverInfo":{"serverName":"JifS07117","serverVersion":"Build 10.44.1h, Apr 20, 2026 11:22:51 AM"},"hardware_info":"275c5aa2|06:A8:C0:D9:D5:E3"}}}
19:55:58.575 INFO  vert.x-eventloop-thread-0 BaseServiceProxy     : -> GET /v1/api/tickle,200|62ms
19:55:58.578 DEBUG vert.x-eventloop-thread-0 ClientPortalService  : tickle {"session":"f49f7072e03dda79f2e9445b551ea9b3","ssoExpires":479993,"collission":false,"userId":50301190,"hmds":{"error":"no bridge"},"iserver":{"authStatus":{"authenticated":true,"established":true,"competing":false,"connected":true,"message":"","MAC":"06:A8:C0:D9:D5:E3","serverInfo":{"serverName":"JifS07117","serverVersion":"Build 10.44.1h, Apr 20, 2026 11:22:51 AM"},"hardware_info":"275c5aa2|06:A8:C0:D9:D5:E3"}}}
19:56:03.959 INFO  vert.x-eventloop-thread-0 BaseServiceProxy     : -> GET /v1/api/tickle,200|298ms
19:56:28.571 INFO  vert.x-eventloop-thread-0 BaseServiceProxy     : -> GET /v1/api/tickle,200|60ms
19:56:28.572 DEBUG vert.x-eventloop-thread-0 ClientPortalService  : tickle {"session":"f49f7072e03dda79f2e9445b551ea9b3","ssoExpires":449998,"collission":false,"userId":50301190,"hmds":{"error":"no bridge"},"iserver":{"authStatus":{"authenticated":true,"established":true,"competing":false,"connected":true,"message":"","MAC":"06:A8:C0:D9:D5:E3","serverInfo":{"serverName":"JifS07117","serverVersion":"Build 10.44.1h, Apr 20, 2026 11:22:51 AM"},"hardware_info":"275c5aa2|06:A8:C0:D9:D5:E3"}}}
19:56:58.807 INFO  vert.x-eventloop-thread-0 BaseServiceProxy     : -> GET /v1/api/tickle,200|296ms
19:56:58.808 DEBUG vert.x-eventloop-thread-0 ClientPortalService  : tickle {"session":"f49f7072e03dda79f2e9445b551ea9b3","ssoExpires":419767,"collission":false,"userId":50301190,"hmds":{"error":"no bridge"},"iserver":{"authStatus":{"authenticated":true,"established":true,"competing":false,"connected":true,"message":"","MAC":"06:A8:C0:D9:D5:E3","serverInfo":{"serverName":"JifS07117","serverVersion":"Build 10.44.1h, Apr 20, 2026 11:22:51 AM"},"hardware_info":"275c5aa2|06:A8:C0:D9:D5:E3"}}}
19:57:28.582 INFO  vert.x-eventloop-thread-0 BaseServiceProxy     : -> GET /v1/api/tickle,200|71ms
19:57:28.584 DEBUG vert.x-eventloop-thread-0 ClientPortalService  : tickle {"session":"f49f7072e03dda79f2e9445b551ea9b3","ssoExpires":389987,"collission":false,"userId":50301190,"hmds":{"error":"no bridge"},"iserver":{"authStatus":{"authenticated":true,"established":true,"competing":false,"connected":true,"message":"","MAC":"06:A8:C0:D9:D5:E3","serverInfo":{"serverName":"JifS07117","serverVersion":"Build 10.44.1h, Apr 20, 2026 11:22:51 AM"},"hardware_info":"275c5aa2|06:A8:C0:D9:D5:E3"}}}
19:57:58.586 INFO  vert.x-eventloop-thread-0 BaseServiceProxy     : -> GET /v1/api/tickle,200|75ms
19:57:58.588 DEBUG vert.x-eventloop-thread-0 ClientPortalService  : tickle {"session":"f49f7072e03dda79f2e9445b551ea9b3","ssoExpires":359988,"collission":false,"userId":50301190,"hmds":{"error":"no bridge"},"iserver":{"authStatus":{"authenticated":true,"established":true,"competing":false,"connected":true,"message":"","MAC":"06:A8:C0:D9:D5:E3","serverInfo":{"serverName":"JifS07117","serverVersion":"Build 10.44.1h, Apr 20, 2026 11:22:51 AM"},"hardware_info":"275c5aa2|06:A8:C0:D9:D5:E3"}}}
19:58:28.582 INFO  vert.x-eventloop-thread-0 BaseServiceProxy     : -> GET /v1/api/tickle,200|73ms
19:58:28.584 DEBUG vert.x-eventloop-thread-0 ClientPortalService  : tickle {"session":"f49f7072e03dda79f2e9445b551ea9b3","ssoExpires":329983,"collission":false,"userId":50301190,"hmds":{"error":"no bridge"},"iserver":{"authStatus":{"authenticated":true,"established":true,"competing":false,"connected":true,"message":"","MAC":"06:A8:C0:D9:D5:E3","serverInfo":{"serverName":"JifS07117","serverVersion":"Build 10.44.1h, Apr 20, 2026 11:22:51 AM"},"hardware_info":"275c5aa2|06:A8:C0:D9:D5:E3"}}}
19:58:43.973 INFO  vert.x-eventloop-thread-0 BaseServiceProxy     : -> GET /v1/api/portfolio/U5799398/summary,200|136ms
19:58:44.281 INFO  vert.x-eventloop-thread-0 BaseServiceProxy     : -> GET /v1/api/iserver/account/orders,200|304ms
19:58:46.055 INFO  vert.x-eventloop-thread-0 BaseServiceProxy     : -> GET /v1/api/portfolio/U5799398/positions/0?direction=a&period=1W&sort=position,200|2070ms
19:58:53.387 INFO  vert.x-eventloop-thread-0 BaseServiceProxy     : -> GET /sso/ping,200|290ms
19:58:53.391 INFO  vert.x-eventloop-thread-0 SsoService           : sso ping {"result": "true"}
19:58:58.573 INFO  vert.x-eventloop-thread-0 BaseServiceProxy     : -> GET /v1/api/tickle,200|64ms
19:58:58.574 DEBUG vert.x-eventloop-thread-0 ClientPortalService  : tickle {"session":"f49f7072e03dda79f2e9445b551ea9b3","ssoExpires":299990,"collission":false,"userId":50301190,"hmds":{"error":"no bridge"},"iserver":{"authStatus":{"authenticated":true,"established":true,"competing":false,"connected":true,"message":"","MAC":"06:A8:C0:D9:D5:E3","serverInfo":{"serverName":"JifS07117","serverVersion":"Build 10.44.1h, Apr 20, 2026 11:22:51 AM"},"hardware_info":"275c5aa2|06:A8:C0:D9:D5:E3"}}}
19:59:04.108 INFO  vert.x-eventloop-thread-0 BaseServiceProxy     : -> GET /v1/api/tickle,200|52ms
19:59:16.212 INFO  vert.x-eventloop-thread-0 BaseServiceProxy     : -> GET /v1/api/iserver/secdef/search?symbol=MARA&secType=STK,200|388ms
19:59:16.277 INFO  vert.x-eventloop-thread-0 BaseServiceProxy     : -> GET /v1/api/iserver/account/orders,200|61ms
19:59:16.387 INFO  vert.x-eventloop-thread-0 BaseServiceProxy     : -> GET /v1/api/portfolio/U5799398/summary,200|99ms
19:59:16.734 INFO  vert.x-eventloop-thread-0 BaseServiceProxy     : -> GET /v1/api/iserver/account/U5799398/orders,200|341ms
19:59:16.800 INFO  vert.x-eventloop-thread-0 BaseServiceProxy     : -> GET /v1/api/iserver/reply/cd3ac2ab-fa59-4a9b-8eec-95fd2c0f9530,200|63ms
19:59:16.867 INFO  vert.x-eventloop-thread-0 BaseServiceProxy     : -> GET /v1/api/iserver/reply/770d8f71-f1f2-4215-9166-fec52e1f8e0f,200|62ms
19:59:16.927 INFO  vert.x-eventloop-thread-0 BaseServiceProxy     : -> GET /v1/api/iserver/reply/7bdad81b-13c8-4361-89d4-8774455efa0c,200|56ms
19:59:16.984 INFO  vert.x-eventloop-thread-0 BaseServiceProxy     : -> GET /v1/api/iserver/reply/3225fe5e-7b33-436a-bd2c-fbe5a02cc22f,200|52ms
19:59:17.055 INFO  vert.x-eventloop-thread-0 BaseServiceProxy     : -> GET /v1/api/iserver/reply/eee513b4-3b3d-4859-b567-07df158c2107,200|68ms
19:59:17.115 INFO  vert.x-eventloop-thread-0 BaseServiceProxy     : -> GET /v1/api/iserver/account/orders,200|58ms
19:59:17.420 INFO  vert.x-eventloop-thread-0 BaseServiceProxy     : -> GET /v1/api/iserver/marketdata/history?conid=474219659&period=30d&bar=1d&outsideRth=false,200|292ms
19:59:17.480 INFO  vert.x-eventloop-thread-0 BaseServiceProxy     : -> GET /v1/api/iserver/marketdata/history?conid=474219659&period=30d&bar=1d&outsideRth=false,200|58ms
19:59:28.586 INFO  vert.x-eventloop-thread-0 BaseServiceProxy     : -> GET /v1/api/tickle,200|77ms
19:59:28.588 DEBUG vert.x-eventloop-thread-0 ClientPortalService  : tickle {"session":"f49f7072e03dda79f2e9445b551ea9b3","ssoExpires":269986,"collission":false,"userId":50301190,"hmds":{"error":"no bridge"},"iserver":{"authStatus":{"authenticated":true,"established":true,"competing":false,"connected":true,"message":"","MAC":"06:A8:C0:D9:D5:E3","serverInfo":{"serverName":"JifS07117","serverVersion":"Build 10.44.1h, Apr 20, 2026 11:22:51 AM"},"hardware_info":"275c5aa2|06:A8:C0:D9:D5:E3"}}}
19:59:55.220 INFO  vert.x-eventloop-thread-0 BaseServiceProxy     : -> GET /v1/api/iserver/account/orders,200|336ms
19:59:55.301 INFO  vert.x-eventloop-thread-0 BaseServiceProxy     : -> GET /v1/api/iserver/marketdata/history?conid=474219659&period=30d&bar=1d&outsideRth=false,200|68ms
19:59:55.382 INFO  vert.x-eventloop-thread-0 BaseServiceProxy     : -> GET /v1/api/iserver/marketdata/history?conid=474219659&period=30d&bar=1d&outsideRth=false,200|77ms
19:59:55.545 INFO  vert.x-eventloop-thread-0 BaseServiceProxy     : -> GET /v1/api/iserver/account/orders,200|100ms
19:59:55.621 INFO  vert.x-eventloop-thread-0 BaseServiceProxy     : -> GET /v1/api/iserver/account/orders,200|68ms
19:59:56.040 INFO  vert.x-eventloop-thread-0 BaseServiceProxy     : -> GET /v1/api/iserver/account/U5799398/order/2100837508,200|400ms
19:59:56.102 INFO  vert.x-eventloop-thread-0 BaseServiceProxy     : -> GET /v1/api/iserver/account/orders,200|61ms
19:59:56.176 INFO  vert.x-eventloop-thread-0 BaseServiceProxy     : -> GET /v1/api/iserver/marketdata/history?conid=474219659&period=30d&bar=1d&outsideRth=false,200|65ms
19:59:56.233 INFO  vert.x-eventloop-thread-0 BaseServiceProxy     : -> GET /v1/api/iserver/marketdata/history?conid=474219659&period=30d&bar=1d&outsideRth=false,200|55ms
19:59:56.358 INFO  vert.x-eventloop-thread-0 BaseServiceProxy     : -> GET /v1/api/iserver/account/orders,200|59ms
19:59:58.563 INFO  vert.x-eventloop-thread-0 BaseServiceProxy     : -> GET /v1/api/tickle,200|56ms
19:59:58.564 DEBUG vert.x-eventloop-thread-0 ClientPortalService  : tickle {"session":"f49f7072e03dda79f2e9445b551ea9b3","ssoExpires":240000,"collission":false,"userId":50301190,"hmds":{"error":"no bridge"},"iserver":{"authStatus":{"authenticated":true,"established":true,"competing":false,"connected":true,"message":"","MAC":"06:A8:C0:D9:D5:E3","serverInfo":{"serverName":"JifS07117","serverVersion":"Build 10.44.1h, Apr 20, 2026 11:22:51 AM"},"hardware_info":"275c5aa2|06:A8:C0:D9:D5:E3"}}}
20:00:28.570 INFO  vert.x-eventloop-thread-0 BaseServiceProxy     : -> GET /v1/api/tickle,200|62ms
20:00:28.571 DEBUG vert.x-eventloop-thread-0 ClientPortalService  : tickle {"session":"f49f7072e03dda79f2e9445b551ea9b3","ssoExpires":209991,"collission":false,"userId":50301190,"hmds":{"error":"no bridge"},"iserver":{"authStatus":{"authenticated":true,"established":true,"competing":false,"connected":true,"message":"","MAC":"06:A8:C0:D9:D5:E3","serverInfo":{"serverName":"JifS07117","serverVersion":"Build 10.44.1h, Apr 20, 2026 11:22:51 AM"},"hardware_info":"275c5aa2|06:A8:C0:D9:D5:E3"}}}
20:00:58.617 INFO  vert.x-eventloop-thread-0 BaseServiceProxy     : -> GET /v1/api/tickle,200|109ms
20:00:58.620 DEBUG vert.x-eventloop-thread-0 ClientPortalService  : tickle {"session":"f49f7072e03dda79f2e9445b551ea9b3","ssoExpires":179947,"collission":false,"userId":50301190,"hmds":{"error":"no bridge"},"iserver":{"authStatus":{"authenticated":true,"established":true,"competing":false,"connected":true,"message":"","MAC":"06:A8:C0:D9:D5:E3","serverInfo":{"serverName":"JifS07117","serverVersion":"Build 10.44.1h, Apr 20, 2026 11:22:51 AM"},"hardware_info":"275c5aa2|06:A8:C0:D9:D5:E3"}}}
20:01:28.604 INFO  vert.x-eventloop-thread-0 BaseServiceProxy     : -> GET /v1/api/tickle,200|98ms
20:01:28.618 DEBUG vert.x-eventloop-thread-0 ClientPortalService  : tickle {"session":"f49f7072e03dda79f2e9445b551ea9b3","ssoExpires":149993,"collission":false,"userId":50301190,"hmds":{"error":"no bridge"},"iserver":{"authStatus":{"authenticated":true,"established":true,"competing":false,"connected":true,"message":"","MAC":"06:A8:C0:D9:D5:E3","serverInfo":{"serverName":"JifS07117","serverVersion":"Build 10.44.1h, Apr 20, 2026 11:22:51 AM"},"hardware_info":"275c5aa2|06:A8:C0:D9:D5:E3"}}}
20:01:58.568 INFO  vert.x-eventloop-thread-0 BaseServiceProxy     : -> GET /v1/api/tickle,200|62ms
20:01:58.570 DEBUG vert.x-eventloop-thread-0 ClientPortalService  : tickle {"session":"f49f7072e03dda79f2e9445b551ea9b3","ssoExpires":119994,"collission":false,"userId":50301190,"hmds":{"error":"no bridge"},"iserver":{"authStatus":{"authenticated":true,"established":true,"competing":false,"connected":true,"message":"","MAC":"06:A8:C0:D9:D5:E3","serverInfo":{"serverName":"JifS07117","serverVersion":"Build 10.44.1h, Apr 20, 2026 11:22:51 AM"},"hardware_info":"275c5aa2|06:A8:C0:D9:D5:E3"}}}
20:02:04.270 INFO  vert.x-eventloop-thread-0 BaseServiceProxy     : -> GET /v1/api/tickle,200|57ms
20:02:28.804 INFO  vert.x-eventloop-thread-0 BaseServiceProxy     : -> GET /v1/api/tickle,200|298ms
20:02:28.805 DEBUG vert.x-eventloop-thread-0 ClientPortalService  : tickle {"session":"f49f7072e03dda79f2e9445b551ea9b3","ssoExpires":89758,"collission":false,"userId":50301190,"hmds":{"error":"no bridge"},"iserver":{"authStatus":{"authenticated":true,"established":true,"competing":false,"connected":true,"message":"","MAC":"06:A8:C0:D9:D5:E3","serverInfo":{"serverName":"JifS07117","serverVersion":"Build 10.44.1h, Apr 20, 2026 11:22:51 AM"},"hardware_info":"275c5aa2|06:A8:C0:D9:D5:E3"}}}
20:02:58.723 INFO  vert.x-eventloop-thread-0 BaseServiceProxy     : -> GET /v1/api/tickle,200|218ms
20:02:58.725 DEBUG vert.x-eventloop-thread-0 ClientPortalService  : tickle {"session":"f49f7072e03dda79f2e9445b551ea9b3","ssoExpires":59836,"collission":false,"userId":50301190,"hmds":{"error":"no bridge"},"iserver":{"authStatus":{"authenticated":true,"established":true,"competing":false,"connected":true,"message":"","MAC":"06:A8:C0:D9:D5:E3","serverInfo":{"serverName":"JifS07117","serverVersion":"Build 10.44.1h, Apr 20, 2026 11:22:51 AM"},"hardware_info":"275c5aa2|06:A8:C0:D9:D5:E3"}}}
20:03:28.607 INFO  vert.x-eventloop-thread-0 BaseServiceProxy     : -> GET /v1/api/tickle,200|102ms
20:03:28.608 DEBUG vert.x-eventloop-thread-0 ClientPortalService  : tickle {"session":"f49f7072e03dda79f2e9445b551ea9b3","ssoExpires":29951,"collission":false,"userId":50301190,"hmds":{"error":"no bridge"},"iserver":{"authStatus":{"authenticated":true,"established":true,"competing":false,"connected":true,"message":"","MAC":"06:A8:C0:D9:D5:E3","serverInfo":{"serverName":"JifS07117","serverVersion":"Build 10.44.1h, Apr 20, 2026 11:22:51 AM"},"hardware_info":"275c5aa2|06:A8:C0:D9:D5:E3"}}}
20:03:53.509 INFO  vert.x-eventloop-thread-0 BaseServiceProxy     : -> GET /sso/ping,200|416ms
20:03:53.511 INFO  vert.x-eventloop-thread-0 SsoService           : sso ping {"result": "true"}
20:03:58.572 INFO  vert.x-eventloop-thread-0 BaseServiceProxy     : -> GET /v1/api/tickle,200|68ms
20:03:58.573 DEBUG vert.x-eventloop-thread-0 ClientPortalService  : tickle {"session":"f49f7072e03dda79f2e9445b551ea9b3","ssoExpires":600000,"collission":false,"userId":50301190,"hmds":{"error":"no bridge"},"iserver":{"authStatus":{"authenticated":true,"established":true,"competing":false,"connected":true,"message":"","MAC":"06:A8:C0:D9:D5:E3","serverInfo":{"serverName":"JifS07117","serverVersion":"Build 10.44.1h, Apr 20, 2026 11:22:51 AM"},"hardware_info":"275c5aa2|06:A8:C0:D9:D5:E3"}}}
20:04:28.587 INFO  vert.x-eventloop-thread-0 BaseServiceProxy     : -> GET /v1/api/tickle,200|82ms
20:04:28.590 DEBUG vert.x-eventloop-thread-0 ClientPortalService  : tickle {"session":"f49f7072e03dda79f2e9445b551ea9b3","ssoExpires":569990,"collission":false,"userId":50301190,"hmds":{"error":"no bridge"},"iserver":{"authStatus":{"authenticated":true,"established":true,"competing":false,"connected":true,"message":"","MAC":"06:A8:C0:D9:D5:E3","serverInfo":{"serverName":"JifS07117","serverVersion":"Build 10.44.1h, Apr 20, 2026 11:22:51 AM"},"hardware_info":"275c5aa2|06:A8:C0:D9:D5:E3"}}}
20:04:58.579 INFO  vert.x-eventloop-thread-0 BaseServiceProxy     : -> GET /v1/api/tickle,200|76ms
20:04:58.579 DEBUG vert.x-eventloop-thread-0 ClientPortalService  : tickle {"session":"f49f7072e03dda79f2e9445b551ea9b3","ssoExpires":539993,"collission":false,"userId":50301190,"hmds":{"error":"no bridge"},"iserver":{"authStatus":{"authenticated":true,"established":true,"competing":false,"connected":true,"message":"","MAC":"06:A8:C0:D9:D5:E3","serverInfo":{"serverName":"JifS07117","serverVersion":"Build 10.44.1h, Apr 20, 2026 11:22:51 AM"},"hardware_info":"275c5aa2|06:A8:C0:D9:D5:E3"}}}
20:05:04.772 INFO  vert.x-eventloop-thread-0 BaseServiceProxy     : -> GET /v1/api/tickle,200|354ms
20:05:28.572 INFO  vert.x-eventloop-thread-0 BaseServiceProxy     : -> GET /v1/api/tickle,200|70ms
20:05:28.574 DEBUG vert.x-eventloop-thread-0 ClientPortalService  : tickle {"session":"f49f7072e03dda79f2e9445b551ea9b3","ssoExpires":510005,"collission":false,"userId":50301190,"hmds":{"error":"no bridge"},"iserver":{"authStatus":{"authenticated":true,"established":true,"competing":false,"connected":true,"message":"","MAC":"06:A8:C0:D9:D5:E3","serverInfo":{"serverName":"JifS07117","serverVersion":"Build 10.44.1h, Apr 20, 2026 11:22:51 AM"},"hardware_info":"275c5aa2|06:A8:C0:D9:D5:E3"}}}
20:05:58.815 INFO  vert.x-eventloop-thread-0 BaseServiceProxy     : -> GET /v1/api/tickle,200|313ms
20:05:58.817 DEBUG vert.x-eventloop-thread-0 ClientPortalService  : tickle {"session":"f49f7072e03dda79f2e9445b551ea9b3","ssoExpires":479760,"collission":false,"userId":50301190,"hmds":{"error":"no bridge"},"iserver":{"authStatus":{"authenticated":true,"established":true,"competing":false,"connected":true,"message":"","MAC":"06:A8:C0:D9:D5:E3","serverInfo":{"serverName":"JifS07117","serverVersion":"Build 10.44.1h, Apr 20, 2026 11:22:51 AM"},"hardware_info":"275c5aa2|06:A8:C0:D9:D5:E3"}}}
20:06:28.568 INFO  vert.x-eventloop-thread-0 BaseServiceProxy     : -> GET /v1/api/tickle,200|66ms
20:06:28.570 DEBUG vert.x-eventloop-thread-0 ClientPortalService  : tickle {"session":"f49f7072e03dda79f2e9445b551ea9b3","ssoExpires":450001,"collission":false,"userId":50301190,"hmds":{"error":"no bridge"},"iserver":{"authStatus":{"authenticated":true,"established":true,"competing":false,"connected":true,"message":"","MAC":"06:A8:C0:D9:D5:E3","serverInfo":{"serverName":"JifS07117","serverVersion":"Build 10.44.1h, Apr 20, 2026 11:22:51 AM"},"hardware_info":"275c5aa2|06:A8:C0:D9:D5:E3"}}}
20:06:37.307 INFO  vert.x-eventloop-thread-0 BaseServiceProxy     : -> GET /v1/api/iserver/account/orders,200|118ms
20:06:37.506 INFO  vert.x-eventloop-thread-0 BaseServiceProxy     : -> GET /v1/api/iserver/account/orders,200|149ms
20:06:37.867 INFO  vert.x-eventloop-thread-0 BaseServiceProxy     : -> GET /v1/api/iserver/account/U5799398/order/875342712,200|347ms
20:06:37.937 INFO  vert.x-eventloop-thread-0 BaseServiceProxy     : -> GET /v1/api/iserver/reply/d3a7f6ba-63f3-4d28-80be-0420183b3e7d,200|67ms
20:06:38.012 INFO  vert.x-eventloop-thread-0 BaseServiceProxy     : -> GET /v1/api/iserver/account/orders,200|72ms
20:06:38.334 INFO  vert.x-eventloop-thread-0 BaseServiceProxy     : -> GET /v1/api/iserver/marketdata/history?conid=639336275&period=30d&bar=1d&outsideRth=false,200|309ms
20:06:38.398 INFO  vert.x-eventloop-thread-0 BaseServiceProxy     : -> GET /v1/api/iserver/marketdata/history?conid=639336275&period=30d&bar=1d&outsideRth=false,200|60ms
20:06:38.491 INFO  vert.x-eventloop-thread-0 BaseServiceProxy     : -> GET /v1/api/iserver/account/orders,200|54ms
20:06:58.559 INFO  vert.x-eventloop-thread-0 BaseServiceProxy     : -> GET /v1/api/tickle,200|58ms
20:06:58.560 DEBUG vert.x-eventloop-thread-0 ClientPortalService  : tickle {"session":"f49f7072e03dda79f2e9445b551ea9b3","ssoExpires":420011,"collission":false,"userId":50301190,"hmds":{"error":"no bridge"},"iserver":{"authStatus":{"authenticated":true,"established":true,"competing":false,"connected":true,"message":"","MAC":"06:A8:C0:D9:D5:E3","serverInfo":{"serverName":"JifS07117","serverVersion":"Build 10.44.1h, Apr 20, 2026 11:22:51 AM"},"hardware_info":"275c5aa2|06:A8:C0:D9:D5:E3"}}}
20:07:28.576 INFO  vert.x-eventloop-thread-0 BaseServiceProxy     : -> GET /v1/api/tickle,200|75ms
20:07:28.580 DEBUG vert.x-eventloop-thread-0 ClientPortalService  : tickle {"session":"f49f7072e03dda79f2e9445b551ea9b3","ssoExpires":389996,"collission":false,"userId":50301190,"hmds":{"error":"no bridge"},"iserver":{"authStatus":{"authenticated":true,"established":true,"competing":false,"connected":true,"message":"","MAC":"06:A8:C0:D9:D5:E3","serverInfo":{"serverName":"JifS07117","serverVersion":"Build 10.44.1h, Apr 20, 2026 11:22:51 AM"},"hardware_info":"275c5aa2|06:A8:C0:D9:D5:E3"}}}
20:07:47.382 INFO  vert.x-eventloop-thread-0 BaseServiceProxy     : -> GET /v1/api/portfolio/U5799398/positions/0?direction=a&period=1W&sort=position,200|424ms
20:07:47.465 INFO  vert.x-eventloop-thread-0 BaseServiceProxy     : -> GET /v1/api/iserver/account/orders,200|77ms
20:07:58.561 INFO  vert.x-eventloop-thread-0 BaseServiceProxy     : -> GET /v1/api/tickle,200|61ms
20:07:58.562 DEBUG vert.x-eventloop-thread-0 ClientPortalService  : tickle {"session":"f49f7072e03dda79f2e9445b551ea9b3","ssoExpires":360013,"collission":false,"userId":50301190,"hmds":{"error":"no bridge"},"iserver":{"authStatus":{"authenticated":true,"established":true,"competing":false,"connected":true,"message":"","MAC":"06:A8:C0:D9:D5:E3","serverInfo":{"serverName":"JifS07117","serverVersion":"Build 10.44.1h, Apr 20, 2026 11:22:51 AM"},"hardware_info":"275c5aa2|06:A8:C0:D9:D5:E3"}}}
20:08:05.403 INFO  vert.x-eventloop-thread-0 BaseServiceProxy     : -> GET /v1/api/tickle,200|512ms
20:08:28.560 INFO  vert.x-eventloop-thread-0 BaseServiceProxy     : -> GET /v1/api/tickle,200|60ms
20:08:28.561 DEBUG vert.x-eventloop-thread-0 ClientPortalService  : tickle {"session":"f49f7072e03dda79f2e9445b551ea9b3","ssoExpires":330012,"collission":false,"userId":50301190,"hmds":{"error":"no bridge"},"iserver":{"authStatus":{"authenticated":true,"established":true,"competing":false,"connected":true,"message":"","MAC":"06:A8:C0:D9:D5:E3","serverInfo":{"serverName":"JifS07117","serverVersion":"Build 10.44.1h, Apr 20, 2026 11:22:51 AM"},"hardware_info":"275c5aa2|06:A8:C0:D9:D5:E3"}}}
20:08:53.433 INFO  vert.x-eventloop-thread-0 BaseServiceProxy     : -> GET /sso/ping,200|345ms
20:08:53.435 INFO  vert.x-eventloop-thread-0 SsoService           : sso ping {"result": "true"}
20:08:58.571 INFO  vert.x-eventloop-thread-0 BaseServiceProxy     : -> GET /v1/api/tickle,200|72ms
20:08:58.571 DEBUG vert.x-eventloop-thread-0 ClientPortalService  : tickle {"session":"f49f7072e03dda79f2e9445b551ea9b3","ssoExpires":299996,"collission":false,"userId":50301190,"hmds":{"error":"no bridge"},"iserver":{"authStatus":{"authenticated":true,"established":true,"competing":false,"connected":true,"message":"","MAC":"06:A8:C0:D9:D5:E3","serverInfo":{"serverName":"JifS07117","serverVersion":"Build 10.44.1h, Apr 20, 2026 11:22:51 AM"},"hardware_info":"275c5aa2|06:A8:C0:D9:D5:E3"}}}
20:09:07.918 INFO  vert.x-eventloop-thread-0 BaseServiceProxy     : -> GET /v1/api/iserver/account/orders,200|305ms
20:09:07.991 INFO  vert.x-eventloop-thread-0 BaseServiceProxy     : -> GET /v1/api/iserver/account/orders,200|61ms
20:09:08.380 INFO  vert.x-eventloop-thread-0 BaseServiceProxy     : -> GET /v1/api/iserver/account/U5799398/order/520721151,200|374ms
20:09:08.507 INFO  vert.x-eventloop-thread-0 BaseServiceProxy     : -> GET /v1/api/iserver/reply/b3bc5886-9325-43b1-9fd7-0c4e2b0d9613,200|124ms
20:09:08.561 INFO  vert.x-eventloop-thread-0 BaseServiceProxy     : -> GET /v1/api/iserver/account/orders,200|50ms
20:09:08.702 INFO  vert.x-eventloop-thread-0 BaseServiceProxy     : -> GET /v1/api/iserver/account/orders,200|57ms
20:09:28.583 INFO  vert.x-eventloop-thread-0 BaseServiceProxy     : -> GET /v1/api/tickle,200|85ms
20:09:28.585 DEBUG vert.x-eventloop-thread-0 ClientPortalService  : tickle {"session":"f49f7072e03dda79f2e9445b551ea9b3","ssoExpires":269985,"collission":false,"userId":50301190,"hmds":{"error":"no bridge"},"iserver":{"authStatus":{"authenticated":true,"established":true,"competing":false,"connected":true,"message":"","MAC":"06:A8:C0:D9:D5:E3","serverInfo":{"serverName":"JifS07117","serverVersion":"Build 10.44.1h, Apr 20, 2026 11:22:51 AM"},"hardware_info":"275c5aa2|06:A8:C0:D9:D5:E3"}}}
20:09:58.563 INFO  vert.x-eventloop-thread-0 BaseServiceProxy     : -> GET /v1/api/tickle,200|65ms
20:09:58.564 DEBUG vert.x-eventloop-thread-0 ClientPortalService  : tickle {"session":"f49f7072e03dda79f2e9445b551ea9b3","ssoExpires":240002,"collission":false,"userId":50301190,"hmds":{"error":"no bridge"},"iserver":{"authStatus":{"authenticated":true,"established":true,"competing":false,"connected":true,"message":"","MAC":"06:A8:C0:D9:D5:E3","serverInfo":{"serverName":"JifS07117","serverVersion":"Build 10.44.1h, Apr 20, 2026 11:22:51 AM"},"hardware_info":"275c5aa2|06:A8:C0:D9:D5:E3"}}}
20:10:02.348 INFO  vert.x-eventloop-thread-0 BaseServiceProxy     : -> GET /v1/api/iserver/account/orders,200|57ms
20:10:02.415 INFO  vert.x-eventloop-thread-0 BaseServiceProxy     : -> GET /v1/api/iserver/account/orders,200|58ms
20:10:02.855 INFO  vert.x-eventloop-thread-0 BaseServiceProxy     : -> GET /v1/api/iserver/account/U5799398/order/520721145,200|428ms
20:10:02.937 INFO  vert.x-eventloop-thread-0 BaseServiceProxy     : -> GET /v1/api/iserver/reply/2f4a260e-79b4-48f3-bf0a-8df177a02464,200|78ms
20:10:02.993 INFO  vert.x-eventloop-thread-0 BaseServiceProxy     : -> GET /v1/api/iserver/account/orders,200|54ms
20:10:03.110 INFO  vert.x-eventloop-thread-0 BaseServiceProxy     : -> GET /v1/api/iserver/account/orders,200|58ms
20:10:28.810 INFO  vert.x-eventloop-thread-0 BaseServiceProxy     : -> GET /v1/api/tickle,200|312ms
20:10:28.812 DEBUG vert.x-eventloop-thread-0 ClientPortalService  : tickle {"session":"f49f7072e03dda79f2e9445b551ea9b3","ssoExpires":209762,"collission":false,"userId":50301190,"hmds":{"error":"no bridge"},"iserver":{"authStatus":{"authenticated":true,"established":true,"competing":false,"connected":true,"message":"","MAC":"06:A8:C0:D9:D5:E3","serverInfo":{"serverName":"JifS07117","serverVersion":"Build 10.44.1h, Apr 20, 2026 11:22:51 AM"},"hardware_info":"275c5aa2|06:A8:C0:D9:D5:E3"}}}
20:10:58.577 INFO  vert.x-eventloop-thread-0 BaseServiceProxy     : -> GET /v1/api/tickle,200|79ms
20:10:58.580 DEBUG vert.x-eventloop-thread-0 ClientPortalService  : tickle {"session":"f49f7072e03dda79f2e9445b551ea9b3","ssoExpires":179988,"collission":false,"userId":50301190,"hmds":{"error":"no bridge"},"iserver":{"authStatus":{"authenticated":true,"established":true,"competing":false,"connected":true,"message":"","MAC":"06:A8:C0:D9:D5:E3","serverInfo":{"serverName":"JifS07117","serverVersion":"Build 10.44.1h, Apr 20, 2026 11:22:51 AM"},"hardware_info":"275c5aa2|06:A8:C0:D9:D5:E3"}}}
20:11:05.557 INFO  vert.x-eventloop-thread-0 BaseServiceProxy     : -> GET /v1/api/tickle,200|56ms
20:11:28.578 INFO  vert.x-eventloop-thread-0 BaseServiceProxy     : -> GET /v1/api/tickle,200|82ms
20:11:28.580 DEBUG vert.x-eventloop-thread-0 ClientPortalService  : tickle {"session":"f49f7072e03dda79f2e9445b551ea9b3","ssoExpires":149992,"collission":false,"userId":50301190,"hmds":{"error":"no bridge"},"iserver":{"authStatus":{"authenticated":true,"established":true,"competing":false,"connected":true,"message":"","MAC":"06:A8:C0:D9:D5:E3","serverInfo":{"serverName":"JifS07117","serverVersion":"Build 10.44.1h, Apr 20, 2026 11:22:51 AM"},"hardware_info":"275c5aa2|06:A8:C0:D9:D5:E3"}}}
20:11:58.723 INFO  vert.x-eventloop-thread-0 BaseServiceProxy     : -> GET /v1/api/tickle,200|227ms
20:11:58.724 DEBUG vert.x-eventloop-thread-0 ClientPortalService  : tickle {"session":"f49f7072e03dda79f2e9445b551ea9b3","ssoExpires":119854,"collission":false,"userId":50301190,"hmds":{"error":"no bridge"},"iserver":{"authStatus":{"authenticated":true,"established":true,"competing":false,"connected":true,"message":"","MAC":"06:A8:C0:D9:D5:E3","serverInfo":{"serverName":"JifS07117","serverVersion":"Build 10.44.1h, Apr 20, 2026 11:22:51 AM"},"hardware_info":"275c5aa2|06:A8:C0:D9:D5:E3"}}}
20:12:04.252 INFO  vert.x-eventloop-thread-0 BaseServiceProxy     : -> GET /v1/api/iserver/account/orders,200|88ms
20:12:04.648 INFO  vert.x-eventloop-thread-0 BaseServiceProxy     : -> GET /v1/api/iserver/account/U5799398/order/2069454545,200|356ms
20:12:04.966 INFO  vert.x-eventloop-thread-0 BaseServiceProxy     : -> GET /v1/api/iserver/account/U5799398/order/2069454547,400|317ms
20:12:05.329 INFO  vert.x-eventloop-thread-0 BaseServiceProxy     : -> GET /v1/api/iserver/account/U5799398/order/2069454546,400|355ms
20:12:28.558 INFO  vert.x-eventloop-thread-0 BaseServiceProxy     : -> GET /v1/api/tickle,200|62ms
20:12:28.559 DEBUG vert.x-eventloop-thread-0 ClientPortalService  : tickle {"session":"f49f7072e03dda79f2e9445b551ea9b3","ssoExpires":90007,"collission":false,"userId":50301190,"hmds":{"error":"no bridge"},"iserver":{"authStatus":{"authenticated":true,"established":true,"competing":false,"connected":true,"message":"","MAC":"06:A8:C0:D9:D5:E3","serverInfo":{"serverName":"JifS07117","serverVersion":"Build 10.44.1h, Apr 20, 2026 11:22:51 AM"},"hardware_info":"275c5aa2|06:A8:C0:D9:D5:E3"}}}
20:12:58.788 INFO  vert.x-eventloop-thread-0 BaseServiceProxy     : -> GET /v1/api/tickle,200|293ms
20:12:58.789 DEBUG vert.x-eventloop-thread-0 ClientPortalService  : tickle {"session":"f49f7072e03dda79f2e9445b551ea9b3","ssoExpires":59776,"collission":false,"userId":50301190,"hmds":{"error":"no bridge"},"iserver":{"authStatus":{"authenticated":true,"established":true,"competing":false,"connected":true,"message":"","MAC":"06:A8:C0:D9:D5:E3","serverInfo":{"serverName":"JifS07117","serverVersion":"Build 10.44.1h, Apr 20, 2026 11:22:51 AM"},"hardware_info":"275c5aa2|06:A8:C0:D9:D5:E3"}}}
20:13:28.552 INFO  vert.x-eventloop-thread-0 BaseServiceProxy     : -> GET /v1/api/tickle,200|57ms
20:13:28.554 DEBUG vert.x-eventloop-thread-0 ClientPortalService  : tickle {"session":"f49f7072e03dda79f2e9445b551ea9b3","ssoExpires":30010,"collission":false,"userId":50301190,"hmds":{"error":"no bridge"},"iserver":{"authStatus":{"authenticated":true,"established":true,"competing":false,"connected":true,"message":"","MAC":"06:A8:C0:D9:D5:E3","serverInfo":{"serverName":"JifS07117","serverVersion":"Build 10.44.1h, Apr 20, 2026 11:22:51 AM"},"hardware_info":"275c5aa2|06:A8:C0:D9:D5:E3"}}}
20:13:53.454 INFO  vert.x-eventloop-thread-0 BaseServiceProxy     : -> GET /sso/ping,200|372ms
20:13:53.455 INFO  vert.x-eventloop-thread-0 SsoService           : sso ping {"result": "true"}
20:13:58.711 INFO  vert.x-eventloop-thread-0 BaseServiceProxy     : -> GET /v1/api/tickle,200|217ms
20:13:58.712 DEBUG vert.x-eventloop-thread-0 ClientPortalService  : tickle {"session":"f49f7072e03dda79f2e9445b551ea9b3","ssoExpires":600000,"collission":false,"userId":50301190,"hmds":{"error":"no bridge"},"iserver":{"authStatus":{"authenticated":true,"established":true,"competing":false,"connected":true,"message":"","MAC":"06:A8:C0:D9:D5:E3","serverInfo":{"serverName":"JifS07117","serverVersion":"Build 10.44.1h, Apr 20, 2026 11:22:51 AM"},"hardware_info":"275c5aa2|06:A8:C0:D9:D5:E3"}}}
20:14:05.773 INFO  vert.x-eventloop-thread-0 BaseServiceProxy     : -> GET /v1/api/tickle,200|60ms
20:14:28.556 INFO  vert.x-eventloop-thread-0 BaseServiceProxy     : -> GET /v1/api/tickle,200|63ms
20:14:28.557 DEBUG vert.x-eventloop-thread-0 ClientPortalService  : tickle {"session":"f49f7072e03dda79f2e9445b551ea9b3","ssoExpires":570153,"collission":false,"userId":50301190,"hmds":{"error":"no bridge"},"iserver":{"authStatus":{"authenticated":true,"established":true,"competing":false,"connected":true,"message":"","MAC":"06:A8:C0:D9:D5:E3","serverInfo":{"serverName":"JifS07117","serverVersion":"Build 10.44.1h, Apr 20, 2026 11:22:51 AM"},"hardware_info":"275c5aa2|06:A8:C0:D9:D5:E3"}}}
20:14:58.567 INFO  vert.x-eventloop-thread-0 BaseServiceProxy     : -> GET /v1/api/tickle,200|74ms
20:14:58.568 DEBUG vert.x-eventloop-thread-0 ClientPortalService  : tickle {"session":"f49f7072e03dda79f2e9445b551ea9b3","ssoExpires":540143,"collission":false,"userId":50301190,"hmds":{"error":"no bridge"},"iserver":{"authStatus":{"authenticated":true,"established":true,"competing":false,"connected":true,"message":"","MAC":"06:A8:C0:D9:D5:E3","serverInfo":{"serverName":"JifS07117","serverVersion":"Build 10.44.1h, Apr 20, 2026 11:22:51 AM"},"hardware_info":"275c5aa2|06:A8:C0:D9:D5:E3"}}}
20:15:28.892 INFO  vert.x-eventloop-thread-0 BaseServiceProxy     : -> GET /v1/api/tickle,200|399ms
20:15:28.894 DEBUG vert.x-eventloop-thread-0 ClientPortalService  : tickle {"session":"f49f7072e03dda79f2e9445b551ea9b3","ssoExpires":509910,"collission":false,"userId":50301190,"hmds":{"error":"no bridge"},"iserver":{"authStatus":{"authenticated":true,"established":true,"competing":false,"connected":true,"message":"","MAC":"06:A8:C0:D9:D5:E3","serverInfo":{"serverName":"JifS07117","serverVersion":"Build 10.44.1h, Apr 20, 2026 11:22:51 AM"},"hardware_info":"275c5aa2|06:A8:C0:D9:D5:E3"}}}
20:15:58.579 INFO  vert.x-eventloop-thread-0 BaseServiceProxy     : -> GET /v1/api/tickle,200|84ms
20:15:58.580 DEBUG vert.x-eventloop-thread-0 ClientPortalService  : tickle {"session":"f49f7072e03dda79f2e9445b551ea9b3","ssoExpires":480142,"collission":false,"userId":50301190,"hmds":{"error":"no bridge"},"iserver":{"authStatus":{"authenticated":false,"established":false,"competing":false,"connected":false,"message":"","MAC":"06:A8:C0:D9:D5:E3","serverInfo":{"serverName":"JifS07117","serverVersion":"Build 10.44.1h, Apr 20, 2026 11:22:51 AM"}}}}
20:16:28.920 INFO  vert.x-eventloop-thread-0 BaseServiceProxy     : -> GET /v1/api/tickle,200|429ms
20:16:28.921 DEBUG vert.x-eventloop-thread-0 ClientPortalService  : tickle {"session":"f49f7072e03dda79f2e9445b551ea9b3","ssoExpires":449789,"collission":false,"userId":50301190,"hmds":{"error":"no bridge"},"iserver":{"authStatus":{"authenticated":false,"established":false,"competing":false,"connected":false,"message":"","MAC":"06:A8:C0:D9:D5:E3","serverInfo":{"serverName":"JifS07117","serverVersion":"Build 10.44.1h, Apr 20, 2026 11:22:51 AM"}}}}
20:16:58.797 INFO  vert.x-eventloop-thread-0 BaseServiceProxy     : -> GET /v1/api/tickle,200|306ms
20:16:58.799 DEBUG vert.x-eventloop-thread-0 ClientPortalService  : tickle {"session":"f49f7072e03dda79f2e9445b551ea9b3","ssoExpires":419973,"collission":false,"userId":50301190,"hmds":{"error":"no bridge"},"iserver":{"authStatus":{"authenticated":false,"established":false,"competing":false,"connected":false,"message":"","MAC":"06:A8:C0:D9:D5:E3","serverInfo":{"serverName":"JifS07117","serverVersion":"Build 10.44.1h, Apr 20, 2026 11:22:51 AM"}}}}
20:17:05.974 INFO  vert.x-eventloop-thread-0 BaseServiceProxy     : -> GET /v1/api/tickle,200|73ms
20:17:28.569 INFO  vert.x-eventloop-thread-0 BaseServiceProxy     : -> GET /v1/api/tickle,200|78ms
20:17:28.570 DEBUG vert.x-eventloop-thread-0 ClientPortalService  : tickle {"session":"f49f7072e03dda79f2e9445b551ea9b3","ssoExpires":390136,"collission":false,"userId":50301190,"hmds":{"error":"no bridge"},"iserver":{"authStatus":{"authenticated":false,"established":false,"competing":false,"connected":false,"message":"","MAC":"06:A8:C0:D9:D5:E3","serverInfo":{"serverName":"JifS07117","serverVersion":"Build 10.44.1h, Apr 20, 2026 11:22:51 AM"}}}}
20:17:58.907 INFO  vert.x-eventloop-thread-0 BaseServiceProxy     : -> GET /v1/api/tickle,200|417ms
20:17:58.908 DEBUG vert.x-eventloop-thread-0 ClientPortalService  : tickle {"session":"f49f7072e03dda79f2e9445b551ea9b3","ssoExpires":359887,"collission":false,"userId":50301190,"hmds":{"error":"no bridge"},"iserver":{"authStatus":{"authenticated":false,"established":false,"competing":false,"connected":false,"message":"","MAC":"06:A8:C0:D9:D5:E3","serverInfo":{"serverName":"JifS07117","serverVersion":"Build 10.44.1h, Apr 20, 2026 11:22:51 AM"}}}}
20:18:28.548 INFO  vert.x-eventloop-thread-0 BaseServiceProxy     : -> GET /v1/api/tickle,200|58ms
20:18:28.549 DEBUG vert.x-eventloop-thread-0 ClientPortalService  : tickle {"session":"f49f7072e03dda79f2e9445b551ea9b3","ssoExpires":330156,"collission":false,"userId":50301190,"hmds":{"error":"no bridge"},"iserver":{"authStatus":{"authenticated":false,"established":false,"competing":false,"connected":false,"message":"","MAC":"06:A8:C0:D9:D5:E3","serverInfo":{"serverName":"JifS07117","serverVersion":"Build 10.44.1h, Apr 20, 2026 11:22:51 AM"}}}}
20:18:53.494 INFO  vert.x-eventloop-thread-0 BaseServiceProxy     : -> GET /sso/ping,200|416ms
20:18:53.496 INFO  vert.x-eventloop-thread-0 SsoService           : sso ping {"result": "true"}
20:18:58.547 INFO  vert.x-eventloop-thread-0 BaseServiceProxy     : -> GET /v1/api/tickle,200|58ms
20:18:58.547 DEBUG vert.x-eventloop-thread-0 ClientPortalService  : tickle {"session":"f49f7072e03dda79f2e9445b551ea9b3","ssoExpires":300156,"collission":false,"userId":50301190,"hmds":{"error":"no bridge"},"iserver":{"authStatus":{"authenticated":false,"established":false,"competing":false,"connected":false,"message":"","MAC":"06:A8:C0:D9:D5:E3","serverInfo":{"serverName":"JifS07117","serverVersion":"Build 10.44.1h, Apr 20, 2026 11:22:51 AM"}}}}
20:19:28.785 INFO  vert.x-eventloop-thread-0 BaseServiceProxy     : -> GET /v1/api/tickle,200|297ms
20:19:28.787 DEBUG vert.x-eventloop-thread-0 ClientPortalService  : tickle {"session":"f49f7072e03dda79f2e9445b551ea9b3","ssoExpires":269923,"collission":false,"userId":50301190,"hmds":{"error":"no bridge"},"iserver":{"authStatus":{"authenticated":false,"established":false,"competing":false,"connected":false,"message":"","MAC":"06:A8:C0:D9:D5:E3","serverInfo":{"serverName":"JifS07117","serverVersion":"Build 10.44.1h, Apr 20, 2026 11:22:51 AM"}}}}
20:19:58.563 INFO  vert.x-eventloop-thread-0 BaseServiceProxy     : -> GET /v1/api/tickle,200|75ms
20:19:58.564 DEBUG vert.x-eventloop-thread-0 ClientPortalService  : tickle {"session":"f49f7072e03dda79f2e9445b551ea9b3","ssoExpires":240152,"collission":false,"userId":50301190,"hmds":{"error":"no bridge"},"iserver":{"authStatus":{"authenticated":false,"established":false,"competing":false,"connected":false,"message":"","MAC":"06:A8:C0:D9:D5:E3","serverInfo":{"serverName":"JifS07117","serverVersion":"Build 10.44.1h, Apr 20, 2026 11:22:51 AM"}}}}
20:20:06.496 INFO  vert.x-eventloop-thread-0 BaseServiceProxy     : -> GET /v1/api/tickle,200|386ms
20:20:28.565 INFO  vert.x-eventloop-thread-0 BaseServiceProxy     : -> GET /v1/api/tickle,200|77ms
20:20:28.566 DEBUG vert.x-eventloop-thread-0 ClientPortalService  : tickle {"session":"f49f7072e03dda79f2e9445b551ea9b3","ssoExpires":210139,"collission":false,"userId":50301190,"hmds":{"error":"no bridge"},"iserver":{"authStatus":{"authenticated":false,"established":false,"competing":false,"connected":false,"message":"","MAC":"06:A8:C0:D9:D5:E3","serverInfo":{"serverName":"JifS07117","serverVersion":"Build 10.44.1h, Apr 20, 2026 11:22:51 AM"}}}}
20:20:58.563 INFO  vert.x-eventloop-thread-0 BaseServiceProxy     : -> GET /v1/api/tickle,200|68ms
20:20:58.566 DEBUG vert.x-eventloop-thread-0 ClientPortalService  : tickle {"session":"f49f7072e03dda79f2e9445b551ea9b3","ssoExpires":180143,"collission":false,"userId":50301190,"hmds":{"error":"no bridge"},"iserver":{"authStatus":{"authenticated":false,"established":false,"competing":false,"connected":false,"message":"","MAC":"06:A8:C0:D9:D5:E3","serverInfo":{"serverName":"JifS07117","serverVersion":"Build 10.44.1h, Apr 20, 2026 11:22:51 AM"}}}}
20:21:28.789 INFO  vert.x-eventloop-thread-0 BaseServiceProxy     : -> GET /v1/api/tickle,200|303ms
20:21:28.790 DEBUG vert.x-eventloop-thread-0 ClientPortalService  : tickle {"session":"f49f7072e03dda79f2e9445b551ea9b3","ssoExpires":149915,"collission":false,"userId":50301190,"hmds":{"error":"no bridge"},"iserver":{"authStatus":{"authenticated":false,"established":false,"competing":false,"connected":false,"message":"","MAC":"06:A8:C0:D9:D5:E3","serverInfo":{"serverName":"JifS07117","serverVersion":"Build 10.44.1h, Apr 20, 2026 11:22:51 AM"}}}}
20:21:58.541 INFO  vert.x-eventloop-thread-0 BaseServiceProxy     : -> GET /v1/api/tickle,200|55ms
20:21:58.542 DEBUG vert.x-eventloop-thread-0 ClientPortalService  : tickle {"session":"f49f7072e03dda79f2e9445b551ea9b3","ssoExpires":120159,"collission":false,"userId":50301190,"hmds":{"error":"no bridge"},"iserver":{"authStatus":{"authenticated":false,"established":false,"competing":false,"connected":false,"message":"","MAC":"06:A8:C0:D9:D5:E3","serverInfo":{"serverName":"JifS07117","serverVersion":"Build 10.44.1h, Apr 20, 2026 11:22:51 AM"}}}}
20:22:28.936 INFO  vert.x-eventloop-thread-0 BaseServiceProxy     : -> GET /v1/api/tickle,200|451ms
20:22:28.938 DEBUG vert.x-eventloop-thread-0 ClientPortalService  : tickle {"session":"f49f7072e03dda79f2e9445b551ea9b3","ssoExpires":89882,"collission":false,"userId":50301190,"hmds":{"error":"no bridge"},"iserver":{"authStatus":{"authenticated":false,"established":false,"competing":false,"connected":false,"message":"","MAC":"06:A8:C0:D9:D5:E3","serverInfo":{"serverName":"JifS07117","serverVersion":"Build 10.44.1h, Apr 20, 2026 11:22:51 AM"}}}}
20:22:58.552 INFO  vert.x-eventloop-thread-0 BaseServiceProxy     : -> GET /v1/api/tickle,200|67ms
20:22:58.554 DEBUG vert.x-eventloop-thread-0 ClientPortalService  : tickle {"session":"f49f7072e03dda79f2e9445b551ea9b3","ssoExpires":60151,"collission":false,"userId":50301190,"hmds":{"error":"no bridge"},"iserver":{"authStatus":{"authenticated":false,"established":false,"competing":false,"connected":false,"message":"","MAC":"06:A8:C0:D9:D5:E3","serverInfo":{"serverName":"JifS07117","serverVersion":"Build 10.44.1h, Apr 20, 2026 11:22:51 AM"}}}}
20:23:06.857 INFO  vert.x-eventloop-thread-0 BaseServiceProxy     : -> GET /v1/api/tickle,200|220ms
20:23:28.538 INFO  vert.x-eventloop-thread-0 BaseServiceProxy     : -> GET /v1/api/tickle,200|54ms
20:23:28.539 DEBUG vert.x-eventloop-thread-0 ClientPortalService  : tickle {"session":"f49f7072e03dda79f2e9445b551ea9b3","ssoExpires":30161,"collission":false,"userId":50301190,"hmds":{"error":"no bridge"},"iserver":{"authStatus":{"authenticated":false,"established":false,"competing":false,"connected":false,"message":"","MAC":"06:A8:C0:D9:D5:E3","serverInfo":{"serverName":"JifS07117","serverVersion":"Build 10.44.1h, Apr 20, 2026 11:22:51 AM"}}}}
20:23:53.613 INFO  vert.x-eventloop-thread-0 BaseServiceProxy     : -> GET /sso/ping,200|541ms
20:23:53.614 INFO  vert.x-eventloop-thread-0 SsoService           : sso ping {"result": "true"}
20:23:58.546 INFO  vert.x-eventloop-thread-0 BaseServiceProxy     : -> GET /v1/api/tickle,200|62ms
20:23:58.546 DEBUG vert.x-eventloop-thread-0 ClientPortalService  : tickle {"session":"f49f7072e03dda79f2e9445b551ea9b3","ssoExpires":153,"collission":false,"userId":50301190,"hmds":{"error":"no bridge"},"iserver":{"authStatus":{"authenticated":false,"established":false,"competing":false,"connected":false,"message":"","MAC":"06:A8:C0:D9:D5:E3","serverInfo":{"serverName":"JifS07117","serverVersion":"Build 10.44.1h, Apr 20, 2026 11:22:51 AM"}}}}
20:24:28.943 INFO  vert.x-eventloop-thread-0 BaseServiceProxy     : -> GET /v1/api/tickle,200|459ms
20:24:28.944 DEBUG vert.x-eventloop-thread-0 ClientPortalService  : tickle {"session":"f49f7072e03dda79f2e9445b551ea9b3","ssoExpires":600000,"collission":false,"userId":50301190,"hmds":{"error":"no bridge"},"iserver":{"authStatus":{"authenticated":false,"established":false,"competing":false,"connected":false,"message":"","MAC":"06:A8:C0:D9:D5:E3","serverInfo":{"serverName":"JifS07117","serverVersion":"Build 10.44.1h, Apr 20, 2026 11:22:51 AM"}}}}
20:24:58.843 INFO  vert.x-eventloop-thread-0 BaseServiceProxy     : -> GET /v1/api/tickle,200|360ms
20:24:58.845 DEBUG vert.x-eventloop-thread-0 ClientPortalService  : tickle {"session":"f49f7072e03dda79f2e9445b551ea9b3","ssoExpires":570075,"collission":false,"userId":50301190,"hmds":{"error":"no bridge"},"iserver":{"authStatus":{"authenticated":false,"established":false,"competing":false,"connected":false,"message":"","MAC":"06:A8:C0:D9:D5:E3","serverInfo":{"serverName":"JifS07117","serverVersion":"Build 10.44.1h, Apr 20, 2026 11:22:51 AM"}}}}
20:25:28.536 INFO  vert.x-eventloop-thread-0 BaseServiceProxy     : -> GET /v1/api/tickle,200|52ms
20:25:28.538 DEBUG vert.x-eventloop-thread-0 ClientPortalService  : tickle {"session":"f49f7072e03dda79f2e9445b551ea9b3","ssoExpires":540323,"collission":false,"userId":50301190,"hmds":{"error":"no bridge"},"iserver":{"authStatus":{"authenticated":false,"established":false,"competing":false,"connected":false,"message":"","MAC":"06:A8:C0:D9:D5:E3","serverInfo":{"serverName":"JifS07117","serverVersion":"Build 10.44.1h, Apr 20, 2026 11:22:51 AM"}}}}
20:25:58.560 INFO  vert.x-eventloop-thread-0 BaseServiceProxy     : -> GET /v1/api/tickle,200|77ms
20:25:58.564 DEBUG vert.x-eventloop-thread-0 ClientPortalService  : tickle {"session":"f49f7072e03dda79f2e9445b551ea9b3","ssoExpires":510300,"collission":false,"userId":50301190,"hmds":{"error":"no bridge"},"iserver":{"authStatus":{"authenticated":false,"established":false,"competing":false,"connected":false,"message":"","MAC":"06:A8:C0:D9:D5:E3","serverInfo":{"serverName":"JifS07117","serverVersion":"Build 10.44.1h, Apr 20, 2026 11:22:51 AM"}}}}
20:26:07.348 INFO  vert.x-eventloop-thread-0 BaseServiceProxy     : -> GET /v1/api/tickle,200|345ms
20:26:28.551 INFO  vert.x-eventloop-thread-0 BaseServiceProxy     : -> GET /v1/api/tickle,200|71ms
20:26:28.553 DEBUG vert.x-eventloop-thread-0 ClientPortalService  : tickle {"session":"f49f7072e03dda79f2e9445b551ea9b3","ssoExpires":480308,"collission":false,"userId":50301190,"hmds":{"error":"no bridge"},"iserver":{"authStatus":{"authenticated":false,"established":false,"competing":false,"connected":false,"message":"","MAC":"06:A8:C0:D9:D5:E3","serverInfo":{"serverName":"JifS07117","serverVersion":"Build 10.44.1h, Apr 20, 2026 11:22:51 AM"}}}}
20:26:58.546 INFO  vert.x-eventloop-thread-0 BaseServiceProxy     : -> GET /v1/api/tickle,200|65ms
20:26:58.548 DEBUG vert.x-eventloop-thread-0 ClientPortalService  : tickle {"session":"f49f7072e03dda79f2e9445b551ea9b3","ssoExpires":450313,"collission":false,"userId":50301190,"hmds":{"error":"no bridge"},"iserver":{"authStatus":{"authenticated":false,"established":false,"competing":false,"connected":false,"message":"","MAC":"06:A8:C0:D9:D5:E3","serverInfo":{"serverName":"JifS07117","serverVersion":"Build 10.44.1h, Apr 20, 2026 11:22:51 AM"}}}}
20:27:28.775 INFO  vert.x-eventloop-thread-0 BaseServiceProxy     : -> GET /v1/api/tickle,200|294ms
20:27:28.776 DEBUG vert.x-eventloop-thread-0 ClientPortalService  : tickle {"session":"f49f7072e03dda79f2e9445b551ea9b3","ssoExpires":420082,"collission":false,"userId":50301190,"hmds":{"error":"no bridge"},"iserver":{"authStatus":{"authenticated":false,"established":false,"competing":false,"connected":false,"message":"","MAC":"06:A8:C0:D9:D5:E3","serverInfo":{"serverName":"JifS07117","serverVersion":"Build 10.44.1h, Apr 20, 2026 11:22:51 AM"}}}}
20:27:58.536 INFO  vert.x-eventloop-thread-0 BaseServiceProxy     : -> GET /v1/api/tickle,200|56ms
20:27:58.537 DEBUG vert.x-eventloop-thread-0 ClientPortalService  : tickle {"session":"f49f7072e03dda79f2e9445b551ea9b3","ssoExpires":390321,"collission":false,"userId":50301190,"hmds":{"error":"no bridge"},"iserver":{"authStatus":{"authenticated":false,"established":false,"competing":false,"connected":false,"message":"","MAC":"06:A8:C0:D9:D5:E3","serverInfo":{"serverName":"JifS07117","serverVersion":"Build 10.44.1h, Apr 20, 2026 11:22:51 AM"}}}}
20:28:28.863 INFO  vert.x-eventloop-thread-0 BaseServiceProxy     : -> GET /v1/api/tickle,200|383ms
20:28:28.865 DEBUG vert.x-eventloop-thread-0 ClientPortalService  : tickle {"session":"f49f7072e03dda79f2e9445b551ea9b3","ssoExpires":360093,"collission":false,"userId":50301190,"hmds":{"error":"no bridge"},"iserver":{"authStatus":{"authenticated":false,"established":false,"competing":false,"connected":false,"message":"","MAC":"06:A8:C0:D9:D5:E3","serverInfo":{"serverName":"JifS07117","serverVersion":"Build 10.44.1h, Apr 20, 2026 11:22:51 AM"}}}}
20:28:53.598 INFO  vert.x-eventloop-thread-0 BaseServiceProxy     : -> GET /sso/ping,200|531ms
20:28:53.599 INFO  vert.x-eventloop-thread-0 SsoService           : sso ping {"result": "true"}
20:28:58.534 INFO  vert.x-eventloop-thread-0 BaseServiceProxy     : -> GET /v1/api/tickle,200|55ms
20:28:58.534 DEBUG vert.x-eventloop-thread-0 ClientPortalService  : tickle {"session":"f49f7072e03dda79f2e9445b551ea9b3","ssoExpires":330322,"collission":false,"userId":50301190,"hmds":{"error":"no bridge"},"iserver":{"authStatus":{"authenticated":false,"established":false,"competing":false,"connected":false,"message":"","MAC":"06:A8:C0:D9:D5:E3","serverInfo":{"serverName":"JifS07117","serverVersion":"Build 10.44.1h, Apr 20, 2026 11:22:51 AM"}}}}
20:29:07.786 INFO  vert.x-eventloop-thread-0 BaseServiceProxy     : -> GET /v1/api/tickle,200|307ms
20:29:28.545 INFO  vert.x-eventloop-thread-0 BaseServiceProxy     : -> GET /v1/api/tickle,200|66ms
20:29:28.547 DEBUG vert.x-eventloop-thread-0 ClientPortalService  : tickle {"session":"f49f7072e03dda79f2e9445b551ea9b3","ssoExpires":300322,"collission":false,"userId":50301190,"hmds":{"error":"no bridge"},"iserver":{"authStatus":{"authenticated":false,"established":false,"competing":false,"connected":false,"message":"","MAC":"06:A8:C0:D9:D5:E3","serverInfo":{"serverName":"JifS07117","serverVersion":"Build 10.44.1h, Apr 20, 2026 11:22:51 AM"}}}}
20:29:58.694 INFO  vert.x-eventloop-thread-0 BaseServiceProxy     : -> GET /v1/api/tickle,200|215ms
20:29:58.695 DEBUG vert.x-eventloop-thread-0 ClientPortalService  : tickle {"session":"f49f7072e03dda79f2e9445b551ea9b3","ssoExpires":270163,"collission":false,"userId":50301190,"hmds":{"error":"no bridge"},"iserver":{"authStatus":{"authenticated":false,"established":false,"competing":false,"connected":false,"message":"","MAC":"06:A8:C0:D9:D5:E3","serverInfo":{"serverName":"JifS07117","serverVersion":"Build 10.44.1h, Apr 20, 2026 11:22:51 AM"}}}}
20:30:28.976 INFO  vert.x-eventloop-thread-0 BaseServiceProxy     : -> GET /v1/api/tickle,200|498ms
20:30:28.977 DEBUG vert.x-eventloop-thread-0 ClientPortalService  : tickle {"session":"f49f7072e03dda79f2e9445b551ea9b3","ssoExpires":240053,"collission":false,"userId":50301190,"hmds":{"error":"no bridge"},"iserver":{"authStatus":{"authenticated":false,"established":false,"competing":false,"connected":false,"message":"","MAC":"06:A8:C0:D9:D5:E3","serverInfo":{"serverName":"JifS07117","serverVersion":"Build 10.44.1h, Apr 20, 2026 11:22:51 AM"}}}}
20:30:58.542 INFO  vert.x-eventloop-thread-0 BaseServiceProxy     : -> GET /v1/api/tickle,200|64ms
20:30:58.544 DEBUG vert.x-eventloop-thread-0 ClientPortalService  : tickle {"session":"f49f7072e03dda79f2e9445b551ea9b3","ssoExpires":210315,"collission":false,"userId":50301190,"hmds":{"error":"no bridge"},"iserver":{"authStatus":{"authenticated":false,"established":false,"competing":false,"connected":false,"message":"","MAC":"06:A8:C0:D9:D5:E3","serverInfo":{"serverName":"JifS07117","serverVersion":"Build 10.44.1h, Apr 20, 2026 11:22:51 AM"}}}}
20:31:28.769 INFO  vert.x-eventloop-thread-0 BaseServiceProxy     : -> GET /v1/api/tickle,200|291ms
20:31:28.771 DEBUG vert.x-eventloop-thread-0 ClientPortalService  : tickle {"session":"f49f7072e03dda79f2e9445b551ea9b3","ssoExpires":180086,"collission":false,"userId":50301190,"hmds":{"error":"no bridge"},"iserver":{"authStatus":{"authenticated":false,"established":false,"competing":false,"connected":false,"message":"","MAC":"06:A8:C0:D9:D5:E3","serverInfo":{"serverName":"JifS07117","serverVersion":"Build 10.44.1h, Apr 20, 2026 11:22:51 AM"}}}}
20:31:58.539 INFO  vert.x-eventloop-thread-0 BaseServiceProxy     : -> GET /v1/api/tickle,200|63ms
20:31:58.540 DEBUG vert.x-eventloop-thread-0 ClientPortalService  : tickle {"session":"f49f7072e03dda79f2e9445b551ea9b3","ssoExpires":150315,"collission":false,"userId":50301190,"hmds":{"error":"no bridge"},"iserver":{"authStatus":{"authenticated":false,"established":false,"competing":false,"connected":false,"message":"","MAC":"06:A8:C0:D9:D5:E3","serverInfo":{"serverName":"JifS07117","serverVersion":"Build 10.44.1h, Apr 20, 2026 11:22:51 AM"}}}}
20:32:08.185 INFO  vert.x-eventloop-thread-0 BaseServiceProxy     : -> GET /v1/api/tickle,200|278ms
20:32:13.228 INFO  vert.x-eventloop-thread-0 BaseServiceProxy     : -> GET /v1/api/iserver/account/orders,500|88ms
20:32:13.359 INFO  vert.x-eventloop-thread-0 BaseServiceProxy     : -> GET /v1/api/iserver/account/orders,500|70ms
20:32:22.231 INFO  vert.x-eventloop-thread-0 BaseServiceProxy     : -> GET /v1/api/iserver/auth/ssodh/init?publish=true&compete=true,200|1959ms
20:32:22.320 INFO  vert.x-eventloop-thread-0 BaseServiceProxy     : -> GET /v1/api/iserver/account/orders,500|54ms
20:32:22.407 INFO  vert.x-eventloop-thread-0 BaseServiceProxy     : -> GET /v1/api/tickle,200|57ms
20:32:27.574 INFO  vert.x-eventloop-thread-0 BaseServiceProxy     : -> GET /v1/api/iserver/account/orders,200|59ms
20:32:27.684 INFO  vert.x-eventloop-thread-0 BaseServiceProxy     : -> GET /v1/api/iserver/account/orders,200|58ms
20:32:28.542 INFO  vert.x-eventloop-thread-0 BaseServiceProxy     : -> GET /v1/api/tickle,200|67ms
20:32:28.543 DEBUG vert.x-eventloop-thread-0 ClientPortalService  : tickle {"session":"f49f7072e03dda79f2e9445b551ea9b3","ssoExpires":120310,"collission":false,"userId":50301190,"hmds":{"error":"no bridge"},"iserver":{"authStatus":{"authenticated":true,"established":true,"competing":false,"connected":true,"message":"","MAC":"06:A8:C0:D9:D5:E3","serverInfo":{"serverName":"JifS05127","serverVersion":"Build 10.44.1h, Apr 20, 2026 11:22:51 AM"},"hardware_info":"275c5aa2|06:A8:C0:D9:D5:E3"}}}
20:32:30.507 INFO  vert.x-eventloop-thread-0 BaseServiceProxy     : -> GET /v1/api/iserver/account/orders,200|86ms
20:32:30.588 INFO  vert.x-eventloop-thread-0 BaseServiceProxy     : -> GET /v1/api/iserver/account/orders,200|70ms
20:32:30.938 INFO  vert.x-eventloop-thread-0 BaseServiceProxy     : -> GET /v1/api/iserver/account/U5799398/order/1833693389,200|337ms
20:32:31.050 INFO  vert.x-eventloop-thread-0 BaseServiceProxy     : -> GET /v1/api/iserver/account/orders,200|56ms
20:32:35.434 INFO  vert.x-eventloop-thread-0 BaseServiceProxy     : -> GET /v1/api/iserver/account/orders,200|65ms
20:32:35.505 INFO  vert.x-eventloop-thread-0 BaseServiceProxy     : -> GET /v1/api/iserver/account/orders,200|61ms
20:32:35.850 INFO  vert.x-eventloop-thread-0 BaseServiceProxy     : -> GET /v1/api/iserver/account/U5799398/order/1833693389,200|334ms
20:32:35.928 INFO  vert.x-eventloop-thread-0 BaseServiceProxy     : -> GET /v1/api/iserver/reply/0478f935-ee76-4b1e-ad57-59190ad04dcf,200|75ms
20:32:35.988 INFO  vert.x-eventloop-thread-0 BaseServiceProxy     : -> GET /v1/api/iserver/account/orders,200|56ms
20:32:36.302 INFO  vert.x-eventloop-thread-0 BaseServiceProxy     : -> GET /v1/api/iserver/marketdata/history?conid=273165&period=30d&bar=1d&outsideRth=false,200|302ms
20:32:36.381 INFO  vert.x-eventloop-thread-0 BaseServiceProxy     : -> GET /v1/api/iserver/marketdata/history?conid=273165&period=30d&bar=1d&outsideRth=false,200|76ms
20:32:36.500 INFO  vert.x-eventloop-thread-0 BaseServiceProxy     : -> GET /v1/api/iserver/account/orders,200|63ms
20:32:58.559 INFO  vert.x-eventloop-thread-0 BaseServiceProxy     : -> GET /v1/api/tickle,200|84ms
20:32:58.561 DEBUG vert.x-eventloop-thread-0 ClientPortalService  : tickle {"session":"f49f7072e03dda79f2e9445b551ea9b3","ssoExpires":90318,"collission":false,"userId":50301190,"hmds":{"error":"no bridge"},"iserver":{"authStatus":{"authenticated":true,"established":true,"competing":false,"connected":true,"message":"","MAC":"06:A8:C0:D9:D5:E3","serverInfo":{"serverName":"JifS05127","serverVersion":"Build 10.44.1h, Apr 20, 2026 11:22:51 AM"},"hardware_info":"275c5aa2|06:A8:C0:D9:D5:E3"}}}
20:33:28.794 INFO  vert.x-eventloop-thread-0 BaseServiceProxy     : -> GET /v1/api/tickle,200|320ms
20:33:28.796 DEBUG vert.x-eventloop-thread-0 ClientPortalService  : tickle {"session":"f49f7072e03dda79f2e9445b551ea9b3","ssoExpires":60088,"collission":false,"userId":50301190,"hmds":{"error":"no bridge"},"iserver":{"authStatus":{"authenticated":true,"established":true,"competing":false,"connected":true,"message":"","MAC":"06:A8:C0:D9:D5:E3","serverInfo":{"serverName":"JifS05127","serverVersion":"Build 10.44.1h, Apr 20, 2026 11:22:51 AM"},"hardware_info":"275c5aa2|06:A8:C0:D9:D5:E3"}}}
20:33:53.466 INFO  vert.x-eventloop-thread-0 BaseServiceProxy     : -> GET /sso/ping,200|403ms
20:33:53.478 INFO  vert.x-eventloop-thread-0 SsoService           : sso ping {"result": "true"}
20:33:58.802 INFO  vert.x-eventloop-thread-0 BaseServiceProxy     : -> GET /v1/api/tickle,200|328ms
20:33:58.803 DEBUG vert.x-eventloop-thread-0 ClientPortalService  : tickle {"session":"f49f7072e03dda79f2e9445b551ea9b3","ssoExpires":30061,"collission":false,"userId":50301190,"hmds":{"error":"no bridge"},"iserver":{"authStatus":{"authenticated":true,"established":true,"competing":false,"connected":true,"message":"","MAC":"06:A8:C0:D9:D5:E3","serverInfo":{"serverName":"JifS05127","serverVersion":"Build 10.44.1h, Apr 20, 2026 11:22:51 AM"},"hardware_info":"275c5aa2|06:A8:C0:D9:D5:E3"}}}
20:34:21.294 INFO  vert.x-eventloop-thread-0 BaseServiceProxy     : -> GET /v1/api/logout,200|91ms
20:34:23.247 ERROR vert.x-eventloop-thread-0 ConnectionBase       : java.net.SocketException: Connection reset
20:34:23.248 ERROR vert.x-eventloop-thread-0 ConnectionBase       : java.net.SocketException: Connection reset
20:34:23.248 ERROR vert.x-eventloop-thread-0 ConnectionBase       : java.net.SocketException: Connection reset
