20:14:59.437 INFO  main GatewayStart         : config ../root/conf.yaml !!ibgroup.web.core.clientportal.gw.Config
authDelay: 3000
ccp: false
cors: {origin.allowed: '*', allowCredentials: false}
ip2loc: US
ips:
  allow: [192.*, 131.216.*, 127.0.0.1]
  deny: [212.90.324.10]
listenPort: 8080
listenSsl: true
portalBaseURL: ''
proxyRemoteHost: https://api.ibkr.com
proxyRemoteSsl: true
sslCert: vertx.jks
sslPwd: mywebapi
ssoPing: 5
svcEnvironment: v1
tst: false
twsBaseURL: /tws.proxy
webApps:
- {cache: true, index: index.html, listing: false, name: demo, proxy: ''}

20:14:59.569 INFO  vert.x-eventloop-thread-0 GatewayHttpProxy     :  -> mount demo on /demo
20:14:59.581 INFO  vert.x-eventloop-thread-0 GatewayVerticle      : version: a27ed42161ad96c53e715ca5c5e3e3fa4cff5262 Mon, 24 Apr 2023 15:41:53 -0400
20:14:59.581 INFO  vert.x-eventloop-thread-0 GatewayVerticle      : Java Version: 17.0.10
20:15:00.097 WARN  vert.x-eventloop-thread-0 DefaultChannelPipeline : An exceptionCaught() event was fired, and it reached at the tail of the pipeline. It usually means the last handler in the pipeline did not handle the exception.
io.netty.handler.codec.DecoderException: javax.net.ssl.SSLHandshakeException: Received fatal alert: certificate_unknown
	at io.netty.handler.codec.ByteToMessageDecoder.callDecode(ByteToMessageDecoder.java:459)
	at io.netty.handler.codec.ByteToMessageDecoder.channelRead(ByteToMessageDecoder.java:265)
	at io.netty.channel.AbstractChannelHandlerContext.invokeChannelRead(AbstractChannelHandlerContext.java:362)
	at io.netty.channel.AbstractChannelHandlerContext.invokeChannelRead(AbstractChannelHandlerContext.java:348)
	at io.netty.channel.AbstractChannelHandlerContext.fireChannelRead(AbstractChannelHandlerContext.java:340)
	at io.netty.channel.DefaultChannelPipeline$HeadContext.channelRead(DefaultChannelPipeline.java:1359)
	at io.netty.channel.AbstractChannelHandlerContext.invokeChannelRead(AbstractChannelHandlerContext.java:362)
	at io.netty.channel.AbstractChannelHandlerContext.invokeChannelRead(AbstractChannelHandlerContext.java:348)
	at io.netty.channel.DefaultChannelPipeline.fireChannelRead(DefaultChannelPipeline.java:935)
	at io.netty.channel.nio.AbstractNioByteChannel$NioByteUnsafe.read(AbstractNioByteChannel.java:134)
	at io.netty.channel.nio.NioEventLoop.processSelectedKey(NioEventLoop.java:645)
	at io.netty.channel.nio.NioEventLoop.processSelectedKeysPlain(NioEventLoop.java:545)
	at io.netty.channel.nio.NioEventLoop.processSelectedKeys(NioEventLoop.java:499)
	at io.netty.channel.nio.NioEventLoop.run(NioEventLoop.java:459)
	at io.netty.util.concurrent.SingleThreadEventExecutor$5.run(SingleThreadEventExecutor.java:858)
	at java.base/java.lang.Thread.run(Thread.java:842)
Caused by: javax.net.ssl.SSLHandshakeException: Received fatal alert: certificate_unknown
	at java.base/sun.security.ssl.Alert.createSSLException(Alert.java:131)
	at java.base/sun.security.ssl.Alert.createSSLException(Alert.java:117)
	at java.base/sun.security.ssl.TransportContext.fatal(TransportContext.java:365)
	at java.base/sun.security.ssl.Alert$AlertConsumer.consume(Alert.java:293)
	at java.base/sun.security.ssl.TransportContext.dispatch(TransportContext.java:204)
	at java.base/sun.security.ssl.SSLTransport.decode(SSLTransport.java:172)
	at java.base/sun.security.ssl.SSLEngineImpl.decode(SSLEngineImpl.java:736)
	at java.base/sun.security.ssl.SSLEngineImpl.readRecord(SSLEngineImpl.java:691)
	at java.base/sun.security.ssl.SSLEngineImpl.unwrap(SSLEngineImpl.java:506)
	at java.base/sun.security.ssl.SSLEngineImpl.unwrap(SSLEngineImpl.java:482)
	at java.base/javax.net.ssl.SSLEngine.unwrap(SSLEngine.java:679)
	at io.netty.handler.ssl.SslHandler$SslEngineType$3.unwrap(SslHandler.java:281)
	at io.netty.handler.ssl.SslHandler.unwrap(SslHandler.java:1215)
	at io.netty.handler.ssl.SslHandler.decodeJdkCompatible(SslHandler.java:1127)
	at io.netty.handler.ssl.SslHandler.decode(SslHandler.java:1162)
	at io.netty.handler.codec.ByteToMessageDecoder.decodeRemovalReentryProtection(ByteToMessageDecoder.java:489)
	at io.netty.handler.codec.ByteToMessageDecoder.callDecode(ByteToMessageDecoder.java:428)
	... 15 common frames omitted
20:15:00.098 WARN  vert.x-eventloop-thread-0 DefaultChannelPipeline : An exceptionCaught() event was fired, and it reached at the tail of the pipeline. It usually means the last handler in the pipeline did not handle the exception.
io.netty.handler.codec.DecoderException: javax.net.ssl.SSLHandshakeException: Received fatal alert: certificate_unknown
	at io.netty.handler.codec.ByteToMessageDecoder.callDecode(ByteToMessageDecoder.java:459)
	at io.netty.handler.codec.ByteToMessageDecoder.channelRead(ByteToMessageDecoder.java:265)
	at io.netty.channel.AbstractChannelHandlerContext.invokeChannelRead(AbstractChannelHandlerContext.java:362)
	at io.netty.channel.AbstractChannelHandlerContext.invokeChannelRead(AbstractChannelHandlerContext.java:348)
	at io.netty.channel.AbstractChannelHandlerContext.fireChannelRead(AbstractChannelHandlerContext.java:340)
	at io.netty.channel.DefaultChannelPipeline$HeadContext.channelRead(DefaultChannelPipeline.java:1359)
	at io.netty.channel.AbstractChannelHandlerContext.invokeChannelRead(AbstractChannelHandlerContext.java:362)
	at io.netty.channel.AbstractChannelHandlerContext.invokeChannelRead(AbstractChannelHandlerContext.java:348)
	at io.netty.channel.DefaultChannelPipeline.fireChannelRead(DefaultChannelPipeline.java:935)
	at io.netty.channel.nio.AbstractNioByteChannel$NioByteUnsafe.read(AbstractNioByteChannel.java:134)
	at io.netty.channel.nio.NioEventLoop.processSelectedKey(NioEventLoop.java:645)
	at io.netty.channel.nio.NioEventLoop.processSelectedKeysPlain(NioEventLoop.java:545)
	at io.netty.channel.nio.NioEventLoop.processSelectedKeys(NioEventLoop.java:499)
	at io.netty.channel.nio.NioEventLoop.run(NioEventLoop.java:459)
	at io.netty.util.concurrent.SingleThreadEventExecutor$5.run(SingleThreadEventExecutor.java:858)
	at java.base/java.lang.Thread.run(Thread.java:842)
Caused by: javax.net.ssl.SSLHandshakeException: Received fatal alert: certificate_unknown
	at java.base/sun.security.ssl.Alert.createSSLException(Alert.java:131)
	at java.base/sun.security.ssl.Alert.createSSLException(Alert.java:117)
	at java.base/sun.security.ssl.TransportContext.fatal(TransportContext.java:365)
	at java.base/sun.security.ssl.Alert$AlertConsumer.consume(Alert.java:293)
	at java.base/sun.security.ssl.TransportContext.dispatch(TransportContext.java:204)
	at java.base/sun.security.ssl.SSLTransport.decode(SSLTransport.java:172)
	at java.base/sun.security.ssl.SSLEngineImpl.decode(SSLEngineImpl.java:736)
	at java.base/sun.security.ssl.SSLEngineImpl.readRecord(SSLEngineImpl.java:691)
	at java.base/sun.security.ssl.SSLEngineImpl.unwrap(SSLEngineImpl.java:506)
	at java.base/sun.security.ssl.SSLEngineImpl.unwrap(SSLEngineImpl.java:482)
	at java.base/javax.net.ssl.SSLEngine.unwrap(SSLEngine.java:679)
	at io.netty.handler.ssl.SslHandler$SslEngineType$3.unwrap(SslHandler.java:281)
	at io.netty.handler.ssl.SslHandler.unwrap(SslHandler.java:1215)
	at io.netty.handler.ssl.SslHandler.decodeJdkCompatible(SslHandler.java:1127)
	at io.netty.handler.ssl.SslHandler.decode(SslHandler.java:1162)
	at io.netty.handler.codec.ByteToMessageDecoder.decodeRemovalReentryProtection(ByteToMessageDecoder.java:489)
	at io.netty.handler.codec.ByteToMessageDecoder.callDecode(ByteToMessageDecoder.java:428)
	... 15 common frames omitted
20:15:00.758 INFO  vert.x-eventloop-thread-0 BaseServiceProxy     : -> GET /sso/Login?forwardTo=22&RL=1&ip2loc=US,200|611ms
20:15:00.759 INFO  vert.x-eventloop-thread-0 CookieManager        : set cookies [partnerID=""; Domain=.ibkr.com; Expires=Thu, 01 Jan 1970 00:00:10 GMT; Path=/;Secure;SameSite=None, partnerID=""; Domain=.ibkr.com; Expires=Thu, 01 Jan 1970 00:00:10 GMT; Path=/;Secure;SameSite=None, URL_PARAM=forwardTo%3D22&RL%3D1&ip2loc%3DUS; Domain=.ibkr.com; Path=/;Secure, JSESSIONID=687C3E4E2A61746C3C6818EE0E65819F.ny5wwwdam3-internet; Path=/sso; HttpOnly;Secure;SameSite=None, x-sess-uuid=0.b4de9b7c.1777378500.3d67e2a; secure; HttpOnly]
20:15:00.761 DEBUG vert.x-eventloop-thread-0 BaseServiceProxy     : Remapping Set-cookies [partnerID=""; Domain=.ibkr.com; Expires=Thu, 01 Jan 1970 00:00:10 GMT; Path=/;Secure;SameSite=None, partnerID=""; Domain=.ibkr.com; Expires=Thu, 01 Jan 1970 00:00:10 GMT; Path=/;Secure;SameSite=None, URL_PARAM=forwardTo%3D22&RL%3D1&ip2loc%3DUS; Domain=.ibkr.com; Path=/;Secure, JSESSIONID=687C3E4E2A61746C3C6818EE0E65819F.ny5wwwdam3-internet; Path=/sso; HttpOnly;Secure;SameSite=None, x-sess-uuid=0.b4de9b7c.1777378500.3d67e2a; secure; HttpOnly] -> 
20:15:00.848 WARN  vert.x-eventloop-thread-0 DefaultChannelPipeline : An exceptionCaught() event was fired, and it reached at the tail of the pipeline. It usually means the last handler in the pipeline did not handle the exception.
io.netty.handler.codec.DecoderException: javax.net.ssl.SSLHandshakeException: Received fatal alert: certificate_unknown
	at io.netty.handler.codec.ByteToMessageDecoder.callDecode(ByteToMessageDecoder.java:459)
	at io.netty.handler.codec.ByteToMessageDecoder.channelRead(ByteToMessageDecoder.java:265)
	at io.netty.channel.AbstractChannelHandlerContext.invokeChannelRead(AbstractChannelHandlerContext.java:362)
	at io.netty.channel.AbstractChannelHandlerContext.invokeChannelRead(AbstractChannelHandlerContext.java:348)
	at io.netty.channel.AbstractChannelHandlerContext.fireChannelRead(AbstractChannelHandlerContext.java:340)
	at io.netty.channel.DefaultChannelPipeline$HeadContext.channelRead(DefaultChannelPipeline.java:1359)
	at io.netty.channel.AbstractChannelHandlerContext.invokeChannelRead(AbstractChannelHandlerContext.java:362)
	at io.netty.channel.AbstractChannelHandlerContext.invokeChannelRead(AbstractChannelHandlerContext.java:348)
	at io.netty.channel.DefaultChannelPipeline.fireChannelRead(DefaultChannelPipeline.java:935)
	at io.netty.channel.nio.AbstractNioByteChannel$NioByteUnsafe.read(AbstractNioByteChannel.java:134)
	at io.netty.channel.nio.NioEventLoop.processSelectedKey(NioEventLoop.java:645)
	at io.netty.channel.nio.NioEventLoop.processSelectedKeysPlain(NioEventLoop.java:545)
	at io.netty.channel.nio.NioEventLoop.processSelectedKeys(NioEventLoop.java:499)
	at io.netty.channel.nio.NioEventLoop.run(NioEventLoop.java:459)
	at io.netty.util.concurrent.SingleThreadEventExecutor$5.run(SingleThreadEventExecutor.java:858)
	at java.base/java.lang.Thread.run(Thread.java:842)
Caused by: javax.net.ssl.SSLHandshakeException: Received fatal alert: certificate_unknown
	at java.base/sun.security.ssl.Alert.createSSLException(Alert.java:131)
	at java.base/sun.security.ssl.Alert.createSSLException(Alert.java:117)
	at java.base/sun.security.ssl.TransportContext.fatal(TransportContext.java:365)
	at java.base/sun.security.ssl.Alert$AlertConsumer.consume(Alert.java:293)
	at java.base/sun.security.ssl.TransportContext.dispatch(TransportContext.java:204)
	at java.base/sun.security.ssl.SSLTransport.decode(SSLTransport.java:172)
	at java.base/sun.security.ssl.SSLEngineImpl.decode(SSLEngineImpl.java:736)
	at java.base/sun.security.ssl.SSLEngineImpl.readRecord(SSLEngineImpl.java:691)
	at java.base/sun.security.ssl.SSLEngineImpl.unwrap(SSLEngineImpl.java:506)
	at java.base/sun.security.ssl.SSLEngineImpl.unwrap(SSLEngineImpl.java:482)
	at java.base/javax.net.ssl.SSLEngine.unwrap(SSLEngine.java:679)
	at io.netty.handler.ssl.SslHandler$SslEngineType$3.unwrap(SslHandler.java:281)
	at io.netty.handler.ssl.SslHandler.unwrap(SslHandler.java:1215)
	at io.netty.handler.ssl.SslHandler.decodeJdkCompatible(SslHandler.java:1127)
	at io.netty.handler.ssl.SslHandler.decode(SslHandler.java:1162)
	at io.netty.handler.codec.ByteToMessageDecoder.decodeRemovalReentryProtection(ByteToMessageDecoder.java:489)
	at io.netty.handler.codec.ByteToMessageDecoder.callDecode(ByteToMessageDecoder.java:428)
	... 15 common frames omitted
20:15:00.851 WARN  vert.x-eventloop-thread-0 DefaultChannelPipeline : An exceptionCaught() event was fired, and it reached at the tail of the pipeline. It usually means the last handler in the pipeline did not handle the exception.
io.netty.handler.codec.DecoderException: javax.net.ssl.SSLHandshakeException: Received fatal alert: certificate_unknown
	at io.netty.handler.codec.ByteToMessageDecoder.callDecode(ByteToMessageDecoder.java:459)
	at io.netty.handler.codec.ByteToMessageDecoder.channelRead(ByteToMessageDecoder.java:265)
	at io.netty.channel.AbstractChannelHandlerContext.invokeChannelRead(AbstractChannelHandlerContext.java:362)
	at io.netty.channel.AbstractChannelHandlerContext.invokeChannelRead(AbstractChannelHandlerContext.java:348)
	at io.netty.channel.AbstractChannelHandlerContext.fireChannelRead(AbstractChannelHandlerContext.java:340)
	at io.netty.channel.DefaultChannelPipeline$HeadContext.channelRead(DefaultChannelPipeline.java:1359)
	at io.netty.channel.AbstractChannelHandlerContext.invokeChannelRead(AbstractChannelHandlerContext.java:362)
	at io.netty.channel.AbstractChannelHandlerContext.invokeChannelRead(AbstractChannelHandlerContext.java:348)
	at io.netty.channel.DefaultChannelPipeline.fireChannelRead(DefaultChannelPipeline.java:935)
	at io.netty.channel.nio.AbstractNioByteChannel$NioByteUnsafe.read(AbstractNioByteChannel.java:134)
	at io.netty.channel.nio.NioEventLoop.processSelectedKey(NioEventLoop.java:645)
	at io.netty.channel.nio.NioEventLoop.processSelectedKeysPlain(NioEventLoop.java:545)
	at io.netty.channel.nio.NioEventLoop.processSelectedKeys(NioEventLoop.java:499)
	at io.netty.channel.nio.NioEventLoop.run(NioEventLoop.java:459)
	at io.netty.util.concurrent.SingleThreadEventExecutor$5.run(SingleThreadEventExecutor.java:858)
	at java.base/java.lang.Thread.run(Thread.java:842)
Caused by: javax.net.ssl.SSLHandshakeException: Received fatal alert: certificate_unknown
	at java.base/sun.security.ssl.Alert.createSSLException(Alert.java:131)
	at java.base/sun.security.ssl.Alert.createSSLException(Alert.java:117)
	at java.base/sun.security.ssl.TransportContext.fatal(TransportContext.java:365)
	at java.base/sun.security.ssl.Alert$AlertConsumer.consume(Alert.java:293)
	at java.base/sun.security.ssl.TransportContext.dispatch(TransportContext.java:204)
	at java.base/sun.security.ssl.SSLTransport.decode(SSLTransport.java:172)
	at java.base/sun.security.ssl.SSLEngineImpl.decode(SSLEngineImpl.java:736)
	at java.base/sun.security.ssl.SSLEngineImpl.readRecord(SSLEngineImpl.java:691)
	at java.base/sun.security.ssl.SSLEngineImpl.unwrap(SSLEngineImpl.java:506)
	at java.base/sun.security.ssl.SSLEngineImpl.unwrap(SSLEngineImpl.java:482)
	at java.base/javax.net.ssl.SSLEngine.unwrap(SSLEngine.java:679)
	at io.netty.handler.ssl.SslHandler$SslEngineType$3.unwrap(SslHandler.java:281)
	at io.netty.handler.ssl.SslHandler.unwrap(SslHandler.java:1215)
	at io.netty.handler.ssl.SslHandler.decodeJdkCompatible(SslHandler.java:1127)
	at io.netty.handler.ssl.SslHandler.decode(SslHandler.java:1162)
	at io.netty.handler.codec.ByteToMessageDecoder.decodeRemovalReentryProtection(ByteToMessageDecoder.java:489)
	at io.netty.handler.codec.ByteToMessageDecoder.callDecode(ByteToMessageDecoder.java:428)
	... 15 common frames omitted
20:15:00.853 WARN  vert.x-eventloop-thread-0 DefaultChannelPipeline : An exceptionCaught() event was fired, and it reached at the tail of the pipeline. It usually means the last handler in the pipeline did not handle the exception.
io.netty.handler.codec.DecoderException: javax.net.ssl.SSLHandshakeException: Received fatal alert: certificate_unknown
	at io.netty.handler.codec.ByteToMessageDecoder.callDecode(ByteToMessageDecoder.java:459)
	at io.netty.handler.codec.ByteToMessageDecoder.channelRead(ByteToMessageDecoder.java:265)
	at io.netty.channel.AbstractChannelHandlerContext.invokeChannelRead(AbstractChannelHandlerContext.java:362)
	at io.netty.channel.AbstractChannelHandlerContext.invokeChannelRead(AbstractChannelHandlerContext.java:348)
	at io.netty.channel.AbstractChannelHandlerContext.fireChannelRead(AbstractChannelHandlerContext.java:340)
	at io.netty.channel.DefaultChannelPipeline$HeadContext.channelRead(DefaultChannelPipeline.java:1359)
	at io.netty.channel.AbstractChannelHandlerContext.invokeChannelRead(AbstractChannelHandlerContext.java:362)
	at io.netty.channel.AbstractChannelHandlerContext.invokeChannelRead(AbstractChannelHandlerContext.java:348)
	at io.netty.channel.DefaultChannelPipeline.fireChannelRead(DefaultChannelPipeline.java:935)
	at io.netty.channel.nio.AbstractNioByteChannel$NioByteUnsafe.read(AbstractNioByteChannel.java:134)
	at io.netty.channel.nio.NioEventLoop.processSelectedKey(NioEventLoop.java:645)
	at io.netty.channel.nio.NioEventLoop.processSelectedKeysPlain(NioEventLoop.java:545)
	at io.netty.channel.nio.NioEventLoop.processSelectedKeys(NioEventLoop.java:499)
	at io.netty.channel.nio.NioEventLoop.run(NioEventLoop.java:459)
	at io.netty.util.concurrent.SingleThreadEventExecutor$5.run(SingleThreadEventExecutor.java:858)
	at java.base/java.lang.Thread.run(Thread.java:842)
Caused by: javax.net.ssl.SSLHandshakeException: Received fatal alert: certificate_unknown
	at java.base/sun.security.ssl.Alert.createSSLException(Alert.java:131)
	at java.base/sun.security.ssl.Alert.createSSLException(Alert.java:117)
	at java.base/sun.security.ssl.TransportContext.fatal(TransportContext.java:365)
	at java.base/sun.security.ssl.Alert$AlertConsumer.consume(Alert.java:293)
	at java.base/sun.security.ssl.TransportContext.dispatch(TransportContext.java:204)
	at java.base/sun.security.ssl.SSLTransport.decode(SSLTransport.java:172)
	at java.base/sun.security.ssl.SSLEngineImpl.decode(SSLEngineImpl.java:736)
	at java.base/sun.security.ssl.SSLEngineImpl.readRecord(SSLEngineImpl.java:691)
	at java.base/sun.security.ssl.SSLEngineImpl.unwrap(SSLEngineImpl.java:506)
	at java.base/sun.security.ssl.SSLEngineImpl.unwrap(SSLEngineImpl.java:482)
	at java.base/javax.net.ssl.SSLEngine.unwrap(SSLEngine.java:679)
	at io.netty.handler.ssl.SslHandler$SslEngineType$3.unwrap(SslHandler.java:281)
	at io.netty.handler.ssl.SslHandler.unwrap(SslHandler.java:1215)
	at io.netty.handler.ssl.SslHandler.decodeJdkCompatible(SslHandler.java:1127)
	at io.netty.handler.ssl.SslHandler.decode(SslHandler.java:1162)
	at io.netty.handler.codec.ByteToMessageDecoder.decodeRemovalReentryProtection(ByteToMessageDecoder.java:489)
	at io.netty.handler.codec.ByteToMessageDecoder.callDecode(ByteToMessageDecoder.java:428)
	... 15 common frames omitted
20:15:00.853 WARN  vert.x-eventloop-thread-0 DefaultChannelPipeline : An exceptionCaught() event was fired, and it reached at the tail of the pipeline. It usually means the last handler in the pipeline did not handle the exception.
io.netty.handler.codec.DecoderException: javax.net.ssl.SSLHandshakeException: Received fatal alert: certificate_unknown
	at io.netty.handler.codec.ByteToMessageDecoder.callDecode(ByteToMessageDecoder.java:459)
	at io.netty.handler.codec.ByteToMessageDecoder.channelRead(ByteToMessageDecoder.java:265)
	at io.netty.channel.AbstractChannelHandlerContext.invokeChannelRead(AbstractChannelHandlerContext.java:362)
	at io.netty.channel.AbstractChannelHandlerContext.invokeChannelRead(AbstractChannelHandlerContext.java:348)
	at io.netty.channel.AbstractChannelHandlerContext.fireChannelRead(AbstractChannelHandlerContext.java:340)
	at io.netty.channel.DefaultChannelPipeline$HeadContext.channelRead(DefaultChannelPipeline.java:1359)
	at io.netty.channel.AbstractChannelHandlerContext.invokeChannelRead(AbstractChannelHandlerContext.java:362)
	at io.netty.channel.AbstractChannelHandlerContext.invokeChannelRead(AbstractChannelHandlerContext.java:348)
	at io.netty.channel.DefaultChannelPipeline.fireChannelRead(DefaultChannelPipeline.java:935)
	at io.netty.channel.nio.AbstractNioByteChannel$NioByteUnsafe.read(AbstractNioByteChannel.java:134)
	at io.netty.channel.nio.NioEventLoop.processSelectedKey(NioEventLoop.java:645)
	at io.netty.channel.nio.NioEventLoop.processSelectedKeysPlain(NioEventLoop.java:545)
	at io.netty.channel.nio.NioEventLoop.processSelectedKeys(NioEventLoop.java:499)
	at io.netty.channel.nio.NioEventLoop.run(NioEventLoop.java:459)
	at io.netty.util.concurrent.SingleThreadEventExecutor$5.run(SingleThreadEventExecutor.java:858)
	at java.base/java.lang.Thread.run(Thread.java:842)
Caused by: javax.net.ssl.SSLHandshakeException: Received fatal alert: certificate_unknown
	at java.base/sun.security.ssl.Alert.createSSLException(Alert.java:131)
	at java.base/sun.security.ssl.Alert.createSSLException(Alert.java:117)
	at java.base/sun.security.ssl.TransportContext.fatal(TransportContext.java:365)
	at java.base/sun.security.ssl.Alert$AlertConsumer.consume(Alert.java:293)
	at java.base/sun.security.ssl.TransportContext.dispatch(TransportContext.java:204)
	at java.base/sun.security.ssl.SSLTransport.decode(SSLTransport.java:172)
	at java.base/sun.security.ssl.SSLEngineImpl.decode(SSLEngineImpl.java:736)
	at java.base/sun.security.ssl.SSLEngineImpl.readRecord(SSLEngineImpl.java:691)
	at java.base/sun.security.ssl.SSLEngineImpl.unwrap(SSLEngineImpl.java:506)
	at java.base/sun.security.ssl.SSLEngineImpl.unwrap(SSLEngineImpl.java:482)
	at java.base/javax.net.ssl.SSLEngine.unwrap(SSLEngine.java:679)
	at io.netty.handler.ssl.SslHandler$SslEngineType$3.unwrap(SslHandler.java:281)
	at io.netty.handler.ssl.SslHandler.unwrap(SslHandler.java:1215)
	at io.netty.handler.ssl.SslHandler.decodeJdkCompatible(SslHandler.java:1127)
	at io.netty.handler.ssl.SslHandler.decode(SslHandler.java:1162)
	at io.netty.handler.codec.ByteToMessageDecoder.decodeRemovalReentryProtection(ByteToMessageDecoder.java:489)
	at io.netty.handler.codec.ByteToMessageDecoder.callDecode(ByteToMessageDecoder.java:428)
	... 15 common frames omitted
20:15:00.854 WARN  vert.x-eventloop-thread-0 DefaultChannelPipeline : An exceptionCaught() event was fired, and it reached at the tail of the pipeline. It usually means the last handler in the pipeline did not handle the exception.
io.netty.handler.codec.DecoderException: javax.net.ssl.SSLHandshakeException: Received fatal alert: certificate_unknown
	at io.netty.handler.codec.ByteToMessageDecoder.callDecode(ByteToMessageDecoder.java:459)
	at io.netty.handler.codec.ByteToMessageDecoder.channelRead(ByteToMessageDecoder.java:265)
	at io.netty.channel.AbstractChannelHandlerContext.invokeChannelRead(AbstractChannelHandlerContext.java:362)
	at io.netty.channel.AbstractChannelHandlerContext.invokeChannelRead(AbstractChannelHandlerContext.java:348)
	at io.netty.channel.AbstractChannelHandlerContext.fireChannelRead(AbstractChannelHandlerContext.java:340)
	at io.netty.channel.DefaultChannelPipeline$HeadContext.channelRead(DefaultChannelPipeline.java:1359)
	at io.netty.channel.AbstractChannelHandlerContext.invokeChannelRead(AbstractChannelHandlerContext.java:362)
	at io.netty.channel.AbstractChannelHandlerContext.invokeChannelRead(AbstractChannelHandlerContext.java:348)
	at io.netty.channel.DefaultChannelPipeline.fireChannelRead(DefaultChannelPipeline.java:935)
	at io.netty.channel.nio.AbstractNioByteChannel$NioByteUnsafe.read(AbstractNioByteChannel.java:134)
	at io.netty.channel.nio.NioEventLoop.processSelectedKey(NioEventLoop.java:645)
	at io.netty.channel.nio.NioEventLoop.processSelectedKeysPlain(NioEventLoop.java:545)
	at io.netty.channel.nio.NioEventLoop.processSelectedKeys(NioEventLoop.java:499)
	at io.netty.channel.nio.NioEventLoop.run(NioEventLoop.java:459)
	at io.netty.util.concurrent.SingleThreadEventExecutor$5.run(SingleThreadEventExecutor.java:858)
	at java.base/java.lang.Thread.run(Thread.java:842)
Caused by: javax.net.ssl.SSLHandshakeException: Received fatal alert: certificate_unknown
	at java.base/sun.security.ssl.Alert.createSSLException(Alert.java:131)
	at java.base/sun.security.ssl.Alert.createSSLException(Alert.java:117)
	at java.base/sun.security.ssl.TransportContext.fatal(TransportContext.java:365)
	at java.base/sun.security.ssl.Alert$AlertConsumer.consume(Alert.java:293)
	at java.base/sun.security.ssl.TransportContext.dispatch(TransportContext.java:204)
	at java.base/sun.security.ssl.SSLTransport.decode(SSLTransport.java:172)
	at java.base/sun.security.ssl.SSLEngineImpl.decode(SSLEngineImpl.java:736)
	at java.base/sun.security.ssl.SSLEngineImpl.readRecord(SSLEngineImpl.java:691)
	at java.base/sun.security.ssl.SSLEngineImpl.unwrap(SSLEngineImpl.java:506)
	at java.base/sun.security.ssl.SSLEngineImpl.unwrap(SSLEngineImpl.java:482)
	at java.base/javax.net.ssl.SSLEngine.unwrap(SSLEngine.java:679)
	at io.netty.handler.ssl.SslHandler$SslEngineType$3.unwrap(SslHandler.java:281)
	at io.netty.handler.ssl.SslHandler.unwrap(SslHandler.java:1215)
	at io.netty.handler.ssl.SslHandler.decodeJdkCompatible(SslHandler.java:1127)
	at io.netty.handler.ssl.SslHandler.decode(SslHandler.java:1162)
	at io.netty.handler.codec.ByteToMessageDecoder.decodeRemovalReentryProtection(ByteToMessageDecoder.java:489)
	at io.netty.handler.codec.ByteToMessageDecoder.callDecode(ByteToMessageDecoder.java:428)
	... 15 common frames omitted
20:15:00.860 WARN  vert.x-eventloop-thread-0 DefaultChannelPipeline : An exceptionCaught() event was fired, and it reached at the tail of the pipeline. It usually means the last handler in the pipeline did not handle the exception.
io.netty.handler.codec.DecoderException: javax.net.ssl.SSLHandshakeException: Received fatal alert: certificate_unknown
	at io.netty.handler.codec.ByteToMessageDecoder.callDecode(ByteToMessageDecoder.java:459)
	at io.netty.handler.codec.ByteToMessageDecoder.channelRead(ByteToMessageDecoder.java:265)
	at io.netty.channel.AbstractChannelHandlerContext.invokeChannelRead(AbstractChannelHandlerContext.java:362)
	at io.netty.channel.AbstractChannelHandlerContext.invokeChannelRead(AbstractChannelHandlerContext.java:348)
	at io.netty.channel.AbstractChannelHandlerContext.fireChannelRead(AbstractChannelHandlerContext.java:340)
	at io.netty.channel.DefaultChannelPipeline$HeadContext.channelRead(DefaultChannelPipeline.java:1359)
	at io.netty.channel.AbstractChannelHandlerContext.invokeChannelRead(AbstractChannelHandlerContext.java:362)
	at io.netty.channel.AbstractChannelHandlerContext.invokeChannelRead(AbstractChannelHandlerContext.java:348)
	at io.netty.channel.DefaultChannelPipeline.fireChannelRead(DefaultChannelPipeline.java:935)
	at io.netty.channel.nio.AbstractNioByteChannel$NioByteUnsafe.read(AbstractNioByteChannel.java:134)
	at io.netty.channel.nio.NioEventLoop.processSelectedKey(NioEventLoop.java:645)
	at io.netty.channel.nio.NioEventLoop.processSelectedKeysPlain(NioEventLoop.java:545)
	at io.netty.channel.nio.NioEventLoop.processSelectedKeys(NioEventLoop.java:499)
	at io.netty.channel.nio.NioEventLoop.run(NioEventLoop.java:459)
	at io.netty.util.concurrent.SingleThreadEventExecutor$5.run(SingleThreadEventExecutor.java:858)
	at java.base/java.lang.Thread.run(Thread.java:842)
Caused by: javax.net.ssl.SSLHandshakeException: Received fatal alert: certificate_unknown
	at java.base/sun.security.ssl.Alert.createSSLException(Alert.java:131)
	at java.base/sun.security.ssl.Alert.createSSLException(Alert.java:117)
	at java.base/sun.security.ssl.TransportContext.fatal(TransportContext.java:365)
	at java.base/sun.security.ssl.Alert$AlertConsumer.consume(Alert.java:293)
	at java.base/sun.security.ssl.TransportContext.dispatch(TransportContext.java:204)
	at java.base/sun.security.ssl.SSLTransport.decode(SSLTransport.java:172)
	at java.base/sun.security.ssl.SSLEngineImpl.decode(SSLEngineImpl.java:736)
	at java.base/sun.security.ssl.SSLEngineImpl.readRecord(SSLEngineImpl.java:691)
	at java.base/sun.security.ssl.SSLEngineImpl.unwrap(SSLEngineImpl.java:506)
	at java.base/sun.security.ssl.SSLEngineImpl.unwrap(SSLEngineImpl.java:482)
	at java.base/javax.net.ssl.SSLEngine.unwrap(SSLEngine.java:679)
	at io.netty.handler.ssl.SslHandler$SslEngineType$3.unwrap(SslHandler.java:281)
	at io.netty.handler.ssl.SslHandler.unwrap(SslHandler.java:1215)
	at io.netty.handler.ssl.SslHandler.decodeJdkCompatible(SslHandler.java:1127)
	at io.netty.handler.ssl.SslHandler.decode(SslHandler.java:1162)
	at io.netty.handler.codec.ByteToMessageDecoder.decodeRemovalReentryProtection(ByteToMessageDecoder.java:489)
	at io.netty.handler.codec.ByteToMessageDecoder.callDecode(ByteToMessageDecoder.java:428)
	... 15 common frames omitted
20:15:00.863 WARN  vert.x-eventloop-thread-0 DefaultChannelPipeline : An exceptionCaught() event was fired, and it reached at the tail of the pipeline. It usually means the last handler in the pipeline did not handle the exception.
io.netty.handler.codec.DecoderException: javax.net.ssl.SSLHandshakeException: Received fatal alert: certificate_unknown
	at io.netty.handler.codec.ByteToMessageDecoder.callDecode(ByteToMessageDecoder.java:459)
	at io.netty.handler.codec.ByteToMessageDecoder.channelRead(ByteToMessageDecoder.java:265)
	at io.netty.channel.AbstractChannelHandlerContext.invokeChannelRead(AbstractChannelHandlerContext.java:362)
	at io.netty.channel.AbstractChannelHandlerContext.invokeChannelRead(AbstractChannelHandlerContext.java:348)
	at io.netty.channel.AbstractChannelHandlerContext.fireChannelRead(AbstractChannelHandlerContext.java:340)
	at io.netty.channel.DefaultChannelPipeline$HeadContext.channelRead(DefaultChannelPipeline.java:1359)
	at io.netty.channel.AbstractChannelHandlerContext.invokeChannelRead(AbstractChannelHandlerContext.java:362)
	at io.netty.channel.AbstractChannelHandlerContext.invokeChannelRead(AbstractChannelHandlerContext.java:348)
	at io.netty.channel.DefaultChannelPipeline.fireChannelRead(DefaultChannelPipeline.java:935)
	at io.netty.channel.nio.AbstractNioByteChannel$NioByteUnsafe.read(AbstractNioByteChannel.java:134)
	at io.netty.channel.nio.NioEventLoop.processSelectedKey(NioEventLoop.java:645)
	at io.netty.channel.nio.NioEventLoop.processSelectedKeysPlain(NioEventLoop.java:545)
	at io.netty.channel.nio.NioEventLoop.processSelectedKeys(NioEventLoop.java:499)
	at io.netty.channel.nio.NioEventLoop.run(NioEventLoop.java:459)
	at io.netty.util.concurrent.SingleThreadEventExecutor$5.run(SingleThreadEventExecutor.java:858)
	at java.base/java.lang.Thread.run(Thread.java:842)
Caused by: javax.net.ssl.SSLHandshakeException: Received fatal alert: certificate_unknown
	at java.base/sun.security.ssl.Alert.createSSLException(Alert.java:131)
	at java.base/sun.security.ssl.Alert.createSSLException(Alert.java:117)
	at java.base/sun.security.ssl.TransportContext.fatal(TransportContext.java:365)
	at java.base/sun.security.ssl.Alert$AlertConsumer.consume(Alert.java:293)
	at java.base/sun.security.ssl.TransportContext.dispatch(TransportContext.java:204)
	at java.base/sun.security.ssl.SSLTransport.decode(SSLTransport.java:172)
	at java.base/sun.security.ssl.SSLEngineImpl.decode(SSLEngineImpl.java:736)
	at java.base/sun.security.ssl.SSLEngineImpl.readRecord(SSLEngineImpl.java:691)
	at java.base/sun.security.ssl.SSLEngineImpl.unwrap(SSLEngineImpl.java:506)
	at java.base/sun.security.ssl.SSLEngineImpl.unwrap(SSLEngineImpl.java:482)
	at java.base/javax.net.ssl.SSLEngine.unwrap(SSLEngine.java:679)
	at io.netty.handler.ssl.SslHandler$SslEngineType$3.unwrap(SslHandler.java:281)
	at io.netty.handler.ssl.SslHandler.unwrap(SslHandler.java:1215)
	at io.netty.handler.ssl.SslHandler.decodeJdkCompatible(SslHandler.java:1127)
	at io.netty.handler.ssl.SslHandler.decode(SslHandler.java:1162)
	at io.netty.handler.codec.ByteToMessageDecoder.decodeRemovalReentryProtection(ByteToMessageDecoder.java:489)
	at io.netty.handler.codec.ByteToMessageDecoder.callDecode(ByteToMessageDecoder.java:428)
	... 15 common frames omitted
20:15:00.863 WARN  vert.x-eventloop-thread-0 DefaultChannelPipeline : An exceptionCaught() event was fired, and it reached at the tail of the pipeline. It usually means the last handler in the pipeline did not handle the exception.
io.netty.handler.codec.DecoderException: javax.net.ssl.SSLHandshakeException: Received fatal alert: certificate_unknown
	at io.netty.handler.codec.ByteToMessageDecoder.callDecode(ByteToMessageDecoder.java:459)
	at io.netty.handler.codec.ByteToMessageDecoder.channelRead(ByteToMessageDecoder.java:265)
	at io.netty.channel.AbstractChannelHandlerContext.invokeChannelRead(AbstractChannelHandlerContext.java:362)
	at io.netty.channel.AbstractChannelHandlerContext.invokeChannelRead(AbstractChannelHandlerContext.java:348)
	at io.netty.channel.AbstractChannelHandlerContext.fireChannelRead(AbstractChannelHandlerContext.java:340)
	at io.netty.channel.DefaultChannelPipeline$HeadContext.channelRead(DefaultChannelPipeline.java:1359)
	at io.netty.channel.AbstractChannelHandlerContext.invokeChannelRead(AbstractChannelHandlerContext.java:362)
	at io.netty.channel.AbstractChannelHandlerContext.invokeChannelRead(AbstractChannelHandlerContext.java:348)
	at io.netty.channel.DefaultChannelPipeline.fireChannelRead(DefaultChannelPipeline.java:935)
	at io.netty.channel.nio.AbstractNioByteChannel$NioByteUnsafe.read(AbstractNioByteChannel.java:134)
	at io.netty.channel.nio.NioEventLoop.processSelectedKey(NioEventLoop.java:645)
	at io.netty.channel.nio.NioEventLoop.processSelectedKeysPlain(NioEventLoop.java:545)
	at io.netty.channel.nio.NioEventLoop.processSelectedKeys(NioEventLoop.java:499)
	at io.netty.channel.nio.NioEventLoop.run(NioEventLoop.java:459)
	at io.netty.util.concurrent.SingleThreadEventExecutor$5.run(SingleThreadEventExecutor.java:858)
	at java.base/java.lang.Thread.run(Thread.java:842)
Caused by: javax.net.ssl.SSLHandshakeException: Received fatal alert: certificate_unknown
	at java.base/sun.security.ssl.Alert.createSSLException(Alert.java:131)
	at java.base/sun.security.ssl.Alert.createSSLException(Alert.java:117)
	at java.base/sun.security.ssl.TransportContext.fatal(TransportContext.java:365)
	at java.base/sun.security.ssl.Alert$AlertConsumer.consume(Alert.java:293)
	at java.base/sun.security.ssl.TransportContext.dispatch(TransportContext.java:204)
	at java.base/sun.security.ssl.SSLTransport.decode(SSLTransport.java:172)
	at java.base/sun.security.ssl.SSLEngineImpl.decode(SSLEngineImpl.java:736)
	at java.base/sun.security.ssl.SSLEngineImpl.readRecord(SSLEngineImpl.java:691)
	at java.base/sun.security.ssl.SSLEngineImpl.unwrap(SSLEngineImpl.java:506)
	at java.base/sun.security.ssl.SSLEngineImpl.unwrap(SSLEngineImpl.java:482)
	at java.base/javax.net.ssl.SSLEngine.unwrap(SSLEngine.java:679)
	at io.netty.handler.ssl.SslHandler$SslEngineType$3.unwrap(SslHandler.java:281)
	at io.netty.handler.ssl.SslHandler.unwrap(SslHandler.java:1215)
	at io.netty.handler.ssl.SslHandler.decodeJdkCompatible(SslHandler.java:1127)
	at io.netty.handler.ssl.SslHandler.decode(SslHandler.java:1162)
	at io.netty.handler.codec.ByteToMessageDecoder.decodeRemovalReentryProtection(ByteToMessageDecoder.java:489)
	at io.netty.handler.codec.ByteToMessageDecoder.callDecode(ByteToMessageDecoder.java:428)
	... 15 common frames omitted
20:15:00.941 INFO  vert.x-eventloop-thread-0 BaseServiceProxy     : -> GET /css/bootstrap-5.2.2/bootstrap.min.css,200|107ms
20:15:00.968 INFO  vert.x-eventloop-thread-0 BaseServiceProxy     : -> GET /css/reg-am/login.min.css,200|106ms
20:15:00.975 INFO  vert.x-eventloop-thread-0 BaseServiceProxy     : -> GET /css/ibkr/theme-ibkr-portal.min.css,200|107ms
20:15:00.983 INFO  vert.x-eventloop-thread-0 BaseServiceProxy     : -> GET /css/bootstrap-switch-3.3.2/bootstrap-switch.min.css,200|116ms
20:15:00.995 INFO  vert.x-eventloop-thread-0 BaseServiceProxy     : -> GET /css/fontawesome-6.4.2/all.min.css,200|126ms
20:15:01.031 INFO  vert.x-eventloop-thread-0 BaseServiceProxy     : -> GET /scripts/common/js/jquery-3.7.0/jquery.min.js,200|161ms
20:15:01.038 INFO  vert.x-eventloop-thread-0 BaseServiceProxy     : -> GET /scripts/common/js/bootstrap-5.2.2/bootstrap.bundle.min.js,200|70ms
20:15:01.044 INFO  vert.x-eventloop-thread-0 BaseServiceProxy     : -> GET /sso/lib/xyz.bundle.min.js,200|41ms
20:15:01.044 INFO  vert.x-eventloop-thread-0 CookieManager        : set cookies [x-sess-uuid=0.b4de9b7c.1777378501.3d67f2b; secure; HttpOnly]
20:15:01.044 DEBUG vert.x-eventloop-thread-0 BaseServiceProxy     : Remapping Set-cookies [x-sess-uuid=0.b4de9b7c.1777378501.3d67f2b; secure; HttpOnly] -> 
20:15:01.135 INFO  vert.x-eventloop-thread-0 BaseServiceProxy     : -> GET /images/common/logos/ibkr/interactive-brokers.svg,200|37ms
20:15:01.155 INFO  vert.x-eventloop-thread-0 BaseServiceProxy     : -> GET /fonts/proxima-nova/Proxima-Nova-Regular.woff2,200|33ms
20:15:01.158 INFO  vert.x-eventloop-thread-0 BaseServiceProxy     : -> GET /fonts/fontawesome-6.4.2/webfonts/fa-solid-900.woff2,200|34ms
20:15:01.162 INFO  vert.x-eventloop-thread-0 BaseServiceProxy     : -> GET /fonts/fontawesome-6.4.2/webfonts/fa-brands-400.woff2,200|39ms
20:15:01.230 INFO  vert.x-eventloop-thread-0 BaseServiceProxy     : -> GET /images/web/favicons/home-screen-icon-128x128.png,200|24ms
20:15:01.244 INFO  vert.x-eventloop-thread-0 BaseServiceProxy     : -> GET /portal.proxy/v1/gstat/bulletins,204|98ms
20:15:01.430 INFO  vert.x-eventloop-thread-0 BaseServiceProxy     : -> GET /sso/report,200|285ms
20:15:01.431 INFO  vert.x-eventloop-thread-0 CookieManager        : set cookies [x-sess-uuid=0.b4de9b7c.1777378501.3d67f8d; secure; HttpOnly]
20:15:01.431 DEBUG vert.x-eventloop-thread-0 BaseServiceProxy     : Remapping Set-cookies [x-sess-uuid=0.b4de9b7c.1777378501.3d67f8d; secure; HttpOnly] -> 
20:15:03.601 INFO  vert.x-eventloop-thread-0 BaseServiceProxy     : -> GET /sso/Authenticator,200|519ms
20:15:03.601 INFO  vert.x-eventloop-thread-0 CookieManager        : set cookies [x-sess-uuid=0.b4de9b7c.1777378503.3d67ffb; secure; HttpOnly]
20:15:03.602 DEBUG vert.x-eventloop-thread-0 BaseServiceProxy     : Remapping Set-cookies [x-sess-uuid=0.b4de9b7c.1777378503.3d67ffb; secure; HttpOnly] -> 
20:15:04.014 INFO  vert.x-eventloop-thread-0 BaseServiceProxy     : -> GET /sso/Authenticator,200|389ms
20:15:04.015 INFO  vert.x-eventloop-thread-0 CookieManager        : set cookies [web=3343352782; Domain=.ibkr.com; Expires=Wed, 28 Apr 2027 12:15:03 GMT; Path=/; Secure;Secure;SameSite=None, x-sess-uuid=0.b4de9b7c.1777378503.3d67ffa; secure; HttpOnly]
20:15:04.015 DEBUG vert.x-eventloop-thread-0 BaseServiceProxy     : Remapping Set-cookies [web=3343352782; Domain=.ibkr.com; Expires=Wed, 28 Apr 2027 12:15:03 GMT; Path=/; Secure;Secure;SameSite=None, x-sess-uuid=0.b4de9b7c.1777378503.3d67ffa; secure; HttpOnly] -> 
20:15:04.376 INFO  vert.x-eventloop-thread-0 BaseServiceProxy     : -> GET /sso/Authenticator,200|354ms
20:15:04.376 INFO  vert.x-eventloop-thread-0 CookieManager        : set cookies [x-sess-uuid=0.57de9b7c.1777378504.72f6fe8; secure; HttpOnly]
20:15:04.376 DEBUG vert.x-eventloop-thread-0 BaseServiceProxy     : Remapping Set-cookies [x-sess-uuid=0.57de9b7c.1777378504.72f6fe8; secure; HttpOnly] -> 
20:15:07.673 INFO  vert.x-eventloop-thread-0 BaseServiceProxy     : -> GET /sso/Authenticator,200|287ms
20:15:07.674 INFO  vert.x-eventloop-thread-0 CookieManager        : set cookies [x-sess-uuid=0.b4de9b7c.1777378507.3d68013; secure; HttpOnly]
20:15:07.674 DEBUG vert.x-eventloop-thread-0 BaseServiceProxy     : Remapping Set-cookies [x-sess-uuid=0.b4de9b7c.1777378507.3d68013; secure; HttpOnly] -> 
20:15:10.879 INFO  vert.x-eventloop-thread-0 BaseServiceProxy     : -> GET /sso/Authenticator,200|493ms
20:15:10.879 INFO  vert.x-eventloop-thread-0 CookieManager        : set cookies [x-sess-uuid=0.b4de9b7c.1777378510.3d6807e; secure; HttpOnly]
20:15:10.880 DEBUG vert.x-eventloop-thread-0 BaseServiceProxy     : Remapping Set-cookies [x-sess-uuid=0.b4de9b7c.1777378510.3d6807e; secure; HttpOnly] -> 
20:15:13.737 INFO  vert.x-eventloop-thread-0 BaseServiceProxy     : -> GET /sso/Authenticator,200|350ms
20:15:13.738 INFO  vert.x-eventloop-thread-0 CookieManager        : set cookies [x-sess-uuid=0.b4de9b7c.1777378513.3d683c1; secure; HttpOnly]
20:15:13.738 DEBUG vert.x-eventloop-thread-0 BaseServiceProxy     : Remapping Set-cookies [x-sess-uuid=0.b4de9b7c.1777378513.3d683c1; secure; HttpOnly] -> 
20:15:16.678 INFO  vert.x-eventloop-thread-0 BaseServiceProxy     : -> GET /sso/Authenticator,200|289ms
20:15:16.680 INFO  vert.x-eventloop-thread-0 CookieManager        : set cookies [x-sess-uuid=0.b4de9b7c.1777378516.3d686a4; secure; HttpOnly]
20:15:16.680 DEBUG vert.x-eventloop-thread-0 BaseServiceProxy     : Remapping Set-cookies [x-sess-uuid=0.b4de9b7c.1777378516.3d686a4; secure; HttpOnly] -> 
20:15:19.782 INFO  vert.x-eventloop-thread-0 BaseServiceProxy     : -> GET /sso/Authenticator,200|394ms
20:15:19.783 INFO  vert.x-eventloop-thread-0 CookieManager        : set cookies [x-sess-uuid=0.57de9b7c.1777378519.72f7b02; secure; HttpOnly]
20:15:19.784 DEBUG vert.x-eventloop-thread-0 BaseServiceProxy     : Remapping Set-cookies [x-sess-uuid=0.57de9b7c.1777378519.72f7b02; secure; HttpOnly] -> 
20:15:22.711 INFO  vert.x-eventloop-thread-0 BaseServiceProxy     : -> GET /sso/Authenticator,200|325ms
20:15:22.712 INFO  vert.x-eventloop-thread-0 CookieManager        : set cookies [x-sess-uuid=0.b4de9b7c.1777378522.3d68b62; secure; HttpOnly]
20:15:22.712 DEBUG vert.x-eventloop-thread-0 BaseServiceProxy     : Remapping Set-cookies [x-sess-uuid=0.b4de9b7c.1777378522.3d68b62; secure; HttpOnly] -> 
20:15:25.670 INFO  vert.x-eventloop-thread-0 BaseServiceProxy     : -> GET /sso/Authenticator,200|286ms
20:15:25.671 INFO  vert.x-eventloop-thread-0 CookieManager        : set cookies [x-sess-uuid=0.b4de9b7c.1777378525.3d6905a; secure; HttpOnly]
20:15:25.671 DEBUG vert.x-eventloop-thread-0 BaseServiceProxy     : Remapping Set-cookies [x-sess-uuid=0.b4de9b7c.1777378525.3d6905a; secure; HttpOnly] -> 
20:15:26.293 INFO  vert.x-eventloop-thread-0 BaseServiceProxy     : -> GET /sso/Dispatcher,302|588ms
20:15:26.293 INFO  vert.x-eventloop-thread-0 CookieManager        : set cookies [USERID=50301190; Domain=.ibkr.com; Path=/;Secure;SameSite=None, x-sess-uuid=0.b4de9b7c.1777378525.3d6936e; secure; HttpOnly]
20:15:26.294 DEBUG vert.x-eventloop-thread-0 BaseServiceProxy     : Remapping Set-cookies [USERID=50301190; Domain=.ibkr.com; Path=/;Secure;SameSite=None, x-sess-uuid=0.b4de9b7c.1777378525.3d6936e; secure; HttpOnly] -> 
20:15:26.295 INFO  vert.x-eventloop-thread-0 GatewayHttpProxy     : Client login succeeds
20:15:26.658 INFO  vert.x-eventloop-thread-0 BaseServiceProxy     : -> GET /v1/api/sso/validate?gw=1,200|361ms
20:15:26.664 DEBUG vert.x-eventloop-thread-0 ClientPortalService  : portal validate response: {"SFT":"5.2a","IS_PENDING_APPLICANT":false,"SF_ENABLED":true,"HARDWARE_INFO":"","UNIQUE_LOGIN_ID":"50301190-1777378524390","AUTH_TIME":1777378524441,"SF_CONFIG":"5.2a","USER_NAME":"pragu1020","CREDENTIAL_TYPE":0,"IS_FREE_TRIAL":false,"LOGIN_TYPE":1,"LANDING_APP":"PORTAL","CREDENTIAL":"pragu1020","ANOMALOUS_LOGIN":false,"RESULT":true,"IP":"116.88.81.189","USER_ID":50301190,"EXPIRES":1777378526700,"TOKEN":"6498d3b1b54beb7fc8411b9065c36e8cc143835d","took":260,"IS_MASTER":false,"features":{"env":"PROD","wlms":true,"realtime":true,"bond":true,"optionChains":true,"calendar":true,"newMf":true},"region":"SG"}
20:15:26.771 INFO  vert.x-eventloop-thread-0 GatewayHttpProxy     : authenticated to cp
20:15:26.771 DEBUG vert.x-eventloop-thread-0 BaseServiceProxy     : cancel timer SsoService 0
20:15:26.771 DEBUG vert.x-eventloop-thread-0 BaseServiceProxy     : start timer 300000 SsoService
20:15:26.772 DEBUG vert.x-eventloop-thread-0 BaseServiceProxy     : forward event ON_SSO_VALIDATION, payload 50301190
20:15:27.146 INFO  vert.x-eventloop-thread-0 BaseServiceProxy     : -> GET /v1/api/one/user,200|375ms
20:15:27.147 INFO  vert.x-eventloop-thread-0 ClientPortalService  : get user reply {"username":"pragu1020","features":{"env":"PROD","wlms":true,"realtime":true,"bond":true,"optionChains":true,"calendar":true,"newMf":true},"wbId":"","uar":{"portfolioAnalyst":true,"userInfo":true,"messageCenter":true,"accountDetails":true,"tradingRestrictions":false,"tws":true,"fyi":true,"voting":true,"forum":true,"recentTransactions":true},"props":{"isIBAMClient":false,"ReadOnlySession":null},"firstApprovedDate":1592755200000,"accts":{"U5799398F":{"isIBAMClient":false,"clearingStatus":"O","openDate":1667577600000,"isFAClient":false,"isFunded":true,"tradingPermissions":["CMDTY"]},"U5799398":{"isIBAMClient":false,"clearingStatus":"O","openDate":1592150400000,"isFAClient":false,"isFunded":true,"tradingPermissions":["OPT","IOPT","WAR","STK","CASH","FOP"]}},"hasBrokerageAccessInd":true,"hfcipEligibleInd":false,"fa":false,"has2fa":false,"islite":false,"ispaper":false,"applicants":[{"id":6062329,"type":"INDIVIDUAL","businessType":"INDEPENDENT","nlcode":"en_US","legalCountry":{"name":"Singapore","alpha3":"SGP"}}]}
20:15:28.384 INFO  vert.x-eventloop-thread-0 SsoService           : sso init status=200, url=https://api.ibkr.com/v1/api/ssodh/init
20:15:28.461 DEBUG vert.x-eventloop-thread-0 SsoService           : K 2810f4139d3d48d623c7d20f3cbb2db3c66da989
20:15:28.461 DEBUG vert.x-eventloop-thread-0 BaseServiceProxy     : forward event ON_SSODH_COMPLETED, payload none
20:15:28.462 DEBUG vert.x-eventloop-thread-0 GatewayHttpProxy     : delaying authentication for 3000
20:15:28.470 ERROR vert.x-eventloop-thread-0 ContextImpl          : Unhandled exception
java.lang.NullPointerException: Cannot read the array length because "mac" is null
	at ibgroup.web.core.clientportal.gw.utils.TstTokenUtils.getMacAddress(TstTokenUtils.java:22)
	at ibgroup.web.core.clientportal.gw.services.SsoService.getMac(SsoService.java:81)
	at ibgroup.web.core.clientportal.gw.services.SsoService.getDeviceId(SsoService.java:70)
	at ibgroup.web.core.clientportal.gw.services.SsoService.setTstToken(SsoService.java:88)
	at ibgroup.web.core.clientportal.gw.http.GatewayHttpProxy.onEvent(GatewayHttpProxy.java:213)
	at ibgroup.web.core.clientportal.gw.http.GatewayHttpProxy.lambda$new$1(GatewayHttpProxy.java:56)
	at ibgroup.web.core.clientportal.gw.services.BaseServiceProxy.lambda$null$0(BaseServiceProxy.java:67)
	at java.base/java.util.ArrayList.forEach(ArrayList.java:1511)
	at ibgroup.web.core.clientportal.gw.services.BaseServiceProxy.lambda$on$1(BaseServiceProxy.java:67)
	at io.vertx.core.impl.ContextImpl.lambda$wrapTask$2(ContextImpl.java:344)
	at io.netty.util.concurrent.AbstractEventExecutor.safeExecute(AbstractEventExecutor.java:163)
	at io.netty.util.concurrent.SingleThreadEventExecutor.runAllTasks(SingleThreadEventExecutor.java:403)
	at io.netty.channel.nio.NioEventLoop.run(NioEventLoop.java:463)
	at io.netty.util.concurrent.SingleThreadEventExecutor$5.run(SingleThreadEventExecutor.java:858)
	at java.base/java.lang.Thread.run(Thread.java:842)
20:15:31.516 INFO  vert.x-eventloop-thread-0 BaseServiceProxy     : -> GET /v1/api/iserver/auth/status,200|51ms
20:15:31.517 DEBUG vert.x-eventloop-thread-0 ClientPortalService  : status {"authenticated":false,"established":false,"competing":false,"connected":false,"MAC":"06:A8:C0:D9:D5:E3"}
20:15:31.518 INFO  vert.x-eventloop-thread-0 ClientPortalService  : process auth status {"authenticated":false,"established":false,"competing":false,"connected":false,"MAC":"06:A8:C0:D9:D5:E3"}
20:15:31.556 DEBUG vert.x-eventloop-thread-0 ClientPortalService  : auth brokerage, k=2810f4139d3d48d623c7d20f3cbb2db3c66da989, post={"username":"pragu1020","machineId":"1300b3a8","compete":true}
20:15:31.941 INFO  vert.x-eventloop-thread-0 BaseServiceProxy     : -> POST https://api.ibkr.com/v1/api/iserver/auth/ssodh/init,200|384ms
20:15:31.945 DEBUG vert.x-eventloop-thread-0 ClientPortalService  : iserver init : {"passed":true,"authenticated":true,"connected":true,"established":false,"competing":false,"hardware_info":"275c5aa2|06:A8:C0:D9:D5:E3"}
20:15:31.946 INFO  vert.x-eventloop-thread-0 ClientPortalService  : process auth status {"passed":true,"authenticated":true,"connected":true,"established":false,"competing":false,"hardware_info":"275c5aa2|06:A8:C0:D9:D5:E3"}
20:15:31.948 DEBUG vert.x-eventloop-thread-0 BaseServiceProxy     : start timer 30000 ClientPortalService
20:15:32.004 INFO  vert.x-eventloop-thread-0 BaseServiceProxy     : -> GET /v1/api/iserver/accounts,200|57ms
20:15:32.005 DEBUG vert.x-eventloop-thread-0 ClientPortalService  : iserver accounts {}
20:15:56.742 INFO  vert.x-eventloop-thread-0 BaseServiceProxy     : -> GET /v1/api/iserver/auth/ssodh/init?publish=true&compete=true,503|10351ms
20:15:58.760 INFO  vert.x-eventloop-thread-0 BaseServiceProxy     : -> GET /v1/api/iserver/auth/ssodh/init?publish=true&compete=true,200|961ms
20:15:59.127 INFO  vert.x-eventloop-thread-0 BaseServiceProxy     : -> GET /v1/api/iserver/account/orders,200|80ms
20:15:59.555 INFO  vert.x-eventloop-thread-0 BaseServiceProxy     : -> GET /v1/api/tickle,200|406ms
20:16:02.280 INFO  vert.x-eventloop-thread-0 BaseServiceProxy     : -> GET /v1/api/tickle,200|328ms
20:16:02.281 DEBUG vert.x-eventloop-thread-0 ClientPortalService  : tickle {"session":"4832ca246c93e44996b29b3504034bb6","ssoExpires":564424,"collission":false,"userId":50301190,"hmds":{"error":"no bridge"},"iserver":{"authStatus":{"authenticated":true,"established":true,"competing":false,"connected":true,"message":"","MAC":"06:A8:C0:D9:D5:E3","serverInfo":{"serverName":"JifS19074","serverVersion":"Build 10.44.1h, Apr 20, 2026 11:22:51 AM"},"hardware_info":"275c5aa2|06:A8:C0:D9:D5:E3"}}}
20:16:17.010 INFO  vert.x-eventloop-thread-0 BaseServiceProxy     : -> GET /v1/api/iserver/account/trades,200|79ms
20:16:19.206 INFO  vert.x-eventloop-thread-0 BaseServiceProxy     : -> GET /v1/api/iserver/account/trades,200|141ms
20:16:32.013 INFO  vert.x-eventloop-thread-0 BaseServiceProxy     : -> GET /v1/api/tickle,200|63ms
20:16:32.015 DEBUG vert.x-eventloop-thread-0 ClientPortalService  : tickle {"session":"4832ca246c93e44996b29b3504034bb6","ssoExpires":534609,"collission":false,"userId":50301190,"hmds":{"error":"no bridge"},"iserver":{"authStatus":{"authenticated":true,"established":true,"competing":false,"connected":true,"message":"","MAC":"06:A8:C0:D9:D5:E3","serverInfo":{"serverName":"JifS19074","serverVersion":"Build 10.44.1h, Apr 20, 2026 11:22:51 AM"},"hardware_info":"275c5aa2|06:A8:C0:D9:D5:E3"}}}
20:17:02.018 INFO  vert.x-eventloop-thread-0 BaseServiceProxy     : -> GET /v1/api/tickle,200|68ms
20:17:02.020 DEBUG vert.x-eventloop-thread-0 ClientPortalService  : tickle {"session":"4832ca246c93e44996b29b3504034bb6","ssoExpires":504605,"collission":false,"userId":50301190,"hmds":{"error":"no bridge"},"iserver":{"authStatus":{"authenticated":true,"established":true,"competing":false,"connected":true,"message":"","MAC":"06:A8:C0:D9:D5:E3","serverInfo":{"serverName":"JifS19074","serverVersion":"Build 10.44.1h, Apr 20, 2026 11:22:51 AM"},"hardware_info":"275c5aa2|06:A8:C0:D9:D5:E3"}}}
20:17:32.038 INFO  vert.x-eventloop-thread-0 BaseServiceProxy     : -> GET /v1/api/tickle,200|87ms
20:17:32.043 DEBUG vert.x-eventloop-thread-0 ClientPortalService  : tickle {"session":"4832ca246c93e44996b29b3504034bb6","ssoExpires":474593,"collission":false,"userId":50301190,"hmds":{"error":"no bridge"},"iserver":{"authStatus":{"authenticated":true,"established":true,"competing":false,"connected":true,"message":"","MAC":"06:A8:C0:D9:D5:E3","serverInfo":{"serverName":"JifS19074","serverVersion":"Build 10.44.1h, Apr 20, 2026 11:22:51 AM"},"hardware_info":"275c5aa2|06:A8:C0:D9:D5:E3"}}}
20:18:02.069 INFO  vert.x-eventloop-thread-0 BaseServiceProxy     : -> GET /v1/api/tickle,200|119ms
20:18:02.074 DEBUG vert.x-eventloop-thread-0 ClientPortalService  : tickle {"session":"4832ca246c93e44996b29b3504034bb6","ssoExpires":444587,"collission":false,"userId":50301190,"hmds":{"error":"no bridge"},"iserver":{"authStatus":{"authenticated":true,"established":true,"competing":false,"connected":true,"message":"","MAC":"06:A8:C0:D9:D5:E3","serverInfo":{"serverName":"JifS19074","serverVersion":"Build 10.44.1h, Apr 20, 2026 11:22:51 AM"},"hardware_info":"275c5aa2|06:A8:C0:D9:D5:E3"}}}
20:18:32.019 INFO  vert.x-eventloop-thread-0 BaseServiceProxy     : -> GET /v1/api/tickle,200|68ms
20:18:32.022 DEBUG vert.x-eventloop-thread-0 ClientPortalService  : tickle {"session":"4832ca246c93e44996b29b3504034bb6","ssoExpires":414613,"collission":false,"userId":50301190,"hmds":{"error":"no bridge"},"iserver":{"authStatus":{"authenticated":true,"established":true,"competing":false,"connected":true,"message":"","MAC":"06:A8:C0:D9:D5:E3","serverInfo":{"serverName":"JifS19074","serverVersion":"Build 10.44.1h, Apr 20, 2026 11:22:51 AM"},"hardware_info":"275c5aa2|06:A8:C0:D9:D5:E3"}}}
20:18:59.758 INFO  vert.x-eventloop-thread-0 BaseServiceProxy     : -> GET /v1/api/tickle,200|84ms
20:19:02.036 INFO  vert.x-eventloop-thread-0 BaseServiceProxy     : -> GET /v1/api/tickle,200|86ms
20:19:02.037 DEBUG vert.x-eventloop-thread-0 ClientPortalService  : tickle {"session":"4832ca246c93e44996b29b3504034bb6","ssoExpires":384619,"collission":false,"userId":50301190,"hmds":{"error":"no bridge"},"iserver":{"authStatus":{"authenticated":true,"established":true,"competing":false,"connected":true,"message":"","MAC":"06:A8:C0:D9:D5:E3","serverInfo":{"serverName":"JifS19074","serverVersion":"Build 10.44.1h, Apr 20, 2026 11:22:51 AM"},"hardware_info":"275c5aa2|06:A8:C0:D9:D5:E3"}}}
20:19:07.322 INFO  vert.x-eventloop-thread-0 BaseServiceProxy     : -> GET /v1/api/portfolio/U5799398/summary,200|450ms
20:19:07.388 INFO  vert.x-eventloop-thread-0 BaseServiceProxy     : -> GET /v1/api/iserver/account/orders,200|63ms
20:19:07.448 INFO  vert.x-eventloop-thread-0 BaseServiceProxy     : -> GET /v1/api/portfolio/U5799398/positions/0?direction=a&period=1W&sort=position,200|113ms
20:19:32.051 INFO  vert.x-eventloop-thread-0 BaseServiceProxy     : -> GET /v1/api/tickle,200|100ms
20:19:32.054 DEBUG vert.x-eventloop-thread-0 ClientPortalService  : tickle {"session":"4832ca246c93e44996b29b3504034bb6","ssoExpires":354603,"collission":false,"userId":50301190,"hmds":{"error":"no bridge"},"iserver":{"authStatus":{"authenticated":true,"established":true,"competing":false,"connected":true,"message":"","MAC":"06:A8:C0:D9:D5:E3","serverInfo":{"serverName":"JifS19074","serverVersion":"Build 10.44.1h, Apr 20, 2026 11:22:51 AM"},"hardware_info":"275c5aa2|06:A8:C0:D9:D5:E3"}}}
20:19:32.674 INFO  vert.x-eventloop-thread-0 BaseServiceProxy     : -> GET /v1/api/iserver/secdef/search?symbol=MAMA&secType=STK,200|119ms
20:19:32.764 INFO  vert.x-eventloop-thread-0 BaseServiceProxy     : -> GET /v1/api/iserver/account/orders,200|87ms
20:19:33.253 INFO  vert.x-eventloop-thread-0 BaseServiceProxy     : -> GET /v1/api/portfolio/U5799398/summary,200|118ms
20:19:33.636 INFO  vert.x-eventloop-thread-0 BaseServiceProxy     : -> GET /v1/api/iserver/account/U5799398/orders,200|378ms
20:19:33.694 INFO  vert.x-eventloop-thread-0 BaseServiceProxy     : -> GET /v1/api/iserver/reply/ce28e486-00bc-441f-a58d-4b16981ca146,200|55ms
20:19:33.762 INFO  vert.x-eventloop-thread-0 BaseServiceProxy     : -> GET /v1/api/iserver/reply/b579ded9-3e82-424b-a89a-6b8819ba289a,200|66ms
20:19:33.821 INFO  vert.x-eventloop-thread-0 BaseServiceProxy     : -> GET /v1/api/iserver/reply/4480412c-6472-4759-81ba-6246d4dd71d5,200|53ms
20:19:33.912 INFO  vert.x-eventloop-thread-0 BaseServiceProxy     : -> GET /v1/api/iserver/reply/8ffa4de2-d6bc-4207-b19f-378c3ffab034,200|89ms
20:19:34.016 INFO  vert.x-eventloop-thread-0 BaseServiceProxy     : -> GET /v1/api/iserver/reply/e4ca9215-0444-4864-9f1a-d2bedd5dd577,200|100ms
20:19:34.086 INFO  vert.x-eventloop-thread-0 BaseServiceProxy     : -> GET /v1/api/iserver/account/orders,200|66ms
20:19:34.451 INFO  vert.x-eventloop-thread-0 BaseServiceProxy     : -> GET /v1/api/iserver/marketdata/history?conid=123882197&period=30d&bar=1d&outsideRth=false,200|349ms
20:19:34.568 INFO  vert.x-eventloop-thread-0 BaseServiceProxy     : -> GET /v1/api/iserver/account/orders,200|90ms
20:19:34.818 INFO  vert.x-eventloop-thread-0 BaseServiceProxy     : -> GET /v1/api/iserver/marketdata/history?conid=123882197&period=30d&bar=1d&outsideRth=false,200|87ms
20:20:02.058 INFO  vert.x-eventloop-thread-0 BaseServiceProxy     : -> GET /v1/api/tickle,200|108ms
20:20:02.061 DEBUG vert.x-eventloop-thread-0 ClientPortalService  : tickle {"session":"4832ca246c93e44996b29b3504034bb6","ssoExpires":324609,"collission":false,"userId":50301190,"hmds":{"error":"no bridge"},"iserver":{"authStatus":{"authenticated":true,"established":true,"competing":false,"connected":true,"message":"","MAC":"06:A8:C0:D9:D5:E3","serverInfo":{"serverName":"JifS19074","serverVersion":"Build 10.44.1h, Apr 20, 2026 11:22:51 AM"},"hardware_info":"275c5aa2|06:A8:C0:D9:D5:E3"}}}
20:20:27.055 INFO  vert.x-eventloop-thread-0 BaseServiceProxy     : -> GET /sso/ping,200|276ms
20:20:27.057 INFO  vert.x-eventloop-thread-0 SsoService           : sso ping {"result": "true"}
20:20:32.323 INFO  vert.x-eventloop-thread-0 BaseServiceProxy     : -> GET /v1/api/tickle,200|373ms
20:20:32.324 DEBUG vert.x-eventloop-thread-0 ClientPortalService  : tickle {"session":"4832ca246c93e44996b29b3504034bb6","ssoExpires":294453,"collission":false,"userId":50301190,"hmds":{"error":"no bridge"},"iserver":{"authStatus":{"authenticated":true,"established":true,"competing":false,"connected":true,"message":"","MAC":"06:A8:C0:D9:D5:E3","serverInfo":{"serverName":"JifS19074","serverVersion":"Build 10.44.1h, Apr 20, 2026 11:22:51 AM"},"hardware_info":"275c5aa2|06:A8:C0:D9:D5:E3"}}}
20:21:02.019 INFO  vert.x-eventloop-thread-0 BaseServiceProxy     : -> GET /v1/api/tickle,200|67ms
20:21:02.021 DEBUG vert.x-eventloop-thread-0 ClientPortalService  : tickle {"session":"4832ca246c93e44996b29b3504034bb6","ssoExpires":264605,"collission":false,"userId":50301190,"hmds":{"error":"no bridge"},"iserver":{"authStatus":{"authenticated":true,"established":true,"competing":false,"connected":true,"message":"","MAC":"06:A8:C0:D9:D5:E3","serverInfo":{"serverName":"JifS19074","serverVersion":"Build 10.44.1h, Apr 20, 2026 11:22:51 AM"},"hardware_info":"275c5aa2|06:A8:C0:D9:D5:E3"}}}
20:21:12.087 INFO  vert.x-eventloop-thread-0 BaseServiceProxy     : -> GET /v1/api/portfolio/U5799398/summary,200|110ms
20:21:12.165 INFO  vert.x-eventloop-thread-0 BaseServiceProxy     : -> GET /v1/api/iserver/account/orders,200|58ms
20:21:14.175 INFO  vert.x-eventloop-thread-0 BaseServiceProxy     : -> GET /v1/api/portfolio/U5799398/positions/0?direction=a&period=1W&sort=position,200|2079ms
20:21:20.020 INFO  vert.x-eventloop-thread-0 BaseServiceProxy     : -> GET /v1/api/iserver/secdef/search?symbol=COCO&secType=STK,200|105ms
20:21:20.090 INFO  vert.x-eventloop-thread-0 BaseServiceProxy     : -> GET /v1/api/iserver/account/orders,200|67ms
20:21:20.222 INFO  vert.x-eventloop-thread-0 BaseServiceProxy     : -> GET /v1/api/portfolio/U5799398/summary,200|106ms
20:21:20.571 INFO  vert.x-eventloop-thread-0 BaseServiceProxy     : -> GET /v1/api/iserver/account/U5799398/orders,200|343ms
20:21:20.663 INFO  vert.x-eventloop-thread-0 BaseServiceProxy     : -> GET /v1/api/iserver/reply/8f17d9ba-797e-4efb-80d9-bdafb3640edb,200|89ms
20:21:20.741 INFO  vert.x-eventloop-thread-0 BaseServiceProxy     : -> GET /v1/api/iserver/reply/6dda2c15-05a1-4f85-bae0-fc1440ed4414,200|75ms
20:21:20.856 INFO  vert.x-eventloop-thread-0 BaseServiceProxy     : -> GET /v1/api/iserver/reply/9594383c-e9d4-424a-9bbc-3b82e8435da4,200|112ms
20:21:20.967 INFO  vert.x-eventloop-thread-0 BaseServiceProxy     : -> GET /v1/api/iserver/reply/57b5379e-dbea-4673-8ebc-ad0e5def1685,200|109ms
20:21:21.027 INFO  vert.x-eventloop-thread-0 BaseServiceProxy     : -> GET /v1/api/iserver/reply/fb5f7a60-58ff-4a52-83e2-6005659cd6cd,200|59ms
20:21:21.127 INFO  vert.x-eventloop-thread-0 BaseServiceProxy     : -> GET /v1/api/iserver/reply/f27778fb-663a-417e-b34f-51df65e14fe5,200|98ms
20:21:21.204 INFO  vert.x-eventloop-thread-0 BaseServiceProxy     : -> GET /v1/api/iserver/account/orders,200|74ms
20:21:21.563 INFO  vert.x-eventloop-thread-0 BaseServiceProxy     : -> GET /v1/api/iserver/marketdata/history?conid=522320539&period=30d&bar=1d&outsideRth=false,200|321ms
20:21:21.688 INFO  vert.x-eventloop-thread-0 BaseServiceProxy     : -> GET /v1/api/iserver/account/orders,200|87ms
20:21:22.204 INFO  vert.x-eventloop-thread-0 BaseServiceProxy     : -> GET /v1/api/iserver/marketdata/history?conid=522320539&period=30d&bar=1d&outsideRth=false,200|62ms
20:21:32.194 INFO  vert.x-eventloop-thread-0 BaseServiceProxy     : -> GET /v1/api/tickle,200|245ms
20:21:32.195 DEBUG vert.x-eventloop-thread-0 ClientPortalService  : tickle {"session":"4832ca246c93e44996b29b3504034bb6","ssoExpires":234458,"collission":false,"userId":50301190,"hmds":{"error":"no bridge"},"iserver":{"authStatus":{"authenticated":true,"established":true,"competing":false,"connected":true,"message":"","MAC":"06:A8:C0:D9:D5:E3","serverInfo":{"serverName":"JifS19074","serverVersion":"Build 10.44.1h, Apr 20, 2026 11:22:51 AM"},"hardware_info":"275c5aa2|06:A8:C0:D9:D5:E3"}}}
20:22:00.229 INFO  vert.x-eventloop-thread-0 BaseServiceProxy     : -> GET /v1/api/tickle,200|324ms
20:22:02.041 INFO  vert.x-eventloop-thread-0 BaseServiceProxy     : -> GET /v1/api/tickle,200|91ms
20:22:02.042 DEBUG vert.x-eventloop-thread-0 ClientPortalService  : tickle {"session":"4832ca246c93e44996b29b3504034bb6","ssoExpires":204617,"collission":false,"userId":50301190,"hmds":{"error":"no bridge"},"iserver":{"authStatus":{"authenticated":true,"established":true,"competing":false,"connected":true,"message":"","MAC":"06:A8:C0:D9:D5:E3","serverInfo":{"serverName":"JifS19074","serverVersion":"Build 10.44.1h, Apr 20, 2026 11:22:51 AM"},"hardware_info":"275c5aa2|06:A8:C0:D9:D5:E3"}}}
20:22:32.173 INFO  vert.x-eventloop-thread-0 BaseServiceProxy     : -> GET /v1/api/tickle,200|222ms
20:22:32.176 DEBUG vert.x-eventloop-thread-0 ClientPortalService  : tickle {"session":"4832ca246c93e44996b29b3504034bb6","ssoExpires":174608,"collission":false,"userId":50301190,"hmds":{"error":"no bridge"},"iserver":{"authStatus":{"authenticated":true,"established":true,"competing":false,"connected":true,"message":"","MAC":"06:A8:C0:D9:D5:E3","serverInfo":{"serverName":"JifS19074","serverVersion":"Build 10.44.1h, Apr 20, 2026 11:22:51 AM"},"hardware_info":"275c5aa2|06:A8:C0:D9:D5:E3"}}}
20:23:02.046 INFO  vert.x-eventloop-thread-0 BaseServiceProxy     : -> GET /v1/api/tickle,200|95ms
20:23:02.049 DEBUG vert.x-eventloop-thread-0 ClientPortalService  : tickle {"session":"4832ca246c93e44996b29b3504034bb6","ssoExpires":144607,"collission":false,"userId":50301190,"hmds":{"error":"no bridge"},"iserver":{"authStatus":{"authenticated":true,"established":true,"competing":false,"connected":true,"message":"","MAC":"06:A8:C0:D9:D5:E3","serverInfo":{"serverName":"JifS19074","serverVersion":"Build 10.44.1h, Apr 20, 2026 11:22:51 AM"},"hardware_info":"275c5aa2|06:A8:C0:D9:D5:E3"}}}
20:23:32.333 INFO  vert.x-eventloop-thread-0 BaseServiceProxy     : -> GET /v1/api/tickle,200|382ms
20:23:32.335 DEBUG vert.x-eventloop-thread-0 ClientPortalService  : tickle {"session":"4832ca246c93e44996b29b3504034bb6","ssoExpires":114376,"collission":false,"userId":50301190,"hmds":{"error":"no bridge"},"iserver":{"authStatus":{"authenticated":true,"established":true,"competing":false,"connected":true,"message":"","MAC":"06:A8:C0:D9:D5:E3","serverInfo":{"serverName":"JifS19074","serverVersion":"Build 10.44.1h, Apr 20, 2026 11:22:51 AM"},"hardware_info":"275c5aa2|06:A8:C0:D9:D5:E3"}}}
20:24:02.288 INFO  vert.x-eventloop-thread-0 BaseServiceProxy     : -> GET /v1/api/tickle,200|336ms
20:24:02.290 DEBUG vert.x-eventloop-thread-0 ClientPortalService  : tickle {"session":"4832ca246c93e44996b29b3504034bb6","ssoExpires":84371,"collission":false,"userId":50301190,"hmds":{"error":"no bridge"},"iserver":{"authStatus":{"authenticated":true,"established":true,"competing":false,"connected":true,"message":"","MAC":"06:A8:C0:D9:D5:E3","serverInfo":{"serverName":"JifS19074","serverVersion":"Build 10.44.1h, Apr 20, 2026 11:22:51 AM"},"hardware_info":"275c5aa2|06:A8:C0:D9:D5:E3"}}}
20:24:05.531 INFO  vert.x-eventloop-thread-0 BaseServiceProxy     : -> GET /v1/api/iserver/account/orders,200|59ms
20:24:05.751 INFO  vert.x-eventloop-thread-0 BaseServiceProxy     : -> GET /v1/api/portfolio/U5799398/positions/0?direction=a&period=1W&sort=position,200|280ms
20:24:32.045 INFO  vert.x-eventloop-thread-0 BaseServiceProxy     : -> GET /v1/api/tickle,200|95ms
20:24:32.046 DEBUG vert.x-eventloop-thread-0 ClientPortalService  : tickle {"session":"4832ca246c93e44996b29b3504034bb6","ssoExpires":54602,"collission":false,"userId":50301190,"hmds":{"error":"no bridge"},"iserver":{"authStatus":{"authenticated":true,"established":true,"competing":false,"connected":true,"message":"","MAC":"06:A8:C0:D9:D5:E3","serverInfo":{"serverName":"JifS19074","serverVersion":"Build 10.44.1h, Apr 20, 2026 11:22:51 AM"},"hardware_info":"275c5aa2|06:A8:C0:D9:D5:E3"}}}
20:25:02.443 INFO  vert.x-eventloop-thread-0 BaseServiceProxy     : -> GET /v1/api/tickle,200|490ms
20:25:02.446 DEBUG vert.x-eventloop-thread-0 ClientPortalService  : tickle {"session":"4832ca246c93e44996b29b3504034bb6","ssoExpires":24598,"collission":false,"userId":50301190,"hmds":{"error":"no bridge"},"iserver":{"authStatus":{"authenticated":true,"established":true,"competing":false,"connected":true,"message":"","MAC":"06:A8:C0:D9:D5:E3","serverInfo":{"serverName":"JifS19074","serverVersion":"Build 10.44.1h, Apr 20, 2026 11:22:51 AM"},"hardware_info":"275c5aa2|06:A8:C0:D9:D5:E3"}}}
20:25:27.323 INFO  vert.x-eventloop-thread-0 BaseServiceProxy     : -> GET /sso/ping,200|550ms
20:25:27.324 INFO  vert.x-eventloop-thread-0 SsoService           : sso ping {"result": "true"}
20:25:32.040 INFO  vert.x-eventloop-thread-0 BaseServiceProxy     : -> GET /v1/api/tickle,200|90ms
20:25:32.040 DEBUG vert.x-eventloop-thread-0 ClientPortalService  : tickle {"session":"4832ca246c93e44996b29b3504034bb6","ssoExpires":600000,"collission":false,"userId":50301190,"hmds":{"error":"no bridge"},"iserver":{"authStatus":{"authenticated":true,"established":true,"competing":false,"connected":true,"message":"","MAC":"06:A8:C0:D9:D5:E3","serverInfo":{"serverName":"JifS19074","serverVersion":"Build 10.44.1h, Apr 20, 2026 11:22:51 AM"},"hardware_info":"275c5aa2|06:A8:C0:D9:D5:E3"}}}
20:25:45.992 INFO  vert.x-eventloop-thread-0 BaseServiceProxy     : -> GET /v1/api/iserver/account/orders,200|250ms
20:25:46.277 INFO  vert.x-eventloop-thread-0 BaseServiceProxy     : -> GET /v1/api/iserver/account/orders,200|90ms
20:25:48.012 INFO  vert.x-eventloop-thread-0 BaseServiceProxy     : -> GET /v1/api/iserver/account/U5799398/order/1068046670,200|407ms
20:25:48.116 INFO  vert.x-eventloop-thread-0 BaseServiceProxy     : -> GET /v1/api/iserver/reply/69d2b8b7-13f0-4aa8-aa91-68c15e29b0d0,200|98ms
20:25:48.262 INFO  vert.x-eventloop-thread-0 BaseServiceProxy     : -> GET /v1/api/iserver/account/orders,200|144ms
20:25:48.956 INFO  vert.x-eventloop-thread-0 BaseServiceProxy     : -> GET /v1/api/iserver/marketdata/history?conid=310323321&period=30d&bar=1d&outsideRth=false,200|321ms
20:25:49.019 INFO  vert.x-eventloop-thread-0 BaseServiceProxy     : -> GET /v1/api/iserver/marketdata/history?conid=310323321&period=30d&bar=1d&outsideRth=false,200|59ms
20:25:49.215 INFO  vert.x-eventloop-thread-0 BaseServiceProxy     : -> GET /v1/api/iserver/account/orders,200|137ms
20:26:02.009 INFO  vert.x-eventloop-thread-0 BaseServiceProxy     : -> GET /v1/api/tickle,200|58ms
20:26:02.011 DEBUG vert.x-eventloop-thread-0 ClientPortalService  : tickle {"session":"4832ca246c93e44996b29b3504034bb6","ssoExpires":569993,"collission":false,"userId":50301190,"hmds":{"error":"no bridge"},"iserver":{"authStatus":{"authenticated":true,"established":true,"competing":false,"connected":true,"message":"","MAC":"06:A8:C0:D9:D5:E3","serverInfo":{"serverName":"JifS19074","serverVersion":"Build 10.44.1h, Apr 20, 2026 11:22:51 AM"},"hardware_info":"275c5aa2|06:A8:C0:D9:D5:E3"}}}
20:26:32.040 INFO  vert.x-eventloop-thread-0 BaseServiceProxy     : -> GET /v1/api/tickle,200|88ms
20:26:32.042 DEBUG vert.x-eventloop-thread-0 ClientPortalService  : tickle {"session":"4832ca246c93e44996b29b3504034bb6","ssoExpires":539983,"collission":false,"userId":50301190,"hmds":{"error":"no bridge"},"iserver":{"authStatus":{"authenticated":true,"established":true,"competing":false,"connected":true,"message":"","MAC":"06:A8:C0:D9:D5:E3","serverInfo":{"serverName":"JifS19074","serverVersion":"Build 10.44.1h, Apr 20, 2026 11:22:51 AM"},"hardware_info":"275c5aa2|06:A8:C0:D9:D5:E3"}}}
20:27:02.043 INFO  vert.x-eventloop-thread-0 BaseServiceProxy     : -> GET /v1/api/tickle,200|91ms
20:27:02.044 DEBUG vert.x-eventloop-thread-0 ClientPortalService  : tickle {"session":"4832ca246c93e44996b29b3504034bb6","ssoExpires":509993,"collission":false,"userId":50301190,"hmds":{"error":"no bridge"},"iserver":{"authStatus":{"authenticated":true,"established":true,"competing":false,"connected":true,"message":"","MAC":"06:A8:C0:D9:D5:E3","serverInfo":{"serverName":"JifS19074","serverVersion":"Build 10.44.1h, Apr 20, 2026 11:22:51 AM"},"hardware_info":"275c5aa2|06:A8:C0:D9:D5:E3"}}}
20:27:32.018 INFO  vert.x-eventloop-thread-0 BaseServiceProxy     : -> GET /v1/api/tickle,200|67ms
20:27:32.020 DEBUG vert.x-eventloop-thread-0 ClientPortalService  : tickle {"session":"4832ca246c93e44996b29b3504034bb6","ssoExpires":479986,"collission":false,"userId":50301190,"hmds":{"error":"no bridge"},"iserver":{"authStatus":{"authenticated":true,"established":true,"competing":false,"connected":true,"message":"","MAC":"06:A8:C0:D9:D5:E3","serverInfo":{"serverName":"JifS19074","serverVersion":"Build 10.44.1h, Apr 20, 2026 11:22:51 AM"},"hardware_info":"275c5aa2|06:A8:C0:D9:D5:E3"}}}
20:28:02.358 INFO  vert.x-eventloop-thread-0 BaseServiceProxy     : -> GET /v1/api/tickle,200|407ms
20:28:02.361 DEBUG vert.x-eventloop-thread-0 ClientPortalService  : tickle {"session":"4832ca246c93e44996b29b3504034bb6","ssoExpires":449754,"collission":false,"userId":50301190,"hmds":{"error":"no bridge"},"iserver":{"authStatus":{"authenticated":true,"established":true,"competing":false,"connected":true,"message":"","MAC":"06:A8:C0:D9:D5:E3","serverInfo":{"serverName":"JifS19074","serverVersion":"Build 10.44.1h, Apr 20, 2026 11:22:51 AM"},"hardware_info":"275c5aa2|06:A8:C0:D9:D5:E3"}}}
20:28:32.034 INFO  vert.x-eventloop-thread-0 BaseServiceProxy     : -> GET /v1/api/tickle,200|83ms
20:28:32.035 DEBUG vert.x-eventloop-thread-0 ClientPortalService  : tickle {"session":"4832ca246c93e44996b29b3504034bb6","ssoExpires":419984,"collission":false,"userId":50301190,"hmds":{"error":"no bridge"},"iserver":{"authStatus":{"authenticated":true,"established":true,"competing":false,"connected":true,"message":"","MAC":"06:A8:C0:D9:D5:E3","serverInfo":{"serverName":"JifS19074","serverVersion":"Build 10.44.1h, Apr 20, 2026 11:22:51 AM"},"hardware_info":"275c5aa2|06:A8:C0:D9:D5:E3"}}}
20:29:02.014 INFO  vert.x-eventloop-thread-0 BaseServiceProxy     : -> GET /v1/api/tickle,200|62ms
20:29:02.017 DEBUG vert.x-eventloop-thread-0 ClientPortalService  : tickle {"session":"4832ca246c93e44996b29b3504034bb6","ssoExpires":389989,"collission":false,"userId":50301190,"hmds":{"error":"no bridge"},"iserver":{"authStatus":{"authenticated":true,"established":true,"competing":false,"connected":true,"message":"","MAC":"06:A8:C0:D9:D5:E3","serverInfo":{"serverName":"JifS19074","serverVersion":"Build 10.44.1h, Apr 20, 2026 11:22:51 AM"},"hardware_info":"275c5aa2|06:A8:C0:D9:D5:E3"}}}
20:29:32.022 INFO  vert.x-eventloop-thread-0 BaseServiceProxy     : -> GET /v1/api/tickle,200|70ms
20:29:32.024 DEBUG vert.x-eventloop-thread-0 ClientPortalService  : tickle {"session":"4832ca246c93e44996b29b3504034bb6","ssoExpires":359981,"collission":false,"userId":50301190,"hmds":{"error":"no bridge"},"iserver":{"authStatus":{"authenticated":true,"established":true,"competing":false,"connected":true,"message":"","MAC":"06:A8:C0:D9:D5:E3","serverInfo":{"serverName":"JifS19074","serverVersion":"Build 10.44.1h, Apr 20, 2026 11:22:51 AM"},"hardware_info":"275c5aa2|06:A8:C0:D9:D5:E3"}}}
20:30:02.020 INFO  vert.x-eventloop-thread-0 BaseServiceProxy     : -> GET /v1/api/tickle,200|69ms
20:30:02.022 DEBUG vert.x-eventloop-thread-0 ClientPortalService  : tickle {"session":"4832ca246c93e44996b29b3504034bb6","ssoExpires":329985,"collission":false,"userId":50301190,"hmds":{"error":"no bridge"},"iserver":{"authStatus":{"authenticated":true,"established":true,"competing":false,"connected":true,"message":"","MAC":"06:A8:C0:D9:D5:E3","serverInfo":{"serverName":"JifS19074","serverVersion":"Build 10.44.1h, Apr 20, 2026 11:22:51 AM"},"hardware_info":"275c5aa2|06:A8:C0:D9:D5:E3"}}}
20:30:27.063 INFO  vert.x-eventloop-thread-0 BaseServiceProxy     : -> GET /sso/ping,200|289ms
20:30:27.064 INFO  vert.x-eventloop-thread-0 SsoService           : sso ping {"result": "true"}
20:30:32.012 INFO  vert.x-eventloop-thread-0 BaseServiceProxy     : -> GET /v1/api/tickle,200|61ms
20:30:32.012 DEBUG vert.x-eventloop-thread-0 ClientPortalService  : tickle {"session":"4832ca246c93e44996b29b3504034bb6","ssoExpires":299995,"collission":false,"userId":50301190,"hmds":{"error":"no bridge"},"iserver":{"authStatus":{"authenticated":true,"established":true,"competing":false,"connected":true,"message":"","MAC":"06:A8:C0:D9:D5:E3","serverInfo":{"serverName":"JifS19074","serverVersion":"Build 10.44.1h, Apr 20, 2026 11:22:51 AM"},"hardware_info":"275c5aa2|06:A8:C0:D9:D5:E3"}}}
20:31:02.015 INFO  vert.x-eventloop-thread-0 BaseServiceProxy     : -> GET /v1/api/tickle,200|63ms
20:31:02.017 DEBUG vert.x-eventloop-thread-0 ClientPortalService  : tickle {"session":"4832ca246c93e44996b29b3504034bb6","ssoExpires":269984,"collission":false,"userId":50301190,"hmds":{"error":"no bridge"},"iserver":{"authStatus":{"authenticated":true,"established":true,"competing":false,"connected":true,"message":"","MAC":"06:A8:C0:D9:D5:E3","serverInfo":{"serverName":"JifS19074","serverVersion":"Build 10.44.1h, Apr 20, 2026 11:22:51 AM"},"hardware_info":"275c5aa2|06:A8:C0:D9:D5:E3"}}}
20:31:32.275 INFO  vert.x-eventloop-thread-0 BaseServiceProxy     : -> GET /v1/api/tickle,200|324ms
20:31:32.277 DEBUG vert.x-eventloop-thread-0 ClientPortalService  : tickle {"session":"4832ca246c93e44996b29b3504034bb6","ssoExpires":239822,"collission":false,"userId":50301190,"hmds":{"error":"no bridge"},"iserver":{"authStatus":{"authenticated":true,"established":true,"competing":false,"connected":true,"message":"","MAC":"06:A8:C0:D9:D5:E3","serverInfo":{"serverName":"JifS19074","serverVersion":"Build 10.44.1h, Apr 20, 2026 11:22:51 AM"},"hardware_info":"275c5aa2|06:A8:C0:D9:D5:E3"}}}
20:32:02.278 INFO  vert.x-eventloop-thread-0 BaseServiceProxy     : -> GET /v1/api/tickle,200|327ms
20:32:02.280 DEBUG vert.x-eventloop-thread-0 ClientPortalService  : tickle {"session":"4832ca246c93e44996b29b3504034bb6","ssoExpires":209757,"collission":false,"userId":50301190,"hmds":{"error":"no bridge"},"iserver":{"authStatus":{"authenticated":true,"established":true,"competing":false,"connected":true,"message":"","MAC":"06:A8:C0:D9:D5:E3","serverInfo":{"serverName":"JifS19074","serverVersion":"Build 10.44.1h, Apr 20, 2026 11:22:51 AM"},"hardware_info":"275c5aa2|06:A8:C0:D9:D5:E3"}}}
20:32:32.056 INFO  vert.x-eventloop-thread-0 BaseServiceProxy     : -> GET /v1/api/tickle,200|104ms
20:32:32.057 DEBUG vert.x-eventloop-thread-0 ClientPortalService  : tickle {"session":"4832ca246c93e44996b29b3504034bb6","ssoExpires":179981,"collission":false,"userId":50301190,"hmds":{"error":"no bridge"},"iserver":{"authStatus":{"authenticated":true,"established":true,"competing":false,"connected":true,"message":"","MAC":"06:A8:C0:D9:D5:E3","serverInfo":{"serverName":"JifS19074","serverVersion":"Build 10.44.1h, Apr 20, 2026 11:22:51 AM"},"hardware_info":"275c5aa2|06:A8:C0:D9:D5:E3"}}}
20:33:02.041 INFO  vert.x-eventloop-thread-0 BaseServiceProxy     : -> GET /v1/api/tickle,200|89ms
20:33:02.045 DEBUG vert.x-eventloop-thread-0 ClientPortalService  : tickle {"session":"4832ca246c93e44996b29b3504034bb6","ssoExpires":149983,"collission":false,"userId":50301190,"hmds":{"error":"no bridge"},"iserver":{"authStatus":{"authenticated":true,"established":true,"competing":false,"connected":true,"message":"","MAC":"06:A8:C0:D9:D5:E3","serverInfo":{"serverName":"JifS19074","serverVersion":"Build 10.44.1h, Apr 20, 2026 11:22:51 AM"},"hardware_info":"275c5aa2|06:A8:C0:D9:D5:E3"}}}
20:33:32.271 INFO  vert.x-eventloop-thread-0 BaseServiceProxy     : -> GET /v1/api/tickle,200|319ms
20:33:32.272 DEBUG vert.x-eventloop-thread-0 ClientPortalService  : tickle {"session":"4832ca246c93e44996b29b3504034bb6","ssoExpires":119758,"collission":false,"userId":50301190,"hmds":{"error":"no bridge"},"iserver":{"authStatus":{"authenticated":true,"established":true,"competing":false,"connected":true,"message":"","MAC":"06:A8:C0:D9:D5:E3","serverInfo":{"serverName":"JifS19074","serverVersion":"Build 10.44.1h, Apr 20, 2026 11:22:51 AM"},"hardware_info":"275c5aa2|06:A8:C0:D9:D5:E3"}}}
20:34:02.027 INFO  vert.x-eventloop-thread-0 BaseServiceProxy     : -> GET /v1/api/tickle,200|68ms
20:34:02.030 DEBUG vert.x-eventloop-thread-0 ClientPortalService  : tickle {"session":"4832ca246c93e44996b29b3504034bb6","ssoExpires":89981,"collission":false,"userId":50301190,"hmds":{"error":"no bridge"},"iserver":{"authStatus":{"authenticated":true,"established":true,"competing":false,"connected":true,"message":"","MAC":"06:A8:C0:D9:D5:E3","serverInfo":{"serverName":"JifS19074","serverVersion":"Build 10.44.1h, Apr 20, 2026 11:22:51 AM"},"hardware_info":"275c5aa2|06:A8:C0:D9:D5:E3"}}}
20:34:32.059 INFO  vert.x-eventloop-thread-0 BaseServiceProxy     : -> GET /v1/api/tickle,200|106ms
20:34:32.063 DEBUG vert.x-eventloop-thread-0 ClientPortalService  : tickle {"session":"4832ca246c93e44996b29b3504034bb6","ssoExpires":59981,"collission":false,"userId":50301190,"hmds":{"error":"no bridge"},"iserver":{"authStatus":{"authenticated":true,"established":true,"competing":false,"connected":true,"message":"","MAC":"06:A8:C0:D9:D5:E3","serverInfo":{"serverName":"JifS19074","serverVersion":"Build 10.44.1h, Apr 20, 2026 11:22:51 AM"},"hardware_info":"275c5aa2|06:A8:C0:D9:D5:E3"}}}
20:34:34.062 INFO  vert.x-eventloop-thread-0 BaseServiceProxy     : -> GET /v1/api/iserver/account/trades,200|54ms
20:35:02.403 INFO  vert.x-eventloop-thread-0 BaseServiceProxy     : -> GET /v1/api/tickle,200|451ms
20:35:02.405 DEBUG vert.x-eventloop-thread-0 ClientPortalService  : tickle {"session":"4832ca246c93e44996b29b3504034bb6","ssoExpires":29749,"collission":false,"userId":50301190,"hmds":{"error":"no bridge"},"iserver":{"authStatus":{"authenticated":true,"established":true,"competing":false,"connected":true,"message":"","MAC":"06:A8:C0:D9:D5:E3","serverInfo":{"serverName":"JifS19074","serverVersion":"Build 10.44.1h, Apr 20, 2026 11:22:51 AM"},"hardware_info":"275c5aa2|06:A8:C0:D9:D5:E3"}}}
20:35:27.060 INFO  vert.x-eventloop-thread-0 BaseServiceProxy     : -> GET /sso/ping,200|283ms
20:35:27.062 INFO  vert.x-eventloop-thread-0 SsoService           : sso ping {"result": "true"}
20:35:32.629 INFO  vert.x-eventloop-thread-0 BaseServiceProxy     : -> GET /v1/api/tickle,200|677ms
20:35:32.630 DEBUG vert.x-eventloop-thread-0 ClientPortalService  : tickle {"session":"4832ca246c93e44996b29b3504034bb6","ssoExpires":600000,"collission":false,"userId":50301190,"hmds":{"error":"no bridge"},"iserver":{"authStatus":{"authenticated":true,"established":true,"competing":false,"connected":true,"message":"","MAC":"06:A8:C0:D9:D5:E3","serverInfo":{"serverName":"JifS19074","serverVersion":"Build 10.44.1h, Apr 20, 2026 11:22:51 AM"},"hardware_info":"275c5aa2|06:A8:C0:D9:D5:E3"}}}
20:36:02.280 INFO  vert.x-eventloop-thread-0 BaseServiceProxy     : -> GET /v1/api/tickle,200|327ms
20:36:02.283 DEBUG vert.x-eventloop-thread-0 ClientPortalService  : tickle {"session":"4832ca246c93e44996b29b3504034bb6","ssoExpires":569959,"collission":false,"userId":50301190,"hmds":{"error":"no bridge"},"iserver":{"authStatus":{"authenticated":true,"established":true,"competing":false,"connected":true,"message":"","MAC":"06:A8:C0:D9:D5:E3","serverInfo":{"serverName":"JifS19074","serverVersion":"Build 10.44.1h, Apr 20, 2026 11:22:51 AM"},"hardware_info":"275c5aa2|06:A8:C0:D9:D5:E3"}}}
20:36:32.289 INFO  vert.x-eventloop-thread-0 BaseServiceProxy     : -> GET /v1/api/tickle,200|336ms
20:36:32.292 DEBUG vert.x-eventloop-thread-0 ClientPortalService  : tickle {"session":"4832ca246c93e44996b29b3504034bb6","ssoExpires":539989,"collission":false,"userId":50301190,"hmds":{"error":"no bridge"},"iserver":{"authStatus":{"authenticated":true,"established":true,"competing":false,"connected":true,"message":"","MAC":"06:A8:C0:D9:D5:E3","serverInfo":{"serverName":"JifS19074","serverVersion":"Build 10.44.1h, Apr 20, 2026 11:22:51 AM"},"hardware_info":"275c5aa2|06:A8:C0:D9:D5:E3"}}}
20:37:02.199 INFO  vert.x-eventloop-thread-0 BaseServiceProxy     : -> GET /v1/api/tickle,200|246ms
20:37:02.201 DEBUG vert.x-eventloop-thread-0 ClientPortalService  : tickle {"session":"4832ca246c93e44996b29b3504034bb6","ssoExpires":510061,"collission":false,"userId":50301190,"hmds":{"error":"no bridge"},"iserver":{"authStatus":{"authenticated":true,"established":true,"competing":false,"connected":true,"message":"","MAC":"06:A8:C0:D9:D5:E3","serverInfo":{"serverName":"JifS19074","serverVersion":"Build 10.44.1h, Apr 20, 2026 11:22:51 AM"},"hardware_info":"275c5aa2|06:A8:C0:D9:D5:E3"}}}
20:37:32.057 INFO  vert.x-eventloop-thread-0 BaseServiceProxy     : -> GET /v1/api/tickle,200|104ms
20:37:32.059 DEBUG vert.x-eventloop-thread-0 ClientPortalService  : tickle {"session":"4832ca246c93e44996b29b3504034bb6","ssoExpires":480217,"collission":false,"userId":50301190,"hmds":{"error":"no bridge"},"iserver":{"authStatus":{"authenticated":true,"established":true,"competing":false,"connected":true,"message":"","MAC":"06:A8:C0:D9:D5:E3","serverInfo":{"serverName":"JifS19074","serverVersion":"Build 10.44.1h, Apr 20, 2026 11:22:51 AM"},"hardware_info":"275c5aa2|06:A8:C0:D9:D5:E3"}}}
20:38:02.022 INFO  vert.x-eventloop-thread-0 BaseServiceProxy     : -> GET /v1/api/tickle,200|70ms
20:38:02.026 DEBUG vert.x-eventloop-thread-0 ClientPortalService  : tickle {"session":"4832ca246c93e44996b29b3504034bb6","ssoExpires":450224,"collission":false,"userId":50301190,"hmds":{"error":"no bridge"},"iserver":{"authStatus":{"authenticated":true,"established":true,"competing":false,"connected":true,"message":"","MAC":"06:A8:C0:D9:D5:E3","serverInfo":{"serverName":"JifS19074","serverVersion":"Build 10.44.1h, Apr 20, 2026 11:22:51 AM"},"hardware_info":"275c5aa2|06:A8:C0:D9:D5:E3"}}}
20:38:32.208 INFO  vert.x-eventloop-thread-0 BaseServiceProxy     : -> GET /v1/api/tickle,200|255ms
20:38:32.210 DEBUG vert.x-eventloop-thread-0 ClientPortalService  : tickle {"session":"4832ca246c93e44996b29b3504034bb6","ssoExpires":420061,"collission":false,"userId":50301190,"hmds":{"error":"no bridge"},"iserver":{"authStatus":{"authenticated":true,"established":true,"competing":false,"connected":true,"message":"","MAC":"06:A8:C0:D9:D5:E3","serverInfo":{"serverName":"JifS19074","serverVersion":"Build 10.44.1h, Apr 20, 2026 11:22:51 AM"},"hardware_info":"275c5aa2|06:A8:C0:D9:D5:E3"}}}
20:39:02.036 INFO  vert.x-eventloop-thread-0 BaseServiceProxy     : -> GET /v1/api/tickle,200|83ms
20:39:02.039 DEBUG vert.x-eventloop-thread-0 ClientPortalService  : tickle {"session":"4832ca246c93e44996b29b3504034bb6","ssoExpires":390218,"collission":false,"userId":50301190,"hmds":{"error":"no bridge"},"iserver":{"authStatus":{"authenticated":true,"established":true,"competing":false,"connected":true,"message":"","MAC":"06:A8:C0:D9:D5:E3","serverInfo":{"serverName":"JifS19074","serverVersion":"Build 10.44.1h, Apr 20, 2026 11:22:51 AM"},"hardware_info":"275c5aa2|06:A8:C0:D9:D5:E3"}}}
20:39:32.159 INFO  vert.x-eventloop-thread-0 BaseServiceProxy     : -> GET /v1/api/tickle,200|206ms
20:39:32.162 DEBUG vert.x-eventloop-thread-0 ClientPortalService  : tickle {"session":"4832ca246c93e44996b29b3504034bb6","ssoExpires":360225,"collission":false,"userId":50301190,"hmds":{"error":"no bridge"},"iserver":{"authStatus":{"authenticated":true,"established":true,"competing":false,"connected":true,"message":"","MAC":"06:A8:C0:D9:D5:E3","serverInfo":{"serverName":"JifS19074","serverVersion":"Build 10.44.1h, Apr 20, 2026 11:22:51 AM"},"hardware_info":"275c5aa2|06:A8:C0:D9:D5:E3"}}}
20:40:02.045 INFO  vert.x-eventloop-thread-0 BaseServiceProxy     : -> GET /v1/api/tickle,200|93ms
20:40:02.047 DEBUG vert.x-eventloop-thread-0 ClientPortalService  : tickle {"session":"4832ca246c93e44996b29b3504034bb6","ssoExpires":330229,"collission":false,"userId":50301190,"hmds":{"error":"no bridge"},"iserver":{"authStatus":{"authenticated":true,"established":true,"competing":false,"connected":true,"message":"","MAC":"06:A8:C0:D9:D5:E3","serverInfo":{"serverName":"JifS19074","serverVersion":"Build 10.44.1h, Apr 20, 2026 11:22:51 AM"},"hardware_info":"275c5aa2|06:A8:C0:D9:D5:E3"}}}
20:40:27.060 INFO  vert.x-eventloop-thread-0 BaseServiceProxy     : -> GET /sso/ping,200|284ms
20:40:27.063 INFO  vert.x-eventloop-thread-0 SsoService           : sso ping {"result": "true"}
20:40:32.055 INFO  vert.x-eventloop-thread-0 BaseServiceProxy     : -> GET /v1/api/tickle,200|104ms
20:40:32.056 DEBUG vert.x-eventloop-thread-0 ClientPortalService  : tickle {"session":"4832ca246c93e44996b29b3504034bb6","ssoExpires":300219,"collission":false,"userId":50301190,"hmds":{"error":"no bridge"},"iserver":{"authStatus":{"authenticated":true,"established":true,"competing":false,"connected":true,"message":"","MAC":"06:A8:C0:D9:D5:E3","serverInfo":{"serverName":"JifS19074","serverVersion":"Build 10.44.1h, Apr 20, 2026 11:22:51 AM"},"hardware_info":"275c5aa2|06:A8:C0:D9:D5:E3"}}}
20:41:02.029 INFO  vert.x-eventloop-thread-0 BaseServiceProxy     : -> GET /v1/api/tickle,200|76ms
20:41:02.051 DEBUG vert.x-eventloop-thread-0 ClientPortalService  : tickle {"session":"4832ca246c93e44996b29b3504034bb6","ssoExpires":270217,"collission":false,"userId":50301190,"hmds":{"error":"no bridge"},"iserver":{"authStatus":{"authenticated":true,"established":true,"competing":false,"connected":true,"message":"","MAC":"06:A8:C0:D9:D5:E3","serverInfo":{"serverName":"JifS19074","serverVersion":"Build 10.44.1h, Apr 20, 2026 11:22:51 AM"},"hardware_info":"275c5aa2|06:A8:C0:D9:D5:E3"}}}
20:41:32.046 INFO  vert.x-eventloop-thread-0 BaseServiceProxy     : -> GET /v1/api/tickle,200|92ms
20:41:32.047 DEBUG vert.x-eventloop-thread-0 ClientPortalService  : tickle {"session":"4832ca246c93e44996b29b3504034bb6","ssoExpires":240227,"collission":false,"userId":50301190,"hmds":{"error":"no bridge"},"iserver":{"authStatus":{"authenticated":true,"established":true,"competing":false,"connected":true,"message":"","MAC":"06:A8:C0:D9:D5:E3","serverInfo":{"serverName":"JifS19074","serverVersion":"Build 10.44.1h, Apr 20, 2026 11:22:51 AM"},"hardware_info":"275c5aa2|06:A8:C0:D9:D5:E3"}}}
20:42:02.283 INFO  vert.x-eventloop-thread-0 BaseServiceProxy     : -> GET /v1/api/tickle,200|330ms
20:42:02.285 DEBUG vert.x-eventloop-thread-0 ClientPortalService  : tickle {"session":"4832ca246c93e44996b29b3504034bb6","ssoExpires":209988,"collission":false,"userId":50301190,"hmds":{"error":"no bridge"},"iserver":{"authStatus":{"authenticated":true,"established":true,"competing":false,"connected":true,"message":"","MAC":"06:A8:C0:D9:D5:E3","serverInfo":{"serverName":"JifS19074","serverVersion":"Build 10.44.1h, Apr 20, 2026 11:22:51 AM"},"hardware_info":"275c5aa2|06:A8:C0:D9:D5:E3"}}}
20:42:32.083 INFO  vert.x-eventloop-thread-0 BaseServiceProxy     : -> GET /v1/api/tickle,200|130ms
20:42:32.088 DEBUG vert.x-eventloop-thread-0 ClientPortalService  : tickle {"session":"4832ca246c93e44996b29b3504034bb6","ssoExpires":180197,"collission":false,"userId":50301190,"hmds":{"error":"no bridge"},"iserver":{"authStatus":{"authenticated":true,"established":true,"competing":false,"connected":true,"message":"","MAC":"06:A8:C0:D9:D5:E3","serverInfo":{"serverName":"JifS19074","serverVersion":"Build 10.44.1h, Apr 20, 2026 11:22:51 AM"},"hardware_info":"275c5aa2|06:A8:C0:D9:D5:E3"}}}
20:43:02.012 INFO  vert.x-eventloop-thread-0 BaseServiceProxy     : -> GET /v1/api/tickle,200|60ms
20:43:02.015 DEBUG vert.x-eventloop-thread-0 ClientPortalService  : tickle {"session":"4832ca246c93e44996b29b3504034bb6","ssoExpires":150226,"collission":false,"userId":50301190,"hmds":{"error":"no bridge"},"iserver":{"authStatus":{"authenticated":true,"established":true,"competing":false,"connected":true,"message":"","MAC":"06:A8:C0:D9:D5:E3","serverInfo":{"serverName":"JifS19074","serverVersion":"Build 10.44.1h, Apr 20, 2026 11:22:51 AM"},"hardware_info":"275c5aa2|06:A8:C0:D9:D5:E3"}}}
20:43:32.249 INFO  vert.x-eventloop-thread-0 BaseServiceProxy     : -> GET /v1/api/tickle,200|297ms
20:43:32.250 DEBUG vert.x-eventloop-thread-0 ClientPortalService  : tickle {"session":"4832ca246c93e44996b29b3504034bb6","ssoExpires":119999,"collission":false,"userId":50301190,"hmds":{"error":"no bridge"},"iserver":{"authStatus":{"authenticated":true,"established":true,"competing":false,"connected":true,"message":"","MAC":"06:A8:C0:D9:D5:E3","serverInfo":{"serverName":"JifS19074","serverVersion":"Build 10.44.1h, Apr 20, 2026 11:22:51 AM"},"hardware_info":"275c5aa2|06:A8:C0:D9:D5:E3"}}}
20:44:02.250 INFO  vert.x-eventloop-thread-0 BaseServiceProxy     : -> GET /v1/api/tickle,200|297ms
20:44:02.252 DEBUG vert.x-eventloop-thread-0 ClientPortalService  : tickle {"session":"4832ca246c93e44996b29b3504034bb6","ssoExpires":89988,"collission":false,"userId":50301190,"hmds":{"error":"no bridge"},"iserver":{"authStatus":{"authenticated":true,"established":true,"competing":false,"connected":true,"message":"","MAC":"06:A8:C0:D9:D5:E3","serverInfo":{"serverName":"JifS19074","serverVersion":"Build 10.44.1h, Apr 20, 2026 11:22:51 AM"},"hardware_info":"275c5aa2|06:A8:C0:D9:D5:E3"}}}
20:44:32.180 INFO  vert.x-eventloop-thread-0 BaseServiceProxy     : -> GET /v1/api/tickle,200|227ms
20:44:32.181 DEBUG vert.x-eventloop-thread-0 ClientPortalService  : tickle {"session":"4832ca246c93e44996b29b3504034bb6","ssoExpires":60067,"collission":false,"userId":50301190,"hmds":{"error":"no bridge"},"iserver":{"authStatus":{"authenticated":true,"established":true,"competing":false,"connected":true,"message":"","MAC":"06:A8:C0:D9:D5:E3","serverInfo":{"serverName":"JifS19074","serverVersion":"Build 10.44.1h, Apr 20, 2026 11:22:51 AM"},"hardware_info":"275c5aa2|06:A8:C0:D9:D5:E3"}}}
20:45:02.066 INFO  vert.x-eventloop-thread-0 BaseServiceProxy     : -> GET /v1/api/tickle,200|112ms
20:45:02.068 DEBUG vert.x-eventloop-thread-0 ClientPortalService  : tickle {"session":"4832ca246c93e44996b29b3504034bb6","ssoExpires":30211,"collission":false,"userId":50301190,"hmds":{"error":"no bridge"},"iserver":{"authStatus":{"authenticated":true,"established":true,"competing":false,"connected":true,"message":"","MAC":"06:A8:C0:D9:D5:E3","serverInfo":{"serverName":"JifS19074","serverVersion":"Build 10.44.1h, Apr 20, 2026 11:22:51 AM"},"hardware_info":"275c5aa2|06:A8:C0:D9:D5:E3"}}}
20:45:27.217 INFO  vert.x-eventloop-thread-0 BaseServiceProxy     : -> GET /sso/ping,200|442ms
20:45:27.218 INFO  vert.x-eventloop-thread-0 SsoService           : sso ping {"result": "true"}
20:45:32.366 INFO  vert.x-eventloop-thread-0 BaseServiceProxy     : -> GET /v1/api/tickle,200|414ms
20:45:32.366 DEBUG vert.x-eventloop-thread-0 ClientPortalService  : tickle {"session":"4832ca246c93e44996b29b3504034bb6","ssoExpires":600000,"collission":false,"userId":50301190,"hmds":{"error":"no bridge"},"iserver":{"authStatus":{"authenticated":true,"established":true,"competing":false,"connected":true,"message":"","MAC":"06:A8:C0:D9:D5:E3","serverInfo":{"serverName":"JifS19074","serverVersion":"Build 10.44.1h, Apr 20, 2026 11:22:51 AM"},"hardware_info":"275c5aa2|06:A8:C0:D9:D5:E3"}}}
20:46:02.177 INFO  vert.x-eventloop-thread-0 BaseServiceProxy     : -> GET /v1/api/tickle,200|223ms
20:46:02.179 DEBUG vert.x-eventloop-thread-0 ClientPortalService  : tickle {"session":"4832ca246c93e44996b29b3504034bb6","ssoExpires":570062,"collission":false,"userId":50301190,"hmds":{"error":"no bridge"},"iserver":{"authStatus":{"authenticated":true,"established":true,"competing":false,"connected":true,"message":"","MAC":"06:A8:C0:D9:D5:E3","serverInfo":{"serverName":"JifS19074","serverVersion":"Build 10.44.1h, Apr 20, 2026 11:22:51 AM"},"hardware_info":"275c5aa2|06:A8:C0:D9:D5:E3"}}}
20:46:32.308 INFO  vert.x-eventloop-thread-0 BaseServiceProxy     : -> GET /v1/api/tickle,200|355ms
20:46:32.310 DEBUG vert.x-eventloop-thread-0 ClientPortalService  : tickle {"session":"4832ca246c93e44996b29b3504034bb6","ssoExpires":539962,"collission":false,"userId":50301190,"hmds":{"error":"no bridge"},"iserver":{"authStatus":{"authenticated":true,"established":true,"competing":false,"connected":true,"message":"","MAC":"06:A8:C0:D9:D5:E3","serverInfo":{"serverName":"JifS19074","serverVersion":"Build 10.44.1h, Apr 20, 2026 11:22:51 AM"},"hardware_info":"275c5aa2|06:A8:C0:D9:D5:E3"}}}
20:46:40.404 INFO  vert.x-eventloop-thread-0 BaseServiceProxy     : -> GET /v1/api/portfolio/U5799398/summary,200|110ms
20:46:40.502 INFO  vert.x-eventloop-thread-0 BaseServiceProxy     : -> GET /v1/api/iserver/account/orders,200|86ms
20:46:40.746 INFO  vert.x-eventloop-thread-0 BaseServiceProxy     : -> GET /v1/api/portfolio/U5799398/positions/0?direction=a&period=1W&sort=position,200|335ms
20:46:47.322 INFO  vert.x-eventloop-thread-0 BaseServiceProxy     : -> GET /v1/api/iserver/secdef/search?symbol=AAOI&secType=STK,200|80ms
20:46:47.386 INFO  vert.x-eventloop-thread-0 BaseServiceProxy     : -> GET /v1/api/iserver/account/orders,200|62ms
20:46:47.532 INFO  vert.x-eventloop-thread-0 BaseServiceProxy     : -> GET /v1/api/portfolio/U5799398/summary,200|112ms
20:46:47.937 INFO  vert.x-eventloop-thread-0 BaseServiceProxy     : -> GET /v1/api/iserver/account/U5799398/orders,200|399ms
20:46:48.034 INFO  vert.x-eventloop-thread-0 BaseServiceProxy     : -> GET /v1/api/iserver/reply/49deb99b-4bfe-460b-9784-645443ea63c8,200|95ms
20:46:48.095 INFO  vert.x-eventloop-thread-0 BaseServiceProxy     : -> GET /v1/api/iserver/reply/d250b06a-43d4-4880-880c-f6081450e732,200|58ms
20:46:48.152 INFO  vert.x-eventloop-thread-0 BaseServiceProxy     : -> GET /v1/api/iserver/reply/88f12122-0c30-4641-b931-c6c924b6c6b3,200|55ms
20:46:48.246 INFO  vert.x-eventloop-thread-0 BaseServiceProxy     : -> GET /v1/api/iserver/reply/1233ca25-a667-459c-91d8-61ae633ed06a,200|93ms
20:46:48.714 INFO  vert.x-eventloop-thread-0 BaseServiceProxy     : -> GET /v1/api/iserver/reply/7cd4c769-f628-4736-a78f-c0325dc38478,200|466ms
20:46:48.768 INFO  vert.x-eventloop-thread-0 BaseServiceProxy     : -> GET /v1/api/iserver/account/orders,200|53ms
20:46:49.268 INFO  vert.x-eventloop-thread-0 BaseServiceProxy     : -> GET /v1/api/iserver/marketdata/history?conid=135423662&period=30d&bar=1d&outsideRth=false,200|487ms
20:46:49.363 INFO  vert.x-eventloop-thread-0 BaseServiceProxy     : -> GET /v1/api/iserver/account/orders,200|63ms
20:46:49.465 INFO  vert.x-eventloop-thread-0 BaseServiceProxy     : -> GET /v1/api/iserver/marketdata/history?conid=135423662&period=30d&bar=1d&outsideRth=false,200|66ms
20:47:02.195 INFO  vert.x-eventloop-thread-0 BaseServiceProxy     : -> GET /v1/api/tickle,200|242ms
20:47:02.196 DEBUG vert.x-eventloop-thread-0 ClientPortalService  : tickle {"session":"4832ca246c93e44996b29b3504034bb6","ssoExpires":510060,"collission":false,"userId":50301190,"hmds":{"error":"no bridge"},"iserver":{"authStatus":{"authenticated":true,"established":true,"competing":false,"connected":true,"message":"","MAC":"06:A8:C0:D9:D5:E3","serverInfo":{"serverName":"JifS19074","serverVersion":"Build 10.44.1h, Apr 20, 2026 11:22:51 AM"},"hardware_info":"275c5aa2|06:A8:C0:D9:D5:E3"}}}
20:47:05.268 INFO  vert.x-eventloop-thread-0 BaseServiceProxy     : -> GET /v1/api/iserver/account/orders,200|101ms
20:47:05.560 INFO  vert.x-eventloop-thread-0 BaseServiceProxy     : -> GET /v1/api/iserver/account/orders,200|97ms
20:47:07.590 INFO  vert.x-eventloop-thread-0 BaseServiceProxy     : -> GET /v1/api/iserver/account/U5799398/order/2080396979,200|813ms
20:47:07.737 INFO  vert.x-eventloop-thread-0 BaseServiceProxy     : -> GET /v1/api/iserver/account/orders,200|144ms
20:47:10.115 INFO  vert.x-eventloop-thread-0 BaseServiceProxy     : -> GET /v1/api/iserver/marketdata/history?conid=135423662&period=30d&bar=1d&outsideRth=false,200|86ms
20:47:10.299 INFO  vert.x-eventloop-thread-0 BaseServiceProxy     : -> GET /v1/api/iserver/account/orders,200|91ms
20:47:31.993 INFO  vert.x-eventloop-thread-0 BaseServiceProxy     : -> GET /v1/api/tickle,200|57ms
20:47:31.994 DEBUG vert.x-eventloop-thread-0 ClientPortalService  : tickle {"session":"4832ca246c93e44996b29b3504034bb6","ssoExpires":480228,"collission":false,"userId":50301190,"hmds":{"error":"no bridge"},"iserver":{"authStatus":{"authenticated":true,"established":true,"competing":false,"connected":true,"message":"","MAC":"06:A8:C0:D9:D5:E3","serverInfo":{"serverName":"JifS19074","serverVersion":"Build 10.44.1h, Apr 20, 2026 11:22:51 AM"},"hardware_info":"275c5aa2|06:A8:C0:D9:D5:E3"}}}
20:48:02.037 INFO  vert.x-eventloop-thread-0 BaseServiceProxy     : -> GET /v1/api/tickle,200|106ms
20:48:02.040 DEBUG vert.x-eventloop-thread-0 ClientPortalService  : tickle {"session":"4832ca246c93e44996b29b3504034bb6","ssoExpires":450216,"collission":false,"userId":50301190,"hmds":{"error":"no bridge"},"iserver":{"authStatus":{"authenticated":true,"established":true,"competing":false,"connected":true,"message":"","MAC":"06:A8:C0:D9:D5:E3","serverInfo":{"serverName":"JifS19074","serverVersion":"Build 10.44.1h, Apr 20, 2026 11:22:51 AM"},"hardware_info":"275c5aa2|06:A8:C0:D9:D5:E3"}}}
20:48:32.027 INFO  vert.x-eventloop-thread-0 BaseServiceProxy     : -> GET /v1/api/tickle,200|97ms
20:48:32.028 DEBUG vert.x-eventloop-thread-0 ClientPortalService  : tickle {"session":"4832ca246c93e44996b29b3504034bb6","ssoExpires":420225,"collission":false,"userId":50301190,"hmds":{"error":"no bridge"},"iserver":{"authStatus":{"authenticated":true,"established":true,"competing":false,"connected":true,"message":"","MAC":"06:A8:C0:D9:D5:E3","serverInfo":{"serverName":"JifS19074","serverVersion":"Build 10.44.1h, Apr 20, 2026 11:22:51 AM"},"hardware_info":"275c5aa2|06:A8:C0:D9:D5:E3"}}}
20:49:02.050 INFO  vert.x-eventloop-thread-0 BaseServiceProxy     : -> GET /v1/api/tickle,200|121ms
20:49:02.051 DEBUG vert.x-eventloop-thread-0 ClientPortalService  : tickle {"session":"4832ca246c93e44996b29b3504034bb6","ssoExpires":390196,"collission":false,"userId":50301190,"hmds":{"error":"no bridge"},"iserver":{"authStatus":{"authenticated":true,"established":true,"competing":false,"connected":true,"message":"","MAC":"06:A8:C0:D9:D5:E3","serverInfo":{"serverName":"JifS19074","serverVersion":"Build 10.44.1h, Apr 20, 2026 11:22:51 AM"},"hardware_info":"275c5aa2|06:A8:C0:D9:D5:E3"}}}
20:49:32.372 INFO  vert.x-eventloop-thread-0 BaseServiceProxy     : -> GET /v1/api/tickle,200|442ms
20:49:32.374 DEBUG vert.x-eventloop-thread-0 ClientPortalService  : tickle {"session":"4832ca246c93e44996b29b3504034bb6","ssoExpires":360218,"collission":false,"userId":50301190,"hmds":{"error":"no bridge"},"iserver":{"authStatus":{"authenticated":true,"established":true,"competing":false,"connected":true,"message":"","MAC":"06:A8:C0:D9:D5:E3","serverInfo":{"serverName":"JifS19074","serverVersion":"Build 10.44.1h, Apr 20, 2026 11:22:51 AM"},"hardware_info":"275c5aa2|06:A8:C0:D9:D5:E3"}}}
20:50:02.014 INFO  vert.x-eventloop-thread-0 BaseServiceProxy     : -> GET /v1/api/tickle,200|84ms
20:50:02.016 DEBUG vert.x-eventloop-thread-0 ClientPortalService  : tickle {"session":"4832ca246c93e44996b29b3504034bb6","ssoExpires":330225,"collission":false,"userId":50301190,"hmds":{"error":"no bridge"},"iserver":{"authStatus":{"authenticated":true,"established":true,"competing":false,"connected":true,"message":"","MAC":"06:A8:C0:D9:D5:E3","serverInfo":{"serverName":"JifS19074","serverVersion":"Build 10.44.1h, Apr 20, 2026 11:22:51 AM"},"hardware_info":"275c5aa2|06:A8:C0:D9:D5:E3"}}}
20:50:19.779 INFO  vert.x-eventloop-thread-0 BaseServiceProxy     : -> GET /v1/api/portfolio/U5799398/summary,200|362ms
20:50:19.859 INFO  vert.x-eventloop-thread-0 BaseServiceProxy     : -> GET /v1/api/iserver/account/orders,200|76ms
20:50:21.891 INFO  vert.x-eventloop-thread-0 BaseServiceProxy     : -> GET /v1/api/portfolio/U5799398/positions/0?direction=a&period=1W&sort=position,200|2100ms
20:50:27.035 INFO  vert.x-eventloop-thread-0 BaseServiceProxy     : -> GET /sso/ping,200|282ms
20:50:27.037 INFO  vert.x-eventloop-thread-0 SsoService           : sso ping {"result": "true"}
20:50:32.009 INFO  vert.x-eventloop-thread-0 BaseServiceProxy     : -> GET /v1/api/tickle,200|81ms
20:50:32.009 DEBUG vert.x-eventloop-thread-0 ClientPortalService  : tickle {"session":"4832ca246c93e44996b29b3504034bb6","ssoExpires":300219,"collission":false,"userId":50301190,"hmds":{"error":"no bridge"},"iserver":{"authStatus":{"authenticated":true,"established":true,"competing":false,"connected":true,"message":"","MAC":"06:A8:C0:D9:D5:E3","serverInfo":{"serverName":"JifS19074","serverVersion":"Build 10.44.1h, Apr 20, 2026 11:22:51 AM"},"hardware_info":"275c5aa2|06:A8:C0:D9:D5:E3"}}}
20:50:40.196 INFO  vert.x-eventloop-thread-0 BaseServiceProxy     : -> GET /v1/api/iserver/secdef/search?symbol=DBC&secType=STK,200|222ms
20:50:40.297 INFO  vert.x-eventloop-thread-0 BaseServiceProxy     : -> GET /v1/api/iserver/account/orders,200|91ms
20:50:40.642 INFO  vert.x-eventloop-thread-0 BaseServiceProxy     : -> GET /v1/api/portfolio/U5799398/summary,200|117ms
20:50:41.077 INFO  vert.x-eventloop-thread-0 BaseServiceProxy     : -> GET /v1/api/iserver/account/U5799398/orders,200|432ms
20:50:41.133 INFO  vert.x-eventloop-thread-0 BaseServiceProxy     : -> GET /v1/api/iserver/reply/4388e7c2-e6bf-49d3-9388-358605dc2b59,200|55ms
20:50:41.206 INFO  vert.x-eventloop-thread-0 BaseServiceProxy     : -> GET /v1/api/iserver/reply/27c99cd3-9ef7-4b17-a379-410e5c016541,200|72ms
20:50:41.266 INFO  vert.x-eventloop-thread-0 BaseServiceProxy     : -> GET /v1/api/iserver/reply/e1c809d1-b99e-40bf-a672-7b1ef588658c,200|57ms
20:50:41.361 INFO  vert.x-eventloop-thread-0 BaseServiceProxy     : -> GET /v1/api/iserver/reply/87a83169-a707-4113-adca-d50d2539ba15,200|92ms
20:50:41.450 INFO  vert.x-eventloop-thread-0 BaseServiceProxy     : -> GET /v1/api/iserver/reply/f35c1002-4421-4e80-addb-da1b608b252c,200|85ms
20:50:41.510 INFO  vert.x-eventloop-thread-0 BaseServiceProxy     : -> GET /v1/api/iserver/account/orders,200|57ms
20:50:41.831 INFO  vert.x-eventloop-thread-0 BaseServiceProxy     : -> GET /v1/api/iserver/marketdata/history?conid=319355208&period=30d&bar=1d&outsideRth=false,200|297ms
20:50:41.901 INFO  vert.x-eventloop-thread-0 BaseServiceProxy     : -> GET /v1/api/iserver/marketdata/history?conid=319355208&period=30d&bar=1d&outsideRth=false,200|67ms
20:51:01.990 INFO  vert.x-eventloop-thread-0 BaseServiceProxy     : -> GET /v1/api/tickle,200|61ms
20:51:01.992 DEBUG vert.x-eventloop-thread-0 ClientPortalService  : tickle {"session":"4832ca246c93e44996b29b3504034bb6","ssoExpires":270228,"collission":false,"userId":50301190,"hmds":{"error":"no bridge"},"iserver":{"authStatus":{"authenticated":true,"established":true,"competing":false,"connected":true,"message":"","MAC":"06:A8:C0:D9:D5:E3","serverInfo":{"serverName":"JifS19074","serverVersion":"Build 10.44.1h, Apr 20, 2026 11:22:51 AM"},"hardware_info":"275c5aa2|06:A8:C0:D9:D5:E3"}}}
20:51:07.249 INFO  vert.x-eventloop-thread-0 BaseServiceProxy     : -> GET /v1/api/iserver/account/orders,200|109ms
20:51:07.801 INFO  vert.x-eventloop-thread-0 BaseServiceProxy     : -> GET /v1/api/iserver/marketdata/history?conid=319355208&period=30d&bar=1d&outsideRth=false,200|58ms
20:51:07.862 INFO  vert.x-eventloop-thread-0 BaseServiceProxy     : -> GET /v1/api/iserver/marketdata/history?conid=319355208&period=30d&bar=1d&outsideRth=false,200|56ms
20:51:08.022 INFO  vert.x-eventloop-thread-0 BaseServiceProxy     : -> GET /v1/api/iserver/account/orders,200|92ms
20:51:08.900 INFO  vert.x-eventloop-thread-0 BaseServiceProxy     : -> GET /v1/api/iserver/account/orders,200|87ms
20:51:09.523 INFO  vert.x-eventloop-thread-0 BaseServiceProxy     : -> GET /v1/api/iserver/account/U5799398/order/2080396982,200|359ms
20:51:09.751 INFO  vert.x-eventloop-thread-0 BaseServiceProxy     : -> GET /v1/api/iserver/account/orders,200|224ms
20:51:10.468 INFO  vert.x-eventloop-thread-0 BaseServiceProxy     : -> GET /v1/api/iserver/marketdata/history?conid=319355208&period=30d&bar=1d&outsideRth=false,200|130ms
20:51:10.607 INFO  vert.x-eventloop-thread-0 BaseServiceProxy     : -> GET /v1/api/iserver/marketdata/history?conid=319355208&period=30d&bar=1d&outsideRth=false,200|136ms
20:51:10.840 INFO  vert.x-eventloop-thread-0 BaseServiceProxy     : -> GET /v1/api/iserver/account/orders,200|184ms
20:51:14.651 INFO  vert.x-eventloop-thread-0 BaseServiceProxy     : -> GET /v1/api/iserver/account/orders,200|93ms
20:51:15.393 INFO  vert.x-eventloop-thread-0 BaseServiceProxy     : -> GET /v1/api/iserver/marketdata/history?conid=319355208&period=30d&bar=1d&outsideRth=false,200|91ms
20:51:15.531 INFO  vert.x-eventloop-thread-0 BaseServiceProxy     : -> GET /v1/api/iserver/marketdata/history?conid=319355208&period=30d&bar=1d&outsideRth=false,200|135ms
20:51:32.152 INFO  vert.x-eventloop-thread-0 BaseServiceProxy     : -> GET /v1/api/tickle,200|222ms
20:51:32.155 DEBUG vert.x-eventloop-thread-0 ClientPortalService  : tickle {"session":"4832ca246c93e44996b29b3504034bb6","ssoExpires":240211,"collission":false,"userId":50301190,"hmds":{"error":"no bridge"},"iserver":{"authStatus":{"authenticated":true,"established":true,"competing":false,"connected":true,"message":"","MAC":"06:A8:C0:D9:D5:E3","serverInfo":{"serverName":"JifS19074","serverVersion":"Build 10.44.1h, Apr 20, 2026 11:22:51 AM"},"hardware_info":"275c5aa2|06:A8:C0:D9:D5:E3"}}}
20:52:01.985 INFO  vert.x-eventloop-thread-0 BaseServiceProxy     : -> GET /v1/api/tickle,200|56ms
20:52:01.987 DEBUG vert.x-eventloop-thread-0 ClientPortalService  : tickle {"session":"4832ca246c93e44996b29b3504034bb6","ssoExpires":210228,"collission":false,"userId":50301190,"hmds":{"error":"no bridge"},"iserver":{"authStatus":{"authenticated":true,"established":true,"competing":false,"connected":true,"message":"","MAC":"06:A8:C0:D9:D5:E3","serverInfo":{"serverName":"JifS19074","serverVersion":"Build 10.44.1h, Apr 20, 2026 11:22:51 AM"},"hardware_info":"275c5aa2|06:A8:C0:D9:D5:E3"}}}
20:52:31.993 INFO  vert.x-eventloop-thread-0 BaseServiceProxy     : -> GET /v1/api/tickle,200|64ms
20:52:31.995 DEBUG vert.x-eventloop-thread-0 ClientPortalService  : tickle {"session":"4832ca246c93e44996b29b3504034bb6","ssoExpires":180218,"collission":false,"userId":50301190,"hmds":{"error":"no bridge"},"iserver":{"authStatus":{"authenticated":true,"established":true,"competing":false,"connected":true,"message":"","MAC":"06:A8:C0:D9:D5:E3","serverInfo":{"serverName":"JifS19074","serverVersion":"Build 10.44.1h, Apr 20, 2026 11:22:51 AM"},"hardware_info":"275c5aa2|06:A8:C0:D9:D5:E3"}}}
20:52:37.716 INFO  vert.x-eventloop-thread-0 BaseServiceProxy     : -> GET /v1/api/iserver/account/orders,200|56ms
20:52:37.799 INFO  vert.x-eventloop-thread-0 BaseServiceProxy     : -> GET /v1/api/iserver/account/orders,200|63ms
20:52:38.224 INFO  vert.x-eventloop-thread-0 BaseServiceProxy     : -> GET /v1/api/iserver/account/U5799398/order/1198175565,200|327ms
20:52:38.286 INFO  vert.x-eventloop-thread-0 BaseServiceProxy     : -> GET /v1/api/iserver/reply/729109ff-9883-4e38-84e9-7e3285f8483e,200|59ms
20:52:38.340 INFO  vert.x-eventloop-thread-0 BaseServiceProxy     : -> GET /v1/api/iserver/account/orders,200|54ms
20:52:38.739 INFO  vert.x-eventloop-thread-0 BaseServiceProxy     : -> GET /v1/api/iserver/marketdata/history?conid=239037320&period=30d&bar=1d&outsideRth=false,200|383ms
20:52:39.882 INFO  vert.x-eventloop-thread-0 BaseServiceProxy     : -> GET /v1/api/iserver/marketdata/history?conid=239037320&period=30d&bar=1d&outsideRth=false,200|1131ms
20:52:40.001 INFO  vert.x-eventloop-thread-0 BaseServiceProxy     : -> GET /v1/api/iserver/account/orders,200|57ms
20:53:02.036 INFO  vert.x-eventloop-thread-0 BaseServiceProxy     : -> GET /v1/api/tickle,200|107ms
20:53:02.037 DEBUG vert.x-eventloop-thread-0 ClientPortalService  : tickle {"session":"4832ca246c93e44996b29b3504034bb6","ssoExpires":150193,"collission":false,"userId":50301190,"hmds":{"error":"no bridge"},"iserver":{"authStatus":{"authenticated":true,"established":true,"competing":false,"connected":true,"message":"","MAC":"06:A8:C0:D9:D5:E3","serverInfo":{"serverName":"JifS19074","serverVersion":"Build 10.44.1h, Apr 20, 2026 11:22:51 AM"},"hardware_info":"275c5aa2|06:A8:C0:D9:D5:E3"}}}
20:53:04.475 INFO  vert.x-eventloop-thread-0 BaseServiceProxy     : -> GET /v1/api/iserver/account/orders,200|203ms
20:53:05.383 INFO  vert.x-eventloop-thread-0 BaseServiceProxy     : -> GET /v1/api/iserver/account/orders,200|260ms
20:53:07.052 INFO  vert.x-eventloop-thread-0 BaseServiceProxy     : -> GET /v1/api/iserver/account/U5799398/order/177393860,200|352ms
20:53:07.129 INFO  vert.x-eventloop-thread-0 BaseServiceProxy     : -> GET /v1/api/iserver/reply/67fb292f-ab94-4e46-81e5-bb24beb66539,200|74ms
20:53:07.314 INFO  vert.x-eventloop-thread-0 BaseServiceProxy     : -> GET /v1/api/iserver/account/orders,200|182ms
20:53:08.373 INFO  vert.x-eventloop-thread-0 BaseServiceProxy     : -> GET /v1/api/iserver/marketdata/history?conid=35091350&period=30d&bar=1d&outsideRth=false,200|382ms
20:53:08.447 INFO  vert.x-eventloop-thread-0 BaseServiceProxy     : -> GET /v1/api/iserver/marketdata/history?conid=35091350&period=30d&bar=1d&outsideRth=false,200|72ms
20:53:08.599 INFO  vert.x-eventloop-thread-0 BaseServiceProxy     : -> GET /v1/api/iserver/account/orders,200|96ms
20:53:31.998 INFO  vert.x-eventloop-thread-0 BaseServiceProxy     : -> GET /v1/api/tickle,200|69ms
20:53:31.999 DEBUG vert.x-eventloop-thread-0 ClientPortalService  : tickle {"session":"4832ca246c93e44996b29b3504034bb6","ssoExpires":120223,"collission":false,"userId":50301190,"hmds":{"error":"no bridge"},"iserver":{"authStatus":{"authenticated":true,"established":true,"competing":false,"connected":true,"message":"","MAC":"06:A8:C0:D9:D5:E3","serverInfo":{"serverName":"JifS19074","serverVersion":"Build 10.44.1h, Apr 20, 2026 11:22:51 AM"},"hardware_info":"275c5aa2|06:A8:C0:D9:D5:E3"}}}
20:54:02.006 INFO  vert.x-eventloop-thread-0 BaseServiceProxy     : -> GET /v1/api/tickle,200|77ms
20:54:02.009 DEBUG vert.x-eventloop-thread-0 ClientPortalService  : tickle {"session":"4832ca246c93e44996b29b3504034bb6","ssoExpires":90220,"collission":false,"userId":50301190,"hmds":{"error":"no bridge"},"iserver":{"authStatus":{"authenticated":true,"established":true,"competing":false,"connected":true,"message":"","MAC":"06:A8:C0:D9:D5:E3","serverInfo":{"serverName":"JifS19074","serverVersion":"Build 10.44.1h, Apr 20, 2026 11:22:51 AM"},"hardware_info":"275c5aa2|06:A8:C0:D9:D5:E3"}}}
20:54:32.176 INFO  vert.x-eventloop-thread-0 BaseServiceProxy     : -> GET /v1/api/tickle,200|246ms
20:54:32.177 DEBUG vert.x-eventloop-thread-0 ClientPortalService  : tickle {"session":"4832ca246c93e44996b29b3504034bb6","ssoExpires":60073,"collission":false,"userId":50301190,"hmds":{"error":"no bridge"},"iserver":{"authStatus":{"authenticated":true,"established":true,"competing":false,"connected":true,"message":"","MAC":"06:A8:C0:D9:D5:E3","serverInfo":{"serverName":"JifS19074","serverVersion":"Build 10.44.1h, Apr 20, 2026 11:22:51 AM"},"hardware_info":"275c5aa2|06:A8:C0:D9:D5:E3"}}}
20:55:02.042 INFO  vert.x-eventloop-thread-0 BaseServiceProxy     : -> GET /v1/api/tickle,200|113ms
20:55:02.043 DEBUG vert.x-eventloop-thread-0 ClientPortalService  : tickle {"session":"4832ca246c93e44996b29b3504034bb6","ssoExpires":30215,"collission":false,"userId":50301190,"hmds":{"error":"no bridge"},"iserver":{"authStatus":{"authenticated":true,"established":true,"competing":false,"connected":true,"message":"","MAC":"06:A8:C0:D9:D5:E3","serverInfo":{"serverName":"JifS19074","serverVersion":"Build 10.44.1h, Apr 20, 2026 11:22:51 AM"},"hardware_info":"275c5aa2|06:A8:C0:D9:D5:E3"}}}
20:55:27.194 INFO  vert.x-eventloop-thread-0 BaseServiceProxy     : -> GET /sso/ping,200|441ms
20:55:27.194 INFO  vert.x-eventloop-thread-0 SsoService           : sso ping {"result": "true"}
20:55:32.187 INFO  vert.x-eventloop-thread-0 BaseServiceProxy     : -> GET /v1/api/tickle,200|259ms
20:55:32.188 DEBUG vert.x-eventloop-thread-0 ClientPortalService  : tickle {"session":"4832ca246c93e44996b29b3504034bb6","ssoExpires":65,"collission":false,"userId":50301190,"hmds":{"error":"no bridge"},"iserver":{"authStatus":{"authenticated":true,"established":true,"competing":false,"connected":true,"message":"","MAC":"06:A8:C0:D9:D5:E3","serverInfo":{"serverName":"JifS19074","serverVersion":"Build 10.44.1h, Apr 20, 2026 11:22:51 AM"},"hardware_info":"275c5aa2|06:A8:C0:D9:D5:E3"}}}
20:56:02.028 INFO  vert.x-eventloop-thread-0 BaseServiceProxy     : -> GET /v1/api/tickle,200|100ms
20:56:02.030 DEBUG vert.x-eventloop-thread-0 ClientPortalService  : tickle {"session":"4832ca246c93e44996b29b3504034bb6","ssoExpires":600000,"collission":false,"userId":50301190,"hmds":{"error":"no bridge"},"iserver":{"authStatus":{"authenticated":true,"established":true,"competing":false,"connected":true,"message":"","MAC":"06:A8:C0:D9:D5:E3","serverInfo":{"serverName":"JifS19074","serverVersion":"Build 10.44.1h, Apr 20, 2026 11:22:51 AM"},"hardware_info":"275c5aa2|06:A8:C0:D9:D5:E3"}}}
20:56:32.038 INFO  vert.x-eventloop-thread-0 BaseServiceProxy     : -> GET /v1/api/tickle,200|109ms
20:56:32.038 DEBUG vert.x-eventloop-thread-0 ClientPortalService  : tickle {"session":"4832ca246c93e44996b29b3504034bb6","ssoExpires":569987,"collission":false,"userId":50301190,"hmds":{"error":"no bridge"},"iserver":{"authStatus":{"authenticated":true,"established":true,"competing":false,"connected":true,"message":"","MAC":"06:A8:C0:D9:D5:E3","serverInfo":{"serverName":"JifS19074","serverVersion":"Build 10.44.1h, Apr 20, 2026 11:22:51 AM"},"hardware_info":"275c5aa2|06:A8:C0:D9:D5:E3"}}}
20:57:02.020 INFO  vert.x-eventloop-thread-0 BaseServiceProxy     : -> GET /v1/api/tickle,200|91ms
20:57:02.021 DEBUG vert.x-eventloop-thread-0 ClientPortalService  : tickle {"session":"4832ca246c93e44996b29b3504034bb6","ssoExpires":539993,"collission":false,"userId":50301190,"hmds":{"error":"no bridge"},"iserver":{"authStatus":{"authenticated":true,"established":true,"competing":false,"connected":true,"message":"","MAC":"06:A8:C0:D9:D5:E3","serverInfo":{"serverName":"JifS19074","serverVersion":"Build 10.44.1h, Apr 20, 2026 11:22:51 AM"},"hardware_info":"275c5aa2|06:A8:C0:D9:D5:E3"}}}
20:57:32.165 INFO  vert.x-eventloop-thread-0 BaseServiceProxy     : -> GET /v1/api/tickle,200|237ms
20:57:32.166 DEBUG vert.x-eventloop-thread-0 ClientPortalService  : tickle {"session":"4832ca246c93e44996b29b3504034bb6","ssoExpires":509847,"collission":false,"userId":50301190,"hmds":{"error":"no bridge"},"iserver":{"authStatus":{"authenticated":true,"established":true,"competing":false,"connected":true,"message":"","MAC":"06:A8:C0:D9:D5:E3","serverInfo":{"serverName":"JifS19074","serverVersion":"Build 10.44.1h, Apr 20, 2026 11:22:51 AM"},"hardware_info":"275c5aa2|06:A8:C0:D9:D5:E3"}}}
20:58:02.216 INFO  vert.x-eventloop-thread-0 BaseServiceProxy     : -> GET /v1/api/tickle,200|285ms
20:58:02.217 DEBUG vert.x-eventloop-thread-0 ClientPortalService  : tickle {"session":"4832ca246c93e44996b29b3504034bb6","ssoExpires":479827,"collission":false,"userId":50301190,"hmds":{"error":"no bridge"},"iserver":{"authStatus":{"authenticated":true,"established":true,"competing":false,"connected":true,"message":"","MAC":"06:A8:C0:D9:D5:E3","serverInfo":{"serverName":"JifS19074","serverVersion":"Build 10.44.1h, Apr 20, 2026 11:22:51 AM"},"hardware_info":"275c5aa2|06:A8:C0:D9:D5:E3"}}}
20:58:32.029 INFO  vert.x-eventloop-thread-0 BaseServiceProxy     : -> GET /v1/api/tickle,200|102ms
20:58:32.031 DEBUG vert.x-eventloop-thread-0 ClientPortalService  : tickle {"session":"4832ca246c93e44996b29b3504034bb6","ssoExpires":449989,"collission":false,"userId":50301190,"hmds":{"error":"no bridge"},"iserver":{"authStatus":{"authenticated":true,"established":true,"competing":false,"connected":true,"message":"","MAC":"06:A8:C0:D9:D5:E3","serverInfo":{"serverName":"JifS19074","serverVersion":"Build 10.44.1h, Apr 20, 2026 11:22:51 AM"},"hardware_info":"275c5aa2|06:A8:C0:D9:D5:E3"}}}
20:59:02.005 INFO  vert.x-eventloop-thread-0 BaseServiceProxy     : -> GET /v1/api/tickle,200|76ms
20:59:02.007 DEBUG vert.x-eventloop-thread-0 ClientPortalService  : tickle {"session":"4832ca246c93e44996b29b3504034bb6","ssoExpires":419994,"collission":false,"userId":50301190,"hmds":{"error":"no bridge"},"iserver":{"authStatus":{"authenticated":true,"established":true,"competing":false,"connected":true,"message":"","MAC":"06:A8:C0:D9:D5:E3","serverInfo":{"serverName":"JifS19074","serverVersion":"Build 10.44.1h, Apr 20, 2026 11:22:51 AM"},"hardware_info":"275c5aa2|06:A8:C0:D9:D5:E3"}}}
20:59:32.043 INFO  vert.x-eventloop-thread-0 BaseServiceProxy     : -> GET /v1/api/tickle,200|90ms
20:59:32.045 DEBUG vert.x-eventloop-thread-0 ClientPortalService  : tickle {"session":"4832ca246c93e44996b29b3504034bb6","ssoExpires":389968,"collission":false,"userId":50301190,"hmds":{"error":"no bridge"},"iserver":{"authStatus":{"authenticated":true,"established":true,"competing":false,"connected":true,"message":"","MAC":"06:A8:C0:D9:D5:E3","serverInfo":{"serverName":"JifS19074","serverVersion":"Build 10.44.1h, Apr 20, 2026 11:22:51 AM"},"hardware_info":"275c5aa2|06:A8:C0:D9:D5:E3"}}}
21:00:02.006 INFO  vert.x-eventloop-thread-0 BaseServiceProxy     : -> GET /v1/api/tickle,200|77ms
21:00:02.013 DEBUG vert.x-eventloop-thread-0 ClientPortalService  : tickle {"session":"4832ca246c93e44996b29b3504034bb6","ssoExpires":359993,"collission":false,"userId":50301190,"hmds":{"error":"no bridge"},"iserver":{"authStatus":{"authenticated":true,"established":true,"competing":false,"connected":true,"message":"","MAC":"06:A8:C0:D9:D5:E3","serverInfo":{"serverName":"JifS19074","serverVersion":"Build 10.44.1h, Apr 20, 2026 11:22:51 AM"},"hardware_info":"275c5aa2|06:A8:C0:D9:D5:E3"}}}
21:00:27.194 INFO  vert.x-eventloop-thread-0 BaseServiceProxy     : -> GET /sso/ping,200|442ms
21:00:27.197 INFO  vert.x-eventloop-thread-0 SsoService           : sso ping {"result": "true"}
21:00:32.088 INFO  vert.x-eventloop-thread-0 BaseServiceProxy     : -> GET /v1/api/tickle,200|161ms
21:00:32.088 DEBUG vert.x-eventloop-thread-0 ClientPortalService  : tickle {"session":"4832ca246c93e44996b29b3504034bb6","ssoExpires":329939,"collission":false,"userId":50301190,"hmds":{"error":"no bridge"},"iserver":{"authStatus":{"authenticated":true,"established":true,"competing":false,"connected":true,"message":"","MAC":"06:A8:C0:D9:D5:E3","serverInfo":{"serverName":"JifS19074","serverVersion":"Build 10.44.1h, Apr 20, 2026 11:22:51 AM"},"hardware_info":"275c5aa2|06:A8:C0:D9:D5:E3"}}}
21:01:02.235 INFO  vert.x-eventloop-thread-0 BaseServiceProxy     : -> GET /v1/api/tickle,200|306ms
21:01:02.238 DEBUG vert.x-eventloop-thread-0 ClientPortalService  : tickle {"session":"4832ca246c93e44996b29b3504034bb6","ssoExpires":299986,"collission":false,"userId":50301190,"hmds":{"error":"no bridge"},"iserver":{"authStatus":{"authenticated":true,"established":true,"competing":false,"connected":true,"message":"","MAC":"06:A8:C0:D9:D5:E3","serverInfo":{"serverName":"JifS19074","serverVersion":"Build 10.44.1h, Apr 20, 2026 11:22:51 AM"},"hardware_info":"275c5aa2|06:A8:C0:D9:D5:E3"}}}
21:01:32.239 INFO  vert.x-eventloop-thread-0 BaseServiceProxy     : -> GET /v1/api/tickle,200|311ms
21:01:32.242 DEBUG vert.x-eventloop-thread-0 ClientPortalService  : tickle {"session":"4832ca246c93e44996b29b3504034bb6","ssoExpires":269844,"collission":false,"userId":50301190,"hmds":{"error":"no bridge"},"iserver":{"authStatus":{"authenticated":true,"established":true,"competing":false,"connected":true,"message":"","MAC":"06:A8:C0:D9:D5:E3","serverInfo":{"serverName":"JifS19074","serverVersion":"Build 10.44.1h, Apr 20, 2026 11:22:51 AM"},"hardware_info":"275c5aa2|06:A8:C0:D9:D5:E3"}}}
21:01:34.104 INFO  vert.x-eventloop-thread-0 BaseServiceProxy     : -> GET /v1/api/portfolio/U5799398/summary,200|157ms
21:01:34.491 INFO  vert.x-eventloop-thread-0 BaseServiceProxy     : -> GET /v1/api/iserver/account/orders,200|341ms
21:01:34.648 INFO  vert.x-eventloop-thread-0 BaseServiceProxy     : -> GET /v1/api/portfolio/U5799398/positions/0?direction=a&period=1W&sort=position,200|488ms
21:01:41.911 INFO  vert.x-eventloop-thread-0 BaseServiceProxy     : -> GET /v1/api/iserver/secdef/search?symbol=PARR&secType=STK,200|107ms
21:01:42.001 INFO  vert.x-eventloop-thread-0 BaseServiceProxy     : -> GET /v1/api/iserver/account/orders,200|88ms
21:01:42.495 INFO  vert.x-eventloop-thread-0 BaseServiceProxy     : -> GET /v1/api/portfolio/U5799398/summary,200|131ms
21:01:42.696 INFO  vert.x-eventloop-thread-0 BaseServiceProxy     : -> GET /v1/api/iserver/account/U5799398/orders,401|151ms
21:01:43.817 INFO  vert.x-eventloop-thread-0 BaseServiceProxy     : -> GET /v1/api/iserver/reply/null,400|1098ms
21:01:45.966 INFO  vert.x-eventloop-thread-0 BaseServiceProxy     : -> GET /v1/api/iserver/reply/null,400|75ms
21:01:50.523 INFO  vert.x-eventloop-thread-0 BaseServiceProxy     : -> GET /v1/api/iserver/auth/ssodh/init?publish=true&compete=true,200|357ms
21:01:50.838 INFO  vert.x-eventloop-thread-0 BaseServiceProxy     : -> GET /v1/api/iserver/account/orders,200|83ms
21:01:51.030 INFO  vert.x-eventloop-thread-0 BaseServiceProxy     : -> GET /v1/api/tickle,200|57ms
21:01:55.033 INFO  vert.x-eventloop-thread-0 BaseServiceProxy     : -> GET /v1/api/portfolio/U5799398/summary,200|225ms
21:01:55.493 INFO  vert.x-eventloop-thread-0 BaseServiceProxy     : -> GET /v1/api/iserver/account/orders,200|119ms
21:01:57.531 INFO  vert.x-eventloop-thread-0 BaseServiceProxy     : -> GET /v1/api/portfolio/U5799398/positions/0?direction=a&period=1W&sort=position,200|2167ms
21:02:02.014 INFO  vert.x-eventloop-thread-0 BaseServiceProxy     : -> GET /v1/api/tickle,200|87ms
21:02:02.014 DEBUG vert.x-eventloop-thread-0 ClientPortalService  : tickle {"session":"4832ca246c93e44996b29b3504034bb6","ssoExpires":240000,"collission":false,"userId":50301190,"hmds":{"error":"no bridge"},"iserver":{"authStatus":{"authenticated":true,"established":true,"competing":false,"connected":true,"message":"","MAC":"06:A8:C0:D9:D5:E3","serverInfo":{"serverName":"JifS19074","serverVersion":"Build 10.44.1h, Apr 20, 2026 11:22:51 AM"},"hardware_info":"275c5aa2|06:A8:C0:D9:D5:E3"}}}
21:02:05.265 INFO  vert.x-eventloop-thread-0 BaseServiceProxy     : -> GET /v1/api/iserver/secdef/search?symbol=PARR&secType=STK,200|252ms
21:02:05.332 INFO  vert.x-eventloop-thread-0 BaseServiceProxy     : -> GET /v1/api/iserver/account/orders,200|60ms
21:02:05.481 INFO  vert.x-eventloop-thread-0 BaseServiceProxy     : -> GET /v1/api/portfolio/U5799398/summary,200|138ms
21:02:05.965 INFO  vert.x-eventloop-thread-0 BaseServiceProxy     : -> GET /v1/api/iserver/account/U5799398/orders,200|431ms
21:02:06.055 INFO  vert.x-eventloop-thread-0 BaseServiceProxy     : -> GET /v1/api/iserver/reply/17df4d43-0d70-44c8-8f42-24cba630632b,200|89ms
21:02:06.150 INFO  vert.x-eventloop-thread-0 BaseServiceProxy     : -> GET /v1/api/iserver/reply/ba70a727-1ae8-4587-ade8-4f8a4d6f1114,200|93ms
21:02:06.248 INFO  vert.x-eventloop-thread-0 BaseServiceProxy     : -> GET /v1/api/iserver/reply/005dd22a-02a0-4367-a146-efb3e96d21ef,200|95ms
21:02:06.353 INFO  vert.x-eventloop-thread-0 BaseServiceProxy     : -> GET /v1/api/iserver/reply/512293e6-4efc-4e4b-935b-8bf028084431,200|95ms
21:02:06.593 INFO  vert.x-eventloop-thread-0 BaseServiceProxy     : -> GET /v1/api/iserver/reply/d2717a8b-4058-4d20-9f68-f2ff68a1bd1e,200|238ms
21:02:06.745 INFO  vert.x-eventloop-thread-0 BaseServiceProxy     : -> GET /v1/api/iserver/reply/9cdd7f96-8942-4f08-959f-abc13e89108a,200|150ms
21:02:06.842 INFO  vert.x-eventloop-thread-0 BaseServiceProxy     : -> GET /v1/api/iserver/account/orders,200|96ms
21:02:08.603 INFO  vert.x-eventloop-thread-0 BaseServiceProxy     : -> GET /v1/api/iserver/marketdata/history?conid=143288167&period=30d&bar=1d&outsideRth=false,200|338ms
21:02:08.705 INFO  vert.x-eventloop-thread-0 BaseServiceProxy     : -> GET /v1/api/iserver/marketdata/history?conid=143288167&period=30d&bar=1d&outsideRth=false,200|93ms
21:02:10.043 INFO  vert.x-eventloop-thread-0 BaseServiceProxy     : -> GET /v1/api/iserver/account/orders,200|121ms
21:02:11.201 INFO  vert.x-eventloop-thread-0 BaseServiceProxy     : -> GET /v1/api/iserver/marketdata/history?conid=143288167&period=30d&bar=1d&outsideRth=false,200|85ms
21:02:11.320 INFO  vert.x-eventloop-thread-0 BaseServiceProxy     : -> GET /v1/api/iserver/marketdata/history?conid=143288167&period=30d&bar=1d&outsideRth=false,200|116ms
21:02:11.457 INFO  vert.x-eventloop-thread-0 BaseServiceProxy     : -> GET /v1/api/iserver/account/orders,200|81ms
21:02:11.664 INFO  vert.x-eventloop-thread-0 BaseServiceProxy     : -> GET /v1/api/iserver/account/orders,200|142ms
21:02:13.299 INFO  vert.x-eventloop-thread-0 BaseServiceProxy     : -> GET /v1/api/iserver/account/U5799398/order/2080396986,200|613ms
21:02:13.420 INFO  vert.x-eventloop-thread-0 BaseServiceProxy     : -> GET /v1/api/iserver/account/orders,200|120ms
21:02:13.677 INFO  vert.x-eventloop-thread-0 BaseServiceProxy     : -> GET /v1/api/iserver/marketdata/history?conid=143288167&period=30d&bar=1d&outsideRth=false,200|91ms
21:02:13.850 INFO  vert.x-eventloop-thread-0 BaseServiceProxy     : -> GET /v1/api/iserver/marketdata/history?conid=143288167&period=30d&bar=1d&outsideRth=false,200|170ms
21:02:14.031 INFO  vert.x-eventloop-thread-0 BaseServiceProxy     : -> GET /v1/api/iserver/account/orders,200|103ms
21:02:32.036 INFO  vert.x-eventloop-thread-0 BaseServiceProxy     : -> GET /v1/api/tickle,200|107ms
21:02:32.039 DEBUG vert.x-eventloop-thread-0 ClientPortalService  : tickle {"session":"4832ca246c93e44996b29b3504034bb6","ssoExpires":209986,"collission":false,"userId":50301190,"hmds":{"error":"no bridge"},"iserver":{"authStatus":{"authenticated":true,"established":true,"competing":false,"connected":true,"message":"","MAC":"06:A8:C0:D9:D5:E3","serverInfo":{"serverName":"JifS19074","serverVersion":"Build 10.44.1h, Apr 20, 2026 11:22:51 AM"},"hardware_info":"275c5aa2|06:A8:C0:D9:D5:E3"}}}
21:03:02.017 INFO  vert.x-eventloop-thread-0 BaseServiceProxy     : -> GET /v1/api/tickle,200|88ms
21:03:02.019 DEBUG vert.x-eventloop-thread-0 ClientPortalService  : tickle {"session":"4832ca246c93e44996b29b3504034bb6","ssoExpires":179995,"collission":false,"userId":50301190,"hmds":{"error":"no bridge"},"iserver":{"authStatus":{"authenticated":true,"established":true,"competing":false,"connected":true,"message":"","MAC":"06:A8:C0:D9:D5:E3","serverInfo":{"serverName":"JifS19074","serverVersion":"Build 10.44.1h, Apr 20, 2026 11:22:51 AM"},"hardware_info":"275c5aa2|06:A8:C0:D9:D5:E3"}}}
21:03:32.034 INFO  vert.x-eventloop-thread-0 BaseServiceProxy     : -> GET /v1/api/tickle,200|105ms
21:03:32.035 DEBUG vert.x-eventloop-thread-0 ClientPortalService  : tickle {"session":"4832ca246c93e44996b29b3504034bb6","ssoExpires":149990,"collission":false,"userId":50301190,"hmds":{"error":"no bridge"},"iserver":{"authStatus":{"authenticated":true,"established":true,"competing":false,"connected":true,"message":"","MAC":"06:A8:C0:D9:D5:E3","serverInfo":{"serverName":"JifS19074","serverVersion":"Build 10.44.1h, Apr 20, 2026 11:22:51 AM"},"hardware_info":"275c5aa2|06:A8:C0:D9:D5:E3"}}}
21:04:02.264 INFO  vert.x-eventloop-thread-0 BaseServiceProxy     : -> GET /v1/api/tickle,200|337ms
21:04:02.266 DEBUG vert.x-eventloop-thread-0 ClientPortalService  : tickle {"session":"4832ca246c93e44996b29b3504034bb6","ssoExpires":119761,"collission":false,"userId":50301190,"hmds":{"error":"no bridge"},"iserver":{"authStatus":{"authenticated":true,"established":true,"competing":false,"connected":true,"message":"","MAC":"06:A8:C0:D9:D5:E3","serverInfo":{"serverName":"JifS19074","serverVersion":"Build 10.44.1h, Apr 20, 2026 11:22:51 AM"},"hardware_info":"275c5aa2|06:A8:C0:D9:D5:E3"}}}
21:04:32.012 INFO  vert.x-eventloop-thread-0 BaseServiceProxy     : -> GET /v1/api/tickle,200|85ms
21:04:32.014 DEBUG vert.x-eventloop-thread-0 ClientPortalService  : tickle {"session":"4832ca246c93e44996b29b3504034bb6","ssoExpires":90000,"collission":false,"userId":50301190,"hmds":{"error":"no bridge"},"iserver":{"authStatus":{"authenticated":true,"established":true,"competing":false,"connected":true,"message":"","MAC":"06:A8:C0:D9:D5:E3","serverInfo":{"serverName":"JifS19074","serverVersion":"Build 10.44.1h, Apr 20, 2026 11:22:51 AM"},"hardware_info":"275c5aa2|06:A8:C0:D9:D5:E3"}}}
21:04:51.225 INFO  vert.x-eventloop-thread-0 BaseServiceProxy     : -> GET /v1/api/tickle,200|63ms
21:05:02.065 INFO  vert.x-eventloop-thread-0 BaseServiceProxy     : -> GET /v1/api/tickle,200|138ms
21:05:02.066 DEBUG vert.x-eventloop-thread-0 ClientPortalService  : tickle {"session":"4832ca246c93e44996b29b3504034bb6","ssoExpires":59979,"collission":false,"userId":50301190,"hmds":{"error":"no bridge"},"iserver":{"authStatus":{"authenticated":true,"established":true,"competing":false,"connected":true,"message":"","MAC":"06:A8:C0:D9:D5:E3","serverInfo":{"serverName":"JifS19074","serverVersion":"Build 10.44.1h, Apr 20, 2026 11:22:51 AM"},"hardware_info":"275c5aa2|06:A8:C0:D9:D5:E3"}}}
21:05:27.056 INFO  vert.x-eventloop-thread-0 BaseServiceProxy     : -> GET /sso/ping,200|305ms
21:05:27.058 INFO  vert.x-eventloop-thread-0 SsoService           : sso ping {"result": "true"}
21:05:32.023 INFO  vert.x-eventloop-thread-0 BaseServiceProxy     : -> GET /v1/api/tickle,200|96ms
21:05:32.024 DEBUG vert.x-eventloop-thread-0 ClientPortalService  : tickle {"session":"4832ca246c93e44996b29b3504034bb6","ssoExpires":29985,"collission":false,"userId":50301190,"hmds":{"error":"no bridge"},"iserver":{"authStatus":{"authenticated":true,"established":true,"competing":false,"connected":true,"message":"","MAC":"06:A8:C0:D9:D5:E3","serverInfo":{"serverName":"JifS19074","serverVersion":"Build 10.44.1h, Apr 20, 2026 11:22:51 AM"},"hardware_info":"275c5aa2|06:A8:C0:D9:D5:E3"}}}
21:06:02.026 INFO  vert.x-eventloop-thread-0 BaseServiceProxy     : -> GET /v1/api/tickle,200|99ms
21:06:02.027 DEBUG vert.x-eventloop-thread-0 ClientPortalService  : tickle {"session":"4832ca246c93e44996b29b3504034bb6","ssoExpires":600000,"collission":false,"userId":50301190,"hmds":{"error":"no bridge"},"iserver":{"authStatus":{"authenticated":true,"established":true,"competing":false,"connected":true,"message":"","MAC":"06:A8:C0:D9:D5:E3","serverInfo":{"serverName":"JifS19074","serverVersion":"Build 10.44.1h, Apr 20, 2026 11:22:51 AM"},"hardware_info":"275c5aa2|06:A8:C0:D9:D5:E3"}}}
21:06:32.047 INFO  vert.x-eventloop-thread-0 BaseServiceProxy     : -> GET /v1/api/tickle,200|114ms
21:06:32.048 DEBUG vert.x-eventloop-thread-0 ClientPortalService  : tickle {"session":"4832ca246c93e44996b29b3504034bb6","ssoExpires":569978,"collission":false,"userId":50301190,"hmds":{"error":"no bridge"},"iserver":{"authStatus":{"authenticated":true,"established":true,"competing":false,"connected":true,"message":"","MAC":"06:A8:C0:D9:D5:E3","serverInfo":{"serverName":"JifS19074","serverVersion":"Build 10.44.1h, Apr 20, 2026 11:22:51 AM"},"hardware_info":"275c5aa2|06:A8:C0:D9:D5:E3"}}}
21:07:02.058 INFO  vert.x-eventloop-thread-0 BaseServiceProxy     : -> GET /v1/api/tickle,200|131ms
21:07:02.060 DEBUG vert.x-eventloop-thread-0 ClientPortalService  : tickle {"session":"4832ca246c93e44996b29b3504034bb6","ssoExpires":539989,"collission":false,"userId":50301190,"hmds":{"error":"no bridge"},"iserver":{"authStatus":{"authenticated":true,"established":true,"competing":false,"connected":true,"message":"","MAC":"06:A8:C0:D9:D5:E3","serverInfo":{"serverName":"JifS19074","serverVersion":"Build 10.44.1h, Apr 20, 2026 11:22:51 AM"},"hardware_info":"275c5aa2|06:A8:C0:D9:D5:E3"}}}
21:07:32.270 INFO  vert.x-eventloop-thread-0 BaseServiceProxy     : -> GET /v1/api/tickle,200|342ms
21:07:32.272 DEBUG vert.x-eventloop-thread-0 ClientPortalService  : tickle {"session":"4832ca246c93e44996b29b3504034bb6","ssoExpires":509760,"collission":false,"userId":50301190,"hmds":{"error":"no bridge"},"iserver":{"authStatus":{"authenticated":true,"established":true,"competing":false,"connected":true,"message":"","MAC":"06:A8:C0:D9:D5:E3","serverInfo":{"serverName":"JifS19074","serverVersion":"Build 10.44.1h, Apr 20, 2026 11:22:51 AM"},"hardware_info":"275c5aa2|06:A8:C0:D9:D5:E3"}}}
21:07:51.606 INFO  vert.x-eventloop-thread-0 BaseServiceProxy     : -> GET /v1/api/iserver/account/orders,200|450ms
21:07:52.983 INFO  vert.x-eventloop-thread-0 BaseServiceProxy     : -> GET /v1/api/iserver/marketdata/history?conid=699378300&period=30d&bar=1d&outsideRth=false,200|327ms
21:07:53.006 INFO  vert.x-eventloop-thread-0 BaseServiceProxy     : -> GET /v1/api/tickle,200|1701ms
21:07:53.087 INFO  vert.x-eventloop-thread-0 BaseServiceProxy     : -> GET /v1/api/iserver/marketdata/history?conid=699378300&period=30d&bar=1d&outsideRth=false,200|99ms
21:08:02.086 INFO  vert.x-eventloop-thread-0 BaseServiceProxy     : -> GET /v1/api/tickle,200|158ms
21:08:02.088 DEBUG vert.x-eventloop-thread-0 ClientPortalService  : tickle {"session":"4832ca246c93e44996b29b3504034bb6","ssoExpires":479984,"collission":false,"userId":50301190,"hmds":{"error":"no bridge"},"iserver":{"authStatus":{"authenticated":true,"established":true,"competing":false,"connected":true,"message":"","MAC":"06:A8:C0:D9:D5:E3","serverInfo":{"serverName":"JifS19074","serverVersion":"Build 10.44.1h, Apr 20, 2026 11:22:51 AM"},"hardware_info":"275c5aa2|06:A8:C0:D9:D5:E3"}}}
21:08:32.248 INFO  vert.x-eventloop-thread-0 BaseServiceProxy     : -> GET /v1/api/tickle,200|321ms
21:08:32.249 DEBUG vert.x-eventloop-thread-0 ClientPortalService  : tickle {"session":"4832ca246c93e44996b29b3504034bb6","ssoExpires":449779,"collission":false,"userId":50301190,"hmds":{"error":"no bridge"},"iserver":{"authStatus":{"authenticated":true,"established":true,"competing":false,"connected":true,"message":"","MAC":"06:A8:C0:D9:D5:E3","serverInfo":{"serverName":"JifS19074","serverVersion":"Build 10.44.1h, Apr 20, 2026 11:22:51 AM"},"hardware_info":"275c5aa2|06:A8:C0:D9:D5:E3"}}}
21:09:02.042 INFO  vert.x-eventloop-thread-0 BaseServiceProxy     : -> GET /v1/api/tickle,200|114ms
21:09:02.044 DEBUG vert.x-eventloop-thread-0 ClientPortalService  : tickle {"session":"4832ca246c93e44996b29b3504034bb6","ssoExpires":419989,"collission":false,"userId":50301190,"hmds":{"error":"no bridge"},"iserver":{"authStatus":{"authenticated":true,"established":true,"competing":false,"connected":true,"message":"","MAC":"06:A8:C0:D9:D5:E3","serverInfo":{"serverName":"JifS19074","serverVersion":"Build 10.44.1h, Apr 20, 2026 11:22:51 AM"},"hardware_info":"275c5aa2|06:A8:C0:D9:D5:E3"}}}
21:09:32.291 INFO  vert.x-eventloop-thread-0 BaseServiceProxy     : -> GET /v1/api/tickle,200|364ms
21:09:32.293 DEBUG vert.x-eventloop-thread-0 ClientPortalService  : tickle {"session":"4832ca246c93e44996b29b3504034bb6","ssoExpires":389833,"collission":false,"userId":50301190,"hmds":{"error":"no bridge"},"iserver":{"authStatus":{"authenticated":true,"established":true,"competing":false,"connected":true,"message":"","MAC":"06:A8:C0:D9:D5:E3","serverInfo":{"serverName":"JifS19074","serverVersion":"Build 10.44.1h, Apr 20, 2026 11:22:51 AM"},"hardware_info":"275c5aa2|06:A8:C0:D9:D5:E3"}}}
21:10:02.348 INFO  vert.x-eventloop-thread-0 BaseServiceProxy     : -> GET /v1/api/tickle,200|421ms
21:10:02.350 DEBUG vert.x-eventloop-thread-0 ClientPortalService  : tickle {"session":"4832ca246c93e44996b29b3504034bb6","ssoExpires":360002,"collission":false,"userId":50301190,"hmds":{"error":"no bridge"},"iserver":{"authStatus":{"authenticated":true,"established":true,"competing":false,"connected":true,"message":"","MAC":"06:A8:C0:D9:D5:E3","serverInfo":{"serverName":"JifS19074","serverVersion":"Build 10.44.1h, Apr 20, 2026 11:22:51 AM"},"hardware_info":"275c5aa2|06:A8:C0:D9:D5:E3"}}}
21:10:12.431 INFO  vert.x-eventloop-thread-0 BaseServiceProxy     : -> GET /v1/api/portfolio/U5799398/summary,200|336ms
21:10:12.583 INFO  vert.x-eventloop-thread-0 BaseServiceProxy     : -> GET /v1/api/portfolio/U5799398/positions/0?direction=a&period=1W&sort=position,200|138ms
21:10:12.634 INFO  vert.x-eventloop-thread-0 BaseServiceProxy     : -> GET /v1/api/iserver/account/orders,200|196ms
21:10:27.339 INFO  vert.x-eventloop-thread-0 BaseServiceProxy     : -> GET /sso/ping,200|589ms
21:10:27.341 INFO  vert.x-eventloop-thread-0 SsoService           : sso ping {"result": "true"}
21:10:32.031 INFO  vert.x-eventloop-thread-0 BaseServiceProxy     : -> GET /v1/api/tickle,200|104ms
21:10:32.031 DEBUG vert.x-eventloop-thread-0 ClientPortalService  : tickle {"session":"4832ca246c93e44996b29b3504034bb6","ssoExpires":329996,"collission":false,"userId":50301190,"hmds":{"error":"no bridge"},"iserver":{"authStatus":{"authenticated":true,"established":true,"competing":false,"connected":true,"message":"","MAC":"06:A8:C0:D9:D5:E3","serverInfo":{"serverName":"JifS19074","serverVersion":"Build 10.44.1h, Apr 20, 2026 11:22:51 AM"},"hardware_info":"275c5aa2|06:A8:C0:D9:D5:E3"}}}
21:10:40.903 INFO  vert.x-eventloop-thread-0 BaseServiceProxy     : -> GET /v1/api/iserver/secdef/search?symbol=YPF&secType=STK,200|374ms
21:10:41.100 INFO  vert.x-eventloop-thread-0 BaseServiceProxy     : -> GET /v1/api/iserver/account/orders,200|192ms
21:10:42.636 INFO  vert.x-eventloop-thread-0 BaseServiceProxy     : -> GET /v1/api/portfolio/U5799398/summary,200|300ms
21:10:43.151 INFO  vert.x-eventloop-thread-0 BaseServiceProxy     : -> GET /v1/api/iserver/account/U5799398/orders,200|507ms
21:10:43.665 INFO  vert.x-eventloop-thread-0 BaseServiceProxy     : -> GET /v1/api/iserver/reply/99b53064-c444-490e-a816-6f7287e987c9,200|511ms
21:10:43.786 INFO  vert.x-eventloop-thread-0 BaseServiceProxy     : -> GET /v1/api/iserver/reply/6b7489b4-778a-4eb0-ab3e-492ee19656fa,200|119ms
21:10:43.892 INFO  vert.x-eventloop-thread-0 BaseServiceProxy     : -> GET /v1/api/iserver/reply/cba1427f-1c60-4504-837f-a8a4a0c523f1,200|104ms
21:10:43.991 INFO  vert.x-eventloop-thread-0 BaseServiceProxy     : -> GET /v1/api/iserver/reply/35ed97cc-e57c-45f9-a0b0-ee055da58e41,200|97ms
21:10:44.092 INFO  vert.x-eventloop-thread-0 BaseServiceProxy     : -> GET /v1/api/iserver/reply/a09ace61-e7a5-49e0-a971-9e454f18a8a3,200|99ms
21:10:44.202 INFO  vert.x-eventloop-thread-0 BaseServiceProxy     : -> GET /v1/api/iserver/reply/7e9c2387-5676-4ca4-a7e5-26842877537f,200|107ms
21:10:44.353 INFO  vert.x-eventloop-thread-0 BaseServiceProxy     : -> GET /v1/api/iserver/account/orders,200|149ms
21:10:45.711 INFO  vert.x-eventloop-thread-0 BaseServiceProxy     : -> GET /v1/api/iserver/marketdata/history?conid=14019&period=30d&bar=1d&outsideRth=false,200|420ms
21:10:45.912 INFO  vert.x-eventloop-thread-0 BaseServiceProxy     : -> GET /v1/api/iserver/marketdata/history?conid=14019&period=30d&bar=1d&outsideRth=false,200|197ms
21:10:47.921 INFO  vert.x-eventloop-thread-0 BaseServiceProxy     : -> GET /v1/api/iserver/account/orders,200|93ms
21:10:50.367 INFO  vert.x-eventloop-thread-0 BaseServiceProxy     : -> GET /v1/api/iserver/marketdata/history?conid=14019&period=30d&bar=1d&outsideRth=false,200|101ms
21:10:50.522 INFO  vert.x-eventloop-thread-0 BaseServiceProxy     : -> GET /v1/api/iserver/marketdata/history?conid=14019&period=30d&bar=1d&outsideRth=false,200|153ms
21:10:50.706 INFO  vert.x-eventloop-thread-0 BaseServiceProxy     : -> GET /v1/api/iserver/account/orders,200|99ms
21:10:51.613 INFO  vert.x-eventloop-thread-0 BaseServiceProxy     : -> GET /v1/api/iserver/account/orders,200|230ms
21:10:53.238 INFO  vert.x-eventloop-thread-0 BaseServiceProxy     : -> GET /v1/api/tickle,200|96ms
21:10:53.968 INFO  vert.x-eventloop-thread-0 BaseServiceProxy     : -> GET /v1/api/iserver/account/U5799398/order/2080396995,200|368ms
21:10:54.285 INFO  vert.x-eventloop-thread-0 BaseServiceProxy     : -> GET /v1/api/iserver/account/orders,200|314ms
21:10:55.392 INFO  vert.x-eventloop-thread-0 BaseServiceProxy     : -> GET /v1/api/iserver/marketdata/history?conid=14019&period=30d&bar=1d&outsideRth=false,200|97ms
21:10:55.492 INFO  vert.x-eventloop-thread-0 BaseServiceProxy     : -> GET /v1/api/iserver/marketdata/history?conid=14019&period=30d&bar=1d&outsideRth=false,200|98ms
21:10:55.721 INFO  vert.x-eventloop-thread-0 BaseServiceProxy     : -> GET /v1/api/iserver/account/orders,200|147ms
21:11:02.026 INFO  vert.x-eventloop-thread-0 BaseServiceProxy     : -> GET /v1/api/tickle,200|99ms
21:11:02.027 DEBUG vert.x-eventloop-thread-0 ClientPortalService  : tickle {"session":"4832ca246c93e44996b29b3504034bb6","ssoExpires":299991,"collission":false,"userId":50301190,"hmds":{"error":"no bridge"},"iserver":{"authStatus":{"authenticated":true,"established":true,"competing":false,"connected":true,"message":"","MAC":"06:A8:C0:D9:D5:E3","serverInfo":{"serverName":"JifS19074","serverVersion":"Build 10.44.1h, Apr 20, 2026 11:22:51 AM"},"hardware_info":"275c5aa2|06:A8:C0:D9:D5:E3"}}}
21:11:32.038 INFO  vert.x-eventloop-thread-0 BaseServiceProxy     : -> GET /v1/api/tickle,200|110ms
21:11:32.040 DEBUG vert.x-eventloop-thread-0 ClientPortalService  : tickle {"session":"4832ca246c93e44996b29b3504034bb6","ssoExpires":269991,"collission":false,"userId":50301190,"hmds":{"error":"no bridge"},"iserver":{"authStatus":{"authenticated":true,"established":true,"competing":false,"connected":true,"message":"","MAC":"06:A8:C0:D9:D5:E3","serverInfo":{"serverName":"JifS19074","serverVersion":"Build 10.44.1h, Apr 20, 2026 11:22:51 AM"},"hardware_info":"275c5aa2|06:A8:C0:D9:D5:E3"}}}
21:12:02.027 INFO  vert.x-eventloop-thread-0 BaseServiceProxy     : -> GET /v1/api/tickle,200|100ms
21:12:02.028 DEBUG vert.x-eventloop-thread-0 ClientPortalService  : tickle {"session":"4832ca246c93e44996b29b3504034bb6","ssoExpires":239999,"collission":false,"userId":50301190,"hmds":{"error":"no bridge"},"iserver":{"authStatus":{"authenticated":true,"established":true,"competing":false,"connected":true,"message":"","MAC":"06:A8:C0:D9:D5:E3","serverInfo":{"serverName":"JifS19074","serverVersion":"Build 10.44.1h, Apr 20, 2026 11:22:51 AM"},"hardware_info":"275c5aa2|06:A8:C0:D9:D5:E3"}}}
21:12:32.019 INFO  vert.x-eventloop-thread-0 BaseServiceProxy     : -> GET /v1/api/tickle,200|92ms
21:12:32.020 DEBUG vert.x-eventloop-thread-0 ClientPortalService  : tickle {"session":"4832ca246c93e44996b29b3504034bb6","ssoExpires":210004,"collission":false,"userId":50301190,"hmds":{"error":"no bridge"},"iserver":{"authStatus":{"authenticated":true,"established":true,"competing":false,"connected":true,"message":"","MAC":"06:A8:C0:D9:D5:E3","serverInfo":{"serverName":"JifS19074","serverVersion":"Build 10.44.1h, Apr 20, 2026 11:22:51 AM"},"hardware_info":"275c5aa2|06:A8:C0:D9:D5:E3"}}}
21:13:02.054 INFO  vert.x-eventloop-thread-0 BaseServiceProxy     : -> GET /v1/api/tickle,200|127ms
21:13:02.055 DEBUG vert.x-eventloop-thread-0 ClientPortalService  : tickle {"session":"4832ca246c93e44996b29b3504034bb6","ssoExpires":179973,"collission":false,"userId":50301190,"hmds":{"error":"no bridge"},"iserver":{"authStatus":{"authenticated":true,"established":true,"competing":false,"connected":true,"message":"","MAC":"06:A8:C0:D9:D5:E3","serverInfo":{"serverName":"JifS19074","serverVersion":"Build 10.44.1h, Apr 20, 2026 11:22:51 AM"},"hardware_info":"275c5aa2|06:A8:C0:D9:D5:E3"}}}
21:13:32.211 INFO  vert.x-eventloop-thread-0 BaseServiceProxy     : -> GET /v1/api/tickle,200|285ms
21:13:32.213 DEBUG vert.x-eventloop-thread-0 ClientPortalService  : tickle {"session":"4832ca246c93e44996b29b3504034bb6","ssoExpires":149833,"collission":false,"userId":50301190,"hmds":{"error":"no bridge"},"iserver":{"authStatus":{"authenticated":true,"established":true,"competing":false,"connected":true,"message":"","MAC":"06:A8:C0:D9:D5:E3","serverInfo":{"serverName":"JifS19074","serverVersion":"Build 10.44.1h, Apr 20, 2026 11:22:51 AM"},"hardware_info":"275c5aa2|06:A8:C0:D9:D5:E3"}}}
21:13:53.627 INFO  vert.x-eventloop-thread-0 BaseServiceProxy     : -> GET /v1/api/tickle,200|251ms
21:14:02.033 INFO  vert.x-eventloop-thread-0 BaseServiceProxy     : -> GET /v1/api/tickle,200|106ms
21:14:02.035 DEBUG vert.x-eventloop-thread-0 ClientPortalService  : tickle {"session":"4832ca246c93e44996b29b3504034bb6","ssoExpires":119994,"collission":false,"userId":50301190,"hmds":{"error":"no bridge"},"iserver":{"authStatus":{"authenticated":true,"established":true,"competing":false,"connected":true,"message":"","MAC":"06:A8:C0:D9:D5:E3","serverInfo":{"serverName":"JifS19074","serverVersion":"Build 10.44.1h, Apr 20, 2026 11:22:51 AM"},"hardware_info":"275c5aa2|06:A8:C0:D9:D5:E3"}}}
21:14:31.993 INFO  vert.x-eventloop-thread-0 BaseServiceProxy     : -> GET /v1/api/tickle,200|66ms
21:14:31.995 DEBUG vert.x-eventloop-thread-0 ClientPortalService  : tickle {"session":"4832ca246c93e44996b29b3504034bb6","ssoExpires":89997,"collission":false,"userId":50301190,"hmds":{"error":"no bridge"},"iserver":{"authStatus":{"authenticated":true,"established":true,"competing":false,"connected":true,"message":"","MAC":"06:A8:C0:D9:D5:E3","serverInfo":{"serverName":"JifS19074","serverVersion":"Build 10.44.1h, Apr 20, 2026 11:22:51 AM"},"hardware_info":"275c5aa2|06:A8:C0:D9:D5:E3"}}}
21:15:02.091 INFO  vert.x-eventloop-thread-0 BaseServiceProxy     : -> GET /v1/api/tickle,200|159ms
21:15:02.091 DEBUG vert.x-eventloop-thread-0 ClientPortalService  : tickle {"session":"4832ca246c93e44996b29b3504034bb6","ssoExpires":59953,"collission":false,"userId":50301190,"hmds":{"error":"no bridge"},"iserver":{"authStatus":{"authenticated":true,"established":true,"competing":false,"connected":true,"message":"","MAC":"06:A8:C0:D9:D5:E3","serverInfo":{"serverName":"JifS19074","serverVersion":"Build 10.44.1h, Apr 20, 2026 11:22:51 AM"},"hardware_info":"275c5aa2|06:A8:C0:D9:D5:E3"}}}
21:15:27.268 INFO  vert.x-eventloop-thread-0 BaseServiceProxy     : -> GET /sso/ping,200|518ms
21:15:27.271 INFO  vert.x-eventloop-thread-0 SsoService           : sso ping {"result": "true"}
21:15:32.029 INFO  vert.x-eventloop-thread-0 BaseServiceProxy     : -> GET /v1/api/tickle,200|102ms
21:15:32.031 DEBUG vert.x-eventloop-thread-0 ClientPortalService  : tickle {"session":"4832ca246c93e44996b29b3504034bb6","ssoExpires":29990,"collission":false,"userId":50301190,"hmds":{"error":"no bridge"},"iserver":{"authStatus":{"authenticated":true,"established":true,"competing":false,"connected":true,"message":"","MAC":"06:A8:C0:D9:D5:E3","serverInfo":{"serverName":"JifS19074","serverVersion":"Build 10.44.1h, Apr 20, 2026 11:22:51 AM"},"hardware_info":"275c5aa2|06:A8:C0:D9:D5:E3"}}}
21:15:44.304 INFO  vert.x-eventloop-thread-0 BaseServiceProxy     : -> GET /v1/api/portfolio/U5799398/summary,200|451ms
21:15:44.409 INFO  vert.x-eventloop-thread-0 BaseServiceProxy     : -> GET /v1/api/iserver/account/orders,200|100ms
21:15:44.601 INFO  vert.x-eventloop-thread-0 BaseServiceProxy     : -> GET /v1/api/portfolio/U5799398/positions/0?direction=a&period=1W&sort=position,200|286ms
21:15:51.423 INFO  vert.x-eventloop-thread-0 BaseServiceProxy     : -> GET /v1/api/iserver/secdef/search?symbol=CE&secType=STK,200|146ms
21:15:51.781 INFO  vert.x-eventloop-thread-0 BaseServiceProxy     : -> GET /v1/api/iserver/account/orders,200|354ms
21:15:52.846 INFO  vert.x-eventloop-thread-0 BaseServiceProxy     : -> GET /v1/api/portfolio/U5799398/summary,200|135ms
21:15:53.426 INFO  vert.x-eventloop-thread-0 BaseServiceProxy     : -> GET /v1/api/iserver/account/U5799398/orders,200|526ms
21:15:53.546 INFO  vert.x-eventloop-thread-0 BaseServiceProxy     : -> GET /v1/api/iserver/reply/26f09d35-8a90-412a-814f-dc5db129f8bd,200|96ms
21:16:00.695 INFO  vert.x-eventloop-thread-0 BaseServiceProxy     : -> GET /v1/api/iserver/reply/d4a72968-a474-4c0e-82b6-f14b8547d6ae,200|7146ms
21:16:00.792 INFO  vert.x-eventloop-thread-0 BaseServiceProxy     : -> GET /v1/api/iserver/reply/655187d9-2520-4cda-9f36-fadefd8d5fb8,200|93ms
21:16:00.882 INFO  vert.x-eventloop-thread-0 BaseServiceProxy     : -> GET /v1/api/iserver/reply/f7e83bdc-5b61-4083-9e9b-616adb04e296,200|88ms
21:16:01.298 INFO  vert.x-eventloop-thread-0 BaseServiceProxy     : -> GET /v1/api/iserver/reply/9427fcab-ddcb-43a0-bf9f-c4835cf6b8dd,200|414ms
21:16:01.402 INFO  vert.x-eventloop-thread-0 BaseServiceProxy     : -> GET /v1/api/iserver/reply/36551a70-2db2-4d6a-9229-26fee9e71860,200|102ms
21:16:02.099 INFO  vert.x-eventloop-thread-0 BaseServiceProxy     : -> GET /v1/api/iserver/account/orders,200|695ms
21:16:02.596 INFO  vert.x-eventloop-thread-0 BaseServiceProxy     : -> GET /v1/api/tickle,200|670ms
21:16:02.596 DEBUG vert.x-eventloop-thread-0 ClientPortalService  : tickle {"session":"4832ca246c93e44996b29b3504034bb6","ssoExpires":600000,"collission":false,"userId":50301190,"hmds":{"error":"no bridge"},"iserver":{"authStatus":{"authenticated":true,"established":true,"competing":false,"connected":true,"message":"","MAC":"06:A8:C0:D9:D5:E3","serverInfo":{"serverName":"JifS19074","serverVersion":"Build 10.44.1h, Apr 20, 2026 11:22:51 AM"},"hardware_info":"275c5aa2|06:A8:C0:D9:D5:E3"}}}
21:16:03.408 INFO  vert.x-eventloop-thread-0 BaseServiceProxy     : -> GET /v1/api/iserver/marketdata/history?conid=32943358&period=30d&bar=1d&outsideRth=false,200|451ms
21:16:03.559 INFO  vert.x-eventloop-thread-0 BaseServiceProxy     : -> GET /v1/api/iserver/marketdata/history?conid=32943358&period=30d&bar=1d&outsideRth=false,200|149ms
21:16:32.021 INFO  vert.x-eventloop-thread-0 BaseServiceProxy     : -> GET /v1/api/tickle,200|95ms
21:16:32.023 DEBUG vert.x-eventloop-thread-0 ClientPortalService  : tickle {"session":"4832ca246c93e44996b29b3504034bb6","ssoExpires":570236,"collission":false,"userId":50301190,"hmds":{"error":"no bridge"},"iserver":{"authStatus":{"authenticated":true,"established":true,"competing":false,"connected":true,"message":"","MAC":"06:A8:C0:D9:D5:E3","serverInfo":{"serverName":"JifS19074","serverVersion":"Build 10.44.1h, Apr 20, 2026 11:22:51 AM"},"hardware_info":"275c5aa2|06:A8:C0:D9:D5:E3"}}}
21:16:53.861 INFO  vert.x-eventloop-thread-0 BaseServiceProxy     : -> GET /v1/api/tickle,200|104ms
21:16:56.438 INFO  vert.x-eventloop-thread-0 BaseServiceProxy     : -> GET /v1/api/iserver/account/orders,200|95ms
21:16:58.455 INFO  vert.x-eventloop-thread-0 BaseServiceProxy     : -> GET /v1/api/portfolio/U5799398/positions/0?direction=a&period=1W&sort=position,200|2112ms
21:17:02.022 INFO  vert.x-eventloop-thread-0 BaseServiceProxy     : -> GET /v1/api/tickle,200|96ms
21:17:02.023 DEBUG vert.x-eventloop-thread-0 ClientPortalService  : tickle {"session":"4832ca246c93e44996b29b3504034bb6","ssoExpires":540246,"collission":false,"userId":50301190,"hmds":{"error":"no bridge"},"iserver":{"authStatus":{"authenticated":true,"established":true,"competing":false,"connected":true,"message":"","MAC":"06:A8:C0:D9:D5:E3","serverInfo":{"serverName":"JifS19074","serverVersion":"Build 10.44.1h, Apr 20, 2026 11:22:51 AM"},"hardware_info":"275c5aa2|06:A8:C0:D9:D5:E3"}}}
21:17:30.958 INFO  vert.x-eventloop-thread-0 BaseServiceProxy     : -> GET /v1/api/iserver/account/orders,200|102ms
21:17:32.017 INFO  vert.x-eventloop-thread-0 BaseServiceProxy     : -> GET /v1/api/tickle,200|90ms
21:17:32.018 DEBUG vert.x-eventloop-thread-0 ClientPortalService  : tickle {"session":"4832ca246c93e44996b29b3504034bb6","ssoExpires":510250,"collission":false,"userId":50301190,"hmds":{"error":"no bridge"},"iserver":{"authStatus":{"authenticated":true,"established":true,"competing":false,"connected":true,"message":"","MAC":"06:A8:C0:D9:D5:E3","serverInfo":{"serverName":"JifS19074","serverVersion":"Build 10.44.1h, Apr 20, 2026 11:22:51 AM"},"hardware_info":"275c5aa2|06:A8:C0:D9:D5:E3"}}}
21:17:32.325 INFO  vert.x-eventloop-thread-0 BaseServiceProxy     : -> GET /v1/api/iserver/account/U5799398/order/930685267,200|414ms
21:17:32.687 INFO  vert.x-eventloop-thread-0 BaseServiceProxy     : -> GET /v1/api/iserver/account/U5799398/order/930685266,200|359ms
21:17:33.038 INFO  vert.x-eventloop-thread-0 BaseServiceProxy     : -> GET /v1/api/iserver/account/U5799398/order/930685268,400|350ms
21:18:01.992 INFO  vert.x-eventloop-thread-0 BaseServiceProxy     : -> GET /v1/api/tickle,200|65ms
21:18:01.995 DEBUG vert.x-eventloop-thread-0 ClientPortalService  : tickle {"session":"4832ca246c93e44996b29b3504034bb6","ssoExpires":480242,"collission":false,"userId":50301190,"hmds":{"error":"no bridge"},"iserver":{"authStatus":{"authenticated":true,"established":true,"competing":false,"connected":true,"message":"","MAC":"06:A8:C0:D9:D5:E3","serverInfo":{"serverName":"JifS19074","serverVersion":"Build 10.44.1h, Apr 20, 2026 11:22:51 AM"},"hardware_info":"275c5aa2|06:A8:C0:D9:D5:E3"}}}
21:18:02.432 INFO  vert.x-eventloop-thread-0 BaseServiceProxy     : -> GET /v1/api/iserver/account/orders,200|59ms
21:18:02.827 INFO  vert.x-eventloop-thread-0 BaseServiceProxy     : -> GET /v1/api/iserver/account/U5799398/order/1068046527,200|332ms
21:18:03.161 INFO  vert.x-eventloop-thread-0 BaseServiceProxy     : -> GET /v1/api/iserver/account/U5799398/order/1068046526,200|330ms
21:18:03.503 INFO  vert.x-eventloop-thread-0 BaseServiceProxy     : -> GET /v1/api/iserver/account/U5799398/order/1068046528,400|337ms
21:18:32.025 INFO  vert.x-eventloop-thread-0 BaseServiceProxy     : -> GET /v1/api/tickle,200|97ms
21:18:32.028 DEBUG vert.x-eventloop-thread-0 ClientPortalService  : tickle {"session":"4832ca246c93e44996b29b3504034bb6","ssoExpires":450240,"collission":false,"userId":50301190,"hmds":{"error":"no bridge"},"iserver":{"authStatus":{"authenticated":true,"established":true,"competing":false,"connected":true,"message":"","MAC":"06:A8:C0:D9:D5:E3","serverInfo":{"serverName":"JifS19074","serverVersion":"Build 10.44.1h, Apr 20, 2026 11:22:51 AM"},"hardware_info":"275c5aa2|06:A8:C0:D9:D5:E3"}}}
21:19:02.243 INFO  vert.x-eventloop-thread-0 BaseServiceProxy     : -> GET /v1/api/tickle,200|307ms
21:19:02.247 DEBUG vert.x-eventloop-thread-0 ClientPortalService  : tickle {"session":"4832ca246c93e44996b29b3504034bb6","ssoExpires":419995,"collission":false,"userId":50301190,"hmds":{"error":"no bridge"},"iserver":{"authStatus":{"authenticated":true,"established":true,"competing":false,"connected":true,"message":"","MAC":"06:A8:C0:D9:D5:E3","serverInfo":{"serverName":"JifS19074","serverVersion":"Build 10.44.1h, Apr 20, 2026 11:22:51 AM"},"hardware_info":"275c5aa2|06:A8:C0:D9:D5:E3"}}}
21:19:32.456 INFO  vert.x-eventloop-thread-0 BaseServiceProxy     : -> GET /v1/api/tickle,200|528ms
21:19:32.458 DEBUG vert.x-eventloop-thread-0 ClientPortalService  : tickle {"session":"4832ca246c93e44996b29b3504034bb6","ssoExpires":390003,"collission":false,"userId":50301190,"hmds":{"error":"no bridge"},"iserver":{"authStatus":{"authenticated":true,"established":true,"competing":false,"connected":true,"message":"","MAC":"06:A8:C0:D9:D5:E3","serverInfo":{"serverName":"JifS19074","serverVersion":"Build 10.44.1h, Apr 20, 2026 11:22:51 AM"},"hardware_info":"275c5aa2|06:A8:C0:D9:D5:E3"}}}
21:19:54.113 INFO  vert.x-eventloop-thread-0 BaseServiceProxy     : -> GET /v1/api/tickle,200|100ms
21:20:02.061 INFO  vert.x-eventloop-thread-0 BaseServiceProxy     : -> GET /v1/api/tickle,200|134ms
21:20:02.061 DEBUG vert.x-eventloop-thread-0 ClientPortalService  : tickle {"session":"4832ca246c93e44996b29b3504034bb6","ssoExpires":360238,"collission":false,"userId":50301190,"hmds":{"error":"no bridge"},"iserver":{"authStatus":{"authenticated":true,"established":true,"competing":false,"connected":true,"message":"","MAC":"06:A8:C0:D9:D5:E3","serverInfo":{"serverName":"JifS19074","serverVersion":"Build 10.44.1h, Apr 20, 2026 11:22:51 AM"},"hardware_info":"275c5aa2|06:A8:C0:D9:D5:E3"}}}
21:20:08.548 INFO  vert.x-eventloop-thread-0 BaseServiceProxy     : -> GET /v1/api/iserver/account/orders,200|156ms
21:20:10.754 INFO  vert.x-eventloop-thread-0 BaseServiceProxy     : -> GET /v1/api/iserver/account/U5799398/order/1638730721,200|373ms
21:20:11.070 INFO  vert.x-eventloop-thread-0 BaseServiceProxy     : -> GET /v1/api/iserver/account/U5799398/order/1638730720,200|313ms
21:20:11.411 INFO  vert.x-eventloop-thread-0 BaseServiceProxy     : -> GET /v1/api/iserver/account/U5799398/order/1638730722,400|338ms
21:20:11.506 INFO  vert.x-eventloop-thread-0 BaseServiceProxy     : -> GET /v1/api/iserver/account/orders,200|57ms
21:20:11.925 INFO  vert.x-eventloop-thread-0 BaseServiceProxy     : -> GET /v1/api/iserver/account/U5799398/order/1638730703,200|317ms
21:20:12.284 INFO  vert.x-eventloop-thread-0 BaseServiceProxy     : -> GET /v1/api/iserver/account/U5799398/order/1638730702,200|357ms
21:20:12.604 INFO  vert.x-eventloop-thread-0 BaseServiceProxy     : -> GET /v1/api/iserver/account/U5799398/order/1638730704,400|317ms
21:20:12.716 INFO  vert.x-eventloop-thread-0 BaseServiceProxy     : -> GET /v1/api/iserver/account/orders,200|70ms
21:20:13.103 INFO  vert.x-eventloop-thread-0 BaseServiceProxy     : -> GET /v1/api/iserver/account/U5799398/order/1638730725,200|375ms
21:20:13.455 INFO  vert.x-eventloop-thread-0 BaseServiceProxy     : -> GET /v1/api/iserver/account/U5799398/order/1638730724,400|349ms
21:20:13.826 INFO  vert.x-eventloop-thread-0 BaseServiceProxy     : -> GET /v1/api/iserver/account/U5799398/order/1638730723,200|356ms
21:20:27.036 INFO  vert.x-eventloop-thread-0 BaseServiceProxy     : -> GET /sso/ping,200|286ms
21:20:27.038 INFO  vert.x-eventloop-thread-0 SsoService           : sso ping {"result": "true"}
21:20:32.331 INFO  vert.x-eventloop-thread-0 BaseServiceProxy     : -> GET /v1/api/tickle,200|405ms
21:20:32.333 DEBUG vert.x-eventloop-thread-0 ClientPortalService  : tickle {"session":"4832ca246c93e44996b29b3504034bb6","ssoExpires":330014,"collission":false,"userId":50301190,"hmds":{"error":"no bridge"},"iserver":{"authStatus":{"authenticated":true,"established":true,"competing":false,"connected":true,"message":"","MAC":"06:A8:C0:D9:D5:E3","serverInfo":{"serverName":"JifS19074","serverVersion":"Build 10.44.1h, Apr 20, 2026 11:22:51 AM"},"hardware_info":"275c5aa2|06:A8:C0:D9:D5:E3"}}}
21:20:43.946 INFO  vert.x-eventloop-thread-0 BaseServiceProxy     : -> GET /v1/api/portfolio/U5799398/summary,200|364ms
21:20:44.041 INFO  vert.x-eventloop-thread-0 BaseServiceProxy     : -> GET /v1/api/iserver/account/orders,200|88ms
21:20:44.050 INFO  vert.x-eventloop-thread-0 BaseServiceProxy     : -> GET /v1/api/portfolio/U5799398/positions/0?direction=a&period=1W&sort=position,200|81ms
21:20:50.571 INFO  vert.x-eventloop-thread-0 BaseServiceProxy     : -> GET /v1/api/iserver/secdef/search?symbol=LITE&secType=STK,200|120ms
21:20:50.725 INFO  vert.x-eventloop-thread-0 BaseServiceProxy     : -> GET /v1/api/iserver/account/orders,200|152ms
21:20:52.295 INFO  vert.x-eventloop-thread-0 BaseServiceProxy     : -> GET /v1/api/iserver/marketdata/history?conid=201113895&period=30d&bar=1d&outsideRth=false,200|285ms
21:20:52.351 INFO  vert.x-eventloop-thread-0 BaseServiceProxy     : -> GET /v1/api/iserver/marketdata/history?conid=201113895&period=30d&bar=1d&outsideRth=false,200|54ms
21:20:52.433 INFO  vert.x-eventloop-thread-0 BaseServiceProxy     : -> GET /v1/api/iserver/reply/null,400|49ms
21:20:54.544 INFO  vert.x-eventloop-thread-0 BaseServiceProxy     : -> GET /v1/api/iserver/reply/null,400|70ms
21:20:56.811 INFO  vert.x-eventloop-thread-0 BaseServiceProxy     : -> GET /v1/api/iserver/reply/null,400|210ms
21:21:02.445 INFO  vert.x-eventloop-thread-0 BaseServiceProxy     : -> GET /v1/api/tickle,200|519ms
21:21:02.446 DEBUG vert.x-eventloop-thread-0 ClientPortalService  : tickle {"session":"4832ca246c93e44996b29b3504034bb6","ssoExpires":299923,"collission":false,"userId":50301190,"hmds":{"error":"no bridge"},"iserver":{"authStatus":{"authenticated":true,"established":true,"competing":false,"connected":true,"message":"","MAC":"06:A8:C0:D9:D5:E3","serverInfo":{"serverName":"JifS19074","serverVersion":"Build 10.44.1h, Apr 20, 2026 11:22:51 AM"},"hardware_info":"275c5aa2|06:A8:C0:D9:D5:E3"}}}
21:21:03.515 INFO  vert.x-eventloop-thread-0 BaseServiceProxy     : -> GET /v1/api/iserver/account/orders,200|72ms
21:21:03.928 INFO  vert.x-eventloop-thread-0 BaseServiceProxy     : -> GET /v1/api/iserver/account/U5799398/order/1638730701,200|387ms
21:21:04.820 INFO  vert.x-eventloop-thread-0 BaseServiceProxy     : -> GET /v1/api/iserver/account/U5799398/order/1638730700,400|891ms
21:21:05.228 INFO  vert.x-eventloop-thread-0 BaseServiceProxy     : -> GET /v1/api/iserver/account/U5799398/order/1638730699,200|396ms
21:21:13.987 INFO  vert.x-eventloop-thread-0 BaseServiceProxy     : -> GET /v1/api/portfolio/U5799398/summary,200|169ms
21:21:14.153 INFO  vert.x-eventloop-thread-0 BaseServiceProxy     : -> GET /v1/api/portfolio/U5799398/positions/0?direction=a&period=1W&sort=position,200|157ms
21:21:14.159 INFO  vert.x-eventloop-thread-0 BaseServiceProxy     : -> GET /v1/api/iserver/account/orders,200|135ms
21:21:20.789 INFO  vert.x-eventloop-thread-0 BaseServiceProxy     : -> GET /v1/api/iserver/secdef/search?symbol=LITE&secType=STK,200|78ms
21:21:20.885 INFO  vert.x-eventloop-thread-0 BaseServiceProxy     : -> GET /v1/api/iserver/account/orders,200|95ms
21:21:21.364 INFO  vert.x-eventloop-thread-0 BaseServiceProxy     : -> GET /v1/api/portfolio/U5799398/summary,200|103ms
21:21:21.748 INFO  vert.x-eventloop-thread-0 BaseServiceProxy     : -> GET /v1/api/iserver/account/U5799398/orders,200|379ms
21:21:21.820 INFO  vert.x-eventloop-thread-0 BaseServiceProxy     : -> GET /v1/api/iserver/reply/d93238ca-aa25-485a-8fce-2a4810100285,200|71ms
21:21:21.918 INFO  vert.x-eventloop-thread-0 BaseServiceProxy     : -> GET /v1/api/iserver/reply/1f845c46-615a-4945-9e88-0af88768c540,200|96ms
21:21:21.978 INFO  vert.x-eventloop-thread-0 BaseServiceProxy     : -> GET /v1/api/iserver/reply/db62acd1-36e3-4d06-9ea8-cc3e2f642367,200|58ms
21:21:22.044 INFO  vert.x-eventloop-thread-0 BaseServiceProxy     : -> GET /v1/api/iserver/reply/9fbc61aa-259c-45ba-8719-541ad9003a5d,200|63ms
21:21:22.147 INFO  vert.x-eventloop-thread-0 BaseServiceProxy     : -> GET /v1/api/iserver/reply/8dc30766-cdcd-4e4a-a37e-a7e0f339d452,200|102ms
21:21:22.214 INFO  vert.x-eventloop-thread-0 BaseServiceProxy     : -> GET /v1/api/iserver/reply/a491ddc6-6bbc-42e7-9ab6-6fb282ca656c,200|66ms
21:21:22.295 INFO  vert.x-eventloop-thread-0 BaseServiceProxy     : -> GET /v1/api/iserver/account/orders,200|79ms
21:21:22.409 INFO  vert.x-eventloop-thread-0 BaseServiceProxy     : -> GET /v1/api/iserver/marketdata/history?conid=201113895&period=30d&bar=1d&outsideRth=false,200|98ms
21:21:22.512 INFO  vert.x-eventloop-thread-0 BaseServiceProxy     : -> GET /v1/api/iserver/account/orders,200|65ms
21:21:22.618 INFO  vert.x-eventloop-thread-0 BaseServiceProxy     : -> GET /v1/api/iserver/marketdata/history?conid=201113895&period=30d&bar=1d&outsideRth=false,200|90ms
21:21:32.044 INFO  vert.x-eventloop-thread-0 BaseServiceProxy     : -> GET /v1/api/tickle,200|118ms
21:21:32.049 DEBUG vert.x-eventloop-thread-0 ClientPortalService  : tickle {"session":"4832ca246c93e44996b29b3504034bb6","ssoExpires":270240,"collission":false,"userId":50301190,"hmds":{"error":"no bridge"},"iserver":{"authStatus":{"authenticated":true,"established":true,"competing":false,"connected":true,"message":"","MAC":"06:A8:C0:D9:D5:E3","serverInfo":{"serverName":"JifS19074","serverVersion":"Build 10.44.1h, Apr 20, 2026 11:22:51 AM"},"hardware_info":"275c5aa2|06:A8:C0:D9:D5:E3"}}}
21:22:02.028 INFO  vert.x-eventloop-thread-0 BaseServiceProxy     : -> GET /v1/api/tickle,200|101ms
21:22:02.030 DEBUG vert.x-eventloop-thread-0 ClientPortalService  : tickle {"session":"4832ca246c93e44996b29b3504034bb6","ssoExpires":240238,"collission":false,"userId":50301190,"hmds":{"error":"no bridge"},"iserver":{"authStatus":{"authenticated":true,"established":true,"competing":false,"connected":true,"message":"","MAC":"06:A8:C0:D9:D5:E3","serverInfo":{"serverName":"JifS19074","serverVersion":"Build 10.44.1h, Apr 20, 2026 11:22:51 AM"},"hardware_info":"275c5aa2|06:A8:C0:D9:D5:E3"}}}
21:22:32.030 INFO  vert.x-eventloop-thread-0 BaseServiceProxy     : -> GET /v1/api/tickle,200|104ms
21:22:32.031 DEBUG vert.x-eventloop-thread-0 ClientPortalService  : tickle {"session":"4832ca246c93e44996b29b3504034bb6","ssoExpires":210241,"collission":false,"userId":50301190,"hmds":{"error":"no bridge"},"iserver":{"authStatus":{"authenticated":true,"established":true,"competing":false,"connected":true,"message":"","MAC":"06:A8:C0:D9:D5:E3","serverInfo":{"serverName":"JifS19074","serverVersion":"Build 10.44.1h, Apr 20, 2026 11:22:51 AM"},"hardware_info":"275c5aa2|06:A8:C0:D9:D5:E3"}}}
21:22:54.359 INFO  vert.x-eventloop-thread-0 BaseServiceProxy     : -> GET /v1/api/tickle,200|126ms
21:23:02.014 INFO  vert.x-eventloop-thread-0 BaseServiceProxy     : -> GET /v1/api/tickle,200|88ms
21:23:02.015 DEBUG vert.x-eventloop-thread-0 ClientPortalService  : tickle {"session":"4832ca246c93e44996b29b3504034bb6","ssoExpires":180236,"collission":false,"userId":50301190,"hmds":{"error":"no bridge"},"iserver":{"authStatus":{"authenticated":true,"established":true,"competing":false,"connected":true,"message":"","MAC":"06:A8:C0:D9:D5:E3","serverInfo":{"serverName":"JifS19074","serverVersion":"Build 10.44.1h, Apr 20, 2026 11:22:51 AM"},"hardware_info":"275c5aa2|06:A8:C0:D9:D5:E3"}}}
21:23:32.216 INFO  vert.x-eventloop-thread-0 BaseServiceProxy     : -> GET /v1/api/tickle,200|290ms
21:23:32.218 DEBUG vert.x-eventloop-thread-0 ClientPortalService  : tickle {"session":"4832ca246c93e44996b29b3504034bb6","ssoExpires":150021,"collission":false,"userId":50301190,"hmds":{"error":"no bridge"},"iserver":{"authStatus":{"authenticated":true,"established":true,"competing":false,"connected":true,"message":"","MAC":"06:A8:C0:D9:D5:E3","serverInfo":{"serverName":"JifS19074","serverVersion":"Build 10.44.1h, Apr 20, 2026 11:22:51 AM"},"hardware_info":"275c5aa2|06:A8:C0:D9:D5:E3"}}}
21:23:51.988 INFO  vert.x-eventloop-thread-0 BaseServiceProxy     : -> GET /v1/api/iserver/account/orders,200|97ms
21:23:52.534 INFO  vert.x-eventloop-thread-0 BaseServiceProxy     : -> GET /v1/api/iserver/account/U5799398/order/1638730717,200|401ms
21:23:52.882 INFO  vert.x-eventloop-thread-0 BaseServiceProxy     : -> GET /v1/api/iserver/account/U5799398/order/1638730719,400|347ms
21:23:53.253 INFO  vert.x-eventloop-thread-0 BaseServiceProxy     : -> GET /v1/api/iserver/account/U5799398/order/1638730718,400|362ms
21:24:02.079 INFO  vert.x-eventloop-thread-0 BaseServiceProxy     : -> GET /v1/api/tickle,200|154ms
21:24:02.081 DEBUG vert.x-eventloop-thread-0 ClientPortalService  : tickle {"session":"4832ca246c93e44996b29b3504034bb6","ssoExpires":120240,"collission":false,"userId":50301190,"hmds":{"error":"no bridge"},"iserver":{"authStatus":{"authenticated":true,"established":true,"competing":false,"connected":true,"message":"","MAC":"06:A8:C0:D9:D5:E3","serverInfo":{"serverName":"JifS19074","serverVersion":"Build 10.44.1h, Apr 20, 2026 11:22:51 AM"},"hardware_info":"275c5aa2|06:A8:C0:D9:D5:E3"}}}
21:24:32.203 INFO  vert.x-eventloop-thread-0 BaseServiceProxy     : -> GET /v1/api/tickle,200|277ms
21:24:32.207 DEBUG vert.x-eventloop-thread-0 ClientPortalService  : tickle {"session":"4832ca246c93e44996b29b3504034bb6","ssoExpires":90065,"collission":false,"userId":50301190,"hmds":{"error":"no bridge"},"iserver":{"authStatus":{"authenticated":true,"established":true,"competing":false,"connected":true,"message":"","MAC":"06:A8:C0:D9:D5:E3","serverInfo":{"serverName":"JifS19074","serverVersion":"Build 10.44.1h, Apr 20, 2026 11:22:51 AM"},"hardware_info":"275c5aa2|06:A8:C0:D9:D5:E3"}}}
21:25:02.272 INFO  vert.x-eventloop-thread-0 BaseServiceProxy     : -> GET /v1/api/tickle,200|345ms
21:25:02.273 DEBUG vert.x-eventloop-thread-0 ClientPortalService  : tickle {"session":"4832ca246c93e44996b29b3504034bb6","ssoExpires":59992,"collission":false,"userId":50301190,"hmds":{"error":"no bridge"},"iserver":{"authStatus":{"authenticated":true,"established":true,"competing":false,"connected":true,"message":"","MAC":"06:A8:C0:D9:D5:E3","serverInfo":{"serverName":"JifS19074","serverVersion":"Build 10.44.1h, Apr 20, 2026 11:22:51 AM"},"hardware_info":"275c5aa2|06:A8:C0:D9:D5:E3"}}}
21:25:03.444 INFO  vert.x-eventloop-thread-0 BaseServiceProxy     : -> GET /v1/api/iserver/account/orders,200|329ms
21:25:04.125 INFO  vert.x-eventloop-thread-0 BaseServiceProxy     : -> GET /v1/api/iserver/account/U5799398/order/1638730709,200|446ms
21:25:04.532 INFO  vert.x-eventloop-thread-0 BaseServiceProxy     : -> GET /v1/api/iserver/account/U5799398/order/1638730708,200|406ms
21:25:04.893 INFO  vert.x-eventloop-thread-0 BaseServiceProxy     : -> GET /v1/api/iserver/account/U5799398/order/1638730710,400|358ms
21:25:27.062 INFO  vert.x-eventloop-thread-0 BaseServiceProxy     : -> GET /sso/ping,200|314ms
21:25:27.062 INFO  vert.x-eventloop-thread-0 SsoService           : sso ping {"result": "true"}
21:25:32.012 INFO  vert.x-eventloop-thread-0 BaseServiceProxy     : -> GET /v1/api/tickle,200|86ms
21:25:32.013 DEBUG vert.x-eventloop-thread-0 ClientPortalService  : tickle {"session":"4832ca246c93e44996b29b3504034bb6","ssoExpires":30239,"collission":false,"userId":50301190,"hmds":{"error":"no bridge"},"iserver":{"authStatus":{"authenticated":true,"established":true,"competing":false,"connected":true,"message":"","MAC":"06:A8:C0:D9:D5:E3","serverInfo":{"serverName":"JifS19074","serverVersion":"Build 10.44.1h, Apr 20, 2026 11:22:51 AM"},"hardware_info":"275c5aa2|06:A8:C0:D9:D5:E3"}}}
21:25:54.613 INFO  vert.x-eventloop-thread-0 BaseServiceProxy     : -> GET /v1/api/tickle,200|108ms
21:26:02.287 INFO  vert.x-eventloop-thread-0 BaseServiceProxy     : -> GET /v1/api/tickle,200|362ms
21:26:02.288 DEBUG vert.x-eventloop-thread-0 ClientPortalService  : tickle {"session":"4832ca246c93e44996b29b3504034bb6","ssoExpires":10,"collission":false,"userId":50301190,"hmds":{"error":"no bridge"},"iserver":{"authStatus":{"authenticated":true,"established":true,"competing":false,"connected":true,"message":"","MAC":"06:A8:C0:D9:D5:E3","serverInfo":{"serverName":"JifS19074","serverVersion":"Build 10.44.1h, Apr 20, 2026 11:22:51 AM"},"hardware_info":"275c5aa2|06:A8:C0:D9:D5:E3"}}}
21:26:32.053 INFO  vert.x-eventloop-thread-0 BaseServiceProxy     : -> GET /v1/api/tickle,200|127ms
21:26:32.055 DEBUG vert.x-eventloop-thread-0 ClientPortalService  : tickle {"session":"4832ca246c93e44996b29b3504034bb6","ssoExpires":600000,"collission":false,"userId":50301190,"hmds":{"error":"no bridge"},"iserver":{"authStatus":{"authenticated":true,"established":true,"competing":false,"connected":true,"message":"","MAC":"06:A8:C0:D9:D5:E3","serverInfo":{"serverName":"JifS19074","serverVersion":"Build 10.44.1h, Apr 20, 2026 11:22:51 AM"},"hardware_info":"275c5aa2|06:A8:C0:D9:D5:E3"}}}
21:26:36.904 INFO  vert.x-eventloop-thread-0 BaseServiceProxy     : -> GET /v1/api/iserver/account/orders,200|332ms
21:26:37.621 INFO  vert.x-eventloop-thread-0 BaseServiceProxy     : -> GET /v1/api/iserver/account/U5799398/order/1347060520,200|387ms
21:26:38.029 INFO  vert.x-eventloop-thread-0 BaseServiceProxy     : -> GET /v1/api/iserver/account/U5799398/order/1347060518,200|405ms
21:26:38.378 INFO  vert.x-eventloop-thread-0 BaseServiceProxy     : -> GET /v1/api/iserver/account/U5799398/order/1347060519,400|345ms
21:27:02.040 INFO  vert.x-eventloop-thread-0 BaseServiceProxy     : -> GET /v1/api/tickle,200|114ms
21:27:02.041 DEBUG vert.x-eventloop-thread-0 ClientPortalService  : tickle {"session":"4832ca246c93e44996b29b3504034bb6","ssoExpires":570042,"collission":false,"userId":50301190,"hmds":{"error":"no bridge"},"iserver":{"authStatus":{"authenticated":true,"established":true,"competing":false,"connected":true,"message":"","MAC":"06:A8:C0:D9:D5:E3","serverInfo":{"serverName":"JifS19074","serverVersion":"Build 10.44.1h, Apr 20, 2026 11:22:51 AM"},"hardware_info":"275c5aa2|06:A8:C0:D9:D5:E3"}}}
21:27:32.298 INFO  vert.x-eventloop-thread-0 BaseServiceProxy     : -> GET /v1/api/tickle,200|373ms
21:27:32.299 DEBUG vert.x-eventloop-thread-0 ClientPortalService  : tickle {"session":"4832ca246c93e44996b29b3504034bb6","ssoExpires":539818,"collission":false,"userId":50301190,"hmds":{"error":"no bridge"},"iserver":{"authStatus":{"authenticated":true,"established":true,"competing":false,"connected":true,"message":"","MAC":"06:A8:C0:D9:D5:E3","serverInfo":{"serverName":"JifS19074","serverVersion":"Build 10.44.1h, Apr 20, 2026 11:22:51 AM"},"hardware_info":"275c5aa2|06:A8:C0:D9:D5:E3"}}}
21:28:02.019 INFO  vert.x-eventloop-thread-0 BaseServiceProxy     : -> GET /v1/api/tickle,200|94ms
21:28:02.020 DEBUG vert.x-eventloop-thread-0 ClientPortalService  : tickle {"session":"4832ca246c93e44996b29b3504034bb6","ssoExpires":510034,"collission":false,"userId":50301190,"hmds":{"error":"no bridge"},"iserver":{"authStatus":{"authenticated":true,"established":true,"competing":false,"connected":true,"message":"","MAC":"06:A8:C0:D9:D5:E3","serverInfo":{"serverName":"JifS19074","serverVersion":"Build 10.44.1h, Apr 20, 2026 11:22:51 AM"},"hardware_info":"275c5aa2|06:A8:C0:D9:D5:E3"}}}
21:28:09.971 INFO  vert.x-eventloop-thread-0 BaseServiceProxy     : -> GET /v1/api/portfolio/U5799398/summary,200|146ms
21:28:10.091 INFO  vert.x-eventloop-thread-0 BaseServiceProxy     : -> GET /v1/api/iserver/account/orders,200|110ms
21:28:10.105 INFO  vert.x-eventloop-thread-0 BaseServiceProxy     : -> GET /v1/api/portfolio/U5799398/positions/0?direction=a&period=1W&sort=position,200|130ms
21:28:14.821 INFO  vert.x-eventloop-thread-0 BaseServiceProxy     : -> GET /v1/api/iserver/secdef/search?symbol=AUPH&secType=STK,200|114ms
21:28:15.302 INFO  vert.x-eventloop-thread-0 BaseServiceProxy     : -> GET /v1/api/iserver/account/orders,200|479ms
21:28:17.571 INFO  vert.x-eventloop-thread-0 BaseServiceProxy     : -> GET /v1/api/portfolio/U5799398/summary,200|268ms
21:28:18.001 INFO  vert.x-eventloop-thread-0 BaseServiceProxy     : -> GET /v1/api/iserver/account/U5799398/orders,200|425ms
21:28:18.071 INFO  vert.x-eventloop-thread-0 BaseServiceProxy     : -> GET /v1/api/iserver/reply/0ab7c030-86aa-4508-ac95-06cf19576c6b,200|69ms
21:28:18.165 INFO  vert.x-eventloop-thread-0 BaseServiceProxy     : -> GET /v1/api/iserver/reply/bf5dcb73-af09-4540-a6ab-cc52af514f21,200|92ms
21:28:18.242 INFO  vert.x-eventloop-thread-0 BaseServiceProxy     : -> GET /v1/api/iserver/reply/f295ac95-9f4d-4928-b349-bd8ddf64ed91,200|75ms
21:28:18.346 INFO  vert.x-eventloop-thread-0 BaseServiceProxy     : -> GET /v1/api/iserver/reply/2c83209a-2f89-49bb-93d9-fec20eafeb24,200|102ms
21:28:18.455 INFO  vert.x-eventloop-thread-0 BaseServiceProxy     : -> GET /v1/api/iserver/reply/e0de5f25-1d82-4912-b25b-e8ddeb1dc1df,200|108ms
21:28:18.547 INFO  vert.x-eventloop-thread-0 BaseServiceProxy     : -> GET /v1/api/iserver/reply/acf859ad-549e-4fcc-bf89-4718e1a56f5c,200|90ms
21:28:18.644 INFO  vert.x-eventloop-thread-0 BaseServiceProxy     : -> GET /v1/api/iserver/account/orders,200|95ms
21:28:19.858 INFO  vert.x-eventloop-thread-0 BaseServiceProxy     : -> GET /v1/api/iserver/marketdata/history?conid=165642013&period=30d&bar=1d&outsideRth=false,200|352ms
21:28:19.943 INFO  vert.x-eventloop-thread-0 BaseServiceProxy     : -> GET /v1/api/iserver/marketdata/history?conid=165642013&period=30d&bar=1d&outsideRth=false,200|71ms
21:28:22.732 INFO  vert.x-eventloop-thread-0 BaseServiceProxy     : -> GET /v1/api/iserver/account/orders,200|68ms
21:28:22.877 INFO  vert.x-eventloop-thread-0 BaseServiceProxy     : -> GET /v1/api/iserver/marketdata/history?conid=165642013&period=30d&bar=1d&outsideRth=false,200|74ms
21:28:22.950 INFO  vert.x-eventloop-thread-0 BaseServiceProxy     : -> GET /v1/api/iserver/marketdata/history?conid=165642013&period=30d&bar=1d&outsideRth=false,200|72ms
21:28:23.066 INFO  vert.x-eventloop-thread-0 BaseServiceProxy     : -> GET /v1/api/iserver/account/orders,200|79ms
21:28:23.497 INFO  vert.x-eventloop-thread-0 BaseServiceProxy     : -> GET /v1/api/iserver/account/orders,200|368ms
21:28:28.136 INFO  vert.x-eventloop-thread-0 BaseServiceProxy     : -> GET /v1/api/iserver/account/U5799398/order/2080397038,200|1038ms
21:28:28.388 INFO  vert.x-eventloop-thread-0 BaseServiceProxy     : -> GET /v1/api/iserver/account/orders,200|251ms
21:28:29.884 INFO  vert.x-eventloop-thread-0 BaseServiceProxy     : -> GET /v1/api/iserver/marketdata/history?conid=165642013&period=30d&bar=1d&outsideRth=false,200|109ms
21:28:29.984 INFO  vert.x-eventloop-thread-0 BaseServiceProxy     : -> GET /v1/api/iserver/marketdata/history?conid=165642013&period=30d&bar=1d&outsideRth=false,200|97ms
21:28:30.141 INFO  vert.x-eventloop-thread-0 BaseServiceProxy     : -> GET /v1/api/iserver/account/orders,200|101ms
21:28:32.405 INFO  vert.x-eventloop-thread-0 BaseServiceProxy     : -> GET /v1/api/tickle,200|480ms
21:28:32.405 DEBUG vert.x-eventloop-thread-0 ClientPortalService  : tickle {"session":"4832ca246c93e44996b29b3504034bb6","ssoExpires":479751,"collission":false,"userId":50301190,"hmds":{"error":"no bridge"},"iserver":{"authStatus":{"authenticated":true,"established":true,"competing":false,"connected":true,"message":"","MAC":"06:A8:C0:D9:D5:E3","serverInfo":{"serverName":"JifS19074","serverVersion":"Build 10.44.1h, Apr 20, 2026 11:22:51 AM"},"hardware_info":"275c5aa2|06:A8:C0:D9:D5:E3"}}}
21:28:54.886 INFO  vert.x-eventloop-thread-0 BaseServiceProxy     : -> GET /v1/api/tickle,200|102ms
21:29:02.019 INFO  vert.x-eventloop-thread-0 BaseServiceProxy     : -> GET /v1/api/tickle,200|94ms
21:29:02.020 DEBUG vert.x-eventloop-thread-0 ClientPortalService  : tickle {"session":"4832ca246c93e44996b29b3504034bb6","ssoExpires":450044,"collission":false,"userId":50301190,"hmds":{"error":"no bridge"},"iserver":{"authStatus":{"authenticated":true,"established":true,"competing":false,"connected":true,"message":"","MAC":"06:A8:C0:D9:D5:E3","serverInfo":{"serverName":"JifS19074","serverVersion":"Build 10.44.1h, Apr 20, 2026 11:22:51 AM"},"hardware_info":"275c5aa2|06:A8:C0:D9:D5:E3"}}}
21:29:32.030 INFO  vert.x-eventloop-thread-0 BaseServiceProxy     : -> GET /v1/api/tickle,200|104ms
21:29:32.032 DEBUG vert.x-eventloop-thread-0 ClientPortalService  : tickle {"session":"4832ca246c93e44996b29b3504034bb6","ssoExpires":420040,"collission":false,"userId":50301190,"hmds":{"error":"no bridge"},"iserver":{"authStatus":{"authenticated":true,"established":true,"competing":false,"connected":true,"message":"","MAC":"06:A8:C0:D9:D5:E3","serverInfo":{"serverName":"JifS19074","serverVersion":"Build 10.44.1h, Apr 20, 2026 11:22:51 AM"},"hardware_info":"275c5aa2|06:A8:C0:D9:D5:E3"}}}
21:30:02.244 INFO  vert.x-eventloop-thread-0 BaseServiceProxy     : -> GET /v1/api/tickle,200|318ms
21:30:02.248 DEBUG vert.x-eventloop-thread-0 ClientPortalService  : tickle {"session":"4832ca246c93e44996b29b3504034bb6","ssoExpires":389820,"collission":false,"userId":50301190,"hmds":{"error":"no bridge"},"iserver":{"authStatus":{"authenticated":true,"established":true,"competing":false,"connected":true,"message":"","MAC":"06:A8:C0:D9:D5:E3","serverInfo":{"serverName":"JifS19074","serverVersion":"Build 10.44.1h, Apr 20, 2026 11:22:51 AM"},"hardware_info":"275c5aa2|06:A8:C0:D9:D5:E3"}}}
21:30:27.033 INFO  vert.x-eventloop-thread-0 BaseServiceProxy     : -> GET /sso/ping,200|285ms
21:30:27.035 INFO  vert.x-eventloop-thread-0 SsoService           : sso ping {"result": "true"}
21:30:31.993 INFO  vert.x-eventloop-thread-0 BaseServiceProxy     : -> GET /v1/api/tickle,200|68ms
21:30:31.994 DEBUG vert.x-eventloop-thread-0 ClientPortalService  : tickle {"session":"4832ca246c93e44996b29b3504034bb6","ssoExpires":360047,"collission":false,"userId":50301190,"hmds":{"error":"no bridge"},"iserver":{"authStatus":{"authenticated":true,"established":true,"competing":false,"connected":true,"message":"","MAC":"06:A8:C0:D9:D5:E3","serverInfo":{"serverName":"JifS19074","serverVersion":"Build 10.44.1h, Apr 20, 2026 11:22:51 AM"},"hardware_info":"275c5aa2|06:A8:C0:D9:D5:E3"}}}
21:30:36.456 INFO  vert.x-eventloop-thread-0 BaseServiceProxy     : -> GET /v1/api/iserver/account/orders,200|64ms
21:31:03.131 INFO  vert.x-eventloop-thread-0 BaseServiceProxy     : -> GET /v1/api/tickle,200|1205ms
21:31:03.133 DEBUG vert.x-eventloop-thread-0 ClientPortalService  : tickle {"session":"4832ca246c93e44996b29b3504034bb6","ssoExpires":328946,"collission":false,"userId":50301190,"hmds":{"error":"no bridge"},"iserver":{"authStatus":{"authenticated":true,"established":true,"competing":false,"connected":true,"message":"","MAC":"06:A8:C0:D9:D5:E3","serverInfo":{"serverName":"JifS19074","serverVersion":"Build 10.44.1h, Apr 20, 2026 11:22:51 AM"},"hardware_info":"275c5aa2|06:A8:C0:D9:D5:E3"}}}
21:31:27.557 INFO  vert.x-eventloop-thread-0 BaseServiceProxy     : -> GET /v1/api/iserver/account/orders,200|75ms
21:31:27.664 INFO  vert.x-eventloop-thread-0 BaseServiceProxy     : -> GET /v1/api/iserver/account/orders,200|69ms
21:31:28.064 INFO  vert.x-eventloop-thread-0 BaseServiceProxy     : -> GET /v1/api/iserver/account/U5799398/order/1638730698,200|372ms
21:31:28.174 INFO  vert.x-eventloop-thread-0 BaseServiceProxy     : -> GET /v1/api/iserver/reply/3ebeb79f-5443-4399-8205-cbfcebaa4cd3,200|109ms
21:31:28.326 INFO  vert.x-eventloop-thread-0 BaseServiceProxy     : -> GET /v1/api/iserver/account/orders,200|150ms
21:31:29.705 INFO  vert.x-eventloop-thread-0 BaseServiceProxy     : -> GET /v1/api/iserver/marketdata/history?conid=756340&period=30d&bar=1d&outsideRth=false,200|438ms
21:31:29.808 INFO  vert.x-eventloop-thread-0 BaseServiceProxy     : -> GET /v1/api/iserver/marketdata/history?conid=756340&period=30d&bar=1d&outsideRth=false,200|101ms
21:31:29.924 INFO  vert.x-eventloop-thread-0 BaseServiceProxy     : -> GET /v1/api/iserver/account/orders,200|61ms
21:31:32.026 INFO  vert.x-eventloop-thread-0 BaseServiceProxy     : -> GET /v1/api/tickle,200|101ms
21:31:32.027 DEBUG vert.x-eventloop-thread-0 ClientPortalService  : tickle {"session":"4832ca246c93e44996b29b3504034bb6","ssoExpires":300050,"collission":false,"userId":50301190,"hmds":{"error":"no bridge"},"iserver":{"authStatus":{"authenticated":true,"established":true,"competing":false,"connected":true,"message":"","MAC":"06:A8:C0:D9:D5:E3","serverInfo":{"serverName":"JifS19074","serverVersion":"Build 10.44.1h, Apr 20, 2026 11:22:51 AM"},"hardware_info":"275c5aa2|06:A8:C0:D9:D5:E3"}}}
21:31:55.142 INFO  vert.x-eventloop-thread-0 BaseServiceProxy     : -> GET /v1/api/tickle,200|105ms
21:32:02.027 INFO  vert.x-eventloop-thread-0 BaseServiceProxy     : -> GET /v1/api/tickle,200|102ms
21:32:02.027 DEBUG vert.x-eventloop-thread-0 ClientPortalService  : tickle {"session":"4832ca246c93e44996b29b3504034bb6","ssoExpires":270044,"collission":false,"userId":50301190,"hmds":{"error":"no bridge"},"iserver":{"authStatus":{"authenticated":true,"established":true,"competing":false,"connected":true,"message":"","MAC":"06:A8:C0:D9:D5:E3","serverInfo":{"serverName":"JifS19074","serverVersion":"Build 10.44.1h, Apr 20, 2026 11:22:51 AM"},"hardware_info":"275c5aa2|06:A8:C0:D9:D5:E3"}}}
21:32:32.237 INFO  vert.x-eventloop-thread-0 BaseServiceProxy     : -> GET /v1/api/tickle,200|313ms
21:32:32.238 DEBUG vert.x-eventloop-thread-0 ClientPortalService  : tickle {"session":"4832ca246c93e44996b29b3504034bb6","ssoExpires":239816,"collission":false,"userId":50301190,"hmds":{"error":"no bridge"},"iserver":{"authStatus":{"authenticated":true,"established":true,"competing":false,"connected":true,"message":"","MAC":"06:A8:C0:D9:D5:E3","serverInfo":{"serverName":"JifS19074","serverVersion":"Build 10.44.1h, Apr 20, 2026 11:22:51 AM"},"hardware_info":"275c5aa2|06:A8:C0:D9:D5:E3"}}}
21:33:02.609 INFO  vert.x-eventloop-thread-0 BaseServiceProxy     : -> GET /v1/api/tickle,200|650ms
21:33:02.611 DEBUG vert.x-eventloop-thread-0 ClientPortalService  : tickle {"session":"4832ca246c93e44996b29b3504034bb6","ssoExpires":209779,"collission":false,"userId":50301190,"hmds":{"error":"no bridge"},"iserver":{"authStatus":{"authenticated":true,"established":true,"competing":false,"connected":true,"message":"","MAC":"06:A8:C0:D9:D5:E3","serverInfo":{"serverName":"JifS19074","serverVersion":"Build 10.44.1h, Apr 20, 2026 11:22:51 AM"},"hardware_info":"275c5aa2|06:A8:C0:D9:D5:E3"}}}
21:33:31.981 INFO  vert.x-eventloop-thread-0 BaseServiceProxy     : -> GET /v1/api/tickle,200|64ms
21:33:31.982 DEBUG vert.x-eventloop-thread-0 ClientPortalService  : tickle {"session":"4832ca246c93e44996b29b3504034bb6","ssoExpires":180040,"collission":false,"userId":50301190,"hmds":{"error":"no bridge"},"iserver":{"authStatus":{"authenticated":true,"established":true,"competing":false,"connected":true,"message":"","MAC":"06:A8:C0:D9:D5:E3","serverInfo":{"serverName":"JifS19074","serverVersion":"Build 10.44.1h, Apr 20, 2026 11:22:51 AM"},"hardware_info":"275c5aa2|06:A8:C0:D9:D5:E3"}}}
21:34:02.253 INFO  vert.x-eventloop-thread-0 BaseServiceProxy     : -> GET /v1/api/tickle,200|337ms
21:34:02.255 DEBUG vert.x-eventloop-thread-0 ClientPortalService  : tickle {"session":"4832ca246c93e44996b29b3504034bb6","ssoExpires":149809,"collission":false,"userId":50301190,"hmds":{"error":"no bridge"},"iserver":{"authStatus":{"authenticated":true,"established":true,"competing":false,"connected":true,"message":"","MAC":"06:A8:C0:D9:D5:E3","serverInfo":{"serverName":"JifS19074","serverVersion":"Build 10.44.1h, Apr 20, 2026 11:22:51 AM"},"hardware_info":"275c5aa2|06:A8:C0:D9:D5:E3"}}}
21:34:32.200 INFO  vert.x-eventloop-thread-0 BaseServiceProxy     : -> GET /v1/api/tickle,200|286ms
21:34:32.201 DEBUG vert.x-eventloop-thread-0 ClientPortalService  : tickle {"session":"4832ca246c93e44996b29b3504034bb6","ssoExpires":119821,"collission":false,"userId":50301190,"hmds":{"error":"no bridge"},"iserver":{"authStatus":{"authenticated":true,"established":true,"competing":false,"connected":true,"message":"","MAC":"06:A8:C0:D9:D5:E3","serverInfo":{"serverName":"JifS19074","serverVersion":"Build 10.44.1h, Apr 20, 2026 11:22:51 AM"},"hardware_info":"275c5aa2|06:A8:C0:D9:D5:E3"}}}
21:34:42.253 INFO  vert.x-eventloop-thread-0 BaseServiceProxy     : -> GET /v1/api/iserver/account/orders,200|201ms
21:34:55.314 INFO  vert.x-eventloop-thread-0 BaseServiceProxy     : -> GET /v1/api/tickle,200|94ms
21:35:02.434 INFO  vert.x-eventloop-thread-0 BaseServiceProxy     : -> GET /v1/api/tickle,200|519ms
21:35:02.434 DEBUG vert.x-eventloop-thread-0 ClientPortalService  : tickle {"session":"4832ca246c93e44996b29b3504034bb6","ssoExpires":90040,"collission":false,"userId":50301190,"hmds":{"error":"no bridge"},"iserver":{"authStatus":{"authenticated":true,"established":true,"competing":false,"connected":true,"message":"","MAC":"06:A8:C0:D9:D5:E3","serverInfo":{"serverName":"JifS19074","serverVersion":"Build 10.44.1h, Apr 20, 2026 11:22:51 AM"},"hardware_info":"275c5aa2|06:A8:C0:D9:D5:E3"}}}
21:35:23.189 INFO  vert.x-eventloop-thread-0 BaseServiceProxy     : -> GET /v1/api/portfolio/U5799398/summary,200|101ms
21:35:23.311 INFO  vert.x-eventloop-thread-0 BaseServiceProxy     : -> GET /v1/api/portfolio/U5799398/positions/0?direction=a&period=1W&sort=position,200|109ms
21:35:23.348 INFO  vert.x-eventloop-thread-0 BaseServiceProxy     : -> GET /v1/api/iserver/account/orders,200|140ms
21:35:27.253 INFO  vert.x-eventloop-thread-0 BaseServiceProxy     : -> GET /sso/ping,200|515ms
21:35:27.254 INFO  vert.x-eventloop-thread-0 SsoService           : sso ping {"result": "true"}
21:35:31.368 INFO  vert.x-eventloop-thread-0 BaseServiceProxy     : -> GET /v1/api/iserver/secdef/search?symbol=CWEN&secType=STK,200|97ms
21:35:31.466 INFO  vert.x-eventloop-thread-0 BaseServiceProxy     : -> GET /v1/api/iserver/account/orders,200|96ms
21:35:31.646 INFO  vert.x-eventloop-thread-0 BaseServiceProxy     : -> GET /v1/api/portfolio/U5799398/summary,200|133ms
21:35:31.980 INFO  vert.x-eventloop-thread-0 BaseServiceProxy     : -> GET /v1/api/tickle,200|66ms
21:35:31.980 DEBUG vert.x-eventloop-thread-0 ClientPortalService  : tickle {"session":"4832ca246c93e44996b29b3504034bb6","ssoExpires":60046,"collission":false,"userId":50301190,"hmds":{"error":"no bridge"},"iserver":{"authStatus":{"authenticated":true,"established":true,"competing":false,"connected":true,"message":"","MAC":"06:A8:C0:D9:D5:E3","serverInfo":{"serverName":"JifS19074","serverVersion":"Build 10.44.1h, Apr 20, 2026 11:22:51 AM"},"hardware_info":"275c5aa2|06:A8:C0:D9:D5:E3"}}}
21:35:32.181 INFO  vert.x-eventloop-thread-0 BaseServiceProxy     : -> GET /v1/api/iserver/account/U5799398/orders,200|428ms
21:35:32.250 INFO  vert.x-eventloop-thread-0 BaseServiceProxy     : -> GET /v1/api/iserver/reply/c79e4e48-c57f-4619-b7db-e8e8a15a7808,200|68ms
21:35:32.714 INFO  vert.x-eventloop-thread-0 BaseServiceProxy     : -> GET /v1/api/iserver/reply/61bdb845-1f6c-4b9c-92f4-163c4b41b6b2,200|460ms
21:35:32.815 INFO  vert.x-eventloop-thread-0 BaseServiceProxy     : -> GET /v1/api/iserver/reply/a9ec37eb-6df9-4e64-9d9b-c69c4983b6f1,200|99ms
21:35:33.242 INFO  vert.x-eventloop-thread-0 BaseServiceProxy     : -> GET /v1/api/iserver/reply/665cf94f-556a-489f-b256-54426461c76a,200|423ms
21:35:33.666 INFO  vert.x-eventloop-thread-0 BaseServiceProxy     : -> GET /v1/api/iserver/reply/d0f7de7d-8fb1-4270-954a-bd62675b39a3,200|421ms
21:35:33.781 INFO  vert.x-eventloop-thread-0 BaseServiceProxy     : -> GET /v1/api/iserver/reply/c1b37678-3e89-4cfd-8b3d-a5ad81a79595,200|108ms
21:35:33.856 INFO  vert.x-eventloop-thread-0 BaseServiceProxy     : -> GET /v1/api/iserver/account/orders,200|74ms
21:35:34.294 INFO  vert.x-eventloop-thread-0 BaseServiceProxy     : -> GET /v1/api/iserver/marketdata/history?conid=332126693&period=30d&bar=1d&outsideRth=false,200|383ms
21:35:34.398 INFO  vert.x-eventloop-thread-0 BaseServiceProxy     : -> GET /v1/api/iserver/marketdata/history?conid=332126693&period=30d&bar=1d&outsideRth=false,200|102ms
21:35:40.002 INFO  vert.x-eventloop-thread-0 BaseServiceProxy     : -> GET /v1/api/iserver/account/orders,200|100ms
21:35:41.982 INFO  vert.x-eventloop-thread-0 BaseServiceProxy     : -> GET /v1/api/iserver/marketdata/history?conid=332126693&period=30d&bar=1d&outsideRth=false,200|61ms
21:35:42.045 INFO  vert.x-eventloop-thread-0 BaseServiceProxy     : -> GET /v1/api/iserver/marketdata/history?conid=332126693&period=30d&bar=1d&outsideRth=false,200|61ms
21:35:42.169 INFO  vert.x-eventloop-thread-0 BaseServiceProxy     : -> GET /v1/api/iserver/account/orders,200|56ms
21:35:42.360 INFO  vert.x-eventloop-thread-0 BaseServiceProxy     : -> GET /v1/api/iserver/account/orders,200|71ms
21:35:42.712 INFO  vert.x-eventloop-thread-0 BaseServiceProxy     : -> GET /v1/api/iserver/account/U5799398/order/2080397128,200|330ms
21:35:42.798 INFO  vert.x-eventloop-thread-0 BaseServiceProxy     : -> GET /v1/api/iserver/account/orders,200|84ms
21:35:42.892 INFO  vert.x-eventloop-thread-0 BaseServiceProxy     : -> GET /v1/api/iserver/marketdata/history?conid=332126693&period=30d&bar=1d&outsideRth=false,200|60ms
21:35:42.970 INFO  vert.x-eventloop-thread-0 BaseServiceProxy     : -> GET /v1/api/iserver/marketdata/history?conid=332126693&period=30d&bar=1d&outsideRth=false,200|77ms
21:35:43.087 INFO  vert.x-eventloop-thread-0 BaseServiceProxy     : -> GET /v1/api/iserver/account/orders,200|62ms
21:36:01.974 INFO  vert.x-eventloop-thread-0 BaseServiceProxy     : -> GET /v1/api/tickle,200|60ms
21:36:01.976 DEBUG vert.x-eventloop-thread-0 ClientPortalService  : tickle {"session":"4832ca246c93e44996b29b3504034bb6","ssoExpires":30045,"collission":false,"userId":50301190,"hmds":{"error":"no bridge"},"iserver":{"authStatus":{"authenticated":true,"established":true,"competing":false,"connected":true,"message":"","MAC":"06:A8:C0:D9:D5:E3","serverInfo":{"serverName":"JifS19074","serverVersion":"Build 10.44.1h, Apr 20, 2026 11:22:51 AM"},"hardware_info":"275c5aa2|06:A8:C0:D9:D5:E3"}}}
21:36:24.111 INFO  vert.x-eventloop-thread-0 BaseServiceProxy     : -> GET /v1/api/iserver/account/orders,200|328ms
21:36:26.538 INFO  vert.x-eventloop-thread-0 BaseServiceProxy     : -> GET /v1/api/iserver/account/orders,200|73ms
21:36:26.949 INFO  vert.x-eventloop-thread-0 BaseServiceProxy     : -> GET /v1/api/iserver/account/U5799398/order/1638730701,200|330ms
21:36:27.099 INFO  vert.x-eventloop-thread-0 BaseServiceProxy     : -> GET /v1/api/iserver/account/orders,200|101ms
21:36:31.746 INFO  vert.x-eventloop-thread-0 BaseServiceProxy     : -> GET /v1/api/iserver/account/orders,200|144ms
21:36:32.019 INFO  vert.x-eventloop-thread-0 BaseServiceProxy     : -> GET /v1/api/tickle,200|104ms
21:36:32.019 DEBUG vert.x-eventloop-thread-0 ClientPortalService  : tickle {"session":"4832ca246c93e44996b29b3504034bb6","ssoExpires":49,"collission":false,"userId":50301190,"hmds":{"error":"no bridge"},"iserver":{"authStatus":{"authenticated":true,"established":true,"competing":false,"connected":true,"message":"","MAC":"06:A8:C0:D9:D5:E3","serverInfo":{"serverName":"JifS19074","serverVersion":"Build 10.44.1h, Apr 20, 2026 11:22:51 AM"},"hardware_info":"275c5aa2|06:A8:C0:D9:D5:E3"}}}
21:36:38.030 INFO  vert.x-eventloop-thread-0 BaseServiceProxy     : -> GET /v1/api/iserver/account/orders,200|74ms
21:36:38.250 INFO  vert.x-eventloop-thread-0 BaseServiceProxy     : -> GET /v1/api/iserver/account/orders,200|193ms
21:36:39.499 INFO  vert.x-eventloop-thread-0 BaseServiceProxy     : -> GET /v1/api/iserver/account/U5799398/order/2080397017,200|351ms
21:36:39.699 INFO  vert.x-eventloop-thread-0 BaseServiceProxy     : -> GET /v1/api/iserver/account/orders,200|194ms
21:36:41.681 INFO  vert.x-eventloop-thread-0 BaseServiceProxy     : -> GET /v1/api/iserver/account/orders,200|108ms
21:37:03.342 INFO  vert.x-eventloop-thread-0 BaseServiceProxy     : -> GET /v1/api/tickle,200|1427ms
21:37:03.343 DEBUG vert.x-eventloop-thread-0 ClientPortalService  : tickle {"session":"4832ca246c93e44996b29b3504034bb6","ssoExpires":600000,"collission":false,"userId":50301190,"hmds":{"error":"no bridge"},"iserver":{"authStatus":{"authenticated":true,"established":true,"competing":false,"connected":true,"message":"","MAC":"06:A8:C0:D9:D5:E3","serverInfo":{"serverName":"JifS19074","serverVersion":"Build 10.44.1h, Apr 20, 2026 11:22:51 AM"},"hardware_info":"275c5aa2|06:A8:C0:D9:D5:E3"}}}
21:37:32.076 INFO  vert.x-eventloop-thread-0 BaseServiceProxy     : -> GET /v1/api/tickle,200|161ms
21:37:32.078 DEBUG vert.x-eventloop-thread-0 ClientPortalService  : tickle {"session":"4832ca246c93e44996b29b3504034bb6","ssoExpires":570217,"collission":false,"userId":50301190,"hmds":{"error":"no bridge"},"iserver":{"authStatus":{"authenticated":true,"established":true,"competing":false,"connected":true,"message":"","MAC":"06:A8:C0:D9:D5:E3","serverInfo":{"serverName":"JifS19074","serverVersion":"Build 10.44.1h, Apr 20, 2026 11:22:51 AM"},"hardware_info":"275c5aa2|06:A8:C0:D9:D5:E3"}}}
21:37:55.553 INFO  vert.x-eventloop-thread-0 BaseServiceProxy     : -> GET /v1/api/tickle,200|92ms
21:38:02.010 INFO  vert.x-eventloop-thread-0 BaseServiceProxy     : -> GET /v1/api/tickle,200|91ms
21:38:02.010 DEBUG vert.x-eventloop-thread-0 ClientPortalService  : tickle {"session":"4832ca246c93e44996b29b3504034bb6","ssoExpires":540228,"collission":false,"userId":50301190,"hmds":{"error":"no bridge"},"iserver":{"authStatus":{"authenticated":true,"established":true,"competing":false,"connected":true,"message":"","MAC":"06:A8:C0:D9:D5:E3","serverInfo":{"serverName":"JifS19074","serverVersion":"Build 10.44.1h, Apr 20, 2026 11:22:51 AM"},"hardware_info":"275c5aa2|06:A8:C0:D9:D5:E3"}}}
21:38:17.407 INFO  vert.x-eventloop-thread-0 BaseServiceProxy     : -> GET /v1/api/iserver/account/orders,200|385ms
21:38:20.252 INFO  vert.x-eventloop-thread-0 BaseServiceProxy     : -> GET /v1/api/iserver/account/orders,200|159ms
21:38:32.006 INFO  vert.x-eventloop-thread-0 BaseServiceProxy     : -> GET /v1/api/tickle,200|93ms
21:38:32.007 DEBUG vert.x-eventloop-thread-0 ClientPortalService  : tickle {"session":"4832ca246c93e44996b29b3504034bb6","ssoExpires":510237,"collission":false,"userId":50301190,"hmds":{"error":"no bridge"},"iserver":{"authStatus":{"authenticated":true,"established":true,"competing":false,"connected":true,"message":"","MAC":"06:A8:C0:D9:D5:E3","serverInfo":{"serverName":"JifS19074","serverVersion":"Build 10.44.1h, Apr 20, 2026 11:22:51 AM"},"hardware_info":"275c5aa2|06:A8:C0:D9:D5:E3"}}}
21:39:02.250 INFO  vert.x-eventloop-thread-0 BaseServiceProxy     : -> GET /v1/api/tickle,200|335ms
21:39:02.252 DEBUG vert.x-eventloop-thread-0 ClientPortalService  : tickle {"session":"4832ca246c93e44996b29b3504034bb6","ssoExpires":480000,"collission":false,"userId":50301190,"hmds":{"error":"no bridge"},"iserver":{"authStatus":{"authenticated":true,"established":true,"competing":false,"connected":true,"message":"","MAC":"06:A8:C0:D9:D5:E3","serverInfo":{"serverName":"JifS19074","serverVersion":"Build 10.44.1h, Apr 20, 2026 11:22:51 AM"},"hardware_info":"275c5aa2|06:A8:C0:D9:D5:E3"}}}
21:39:32.026 INFO  vert.x-eventloop-thread-0 BaseServiceProxy     : -> GET /v1/api/tickle,200|111ms
21:39:32.027 DEBUG vert.x-eventloop-thread-0 ClientPortalService  : tickle {"session":"4832ca246c93e44996b29b3504034bb6","ssoExpires":450228,"collission":false,"userId":50301190,"hmds":{"error":"no bridge"},"iserver":{"authStatus":{"authenticated":true,"established":true,"competing":false,"connected":true,"message":"","MAC":"06:A8:C0:D9:D5:E3","serverInfo":{"serverName":"JifS19074","serverVersion":"Build 10.44.1h, Apr 20, 2026 11:22:51 AM"},"hardware_info":"275c5aa2|06:A8:C0:D9:D5:E3"}}}
21:40:02.026 INFO  vert.x-eventloop-thread-0 BaseServiceProxy     : -> GET /v1/api/tickle,200|112ms
21:40:02.027 DEBUG vert.x-eventloop-thread-0 ClientPortalService  : tickle {"session":"4832ca246c93e44996b29b3504034bb6","ssoExpires":420217,"collission":false,"userId":50301190,"hmds":{"error":"no bridge"},"iserver":{"authStatus":{"authenticated":true,"established":true,"competing":false,"connected":true,"message":"","MAC":"06:A8:C0:D9:D5:E3","serverInfo":{"serverName":"JifS19074","serverVersion":"Build 10.44.1h, Apr 20, 2026 11:22:51 AM"},"hardware_info":"275c5aa2|06:A8:C0:D9:D5:E3"}}}
21:40:27.311 INFO  vert.x-eventloop-thread-0 BaseServiceProxy     : -> GET /sso/ping,200|573ms
21:40:27.312 INFO  vert.x-eventloop-thread-0 SsoService           : sso ping {"result": "true"}
21:40:32.026 INFO  vert.x-eventloop-thread-0 BaseServiceProxy     : -> GET /v1/api/tickle,200|113ms
21:40:32.026 DEBUG vert.x-eventloop-thread-0 ClientPortalService  : tickle {"session":"4832ca246c93e44996b29b3504034bb6","ssoExpires":390222,"collission":false,"userId":50301190,"hmds":{"error":"no bridge"},"iserver":{"authStatus":{"authenticated":true,"established":true,"competing":false,"connected":true,"message":"","MAC":"06:A8:C0:D9:D5:E3","serverInfo":{"serverName":"JifS19074","serverVersion":"Build 10.44.1h, Apr 20, 2026 11:22:51 AM"},"hardware_info":"275c5aa2|06:A8:C0:D9:D5:E3"}}}
21:40:55.899 INFO  vert.x-eventloop-thread-0 BaseServiceProxy     : -> GET /v1/api/tickle,200|236ms
21:41:02.024 INFO  vert.x-eventloop-thread-0 BaseServiceProxy     : -> GET /v1/api/tickle,200|111ms
21:41:02.024 DEBUG vert.x-eventloop-thread-0 ClientPortalService  : tickle {"session":"4832ca246c93e44996b29b3504034bb6","ssoExpires":360223,"collission":false,"userId":50301190,"hmds":{"error":"no bridge"},"iserver":{"authStatus":{"authenticated":true,"established":true,"competing":false,"connected":true,"message":"","MAC":"06:A8:C0:D9:D5:E3","serverInfo":{"serverName":"JifS19074","serverVersion":"Build 10.44.1h, Apr 20, 2026 11:22:51 AM"},"hardware_info":"275c5aa2|06:A8:C0:D9:D5:E3"}}}
21:41:32.022 INFO  vert.x-eventloop-thread-0 BaseServiceProxy     : -> GET /v1/api/tickle,200|106ms
21:41:32.024 DEBUG vert.x-eventloop-thread-0 ClientPortalService  : tickle {"session":"4832ca246c93e44996b29b3504034bb6","ssoExpires":330222,"collission":false,"userId":50301190,"hmds":{"error":"no bridge"},"iserver":{"authStatus":{"authenticated":true,"established":true,"competing":false,"connected":true,"message":"","MAC":"06:A8:C0:D9:D5:E3","serverInfo":{"serverName":"JifS19074","serverVersion":"Build 10.44.1h, Apr 20, 2026 11:22:51 AM"},"hardware_info":"275c5aa2|06:A8:C0:D9:D5:E3"}}}
21:42:03.334 INFO  vert.x-eventloop-thread-0 BaseServiceProxy     : -> GET /v1/api/tickle,200|1419ms
21:42:03.335 DEBUG vert.x-eventloop-thread-0 ClientPortalService  : tickle {"session":"4832ca246c93e44996b29b3504034bb6","ssoExpires":300066,"collission":false,"userId":50301190,"hmds":{"error":"no bridge"},"iserver":{"authStatus":{"authenticated":true,"established":true,"competing":false,"connected":true,"message":"","MAC":"06:A8:C0:D9:D5:E3","serverInfo":{"serverName":"JifS19074","serverVersion":"Build 10.44.1h, Apr 20, 2026 11:22:51 AM"},"hardware_info":"275c5aa2|06:A8:C0:D9:D5:E3"}}}
21:42:32.033 INFO  vert.x-eventloop-thread-0 BaseServiceProxy     : -> GET /v1/api/tickle,200|119ms
21:42:32.034 DEBUG vert.x-eventloop-thread-0 ClientPortalService  : tickle {"session":"4832ca246c93e44996b29b3504034bb6","ssoExpires":270220,"collission":false,"userId":50301190,"hmds":{"error":"no bridge"},"iserver":{"authStatus":{"authenticated":true,"established":true,"competing":false,"connected":true,"message":"","MAC":"06:A8:C0:D9:D5:E3","serverInfo":{"serverName":"JifS19074","serverVersion":"Build 10.44.1h, Apr 20, 2026 11:22:51 AM"},"hardware_info":"275c5aa2|06:A8:C0:D9:D5:E3"}}}
21:43:02.018 INFO  vert.x-eventloop-thread-0 BaseServiceProxy     : -> GET /v1/api/tickle,200|104ms
21:43:02.021 DEBUG vert.x-eventloop-thread-0 ClientPortalService  : tickle {"session":"4832ca246c93e44996b29b3504034bb6","ssoExpires":240223,"collission":false,"userId":50301190,"hmds":{"error":"no bridge"},"iserver":{"authStatus":{"authenticated":true,"established":true,"competing":false,"connected":true,"message":"","MAC":"06:A8:C0:D9:D5:E3","serverInfo":{"serverName":"JifS19074","serverVersion":"Build 10.44.1h, Apr 20, 2026 11:22:51 AM"},"hardware_info":"275c5aa2|06:A8:C0:D9:D5:E3"}}}
21:43:32.173 INFO  vert.x-eventloop-thread-0 BaseServiceProxy     : -> GET /v1/api/tickle,200|260ms
21:43:32.175 DEBUG vert.x-eventloop-thread-0 ClientPortalService  : tickle {"session":"4832ca246c93e44996b29b3504034bb6","ssoExpires":210076,"collission":false,"userId":50301190,"hmds":{"error":"no bridge"},"iserver":{"authStatus":{"authenticated":true,"established":true,"competing":false,"connected":true,"message":"","MAC":"06:A8:C0:D9:D5:E3","serverInfo":{"serverName":"JifS19074","serverVersion":"Build 10.44.1h, Apr 20, 2026 11:22:51 AM"},"hardware_info":"275c5aa2|06:A8:C0:D9:D5:E3"}}}
21:43:56.448 INFO  vert.x-eventloop-thread-0 BaseServiceProxy     : -> GET /v1/api/tickle,200|400ms
21:44:02.018 INFO  vert.x-eventloop-thread-0 BaseServiceProxy     : -> GET /v1/api/tickle,200|105ms
21:44:02.018 DEBUG vert.x-eventloop-thread-0 ClientPortalService  : tickle {"session":"4832ca246c93e44996b29b3504034bb6","ssoExpires":180227,"collission":false,"userId":50301190,"hmds":{"error":"no bridge"},"iserver":{"authStatus":{"authenticated":true,"established":true,"competing":false,"connected":true,"message":"","MAC":"06:A8:C0:D9:D5:E3","serverInfo":{"serverName":"JifS19074","serverVersion":"Build 10.44.1h, Apr 20, 2026 11:22:51 AM"},"hardware_info":"275c5aa2|06:A8:C0:D9:D5:E3"}}}
21:44:32.266 INFO  vert.x-eventloop-thread-0 BaseServiceProxy     : -> GET /v1/api/tickle,200|352ms
21:44:32.268 DEBUG vert.x-eventloop-thread-0 ClientPortalService  : tickle {"session":"4832ca246c93e44996b29b3504034bb6","ssoExpires":149995,"collission":false,"userId":50301190,"hmds":{"error":"no bridge"},"iserver":{"authStatus":{"authenticated":true,"established":true,"competing":false,"connected":true,"message":"","MAC":"06:A8:C0:D9:D5:E3","serverInfo":{"serverName":"JifS19074","serverVersion":"Build 10.44.1h, Apr 20, 2026 11:22:51 AM"},"hardware_info":"275c5aa2|06:A8:C0:D9:D5:E3"}}}
21:45:02.578 INFO  vert.x-eventloop-thread-0 BaseServiceProxy     : -> GET /v1/api/tickle,200|664ms
21:45:02.580 DEBUG vert.x-eventloop-thread-0 ClientPortalService  : tickle {"session":"4832ca246c93e44996b29b3504034bb6","ssoExpires":119991,"collission":false,"userId":50301190,"hmds":{"error":"no bridge"},"iserver":{"authStatus":{"authenticated":true,"established":true,"competing":false,"connected":true,"message":"","MAC":"06:A8:C0:D9:D5:E3","serverInfo":{"serverName":"JifS19074","serverVersion":"Build 10.44.1h, Apr 20, 2026 11:22:51 AM"},"hardware_info":"275c5aa2|06:A8:C0:D9:D5:E3"}}}
21:45:27.011 INFO  vert.x-eventloop-thread-0 BaseServiceProxy     : -> GET /sso/ping,200|275ms
21:45:27.012 INFO  vert.x-eventloop-thread-0 SsoService           : sso ping {"result": "true"}
21:45:32.012 INFO  vert.x-eventloop-thread-0 BaseServiceProxy     : -> GET /v1/api/tickle,200|99ms
21:45:32.013 DEBUG vert.x-eventloop-thread-0 ClientPortalService  : tickle {"session":"4832ca246c93e44996b29b3504034bb6","ssoExpires":90229,"collission":false,"userId":50301190,"hmds":{"error":"no bridge"},"iserver":{"authStatus":{"authenticated":true,"established":true,"competing":false,"connected":true,"message":"","MAC":"06:A8:C0:D9:D5:E3","serverInfo":{"serverName":"JifS19074","serverVersion":"Build 10.44.1h, Apr 20, 2026 11:22:51 AM"},"hardware_info":"275c5aa2|06:A8:C0:D9:D5:E3"}}}
21:46:02.194 INFO  vert.x-eventloop-thread-0 BaseServiceProxy     : -> GET /v1/api/tickle,200|280ms
21:46:02.196 DEBUG vert.x-eventloop-thread-0 ClientPortalService  : tickle {"session":"4832ca246c93e44996b29b3504034bb6","ssoExpires":60058,"collission":false,"userId":50301190,"hmds":{"error":"no bridge"},"iserver":{"authStatus":{"authenticated":true,"established":true,"competing":false,"connected":true,"message":"","MAC":"06:A8:C0:D9:D5:E3","serverInfo":{"serverName":"JifS19074","serverVersion":"Build 10.44.1h, Apr 20, 2026 11:22:51 AM"},"hardware_info":"275c5aa2|06:A8:C0:D9:D5:E3"}}}
21:46:32.562 INFO  vert.x-eventloop-thread-0 BaseServiceProxy     : -> GET /v1/api/tickle,200|648ms
21:46:32.563 DEBUG vert.x-eventloop-thread-0 ClientPortalService  : tickle {"session":"4832ca246c93e44996b29b3504034bb6","ssoExpires":30000,"collission":false,"userId":50301190,"hmds":{"error":"no bridge"},"iserver":{"authStatus":{"authenticated":true,"established":true,"competing":false,"connected":true,"message":"","MAC":"06:A8:C0:D9:D5:E3","serverInfo":{"serverName":"JifS19074","serverVersion":"Build 10.44.1h, Apr 20, 2026 11:22:51 AM"},"hardware_info":"275c5aa2|06:A8:C0:D9:D5:E3"}}}
21:46:56.976 INFO  vert.x-eventloop-thread-0 BaseServiceProxy     : -> GET /v1/api/tickle,200|398ms
21:47:01.990 INFO  vert.x-eventloop-thread-0 BaseServiceProxy     : -> GET /v1/api/tickle,200|78ms
21:47:01.990 DEBUG vert.x-eventloop-thread-0 ClientPortalService  : tickle {"session":"4832ca246c93e44996b29b3504034bb6","ssoExpires":214,"collission":false,"userId":50301190,"hmds":{"error":"no bridge"},"iserver":{"authStatus":{"authenticated":true,"established":true,"competing":false,"connected":true,"message":"","MAC":"06:A8:C0:D9:D5:E3","serverInfo":{"serverName":"JifS19074","serverVersion":"Build 10.44.1h, Apr 20, 2026 11:22:51 AM"},"hardware_info":"275c5aa2|06:A8:C0:D9:D5:E3"}}}
21:47:19.964 INFO  vert.x-eventloop-thread-0 BaseServiceProxy     : -> GET /v1/api/iserver/account/orders,200|548ms
21:47:20.402 INFO  vert.x-eventloop-thread-0 BaseServiceProxy     : -> GET /v1/api/iserver/account/orders,200|425ms
21:47:21.045 INFO  vert.x-eventloop-thread-0 BaseServiceProxy     : -> GET /v1/api/iserver/account/U5799398/order/1198175565,200|447ms
21:47:21.240 INFO  vert.x-eventloop-thread-0 BaseServiceProxy     : -> GET /v1/api/iserver/account/orders,200|193ms
21:47:22.880 INFO  vert.x-eventloop-thread-0 BaseServiceProxy     : -> GET /v1/api/iserver/marketdata/history?conid=239037320&period=30d&bar=1d&outsideRth=false,200|492ms
21:47:23.081 INFO  vert.x-eventloop-thread-0 BaseServiceProxy     : -> GET /v1/api/iserver/marketdata/history?conid=239037320&period=30d&bar=1d&outsideRth=false,200|191ms
21:47:23.317 INFO  vert.x-eventloop-thread-0 BaseServiceProxy     : -> GET /v1/api/iserver/account/orders,200|110ms
21:47:32.410 INFO  vert.x-eventloop-thread-0 BaseServiceProxy     : -> GET /v1/api/tickle,200|494ms
21:47:32.412 DEBUG vert.x-eventloop-thread-0 ClientPortalService  : tickle {"session":"4832ca246c93e44996b29b3504034bb6","ssoExpires":600000,"collission":false,"userId":50301190,"hmds":{"error":"no bridge"},"iserver":{"authStatus":{"authenticated":true,"established":true,"competing":false,"connected":true,"message":"","MAC":"06:A8:C0:D9:D5:E3","serverInfo":{"serverName":"JifS19074","serverVersion":"Build 10.44.1h, Apr 20, 2026 11:22:51 AM"},"hardware_info":"275c5aa2|06:A8:C0:D9:D5:E3"}}}
21:48:02.019 INFO  vert.x-eventloop-thread-0 BaseServiceProxy     : -> GET /v1/api/tickle,200|105ms
21:48:02.021 DEBUG vert.x-eventloop-thread-0 ClientPortalService  : tickle {"session":"4832ca246c93e44996b29b3504034bb6","ssoExpires":570232,"collission":false,"userId":50301190,"hmds":{"error":"no bridge"},"iserver":{"authStatus":{"authenticated":true,"established":true,"competing":false,"connected":true,"message":"","MAC":"06:A8:C0:D9:D5:E3","serverInfo":{"serverName":"JifS19074","serverVersion":"Build 10.44.1h, Apr 20, 2026 11:22:51 AM"},"hardware_info":"275c5aa2|06:A8:C0:D9:D5:E3"}}}
21:48:32.579 INFO  vert.x-eventloop-thread-0 BaseServiceProxy     : -> GET /v1/api/tickle,200|667ms
21:48:32.581 DEBUG vert.x-eventloop-thread-0 ClientPortalService  : tickle {"session":"4832ca246c93e44996b29b3504034bb6","ssoExpires":539859,"collission":false,"userId":50301190,"hmds":{"error":"no bridge"},"iserver":{"authStatus":{"authenticated":true,"established":true,"competing":false,"connected":true,"message":"","MAC":"06:A8:C0:D9:D5:E3","serverInfo":{"serverName":"JifS19074","serverVersion":"Build 10.44.1h, Apr 20, 2026 11:22:51 AM"},"hardware_info":"275c5aa2|06:A8:C0:D9:D5:E3"}}}
21:49:02.531 INFO  vert.x-eventloop-thread-0 BaseServiceProxy     : -> GET /v1/api/tickle,200|607ms
21:49:02.534 DEBUG vert.x-eventloop-thread-0 ClientPortalService  : tickle {"session":"4832ca246c93e44996b29b3504034bb6","ssoExpires":509836,"collission":false,"userId":50301190,"hmds":{"error":"no bridge"},"iserver":{"authStatus":{"authenticated":true,"established":true,"competing":false,"connected":true,"message":"","MAC":"06:A8:C0:D9:D5:E3","serverInfo":{"serverName":"JifS19074","serverVersion":"Build 10.44.1h, Apr 20, 2026 11:22:51 AM"},"hardware_info":"275c5aa2|06:A8:C0:D9:D5:E3"}}}
21:49:04.792 INFO  vert.x-eventloop-thread-0 BaseServiceProxy     : -> GET /v1/api/iserver/account/orders,200|358ms
21:49:05.512 INFO  vert.x-eventloop-thread-0 BaseServiceProxy     : -> GET /v1/api/iserver/account/orders,200|365ms
21:49:10.023 INFO  vert.x-eventloop-thread-0 BaseServiceProxy     : -> GET /v1/api/iserver/account/U5799398/order/1638730716,200|371ms
21:49:10.129 INFO  vert.x-eventloop-thread-0 BaseServiceProxy     : -> GET /v1/api/iserver/reply/3c8fc645-4985-4e8e-b783-a2b554efb031,200|103ms
21:49:10.359 INFO  vert.x-eventloop-thread-0 BaseServiceProxy     : -> GET /v1/api/iserver/account/orders,200|228ms
21:49:11.890 INFO  vert.x-eventloop-thread-0 BaseServiceProxy     : -> GET /v1/api/iserver/marketdata/history?conid=670780648&period=30d&bar=1d&outsideRth=false,200|653ms
21:49:11.981 INFO  vert.x-eventloop-thread-0 BaseServiceProxy     : -> GET /v1/api/iserver/marketdata/history?conid=670780648&period=30d&bar=1d&outsideRth=false,200|89ms
21:49:12.167 INFO  vert.x-eventloop-thread-0 BaseServiceProxy     : -> GET /v1/api/iserver/account/orders,200|98ms
21:49:32.056 INFO  vert.x-eventloop-thread-0 BaseServiceProxy     : -> GET /v1/api/tickle,200|129ms
21:49:32.059 DEBUG vert.x-eventloop-thread-0 ClientPortalService  : tickle {"session":"4832ca246c93e44996b29b3504034bb6","ssoExpires":480205,"collission":false,"userId":50301190,"hmds":{"error":"no bridge"},"iserver":{"authStatus":{"authenticated":true,"established":true,"competing":false,"connected":true,"message":"","MAC":"06:A8:C0:D9:D5:E3","serverInfo":{"serverName":"JifS19074","serverVersion":"Build 10.44.1h, Apr 20, 2026 11:22:51 AM"},"hardware_info":"275c5aa2|06:A8:C0:D9:D5:E3"}}}
21:49:57.215 INFO  vert.x-eventloop-thread-0 BaseServiceProxy     : -> GET /v1/api/tickle,200|114ms
21:50:01.993 INFO  vert.x-eventloop-thread-0 BaseServiceProxy     : -> GET /v1/api/tickle,200|69ms
21:50:01.993 DEBUG vert.x-eventloop-thread-0 ClientPortalService  : tickle {"session":"4832ca246c93e44996b29b3504034bb6","ssoExpires":450239,"collission":false,"userId":50301190,"hmds":{"error":"no bridge"},"iserver":{"authStatus":{"authenticated":true,"established":true,"competing":false,"connected":true,"message":"","MAC":"06:A8:C0:D9:D5:E3","serverInfo":{"serverName":"JifS19074","serverVersion":"Build 10.44.1h, Apr 20, 2026 11:22:51 AM"},"hardware_info":"275c5aa2|06:A8:C0:D9:D5:E3"}}}
21:50:27.116 INFO  vert.x-eventloop-thread-0 BaseServiceProxy     : -> GET /sso/ping,200|367ms
21:50:27.119 INFO  vert.x-eventloop-thread-0 SsoService           : sso ping {"result": "true"}
21:50:32.093 INFO  vert.x-eventloop-thread-0 BaseServiceProxy     : -> GET /v1/api/tickle,200|168ms
21:50:32.094 DEBUG vert.x-eventloop-thread-0 ClientPortalService  : tickle {"session":"4832ca246c93e44996b29b3504034bb6","ssoExpires":420234,"collission":false,"userId":50301190,"hmds":{"error":"no bridge"},"iserver":{"authStatus":{"authenticated":true,"established":true,"competing":false,"connected":true,"message":"","MAC":"06:A8:C0:D9:D5:E3","serverInfo":{"serverName":"JifS19074","serverVersion":"Build 10.44.1h, Apr 20, 2026 11:22:51 AM"},"hardware_info":"275c5aa2|06:A8:C0:D9:D5:E3"}}}
21:51:02.446 INFO  vert.x-eventloop-thread-0 BaseServiceProxy     : -> GET /v1/api/tickle,200|520ms
21:51:02.449 DEBUG vert.x-eventloop-thread-0 ClientPortalService  : tickle {"session":"4832ca246c93e44996b29b3504034bb6","ssoExpires":390214,"collission":false,"userId":50301190,"hmds":{"error":"no bridge"},"iserver":{"authStatus":{"authenticated":true,"established":true,"competing":false,"connected":true,"message":"","MAC":"06:A8:C0:D9:D5:E3","serverInfo":{"serverName":"JifS19074","serverVersion":"Build 10.44.1h, Apr 20, 2026 11:22:51 AM"},"hardware_info":"275c5aa2|06:A8:C0:D9:D5:E3"}}}
21:51:32.141 INFO  vert.x-eventloop-thread-0 BaseServiceProxy     : -> GET /v1/api/tickle,200|216ms
21:51:32.143 DEBUG vert.x-eventloop-thread-0 ClientPortalService  : tickle {"session":"4832ca246c93e44996b29b3504034bb6","ssoExpires":360078,"collission":false,"userId":50301190,"hmds":{"error":"no bridge"},"iserver":{"authStatus":{"authenticated":true,"established":true,"competing":false,"connected":true,"message":"","MAC":"06:A8:C0:D9:D5:E3","serverInfo":{"serverName":"JifS19074","serverVersion":"Build 10.44.1h, Apr 20, 2026 11:22:51 AM"},"hardware_info":"275c5aa2|06:A8:C0:D9:D5:E3"}}}
21:52:02.063 INFO  vert.x-eventloop-thread-0 BaseServiceProxy     : -> GET /v1/api/tickle,200|137ms
21:52:02.065 DEBUG vert.x-eventloop-thread-0 ClientPortalService  : tickle {"session":"4832ca246c93e44996b29b3504034bb6","ssoExpires":330186,"collission":false,"userId":50301190,"hmds":{"error":"no bridge"},"iserver":{"authStatus":{"authenticated":true,"established":true,"competing":false,"connected":true,"message":"","MAC":"06:A8:C0:D9:D5:E3","serverInfo":{"serverName":"JifS19074","serverVersion":"Build 10.44.1h, Apr 20, 2026 11:22:51 AM"},"hardware_info":"275c5aa2|06:A8:C0:D9:D5:E3"}}}
21:52:32.183 INFO  vert.x-eventloop-thread-0 BaseServiceProxy     : -> GET /v1/api/tickle,200|258ms
21:52:32.185 DEBUG vert.x-eventloop-thread-0 ClientPortalService  : tickle {"session":"4832ca246c93e44996b29b3504034bb6","ssoExpires":300073,"collission":false,"userId":50301190,"hmds":{"error":"no bridge"},"iserver":{"authStatus":{"authenticated":true,"established":true,"competing":false,"connected":true,"message":"","MAC":"06:A8:C0:D9:D5:E3","serverInfo":{"serverName":"JifS19074","serverVersion":"Build 10.44.1h, Apr 20, 2026 11:22:51 AM"},"hardware_info":"275c5aa2|06:A8:C0:D9:D5:E3"}}}
21:52:57.510 INFO  vert.x-eventloop-thread-0 BaseServiceProxy     : -> GET /v1/api/tickle,200|165ms
21:53:02.019 INFO  vert.x-eventloop-thread-0 BaseServiceProxy     : -> GET /v1/api/tickle,200|94ms
21:53:02.019 DEBUG vert.x-eventloop-thread-0 ClientPortalService  : tickle {"session":"4832ca246c93e44996b29b3504034bb6","ssoExpires":270228,"collission":false,"userId":50301190,"hmds":{"error":"no bridge"},"iserver":{"authStatus":{"authenticated":true,"established":true,"competing":false,"connected":true,"message":"","MAC":"06:A8:C0:D9:D5:E3","serverInfo":{"serverName":"JifS19074","serverVersion":"Build 10.44.1h, Apr 20, 2026 11:22:51 AM"},"hardware_info":"275c5aa2|06:A8:C0:D9:D5:E3"}}}
21:53:32.024 INFO  vert.x-eventloop-thread-0 BaseServiceProxy     : -> GET /v1/api/tickle,200|98ms
21:53:32.026 DEBUG vert.x-eventloop-thread-0 ClientPortalService  : tickle {"session":"4832ca246c93e44996b29b3504034bb6","ssoExpires":240230,"collission":false,"userId":50301190,"hmds":{"error":"no bridge"},"iserver":{"authStatus":{"authenticated":true,"established":true,"competing":false,"connected":true,"message":"","MAC":"06:A8:C0:D9:D5:E3","serverInfo":{"serverName":"JifS19074","serverVersion":"Build 10.44.1h, Apr 20, 2026 11:22:51 AM"},"hardware_info":"275c5aa2|06:A8:C0:D9:D5:E3"}}}
21:54:02.032 INFO  vert.x-eventloop-thread-0 BaseServiceProxy     : -> GET /v1/api/tickle,200|106ms
21:54:02.034 DEBUG vert.x-eventloop-thread-0 ClientPortalService  : tickle {"session":"4832ca246c93e44996b29b3504034bb6","ssoExpires":210229,"collission":false,"userId":50301190,"hmds":{"error":"no bridge"},"iserver":{"authStatus":{"authenticated":true,"established":true,"competing":false,"connected":true,"message":"","MAC":"06:A8:C0:D9:D5:E3","serverInfo":{"serverName":"JifS19074","serverVersion":"Build 10.44.1h, Apr 20, 2026 11:22:51 AM"},"hardware_info":"275c5aa2|06:A8:C0:D9:D5:E3"}}}
21:54:32.039 INFO  vert.x-eventloop-thread-0 BaseServiceProxy     : -> GET /v1/api/tickle,200|114ms
21:54:32.041 DEBUG vert.x-eventloop-thread-0 ClientPortalService  : tickle {"session":"4832ca246c93e44996b29b3504034bb6","ssoExpires":180210,"collission":false,"userId":50301190,"hmds":{"error":"no bridge"},"iserver":{"authStatus":{"authenticated":true,"established":true,"competing":false,"connected":true,"message":"","MAC":"06:A8:C0:D9:D5:E3","serverInfo":{"serverName":"JifS19074","serverVersion":"Build 10.44.1h, Apr 20, 2026 11:22:51 AM"},"hardware_info":"275c5aa2|06:A8:C0:D9:D5:E3"}}}
21:55:02.185 INFO  vert.x-eventloop-thread-0 BaseServiceProxy     : -> GET /v1/api/tickle,200|260ms
21:55:02.186 DEBUG vert.x-eventloop-thread-0 ClientPortalService  : tickle {"session":"4832ca246c93e44996b29b3504034bb6","ssoExpires":150079,"collission":false,"userId":50301190,"hmds":{"error":"no bridge"},"iserver":{"authStatus":{"authenticated":true,"established":true,"competing":false,"connected":true,"message":"","MAC":"06:A8:C0:D9:D5:E3","serverInfo":{"serverName":"JifS19074","serverVersion":"Build 10.44.1h, Apr 20, 2026 11:22:51 AM"},"hardware_info":"275c5aa2|06:A8:C0:D9:D5:E3"}}}
21:55:27.050 INFO  vert.x-eventloop-thread-0 BaseServiceProxy     : -> GET /sso/ping,200|302ms
21:55:27.051 INFO  vert.x-eventloop-thread-0 SsoService           : sso ping {"result": "true"}
21:55:31.976 INFO  vert.x-eventloop-thread-0 BaseServiceProxy     : -> GET /v1/api/tickle,200|52ms
21:55:31.977 DEBUG vert.x-eventloop-thread-0 ClientPortalService  : tickle {"session":"4832ca246c93e44996b29b3504034bb6","ssoExpires":120240,"collission":false,"userId":50301190,"hmds":{"error":"no bridge"},"iserver":{"authStatus":{"authenticated":true,"established":true,"competing":false,"connected":true,"message":"","MAC":"06:A8:C0:D9:D5:E3","serverInfo":{"serverName":"JifS19074","serverVersion":"Build 10.44.1h, Apr 20, 2026 11:22:51 AM"},"hardware_info":"275c5aa2|06:A8:C0:D9:D5:E3"}}}
21:55:57.781 INFO  vert.x-eventloop-thread-0 BaseServiceProxy     : -> GET /v1/api/tickle,200|145ms
21:56:01.877 INFO  vert.x-eventloop-thread-0 BaseServiceProxy     : -> GET /v1/api/iserver/account/orders,200|119ms
21:56:02.032 INFO  vert.x-eventloop-thread-0 BaseServiceProxy     : -> GET /v1/api/iserver/account/orders,200|88ms
21:56:03.191 INFO  vert.x-eventloop-thread-0 BaseServiceProxy     : -> GET /v1/api/iserver/account/U5799398/order/875342712,200|1091ms
21:56:03.287 INFO  vert.x-eventloop-thread-0 BaseServiceProxy     : -> GET /v1/api/iserver/reply/df79668f-0488-4d0a-9e6e-741924927c84,200|94ms
21:56:03.372 INFO  vert.x-eventloop-thread-0 BaseServiceProxy     : -> GET /v1/api/tickle,200|1448ms
21:56:03.372 DEBUG vert.x-eventloop-thread-0 ClientPortalService  : tickle {"session":"4832ca246c93e44996b29b3504034bb6","ssoExpires":90238,"collission":false,"userId":50301190,"hmds":{"error":"no bridge"},"iserver":{"authStatus":{"authenticated":true,"established":true,"competing":false,"connected":true,"message":"","MAC":"06:A8:C0:D9:D5:E3","serverInfo":{"serverName":"JifS19074","serverVersion":"Build 10.44.1h, Apr 20, 2026 11:22:51 AM"},"hardware_info":"275c5aa2|06:A8:C0:D9:D5:E3"}}}
21:56:03.390 INFO  vert.x-eventloop-thread-0 BaseServiceProxy     : -> GET /v1/api/iserver/account/orders,200|101ms
21:56:03.912 INFO  vert.x-eventloop-thread-0 BaseServiceProxy     : -> GET /v1/api/iserver/marketdata/history?conid=639336275&period=30d&bar=1d&outsideRth=false,200|453ms
21:56:05.093 INFO  vert.x-eventloop-thread-0 BaseServiceProxy     : -> GET /v1/api/iserver/marketdata/history?conid=639336275&period=30d&bar=1d&outsideRth=false,200|1179ms
21:56:05.250 INFO  vert.x-eventloop-thread-0 BaseServiceProxy     : -> GET /v1/api/iserver/account/orders,200|102ms
21:56:31.985 INFO  vert.x-eventloop-thread-0 BaseServiceProxy     : -> GET /v1/api/tickle,200|58ms
21:56:31.987 DEBUG vert.x-eventloop-thread-0 ClientPortalService  : tickle {"session":"4832ca246c93e44996b29b3504034bb6","ssoExpires":60232,"collission":false,"userId":50301190,"hmds":{"error":"no bridge"},"iserver":{"authStatus":{"authenticated":true,"established":true,"competing":false,"connected":true,"message":"","MAC":"06:A8:C0:D9:D5:E3","serverInfo":{"serverName":"JifS19074","serverVersion":"Build 10.44.1h, Apr 20, 2026 11:22:51 AM"},"hardware_info":"275c5aa2|06:A8:C0:D9:D5:E3"}}}
21:57:02.274 INFO  vert.x-eventloop-thread-0 BaseServiceProxy     : -> GET /v1/api/tickle,200|349ms
21:57:02.276 DEBUG vert.x-eventloop-thread-0 ClientPortalService  : tickle {"session":"4832ca246c93e44996b29b3504034bb6","ssoExpires":30003,"collission":false,"userId":50301190,"hmds":{"error":"no bridge"},"iserver":{"authStatus":{"authenticated":true,"established":true,"competing":false,"connected":true,"message":"","MAC":"06:A8:C0:D9:D5:E3","serverInfo":{"serverName":"JifS19074","serverVersion":"Build 10.44.1h, Apr 20, 2026 11:22:51 AM"},"hardware_info":"275c5aa2|06:A8:C0:D9:D5:E3"}}}
21:57:32.039 INFO  vert.x-eventloop-thread-0 BaseServiceProxy     : -> GET /v1/api/tickle,200|114ms
21:57:32.041 DEBUG vert.x-eventloop-thread-0 ClientPortalService  : tickle {"session":"4832ca246c93e44996b29b3504034bb6","ssoExpires":216,"collission":false,"userId":50301190,"hmds":{"error":"no bridge"},"iserver":{"authStatus":{"authenticated":true,"established":true,"competing":false,"connected":true,"message":"","MAC":"06:A8:C0:D9:D5:E3","serverInfo":{"serverName":"JifS19074","serverVersion":"Build 10.44.1h, Apr 20, 2026 11:22:51 AM"},"hardware_info":"275c5aa2|06:A8:C0:D9:D5:E3"}}}
21:57:35.343 INFO  vert.x-eventloop-thread-0 BaseServiceProxy     : -> GET /v1/api/iserver/account/orders,200|178ms
21:57:40.778 INFO  vert.x-eventloop-thread-0 BaseServiceProxy     : -> GET /v1/api/iserver/marketdata/history?conid=8168458&period=30d&bar=1d&outsideRth=false,200|398ms
21:57:40.882 INFO  vert.x-eventloop-thread-0 BaseServiceProxy     : -> GET /v1/api/iserver/marketdata/history?conid=8168458&period=30d&bar=1d&outsideRth=false,200|100ms
21:58:02.037 INFO  vert.x-eventloop-thread-0 BaseServiceProxy     : -> GET /v1/api/tickle,200|110ms
21:58:02.039 DEBUG vert.x-eventloop-thread-0 ClientPortalService  : tickle {"session":"4832ca246c93e44996b29b3504034bb6","ssoExpires":600000,"collission":false,"userId":50301190,"hmds":{"error":"no bridge"},"iserver":{"authStatus":{"authenticated":true,"established":true,"competing":false,"connected":true,"message":"","MAC":"06:A8:C0:D9:D5:E3","serverInfo":{"serverName":"JifS19074","serverVersion":"Build 10.44.1h, Apr 20, 2026 11:22:51 AM"},"hardware_info":"275c5aa2|06:A8:C0:D9:D5:E3"}}}
21:58:32.262 INFO  vert.x-eventloop-thread-0 BaseServiceProxy     : -> GET /v1/api/tickle,200|335ms
21:58:32.264 DEBUG vert.x-eventloop-thread-0 ClientPortalService  : tickle {"session":"4832ca246c93e44996b29b3504034bb6","ssoExpires":569772,"collission":false,"userId":50301190,"hmds":{"error":"no bridge"},"iserver":{"authStatus":{"authenticated":true,"established":true,"competing":false,"connected":true,"message":"","MAC":"06:A8:C0:D9:D5:E3","serverInfo":{"serverName":"JifS19074","serverVersion":"Build 10.44.1h, Apr 20, 2026 11:22:51 AM"},"hardware_info":"275c5aa2|06:A8:C0:D9:D5:E3"}}}
21:58:58.264 INFO  vert.x-eventloop-thread-0 BaseServiceProxy     : -> GET /v1/api/tickle,200|340ms
21:59:02.029 INFO  vert.x-eventloop-thread-0 BaseServiceProxy     : -> GET /v1/api/tickle,200|104ms
21:59:02.029 DEBUG vert.x-eventloop-thread-0 ClientPortalService  : tickle {"session":"4832ca246c93e44996b29b3504034bb6","ssoExpires":540009,"collission":false,"userId":50301190,"hmds":{"error":"no bridge"},"iserver":{"authStatus":{"authenticated":true,"established":true,"competing":false,"connected":true,"message":"","MAC":"06:A8:C0:D9:D5:E3","serverInfo":{"serverName":"JifS19074","serverVersion":"Build 10.44.1h, Apr 20, 2026 11:22:51 AM"},"hardware_info":"275c5aa2|06:A8:C0:D9:D5:E3"}}}
21:59:32.027 INFO  vert.x-eventloop-thread-0 BaseServiceProxy     : -> GET /v1/api/tickle,200|103ms
21:59:32.029 DEBUG vert.x-eventloop-thread-0 ClientPortalService  : tickle {"session":"4832ca246c93e44996b29b3504034bb6","ssoExpires":510001,"collission":false,"userId":50301190,"hmds":{"error":"no bridge"},"iserver":{"authStatus":{"authenticated":true,"established":true,"competing":false,"connected":true,"message":"","MAC":"06:A8:C0:D9:D5:E3","serverInfo":{"serverName":"JifS19074","serverVersion":"Build 10.44.1h, Apr 20, 2026 11:22:51 AM"},"hardware_info":"275c5aa2|06:A8:C0:D9:D5:E3"}}}
22:00:02.397 INFO  vert.x-eventloop-thread-0 BaseServiceProxy     : -> GET /v1/api/tickle,200|471ms
22:00:02.398 DEBUG vert.x-eventloop-thread-0 ClientPortalService  : tickle {"session":"4832ca246c93e44996b29b3504034bb6","ssoExpires":479709,"collission":false,"userId":50301190,"hmds":{"error":"no bridge"},"iserver":{"authStatus":{"authenticated":true,"established":true,"competing":false,"connected":true,"message":"","MAC":"06:A8:C0:D9:D5:E3","serverInfo":{"serverName":"JifS19074","serverVersion":"Build 10.44.1h, Apr 20, 2026 11:22:51 AM"},"hardware_info":"275c5aa2|06:A8:C0:D9:D5:E3"}}}
22:00:27.027 INFO  vert.x-eventloop-thread-0 BaseServiceProxy     : -> GET /sso/ping,200|280ms
22:00:27.029 INFO  vert.x-eventloop-thread-0 SsoService           : sso ping {"result": "true"}
22:00:32.022 INFO  vert.x-eventloop-thread-0 BaseServiceProxy     : -> GET /v1/api/tickle,200|98ms
22:00:32.022 DEBUG vert.x-eventloop-thread-0 ClientPortalService  : tickle {"session":"4832ca246c93e44996b29b3504034bb6","ssoExpires":450007,"collission":false,"userId":50301190,"hmds":{"error":"no bridge"},"iserver":{"authStatus":{"authenticated":true,"established":true,"competing":false,"connected":true,"message":"","MAC":"06:A8:C0:D9:D5:E3","serverInfo":{"serverName":"JifS19074","serverVersion":"Build 10.44.1h, Apr 20, 2026 11:22:51 AM"},"hardware_info":"275c5aa2|06:A8:C0:D9:D5:E3"}}}
22:01:02.303 INFO  vert.x-eventloop-thread-0 BaseServiceProxy     : -> GET /v1/api/tickle,200|377ms
22:01:02.306 DEBUG vert.x-eventloop-thread-0 ClientPortalService  : tickle {"session":"4832ca246c93e44996b29b3504034bb6","ssoExpires":419763,"collission":false,"userId":50301190,"hmds":{"error":"no bridge"},"iserver":{"authStatus":{"authenticated":true,"established":true,"competing":false,"connected":true,"message":"","MAC":"06:A8:C0:D9:D5:E3","serverInfo":{"serverName":"JifS19074","serverVersion":"Build 10.44.1h, Apr 20, 2026 11:22:51 AM"},"hardware_info":"275c5aa2|06:A8:C0:D9:D5:E3"}}}
22:01:32.240 INFO  vert.x-eventloop-thread-0 BaseServiceProxy     : -> GET /v1/api/tickle,200|314ms
22:01:32.242 DEBUG vert.x-eventloop-thread-0 ClientPortalService  : tickle {"session":"4832ca246c93e44996b29b3504034bb6","ssoExpires":389774,"collission":false,"userId":50301190,"hmds":{"error":"no bridge"},"iserver":{"authStatus":{"authenticated":true,"established":true,"competing":false,"connected":true,"message":"","MAC":"06:A8:C0:D9:D5:E3","serverInfo":{"serverName":"JifS19074","serverVersion":"Build 10.44.1h, Apr 20, 2026 11:22:51 AM"},"hardware_info":"275c5aa2|06:A8:C0:D9:D5:E3"}}}
22:01:58.490 INFO  vert.x-eventloop-thread-0 BaseServiceProxy     : -> GET /v1/api/tickle,200|86ms
22:02:01.993 INFO  vert.x-eventloop-thread-0 BaseServiceProxy     : -> GET /v1/api/tickle,200|68ms
22:02:01.994 DEBUG vert.x-eventloop-thread-0 ClientPortalService  : tickle {"session":"4832ca246c93e44996b29b3504034bb6","ssoExpires":360005,"collission":false,"userId":50301190,"hmds":{"error":"no bridge"},"iserver":{"authStatus":{"authenticated":true,"established":true,"competing":false,"connected":true,"message":"","MAC":"06:A8:C0:D9:D5:E3","serverInfo":{"serverName":"JifS19074","serverVersion":"Build 10.44.1h, Apr 20, 2026 11:22:51 AM"},"hardware_info":"275c5aa2|06:A8:C0:D9:D5:E3"}}}
22:02:32.233 INFO  vert.x-eventloop-thread-0 BaseServiceProxy     : -> GET /v1/api/tickle,200|304ms
22:02:32.234 DEBUG vert.x-eventloop-thread-0 ClientPortalService  : tickle {"session":"4832ca246c93e44996b29b3504034bb6","ssoExpires":329761,"collission":false,"userId":50301190,"hmds":{"error":"no bridge"},"iserver":{"authStatus":{"authenticated":true,"established":true,"competing":false,"connected":true,"message":"","MAC":"06:A8:C0:D9:D5:E3","serverInfo":{"serverName":"JifS19074","serverVersion":"Build 10.44.1h, Apr 20, 2026 11:22:51 AM"},"hardware_info":"275c5aa2|06:A8:C0:D9:D5:E3"}}}
22:03:02.057 INFO  vert.x-eventloop-thread-0 BaseServiceProxy     : -> GET /v1/api/tickle,200|132ms
22:03:02.059 DEBUG vert.x-eventloop-thread-0 ClientPortalService  : tickle {"session":"4832ca246c93e44996b29b3504034bb6","ssoExpires":299995,"collission":false,"userId":50301190,"hmds":{"error":"no bridge"},"iserver":{"authStatus":{"authenticated":true,"established":true,"competing":false,"connected":true,"message":"","MAC":"06:A8:C0:D9:D5:E3","serverInfo":{"serverName":"JifS19074","serverVersion":"Build 10.44.1h, Apr 20, 2026 11:22:51 AM"},"hardware_info":"275c5aa2|06:A8:C0:D9:D5:E3"}}}
22:03:33.308 INFO  vert.x-eventloop-thread-0 BaseServiceProxy     : -> GET /v1/api/tickle,200|1383ms
22:03:33.311 DEBUG vert.x-eventloop-thread-0 ClientPortalService  : tickle {"session":"4832ca246c93e44996b29b3504034bb6","ssoExpires":269776,"collission":false,"userId":50301190,"hmds":{"error":"no bridge"},"iserver":{"authStatus":{"authenticated":true,"established":true,"competing":false,"connected":true,"message":"","MAC":"06:A8:C0:D9:D5:E3","serverInfo":{"serverName":"JifS19074","serverVersion":"Build 10.44.1h, Apr 20, 2026 11:22:51 AM"},"hardware_info":"275c5aa2|06:A8:C0:D9:D5:E3"}}}
22:04:02.006 INFO  vert.x-eventloop-thread-0 BaseServiceProxy     : -> GET /v1/api/tickle,200|80ms
22:04:02.008 DEBUG vert.x-eventloop-thread-0 ClientPortalService  : tickle {"session":"4832ca246c93e44996b29b3504034bb6","ssoExpires":240005,"collission":false,"userId":50301190,"hmds":{"error":"no bridge"},"iserver":{"authStatus":{"authenticated":true,"established":true,"competing":false,"connected":true,"message":"","MAC":"06:A8:C0:D9:D5:E3","serverInfo":{"serverName":"JifS19074","serverVersion":"Build 10.44.1h, Apr 20, 2026 11:22:51 AM"},"hardware_info":"275c5aa2|06:A8:C0:D9:D5:E3"}}}
22:04:32.031 INFO  vert.x-eventloop-thread-0 BaseServiceProxy     : -> GET /v1/api/tickle,200|107ms
22:04:32.033 DEBUG vert.x-eventloop-thread-0 ClientPortalService  : tickle {"session":"4832ca246c93e44996b29b3504034bb6","ssoExpires":210007,"collission":false,"userId":50301190,"hmds":{"error":"no bridge"},"iserver":{"authStatus":{"authenticated":true,"established":true,"competing":false,"connected":true,"message":"","MAC":"06:A8:C0:D9:D5:E3","serverInfo":{"serverName":"JifS19074","serverVersion":"Build 10.44.1h, Apr 20, 2026 11:22:51 AM"},"hardware_info":"275c5aa2|06:A8:C0:D9:D5:E3"}}}
22:05:02.222 INFO  vert.x-eventloop-thread-0 BaseServiceProxy     : -> GET /v1/api/tickle,200|296ms
22:05:02.223 DEBUG vert.x-eventloop-thread-0 ClientPortalService  : tickle {"session":"4832ca246c93e44996b29b3504034bb6","ssoExpires":180002,"collission":false,"userId":50301190,"hmds":{"error":"no bridge"},"iserver":{"authStatus":{"authenticated":true,"established":true,"competing":false,"connected":true,"message":"","MAC":"06:A8:C0:D9:D5:E3","serverInfo":{"serverName":"JifS19074","serverVersion":"Build 10.44.1h, Apr 20, 2026 11:22:51 AM"},"hardware_info":"275c5aa2|06:A8:C0:D9:D5:E3"}}}
22:05:27.106 INFO  vert.x-eventloop-thread-0 BaseServiceProxy     : -> GET /sso/ping,200|359ms
22:05:27.107 INFO  vert.x-eventloop-thread-0 SsoService           : sso ping {"result": "true"}
22:05:32.034 INFO  vert.x-eventloop-thread-0 BaseServiceProxy     : -> GET /v1/api/tickle,200|110ms
22:05:32.035 DEBUG vert.x-eventloop-thread-0 ClientPortalService  : tickle {"session":"4832ca246c93e44996b29b3504034bb6","ssoExpires":150005,"collission":false,"userId":50301190,"hmds":{"error":"no bridge"},"iserver":{"authStatus":{"authenticated":true,"established":true,"competing":false,"connected":true,"message":"","MAC":"06:A8:C0:D9:D5:E3","serverInfo":{"serverName":"JifS19074","serverVersion":"Build 10.44.1h, Apr 20, 2026 11:22:51 AM"},"hardware_info":"275c5aa2|06:A8:C0:D9:D5:E3"}}}
22:06:02.332 INFO  vert.x-eventloop-thread-0 BaseServiceProxy     : -> GET /v1/api/tickle,200|408ms
22:06:02.334 DEBUG vert.x-eventloop-thread-0 ClientPortalService  : tickle {"session":"4832ca246c93e44996b29b3504034bb6","ssoExpires":119782,"collission":false,"userId":50301190,"hmds":{"error":"no bridge"},"iserver":{"authStatus":{"authenticated":true,"established":true,"competing":false,"connected":true,"message":"","MAC":"06:A8:C0:D9:D5:E3","serverInfo":{"serverName":"JifS19074","serverVersion":"Build 10.44.1h, Apr 20, 2026 11:22:51 AM"},"hardware_info":"275c5aa2|06:A8:C0:D9:D5:E3"}}}
22:06:32.336 INFO  vert.x-eventloop-thread-0 BaseServiceProxy     : -> GET /v1/api/tickle,200|410ms
22:06:32.339 DEBUG vert.x-eventloop-thread-0 ClientPortalService  : tickle {"session":"4832ca246c93e44996b29b3504034bb6","ssoExpires":89698,"collission":false,"userId":50301190,"hmds":{"error":"no bridge"},"iserver":{"authStatus":{"authenticated":true,"established":true,"competing":false,"connected":true,"message":"","MAC":"06:A8:C0:D9:D5:E3","serverInfo":{"serverName":"JifS19074","serverVersion":"Build 10.44.1h, Apr 20, 2026 11:22:51 AM"},"hardware_info":"275c5aa2|06:A8:C0:D9:D5:E3"}}}
22:07:02.049 INFO  vert.x-eventloop-thread-0 BaseServiceProxy     : -> GET /v1/api/tickle,200|124ms
22:07:02.051 DEBUG vert.x-eventloop-thread-0 ClientPortalService  : tickle {"session":"4832ca246c93e44996b29b3504034bb6","ssoExpires":60006,"collission":false,"userId":50301190,"hmds":{"error":"no bridge"},"iserver":{"authStatus":{"authenticated":true,"established":true,"competing":false,"connected":true,"message":"","MAC":"06:A8:C0:D9:D5:E3","serverInfo":{"serverName":"JifS19074","serverVersion":"Build 10.44.1h, Apr 20, 2026 11:22:51 AM"},"hardware_info":"275c5aa2|06:A8:C0:D9:D5:E3"}}}
22:07:32.342 INFO  vert.x-eventloop-thread-0 BaseServiceProxy     : -> GET /v1/api/tickle,200|417ms
22:07:32.345 DEBUG vert.x-eventloop-thread-0 ClientPortalService  : tickle {"session":"4832ca246c93e44996b29b3504034bb6","ssoExpires":29761,"collission":false,"userId":50301190,"hmds":{"error":"no bridge"},"iserver":{"authStatus":{"authenticated":true,"established":true,"competing":false,"connected":true,"message":"","MAC":"06:A8:C0:D9:D5:E3","serverInfo":{"serverName":"JifS19074","serverVersion":"Build 10.44.1h, Apr 20, 2026 11:22:51 AM"},"hardware_info":"275c5aa2|06:A8:C0:D9:D5:E3"}}}
22:08:02.030 INFO  vert.x-eventloop-thread-0 BaseServiceProxy     : -> GET /v1/api/tickle,200|105ms
22:08:02.035 DEBUG vert.x-eventloop-thread-0 ClientPortalService  : tickle {"session":"4832ca246c93e44996b29b3504034bb6","ssoExpires":600000,"collission":false,"userId":50301190,"hmds":{"error":"no bridge"},"iserver":{"authStatus":{"authenticated":true,"established":true,"competing":false,"connected":true,"message":"","MAC":"06:A8:C0:D9:D5:E3","serverInfo":{"serverName":"JifS19074","serverVersion":"Build 10.44.1h, Apr 20, 2026 11:22:51 AM"},"hardware_info":"275c5aa2|06:A8:C0:D9:D5:E3"}}}
22:08:32.025 INFO  vert.x-eventloop-thread-0 BaseServiceProxy     : -> GET /v1/api/tickle,200|102ms
22:08:32.027 DEBUG vert.x-eventloop-thread-0 ClientPortalService  : tickle {"session":"4832ca246c93e44996b29b3504034bb6","ssoExpires":570017,"collission":false,"userId":50301190,"hmds":{"error":"no bridge"},"iserver":{"authStatus":{"authenticated":true,"established":true,"competing":false,"connected":true,"message":"","MAC":"06:A8:C0:D9:D5:E3","serverInfo":{"serverName":"JifS19074","serverVersion":"Build 10.44.1h, Apr 20, 2026 11:22:51 AM"},"hardware_info":"275c5aa2|06:A8:C0:D9:D5:E3"}}}
22:09:02.034 INFO  vert.x-eventloop-thread-0 BaseServiceProxy     : -> GET /v1/api/tickle,200|109ms
22:09:02.036 DEBUG vert.x-eventloop-thread-0 ClientPortalService  : tickle {"session":"4832ca246c93e44996b29b3504034bb6","ssoExpires":540008,"collission":false,"userId":50301190,"hmds":{"error":"no bridge"},"iserver":{"authStatus":{"authenticated":true,"established":true,"competing":false,"connected":true,"message":"","MAC":"06:A8:C0:D9:D5:E3","serverInfo":{"serverName":"JifS19074","serverVersion":"Build 10.44.1h, Apr 20, 2026 11:22:51 AM"},"hardware_info":"275c5aa2|06:A8:C0:D9:D5:E3"}}}
22:09:32.040 INFO  vert.x-eventloop-thread-0 BaseServiceProxy     : -> GET /v1/api/tickle,200|116ms
22:09:32.042 DEBUG vert.x-eventloop-thread-0 ClientPortalService  : tickle {"session":"4832ca246c93e44996b29b3504034bb6","ssoExpires":510001,"collission":false,"userId":50301190,"hmds":{"error":"no bridge"},"iserver":{"authStatus":{"authenticated":true,"established":true,"competing":false,"connected":true,"message":"","MAC":"06:A8:C0:D9:D5:E3","serverInfo":{"serverName":"JifS19074","serverVersion":"Build 10.44.1h, Apr 20, 2026 11:22:51 AM"},"hardware_info":"275c5aa2|06:A8:C0:D9:D5:E3"}}}
22:10:02.181 INFO  vert.x-eventloop-thread-0 BaseServiceProxy     : -> GET /v1/api/tickle,200|256ms
22:10:02.183 DEBUG vert.x-eventloop-thread-0 ClientPortalService  : tickle {"session":"4832ca246c93e44996b29b3504034bb6","ssoExpires":479855,"collission":false,"userId":50301190,"hmds":{"error":"no bridge"},"iserver":{"authStatus":{"authenticated":true,"established":true,"competing":false,"connected":true,"message":"","MAC":"06:A8:C0:D9:D5:E3","serverInfo":{"serverName":"JifS19074","serverVersion":"Build 10.44.1h, Apr 20, 2026 11:22:51 AM"},"hardware_info":"275c5aa2|06:A8:C0:D9:D5:E3"}}}
22:10:27.024 INFO  vert.x-eventloop-thread-0 BaseServiceProxy     : -> GET /sso/ping,200|277ms
22:10:27.025 INFO  vert.x-eventloop-thread-0 SsoService           : sso ping {"result": "true"}
22:10:32.011 INFO  vert.x-eventloop-thread-0 BaseServiceProxy     : -> GET /v1/api/tickle,200|88ms
22:10:32.013 DEBUG vert.x-eventloop-thread-0 ClientPortalService  : tickle {"session":"4832ca246c93e44996b29b3504034bb6","ssoExpires":450019,"collission":false,"userId":50301190,"hmds":{"error":"no bridge"},"iserver":{"authStatus":{"authenticated":true,"established":true,"competing":false,"connected":true,"message":"","MAC":"06:A8:C0:D9:D5:E3","serverInfo":{"serverName":"JifS19074","serverVersion":"Build 10.44.1h, Apr 20, 2026 11:22:51 AM"},"hardware_info":"275c5aa2|06:A8:C0:D9:D5:E3"}}}
22:11:02.274 INFO  vert.x-eventloop-thread-0 BaseServiceProxy     : -> GET /v1/api/tickle,200|349ms
22:11:02.277 DEBUG vert.x-eventloop-thread-0 ClientPortalService  : tickle {"session":"4832ca246c93e44996b29b3504034bb6","ssoExpires":419775,"collission":false,"userId":50301190,"hmds":{"error":"no bridge"},"iserver":{"authStatus":{"authenticated":true,"established":true,"competing":false,"connected":true,"message":"","MAC":"06:A8:C0:D9:D5:E3","serverInfo":{"serverName":"JifS19074","serverVersion":"Build 10.44.1h, Apr 20, 2026 11:22:51 AM"},"hardware_info":"275c5aa2|06:A8:C0:D9:D5:E3"}}}
22:11:34.564 INFO  vert.x-eventloop-thread-0 BaseServiceProxy     : -> GET /v1/api/tickle,200|2640ms
22:11:34.565 DEBUG vert.x-eventloop-thread-0 ClientPortalService  : tickle {"session":"4832ca246c93e44996b29b3504034bb6","ssoExpires":387521,"collission":false,"userId":50301190,"hmds":{"error":"no bridge"},"iserver":{"authStatus":{"authenticated":true,"established":true,"competing":false,"connected":true,"message":"","MAC":"06:A8:C0:D9:D5:E3","serverInfo":{"serverName":"JifS19074","serverVersion":"Build 10.44.1h, Apr 20, 2026 11:22:51 AM"},"hardware_info":"275c5aa2|06:A8:C0:D9:D5:E3"}}}
22:12:02.036 INFO  vert.x-eventloop-thread-0 BaseServiceProxy     : -> GET /v1/api/tickle,200|111ms
22:12:02.038 DEBUG vert.x-eventloop-thread-0 ClientPortalService  : tickle {"session":"4832ca246c93e44996b29b3504034bb6","ssoExpires":360001,"collission":false,"userId":50301190,"hmds":{"error":"no bridge"},"iserver":{"authStatus":{"authenticated":true,"established":true,"competing":false,"connected":true,"message":"","MAC":"06:A8:C0:D9:D5:E3","serverInfo":{"serverName":"JifS19074","serverVersion":"Build 10.44.1h, Apr 20, 2026 11:22:51 AM"},"hardware_info":"275c5aa2|06:A8:C0:D9:D5:E3"}}}
22:12:32.272 INFO  vert.x-eventloop-thread-0 BaseServiceProxy     : -> GET /v1/api/tickle,200|348ms
22:12:32.273 DEBUG vert.x-eventloop-thread-0 ClientPortalService  : tickle {"session":"4832ca246c93e44996b29b3504034bb6","ssoExpires":329785,"collission":false,"userId":50301190,"hmds":{"error":"no bridge"},"iserver":{"authStatus":{"authenticated":true,"established":true,"competing":false,"connected":true,"message":"","MAC":"06:A8:C0:D9:D5:E3","serverInfo":{"serverName":"JifS19074","serverVersion":"Build 10.44.1h, Apr 20, 2026 11:22:51 AM"},"hardware_info":"275c5aa2|06:A8:C0:D9:D5:E3"}}}
22:13:02.017 INFO  vert.x-eventloop-thread-0 BaseServiceProxy     : -> GET /v1/api/tickle,200|93ms
22:13:02.017 DEBUG vert.x-eventloop-thread-0 ClientPortalService  : tickle {"session":"4832ca246c93e44996b29b3504034bb6","ssoExpires":300014,"collission":false,"userId":50301190,"hmds":{"error":"no bridge"},"iserver":{"authStatus":{"authenticated":true,"established":true,"competing":false,"connected":true,"message":"","MAC":"06:A8:C0:D9:D5:E3","serverInfo":{"serverName":"JifS19074","serverVersion":"Build 10.44.1h, Apr 20, 2026 11:22:51 AM"},"hardware_info":"275c5aa2|06:A8:C0:D9:D5:E3"}}}
22:13:32.028 INFO  vert.x-eventloop-thread-0 BaseServiceProxy     : -> GET /v1/api/tickle,200|105ms
22:13:32.030 DEBUG vert.x-eventloop-thread-0 ClientPortalService  : tickle {"session":"4832ca246c93e44996b29b3504034bb6","ssoExpires":270005,"collission":false,"userId":50301190,"hmds":{"error":"no bridge"},"iserver":{"authStatus":{"authenticated":true,"established":true,"competing":false,"connected":true,"message":"","MAC":"06:A8:C0:D9:D5:E3","serverInfo":{"serverName":"JifS19074","serverVersion":"Build 10.44.1h, Apr 20, 2026 11:22:51 AM"},"hardware_info":"275c5aa2|06:A8:C0:D9:D5:E3"}}}
22:14:02.028 INFO  vert.x-eventloop-thread-0 BaseServiceProxy     : -> GET /v1/api/tickle,200|105ms
22:14:02.030 DEBUG vert.x-eventloop-thread-0 ClientPortalService  : tickle {"session":"4832ca246c93e44996b29b3504034bb6","ssoExpires":240005,"collission":false,"userId":50301190,"hmds":{"error":"no bridge"},"iserver":{"authStatus":{"authenticated":true,"established":true,"competing":false,"connected":true,"message":"","MAC":"06:A8:C0:D9:D5:E3","serverInfo":{"serverName":"JifS19074","serverVersion":"Build 10.44.1h, Apr 20, 2026 11:22:51 AM"},"hardware_info":"275c5aa2|06:A8:C0:D9:D5:E3"}}}
22:14:32.038 INFO  vert.x-eventloop-thread-0 BaseServiceProxy     : -> GET /v1/api/tickle,200|115ms
22:14:32.039 DEBUG vert.x-eventloop-thread-0 ClientPortalService  : tickle {"session":"4832ca246c93e44996b29b3504034bb6","ssoExpires":210009,"collission":false,"userId":50301190,"hmds":{"error":"no bridge"},"iserver":{"authStatus":{"authenticated":true,"established":true,"competing":false,"connected":true,"message":"","MAC":"06:A8:C0:D9:D5:E3","serverInfo":{"serverName":"JifS19074","serverVersion":"Build 10.44.1h, Apr 20, 2026 11:22:51 AM"},"hardware_info":"275c5aa2|06:A8:C0:D9:D5:E3"}}}
22:15:02.259 INFO  vert.x-eventloop-thread-0 BaseServiceProxy     : -> GET /v1/api/tickle,200|334ms
22:15:02.260 DEBUG vert.x-eventloop-thread-0 ClientPortalService  : tickle {"session":"4832ca246c93e44996b29b3504034bb6","ssoExpires":179756,"collission":false,"userId":50301190,"hmds":{"error":"no bridge"},"iserver":{"authStatus":{"authenticated":true,"established":true,"competing":false,"connected":true,"message":"","MAC":"06:A8:C0:D9:D5:E3","serverInfo":{"serverName":"JifS19074","serverVersion":"Build 10.44.1h, Apr 20, 2026 11:22:51 AM"},"hardware_info":"275c5aa2|06:A8:C0:D9:D5:E3"}}}
22:15:27.254 INFO  vert.x-eventloop-thread-0 BaseServiceProxy     : -> GET /sso/ping,200|507ms
22:15:27.256 INFO  vert.x-eventloop-thread-0 SsoService           : sso ping {"result": "true"}
22:15:31.998 INFO  vert.x-eventloop-thread-0 BaseServiceProxy     : -> GET /v1/api/tickle,200|75ms
22:15:31.998 DEBUG vert.x-eventloop-thread-0 ClientPortalService  : tickle {"session":"4832ca246c93e44996b29b3504034bb6","ssoExpires":150007,"collission":false,"userId":50301190,"hmds":{"error":"no bridge"},"iserver":{"authStatus":{"authenticated":true,"established":true,"competing":false,"connected":true,"message":"","MAC":"06:A8:C0:D9:D5:E3","serverInfo":{"serverName":"JifS19074","serverVersion":"Build 10.44.1h, Apr 20, 2026 11:22:51 AM"},"hardware_info":"275c5aa2|06:A8:C0:D9:D5:E3"}}}
22:16:02.296 INFO  vert.x-eventloop-thread-0 BaseServiceProxy     : -> GET /v1/api/tickle,200|372ms
22:16:02.298 DEBUG vert.x-eventloop-thread-0 ClientPortalService  : tickle {"session":"4832ca246c93e44996b29b3504034bb6","ssoExpires":119769,"collission":false,"userId":50301190,"hmds":{"error":"no bridge"},"iserver":{"authStatus":{"authenticated":true,"established":true,"competing":false,"connected":true,"message":"","MAC":"06:A8:C0:D9:D5:E3","serverInfo":{"serverName":"JifS19074","serverVersion":"Build 10.44.1h, Apr 20, 2026 11:22:51 AM"},"hardware_info":"275c5aa2|06:A8:C0:D9:D5:E3"}}}
22:16:32.298 INFO  vert.x-eventloop-thread-0 BaseServiceProxy     : -> GET /v1/api/tickle,200|375ms
22:16:32.299 DEBUG vert.x-eventloop-thread-0 ClientPortalService  : tickle {"session":"4832ca246c93e44996b29b3504034bb6","ssoExpires":89779,"collission":false,"userId":50301190,"hmds":{"error":"no bridge"},"iserver":{"authStatus":{"authenticated":true,"established":true,"competing":false,"connected":true,"message":"","MAC":"06:A8:C0:D9:D5:E3","serverInfo":{"serverName":"JifS19074","serverVersion":"Build 10.44.1h, Apr 20, 2026 11:22:51 AM"},"hardware_info":"275c5aa2|06:A8:C0:D9:D5:E3"}}}
22:17:02.297 INFO  vert.x-eventloop-thread-0 BaseServiceProxy     : -> GET /v1/api/tickle,200|372ms
22:17:02.299 DEBUG vert.x-eventloop-thread-0 ClientPortalService  : tickle {"session":"4832ca246c93e44996b29b3504034bb6","ssoExpires":59739,"collission":false,"userId":50301190,"hmds":{"error":"no bridge"},"iserver":{"authStatus":{"authenticated":true,"established":true,"competing":false,"connected":true,"message":"","MAC":"06:A8:C0:D9:D5:E3","serverInfo":{"serverName":"JifS19074","serverVersion":"Build 10.44.1h, Apr 20, 2026 11:22:51 AM"},"hardware_info":"275c5aa2|06:A8:C0:D9:D5:E3"}}}
22:17:32.166 INFO  vert.x-eventloop-thread-0 BaseServiceProxy     : -> GET /v1/api/tickle,200|242ms
22:17:32.167 DEBUG vert.x-eventloop-thread-0 ClientPortalService  : tickle {"session":"4832ca246c93e44996b29b3504034bb6","ssoExpires":30005,"collission":false,"userId":50301190,"hmds":{"error":"no bridge"},"iserver":{"authStatus":{"authenticated":true,"established":true,"competing":false,"connected":true,"message":"","MAC":"06:A8:C0:D9:D5:E3","serverInfo":{"serverName":"JifS19074","serverVersion":"Build 10.44.1h, Apr 20, 2026 11:22:51 AM"},"hardware_info":"275c5aa2|06:A8:C0:D9:D5:E3"}}}
22:18:02.268 INFO  vert.x-eventloop-thread-0 BaseServiceProxy     : -> GET /v1/api/tickle,200|343ms
22:18:02.270 DEBUG vert.x-eventloop-thread-0 ClientPortalService  : tickle {"session":"4832ca246c93e44996b29b3504034bb6","ssoExpires":600000,"collission":false,"userId":50301190,"hmds":{"error":"no bridge"},"iserver":{"authStatus":{"authenticated":true,"established":true,"competing":false,"connected":true,"message":"","MAC":"06:A8:C0:D9:D5:E3","serverInfo":{"serverName":"JifS19074","serverVersion":"Build 10.44.1h, Apr 20, 2026 11:22:51 AM"},"hardware_info":"275c5aa2|06:A8:C0:D9:D5:E3"}}}
22:18:32.216 INFO  vert.x-eventloop-thread-0 BaseServiceProxy     : -> GET /v1/api/tickle,200|293ms
22:18:32.217 DEBUG vert.x-eventloop-thread-0 ClientPortalService  : tickle {"session":"4832ca246c93e44996b29b3504034bb6","ssoExpires":570013,"collission":false,"userId":50301190,"hmds":{"error":"no bridge"},"iserver":{"authStatus":{"authenticated":true,"established":true,"competing":false,"connected":true,"message":"","MAC":"06:A8:C0:D9:D5:E3","serverInfo":{"serverName":"JifS19074","serverVersion":"Build 10.44.1h, Apr 20, 2026 11:22:51 AM"},"hardware_info":"275c5aa2|06:A8:C0:D9:D5:E3"}}}
22:19:02.314 INFO  vert.x-eventloop-thread-0 BaseServiceProxy     : -> GET /v1/api/tickle,200|390ms
22:19:02.316 DEBUG vert.x-eventloop-thread-0 ClientPortalService  : tickle {"session":"4832ca246c93e44996b29b3504034bb6","ssoExpires":539992,"collission":false,"userId":50301190,"hmds":{"error":"no bridge"},"iserver":{"authStatus":{"authenticated":true,"established":true,"competing":false,"connected":true,"message":"","MAC":"06:A8:C0:D9:D5:E3","serverInfo":{"serverName":"JifS19074","serverVersion":"Build 10.44.1h, Apr 20, 2026 11:22:51 AM"},"hardware_info":"275c5aa2|06:A8:C0:D9:D5:E3"}}}
22:19:32.215 INFO  vert.x-eventloop-thread-0 BaseServiceProxy     : -> GET /v1/api/tickle,200|292ms
22:19:32.216 DEBUG vert.x-eventloop-thread-0 ClientPortalService  : tickle {"session":"4832ca246c93e44996b29b3504034bb6","ssoExpires":510076,"collission":false,"userId":50301190,"hmds":{"error":"no bridge"},"iserver":{"authStatus":{"authenticated":true,"established":true,"competing":false,"connected":true,"message":"","MAC":"06:A8:C0:D9:D5:E3","serverInfo":{"serverName":"JifS19074","serverVersion":"Build 10.44.1h, Apr 20, 2026 11:22:51 AM"},"hardware_info":"275c5aa2|06:A8:C0:D9:D5:E3"}}}
22:20:02.263 INFO  vert.x-eventloop-thread-0 BaseServiceProxy     : -> GET /v1/api/tickle,200|338ms
22:20:02.265 DEBUG vert.x-eventloop-thread-0 ClientPortalService  : tickle {"session":"4832ca246c93e44996b29b3504034bb6","ssoExpires":480003,"collission":false,"userId":50301190,"hmds":{"error":"no bridge"},"iserver":{"authStatus":{"authenticated":true,"established":true,"competing":false,"connected":true,"message":"","MAC":"06:A8:C0:D9:D5:E3","serverInfo":{"serverName":"JifS19074","serverVersion":"Build 10.44.1h, Apr 20, 2026 11:22:51 AM"},"hardware_info":"275c5aa2|06:A8:C0:D9:D5:E3"}}}
22:20:27.028 INFO  vert.x-eventloop-thread-0 BaseServiceProxy     : -> GET /sso/ping,200|281ms
22:20:27.030 INFO  vert.x-eventloop-thread-0 SsoService           : sso ping {"result": "true"}
22:20:31.985 INFO  vert.x-eventloop-thread-0 BaseServiceProxy     : -> GET /v1/api/tickle,200|61ms
22:20:31.985 DEBUG vert.x-eventloop-thread-0 ClientPortalService  : tickle {"session":"4832ca246c93e44996b29b3504034bb6","ssoExpires":450249,"collission":false,"userId":50301190,"hmds":{"error":"no bridge"},"iserver":{"authStatus":{"authenticated":true,"established":true,"competing":false,"connected":true,"message":"","MAC":"06:A8:C0:D9:D5:E3","serverInfo":{"serverName":"JifS19074","serverVersion":"Build 10.44.1h, Apr 20, 2026 11:22:51 AM"},"hardware_info":"275c5aa2|06:A8:C0:D9:D5:E3"}}}
22:21:02.330 INFO  vert.x-eventloop-thread-0 BaseServiceProxy     : -> GET /v1/api/tickle,200|406ms
22:21:02.332 DEBUG vert.x-eventloop-thread-0 ClientPortalService  : tickle {"session":"4832ca246c93e44996b29b3504034bb6","ssoExpires":420000,"collission":false,"userId":50301190,"hmds":{"error":"no bridge"},"iserver":{"authStatus":{"authenticated":true,"established":true,"competing":false,"connected":true,"message":"","MAC":"06:A8:C0:D9:D5:E3","serverInfo":{"serverName":"JifS19074","serverVersion":"Build 10.44.1h, Apr 20, 2026 11:22:51 AM"},"hardware_info":"275c5aa2|06:A8:C0:D9:D5:E3"}}}
22:21:31.986 INFO  vert.x-eventloop-thread-0 BaseServiceProxy     : -> GET /v1/api/tickle,200|63ms
22:21:31.987 DEBUG vert.x-eventloop-thread-0 ClientPortalService  : tickle {"session":"4832ca246c93e44996b29b3504034bb6","ssoExpires":390241,"collission":false,"userId":50301190,"hmds":{"error":"no bridge"},"iserver":{"authStatus":{"authenticated":true,"established":true,"competing":false,"connected":true,"message":"","MAC":"06:A8:C0:D9:D5:E3","serverInfo":{"serverName":"JifS19074","serverVersion":"Build 10.44.1h, Apr 20, 2026 11:22:51 AM"},"hardware_info":"275c5aa2|06:A8:C0:D9:D5:E3"}}}
22:22:02.011 INFO  vert.x-eventloop-thread-0 BaseServiceProxy     : -> GET /v1/api/tickle,200|88ms
22:22:02.014 DEBUG vert.x-eventloop-thread-0 ClientPortalService  : tickle {"session":"4832ca246c93e44996b29b3504034bb6","ssoExpires":360237,"collission":false,"userId":50301190,"hmds":{"error":"no bridge"},"iserver":{"authStatus":{"authenticated":true,"established":true,"competing":false,"connected":true,"message":"","MAC":"06:A8:C0:D9:D5:E3","serverInfo":{"serverName":"JifS19074","serverVersion":"Build 10.44.1h, Apr 20, 2026 11:22:51 AM"},"hardware_info":"275c5aa2|06:A8:C0:D9:D5:E3"}}}
22:22:32.030 INFO  vert.x-eventloop-thread-0 BaseServiceProxy     : -> GET /v1/api/tickle,200|107ms
22:22:32.032 DEBUG vert.x-eventloop-thread-0 ClientPortalService  : tickle {"session":"4832ca246c93e44996b29b3504034bb6","ssoExpires":330239,"collission":false,"userId":50301190,"hmds":{"error":"no bridge"},"iserver":{"authStatus":{"authenticated":true,"established":true,"competing":false,"connected":true,"message":"","MAC":"06:A8:C0:D9:D5:E3","serverInfo":{"serverName":"JifS19074","serverVersion":"Build 10.44.1h, Apr 20, 2026 11:22:51 AM"},"hardware_info":"275c5aa2|06:A8:C0:D9:D5:E3"}}}
22:23:02.027 INFO  vert.x-eventloop-thread-0 BaseServiceProxy     : -> GET /v1/api/tickle,200|102ms
22:23:02.029 DEBUG vert.x-eventloop-thread-0 ClientPortalService  : tickle {"session":"4832ca246c93e44996b29b3504034bb6","ssoExpires":300239,"collission":false,"userId":50301190,"hmds":{"error":"no bridge"},"iserver":{"authStatus":{"authenticated":true,"established":true,"competing":false,"connected":true,"message":"","MAC":"06:A8:C0:D9:D5:E3","serverInfo":{"serverName":"JifS19074","serverVersion":"Build 10.44.1h, Apr 20, 2026 11:22:51 AM"},"hardware_info":"275c5aa2|06:A8:C0:D9:D5:E3"}}}
22:23:32.242 INFO  vert.x-eventloop-thread-0 BaseServiceProxy     : -> GET /v1/api/tickle,200|319ms
22:23:32.243 DEBUG vert.x-eventloop-thread-0 ClientPortalService  : tickle {"session":"4832ca246c93e44996b29b3504034bb6","ssoExpires":270018,"collission":false,"userId":50301190,"hmds":{"error":"no bridge"},"iserver":{"authStatus":{"authenticated":true,"established":true,"competing":false,"connected":true,"message":"","MAC":"06:A8:C0:D9:D5:E3","serverInfo":{"serverName":"JifS19074","serverVersion":"Build 10.44.1h, Apr 20, 2026 11:22:51 AM"},"hardware_info":"275c5aa2|06:A8:C0:D9:D5:E3"}}}
22:24:02.251 INFO  vert.x-eventloop-thread-0 BaseServiceProxy     : -> GET /v1/api/tickle,200|328ms
22:24:02.253 DEBUG vert.x-eventloop-thread-0 ClientPortalService  : tickle {"session":"4832ca246c93e44996b29b3504034bb6","ssoExpires":240092,"collission":false,"userId":50301190,"hmds":{"error":"no bridge"},"iserver":{"authStatus":{"authenticated":true,"established":true,"competing":false,"connected":true,"message":"","MAC":"06:A8:C0:D9:D5:E3","serverInfo":{"serverName":"JifS19074","serverVersion":"Build 10.44.1h, Apr 20, 2026 11:22:51 AM"},"hardware_info":"275c5aa2|06:A8:C0:D9:D5:E3"}}}
22:24:31.981 INFO  vert.x-eventloop-thread-0 BaseServiceProxy     : -> GET /v1/api/tickle,200|58ms
22:24:31.982 DEBUG vert.x-eventloop-thread-0 ClientPortalService  : tickle {"session":"4832ca246c93e44996b29b3504034bb6","ssoExpires":210246,"collission":false,"userId":50301190,"hmds":{"error":"no bridge"},"iserver":{"authStatus":{"authenticated":true,"established":true,"competing":false,"connected":true,"message":"","MAC":"06:A8:C0:D9:D5:E3","serverInfo":{"serverName":"JifS19074","serverVersion":"Build 10.44.1h, Apr 20, 2026 11:22:51 AM"},"hardware_info":"275c5aa2|06:A8:C0:D9:D5:E3"}}}
22:25:02.186 INFO  vert.x-eventloop-thread-0 BaseServiceProxy     : -> GET /v1/api/tickle,200|263ms
22:25:02.188 DEBUG vert.x-eventloop-thread-0 ClientPortalService  : tickle {"session":"4832ca246c93e44996b29b3504034bb6","ssoExpires":180121,"collission":false,"userId":50301190,"hmds":{"error":"no bridge"},"iserver":{"authStatus":{"authenticated":true,"established":true,"competing":false,"connected":true,"message":"","MAC":"06:A8:C0:D9:D5:E3","serverInfo":{"serverName":"JifS19074","serverVersion":"Build 10.44.1h, Apr 20, 2026 11:22:51 AM"},"hardware_info":"275c5aa2|06:A8:C0:D9:D5:E3"}}}
22:25:09.915 INFO  vert.x-eventloop-thread-0 BaseServiceProxy     : -> GET /v1/api/iserver/account/orders,200|58ms
22:25:11.401 INFO  vert.x-eventloop-thread-0 BaseServiceProxy     : -> GET /v1/api/iserver/account/orders,200|77ms
22:25:13.085 INFO  vert.x-eventloop-thread-0 BaseServiceProxy     : -> GET /v1/api/iserver/account/orders,200|84ms
22:25:27.270 INFO  vert.x-eventloop-thread-0 BaseServiceProxy     : -> GET /sso/ping,200|523ms
22:25:27.272 INFO  vert.x-eventloop-thread-0 SsoService           : sso ping {"result": "true"}
22:25:31.989 INFO  vert.x-eventloop-thread-0 BaseServiceProxy     : -> GET /v1/api/tickle,200|66ms
22:25:31.989 DEBUG vert.x-eventloop-thread-0 ClientPortalService  : tickle {"session":"4832ca246c93e44996b29b3504034bb6","ssoExpires":150251,"collission":false,"userId":50301190,"hmds":{"error":"no bridge"},"iserver":{"authStatus":{"authenticated":true,"established":true,"competing":false,"connected":true,"message":"","MAC":"06:A8:C0:D9:D5:E3","serverInfo":{"serverName":"JifS19074","serverVersion":"Build 10.44.1h, Apr 20, 2026 11:22:51 AM"},"hardware_info":"275c5aa2|06:A8:C0:D9:D5:E3"}}}
22:26:02.263 INFO  vert.x-eventloop-thread-0 BaseServiceProxy     : -> GET /v1/api/tickle,200|339ms
22:26:02.264 DEBUG vert.x-eventloop-thread-0 ClientPortalService  : tickle {"session":"4832ca246c93e44996b29b3504034bb6","ssoExpires":120016,"collission":false,"userId":50301190,"hmds":{"error":"no bridge"},"iserver":{"authStatus":{"authenticated":true,"established":true,"competing":false,"connected":true,"message":"","MAC":"06:A8:C0:D9:D5:E3","serverInfo":{"serverName":"JifS19074","serverVersion":"Build 10.44.1h, Apr 20, 2026 11:22:51 AM"},"hardware_info":"275c5aa2|06:A8:C0:D9:D5:E3"}}}
22:26:32.147 INFO  vert.x-eventloop-thread-0 BaseServiceProxy     : -> GET /v1/api/tickle,200|224ms
22:26:32.149 DEBUG vert.x-eventloop-thread-0 ClientPortalService  : tickle {"session":"4832ca246c93e44996b29b3504034bb6","ssoExpires":90081,"collission":false,"userId":50301190,"hmds":{"error":"no bridge"},"iserver":{"authStatus":{"authenticated":true,"established":true,"competing":false,"connected":true,"message":"","MAC":"06:A8:C0:D9:D5:E3","serverInfo":{"serverName":"JifS19074","serverVersion":"Build 10.44.1h, Apr 20, 2026 11:22:51 AM"},"hardware_info":"275c5aa2|06:A8:C0:D9:D5:E3"}}}
22:27:01.988 INFO  vert.x-eventloop-thread-0 BaseServiceProxy     : -> GET /v1/api/tickle,200|64ms
22:27:01.990 DEBUG vert.x-eventloop-thread-0 ClientPortalService  : tickle {"session":"4832ca246c93e44996b29b3504034bb6","ssoExpires":60240,"collission":false,"userId":50301190,"hmds":{"error":"no bridge"},"iserver":{"authStatus":{"authenticated":true,"established":true,"competing":false,"connected":true,"message":"","MAC":"06:A8:C0:D9:D5:E3","serverInfo":{"serverName":"JifS19074","serverVersion":"Build 10.44.1h, Apr 20, 2026 11:22:51 AM"},"hardware_info":"275c5aa2|06:A8:C0:D9:D5:E3"}}}
22:27:32.920 INFO  vert.x-eventloop-thread-0 BaseServiceProxy     : -> GET /v1/api/tickle,200|998ms
22:27:32.921 DEBUG vert.x-eventloop-thread-0 ClientPortalService  : tickle {"session":"4832ca246c93e44996b29b3504034bb6","ssoExpires":29314,"collission":false,"userId":50301190,"hmds":{"error":"no bridge"},"iserver":{"authStatus":{"authenticated":true,"established":true,"competing":false,"connected":true,"message":"","MAC":"06:A8:C0:D9:D5:E3","serverInfo":{"serverName":"JifS19074","serverVersion":"Build 10.44.1h, Apr 20, 2026 11:22:51 AM"},"hardware_info":"275c5aa2|06:A8:C0:D9:D5:E3"}}}
22:28:02.035 INFO  vert.x-eventloop-thread-0 BaseServiceProxy     : -> GET /v1/api/tickle,200|112ms
22:28:02.037 DEBUG vert.x-eventloop-thread-0 ClientPortalService  : tickle {"session":"4832ca246c93e44996b29b3504034bb6","ssoExpires":234,"collission":false,"userId":50301190,"hmds":{"error":"no bridge"},"iserver":{"authStatus":{"authenticated":true,"established":true,"competing":false,"connected":true,"message":"","MAC":"06:A8:C0:D9:D5:E3","serverInfo":{"serverName":"JifS19074","serverVersion":"Build 10.44.1h, Apr 20, 2026 11:22:51 AM"},"hardware_info":"275c5aa2|06:A8:C0:D9:D5:E3"}}}
22:28:32.604 INFO  vert.x-eventloop-thread-0 BaseServiceProxy     : -> GET /v1/api/tickle,200|681ms
22:28:32.606 DEBUG vert.x-eventloop-thread-0 ClientPortalService  : tickle {"session":"4832ca246c93e44996b29b3504034bb6","ssoExpires":600000,"collission":false,"userId":50301190,"hmds":{"error":"no bridge"},"iserver":{"authStatus":{"authenticated":true,"established":true,"competing":false,"connected":true,"message":"","MAC":"06:A8:C0:D9:D5:E3","serverInfo":{"serverName":"JifS19074","serverVersion":"Build 10.44.1h, Apr 20, 2026 11:22:51 AM"},"hardware_info":"275c5aa2|06:A8:C0:D9:D5:E3"}}}
22:29:02.280 INFO  vert.x-eventloop-thread-0 BaseServiceProxy     : -> GET /v1/api/tickle,200|357ms
22:29:02.281 DEBUG vert.x-eventloop-thread-0 ClientPortalService  : tickle {"session":"4832ca246c93e44996b29b3504034bb6","ssoExpires":569993,"collission":false,"userId":50301190,"hmds":{"error":"no bridge"},"iserver":{"authStatus":{"authenticated":true,"established":true,"competing":false,"connected":true,"message":"","MAC":"06:A8:C0:D9:D5:E3","serverInfo":{"serverName":"JifS19074","serverVersion":"Build 10.44.1h, Apr 20, 2026 11:22:51 AM"},"hardware_info":"275c5aa2|06:A8:C0:D9:D5:E3"}}}
22:29:31.989 INFO  vert.x-eventloop-thread-0 BaseServiceProxy     : -> GET /v1/api/tickle,200|64ms
22:29:31.990 DEBUG vert.x-eventloop-thread-0 ClientPortalService  : tickle {"session":"4832ca246c93e44996b29b3504034bb6","ssoExpires":540224,"collission":false,"userId":50301190,"hmds":{"error":"no bridge"},"iserver":{"authStatus":{"authenticated":true,"established":true,"competing":false,"connected":true,"message":"","MAC":"06:A8:C0:D9:D5:E3","serverInfo":{"serverName":"JifS19074","serverVersion":"Build 10.44.1h, Apr 20, 2026 11:22:51 AM"},"hardware_info":"275c5aa2|06:A8:C0:D9:D5:E3"}}}
22:30:02.017 INFO  vert.x-eventloop-thread-0 BaseServiceProxy     : -> GET /v1/api/tickle,200|94ms
22:30:02.019 DEBUG vert.x-eventloop-thread-0 ClientPortalService  : tickle {"session":"4832ca246c93e44996b29b3504034bb6","ssoExpires":510199,"collission":false,"userId":50301190,"hmds":{"error":"no bridge"},"iserver":{"authStatus":{"authenticated":true,"established":true,"competing":false,"connected":true,"message":"","MAC":"06:A8:C0:D9:D5:E3","serverInfo":{"serverName":"JifS19074","serverVersion":"Build 10.44.1h, Apr 20, 2026 11:22:51 AM"},"hardware_info":"275c5aa2|06:A8:C0:D9:D5:E3"}}}
22:30:27.049 INFO  vert.x-eventloop-thread-0 BaseServiceProxy     : -> GET /sso/ping,200|302ms
22:30:27.050 INFO  vert.x-eventloop-thread-0 SsoService           : sso ping {"result": "true"}
22:30:32.017 INFO  vert.x-eventloop-thread-0 BaseServiceProxy     : -> GET /v1/api/tickle,200|94ms
22:30:32.017 DEBUG vert.x-eventloop-thread-0 ClientPortalService  : tickle {"session":"4832ca246c93e44996b29b3504034bb6","ssoExpires":480234,"collission":false,"userId":50301190,"hmds":{"error":"no bridge"},"iserver":{"authStatus":{"authenticated":true,"established":true,"competing":false,"connected":true,"message":"","MAC":"06:A8:C0:D9:D5:E3","serverInfo":{"serverName":"JifS19074","serverVersion":"Build 10.44.1h, Apr 20, 2026 11:22:51 AM"},"hardware_info":"275c5aa2|06:A8:C0:D9:D5:E3"}}}
22:31:02.011 INFO  vert.x-eventloop-thread-0 BaseServiceProxy     : -> GET /v1/api/tickle,200|89ms
22:31:02.024 DEBUG vert.x-eventloop-thread-0 ClientPortalService  : tickle {"session":"4832ca246c93e44996b29b3504034bb6","ssoExpires":450234,"collission":false,"userId":50301190,"hmds":{"error":"no bridge"},"iserver":{"authStatus":{"authenticated":true,"established":true,"competing":false,"connected":true,"message":"","MAC":"06:A8:C0:D9:D5:E3","serverInfo":{"serverName":"JifS19074","serverVersion":"Build 10.44.1h, Apr 20, 2026 11:22:51 AM"},"hardware_info":"275c5aa2|06:A8:C0:D9:D5:E3"}}}
22:31:32.011 INFO  vert.x-eventloop-thread-0 BaseServiceProxy     : -> GET /v1/api/tickle,200|86ms
22:31:32.012 DEBUG vert.x-eventloop-thread-0 ClientPortalService  : tickle {"session":"4832ca246c93e44996b29b3504034bb6","ssoExpires":420200,"collission":false,"userId":50301190,"hmds":{"error":"no bridge"},"iserver":{"authStatus":{"authenticated":true,"established":true,"competing":false,"connected":true,"message":"","MAC":"06:A8:C0:D9:D5:E3","serverInfo":{"serverName":"JifS19074","serverVersion":"Build 10.44.1h, Apr 20, 2026 11:22:51 AM"},"hardware_info":"275c5aa2|06:A8:C0:D9:D5:E3"}}}
22:32:02.166 INFO  vert.x-eventloop-thread-0 BaseServiceProxy     : -> GET /v1/api/tickle,200|244ms
22:32:02.168 DEBUG vert.x-eventloop-thread-0 ClientPortalService  : tickle {"session":"4832ca246c93e44996b29b3504034bb6","ssoExpires":390080,"collission":false,"userId":50301190,"hmds":{"error":"no bridge"},"iserver":{"authStatus":{"authenticated":true,"established":true,"competing":false,"connected":true,"message":"","MAC":"06:A8:C0:D9:D5:E3","serverInfo":{"serverName":"JifS19074","serverVersion":"Build 10.44.1h, Apr 20, 2026 11:22:51 AM"},"hardware_info":"275c5aa2|06:A8:C0:D9:D5:E3"}}}
22:32:32.149 INFO  vert.x-eventloop-thread-0 BaseServiceProxy     : -> GET /v1/api/tickle,200|225ms
22:32:32.151 DEBUG vert.x-eventloop-thread-0 ClientPortalService  : tickle {"session":"4832ca246c93e44996b29b3504034bb6","ssoExpires":360065,"collission":false,"userId":50301190,"hmds":{"error":"no bridge"},"iserver":{"authStatus":{"authenticated":true,"established":true,"competing":false,"connected":true,"message":"","MAC":"06:A8:C0:D9:D5:E3","serverInfo":{"serverName":"JifS19074","serverVersion":"Build 10.44.1h, Apr 20, 2026 11:22:51 AM"},"hardware_info":"275c5aa2|06:A8:C0:D9:D5:E3"}}}
22:33:02.047 INFO  vert.x-eventloop-thread-0 BaseServiceProxy     : -> GET /v1/api/tickle,200|124ms
22:33:02.049 DEBUG vert.x-eventloop-thread-0 ClientPortalService  : tickle {"session":"4832ca246c93e44996b29b3504034bb6","ssoExpires":330177,"collission":false,"userId":50301190,"hmds":{"error":"no bridge"},"iserver":{"authStatus":{"authenticated":true,"established":true,"competing":false,"connected":true,"message":"","MAC":"06:A8:C0:D9:D5:E3","serverInfo":{"serverName":"JifS19074","serverVersion":"Build 10.44.1h, Apr 20, 2026 11:22:51 AM"},"hardware_info":"275c5aa2|06:A8:C0:D9:D5:E3"}}}
22:33:32.014 INFO  vert.x-eventloop-thread-0 BaseServiceProxy     : -> GET /v1/api/tickle,200|91ms
22:33:32.015 DEBUG vert.x-eventloop-thread-0 ClientPortalService  : tickle {"session":"4832ca246c93e44996b29b3504034bb6","ssoExpires":300226,"collission":false,"userId":50301190,"hmds":{"error":"no bridge"},"iserver":{"authStatus":{"authenticated":true,"established":true,"competing":false,"connected":true,"message":"","MAC":"06:A8:C0:D9:D5:E3","serverInfo":{"serverName":"JifS19074","serverVersion":"Build 10.44.1h, Apr 20, 2026 11:22:51 AM"},"hardware_info":"275c5aa2|06:A8:C0:D9:D5:E3"}}}
22:34:02.026 INFO  vert.x-eventloop-thread-0 BaseServiceProxy     : -> GET /v1/api/tickle,200|93ms
22:34:02.027 DEBUG vert.x-eventloop-thread-0 ClientPortalService  : tickle {"session":"4832ca246c93e44996b29b3504034bb6","ssoExpires":270221,"collission":false,"userId":50301190,"hmds":{"error":"no bridge"},"iserver":{"authStatus":{"authenticated":true,"established":true,"competing":false,"connected":true,"message":"","MAC":"06:A8:C0:D9:D5:E3","serverInfo":{"serverName":"JifS19074","serverVersion":"Build 10.44.1h, Apr 20, 2026 11:22:51 AM"},"hardware_info":"275c5aa2|06:A8:C0:D9:D5:E3"}}}
22:56:16.169 ERROR vert.x-eventloop-thread-0 ConnectionBase       : java.net.SocketException: Connection reset
22:56:16.171 ERROR vert.x-eventloop-thread-0 BaseServiceProxy     : request failed Connection reset
java.net.SocketException: Connection reset
	at java.base/sun.nio.ch.SocketChannelImpl.throwConnectionReset(SocketChannelImpl.java:394)
	at java.base/sun.nio.ch.SocketChannelImpl.read(SocketChannelImpl.java:426)
	at io.netty.buffer.PooledUnsafeDirectByteBuf.setBytes(PooledUnsafeDirectByteBuf.java:288)
	at io.netty.buffer.AbstractByteBuf.writeBytes(AbstractByteBuf.java:1106)
	at io.netty.channel.socket.nio.NioSocketChannel.doReadBytes(NioSocketChannel.java:373)
	at io.netty.channel.nio.AbstractNioByteChannel$NioByteUnsafe.read(AbstractNioByteChannel.java:123)
	at io.netty.channel.nio.NioEventLoop.processSelectedKey(NioEventLoop.java:645)
	at io.netty.channel.nio.NioEventLoop.processSelectedKeysPlain(NioEventLoop.java:545)
	at io.netty.channel.nio.NioEventLoop.processSelectedKeys(NioEventLoop.java:499)
	at io.netty.channel.nio.NioEventLoop.run(NioEventLoop.java:459)
	at io.netty.util.concurrent.SingleThreadEventExecutor$5.run(SingleThreadEventExecutor.java:858)
	at java.base/java.lang.Thread.run(Thread.java:842)
22:56:46.149 ERROR vert.x-eventloop-thread-0 ConnectionBase       : java.net.SocketException: Connection reset
22:56:46.152 ERROR vert.x-eventloop-thread-0 BaseServiceProxy     : request failed Connection reset
java.net.SocketException: Connection reset
	at java.base/sun.nio.ch.SocketChannelImpl.throwConnectionReset(SocketChannelImpl.java:394)
	at java.base/sun.nio.ch.SocketChannelImpl.read(SocketChannelImpl.java:426)
	at io.netty.buffer.PooledUnsafeDirectByteBuf.setBytes(PooledUnsafeDirectByteBuf.java:288)
	at io.netty.buffer.AbstractByteBuf.writeBytes(AbstractByteBuf.java:1106)
	at io.netty.channel.socket.nio.NioSocketChannel.doReadBytes(NioSocketChannel.java:373)
	at io.netty.channel.nio.AbstractNioByteChannel$NioByteUnsafe.read(AbstractNioByteChannel.java:123)
	at io.netty.channel.nio.NioEventLoop.processSelectedKey(NioEventLoop.java:645)
	at io.netty.channel.nio.NioEventLoop.processSelectedKeysPlain(NioEventLoop.java:545)
	at io.netty.channel.nio.NioEventLoop.processSelectedKeys(NioEventLoop.java:499)
	at io.netty.channel.nio.NioEventLoop.run(NioEventLoop.java:459)
	at io.netty.util.concurrent.SingleThreadEventExecutor$5.run(SingleThreadEventExecutor.java:858)
	at java.base/java.lang.Thread.run(Thread.java:842)
22:57:11.272 INFO  vert.x-eventloop-thread-0 BaseServiceProxy     : -> GET /sso/ping,200|316ms
22:57:11.274 INFO  vert.x-eventloop-thread-0 SsoService           : sso ping {"result": "true"}
22:57:16.523 INFO  vert.x-eventloop-thread-0 BaseServiceProxy     : -> GET /v1/api/tickle,200|391ms
22:57:16.523 DEBUG vert.x-eventloop-thread-0 ClientPortalService  : tickle {"session":"402efc2c46db29cd7953ed6e5db4b861","ssoExpires":600000,"collission":false,"userId":50301190,"hmds":{"error":"no bridge"},"iserver":{"authStatus":{"authenticated":false,"established":false,"competing":false,"connected":false,"MAC":null}}}
22:57:46.531 INFO  vert.x-eventloop-thread-0 BaseServiceProxy     : -> GET /v1/api/tickle,200|397ms
22:57:46.535 DEBUG vert.x-eventloop-thread-0 ClientPortalService  : tickle {"session":"402efc2c46db29cd7953ed6e5db4b861","ssoExpires":570023,"collission":false,"userId":50301190,"hmds":{"error":"no bridge"},"iserver":{"authStatus":{"authenticated":false,"established":false,"competing":false,"connected":false,"MAC":null}}}
22:58:16.219 INFO  vert.x-eventloop-thread-0 BaseServiceProxy     : -> GET /v1/api/tickle,200|86ms
22:58:16.220 DEBUG vert.x-eventloop-thread-0 ClientPortalService  : tickle {"session":"402efc2c46db29cd7953ed6e5db4b861","ssoExpires":540261,"collission":false,"userId":50301190,"hmds":{"error":"no bridge"},"iserver":{"authStatus":{"authenticated":false,"established":false,"competing":false,"connected":false,"MAC":null}}}
22:58:46.339 INFO  vert.x-eventloop-thread-0 BaseServiceProxy     : -> GET /v1/api/tickle,200|207ms
22:58:46.340 DEBUG vert.x-eventloop-thread-0 ClientPortalService  : tickle {"session":"402efc2c46db29cd7953ed6e5db4b861","ssoExpires":510107,"collission":false,"userId":50301190,"hmds":{"error":"no bridge"},"iserver":{"authStatus":{"authenticated":false,"established":false,"competing":false,"connected":false,"MAC":null}}}
22:59:16.191 INFO  vert.x-eventloop-thread-0 BaseServiceProxy     : -> GET /v1/api/tickle,200|58ms
22:59:16.196 DEBUG vert.x-eventloop-thread-0 ClientPortalService  : tickle {"session":"402efc2c46db29cd7953ed6e5db4b861","ssoExpires":480257,"collission":false,"userId":50301190,"hmds":{"error":"no bridge"},"iserver":{"authStatus":{"authenticated":false,"established":false,"competing":false,"connected":false,"MAC":null}}}
22:59:46.224 INFO  vert.x-eventloop-thread-0 BaseServiceProxy     : -> GET /v1/api/tickle,200|91ms
22:59:46.225 DEBUG vert.x-eventloop-thread-0 ClientPortalService  : tickle {"session":"402efc2c46db29cd7953ed6e5db4b861","ssoExpires":450248,"collission":false,"userId":50301190,"hmds":{"error":"no bridge"},"iserver":{"authStatus":{"authenticated":false,"established":false,"competing":false,"connected":false,"MAC":null}}}
23:00:16.243 INFO  vert.x-eventloop-thread-0 BaseServiceProxy     : -> GET /v1/api/tickle,200|110ms
23:00:16.245 DEBUG vert.x-eventloop-thread-0 ClientPortalService  : tickle {"session":"402efc2c46db29cd7953ed6e5db4b861","ssoExpires":420244,"collission":false,"userId":50301190,"hmds":{"error":"no bridge"},"iserver":{"authStatus":{"authenticated":false,"established":false,"competing":false,"connected":false,"MAC":null}}}
23:00:46.227 INFO  vert.x-eventloop-thread-0 BaseServiceProxy     : -> GET /v1/api/tickle,200|95ms
23:00:46.229 DEBUG vert.x-eventloop-thread-0 ClientPortalService  : tickle {"session":"402efc2c46db29cd7953ed6e5db4b861","ssoExpires":390257,"collission":false,"userId":50301190,"hmds":{"error":"no bridge"},"iserver":{"authStatus":{"authenticated":false,"established":false,"competing":false,"connected":false,"MAC":null}}}
23:01:16.199 INFO  vert.x-eventloop-thread-0 BaseServiceProxy     : -> GET /v1/api/tickle,200|66ms
23:01:16.207 DEBUG vert.x-eventloop-thread-0 ClientPortalService  : tickle {"session":"402efc2c46db29cd7953ed6e5db4b861","ssoExpires":360247,"collission":false,"userId":50301190,"hmds":{"error":"no bridge"},"iserver":{"authStatus":{"authenticated":false,"established":false,"competing":false,"connected":false,"MAC":null}}}
23:01:46.189 INFO  vert.x-eventloop-thread-0 BaseServiceProxy     : -> GET /v1/api/tickle,200|55ms
23:01:46.192 DEBUG vert.x-eventloop-thread-0 ClientPortalService  : tickle {"session":"402efc2c46db29cd7953ed6e5db4b861","ssoExpires":330256,"collission":false,"userId":50301190,"hmds":{"error":"no bridge"},"iserver":{"authStatus":{"authenticated":false,"established":false,"competing":false,"connected":false,"MAC":null}}}
23:02:11.231 INFO  vert.x-eventloop-thread-0 BaseServiceProxy     : -> GET /sso/ping,200|275ms
23:02:11.232 INFO  vert.x-eventloop-thread-0 SsoService           : sso ping {"result": "true"}
23:02:16.188 INFO  vert.x-eventloop-thread-0 BaseServiceProxy     : -> GET /v1/api/tickle,200|55ms
23:02:16.189 DEBUG vert.x-eventloop-thread-0 ClientPortalService  : tickle {"session":"402efc2c46db29cd7953ed6e5db4b861","ssoExpires":300256,"collission":false,"userId":50301190,"hmds":{"error":"no bridge"},"iserver":{"authStatus":{"authenticated":false,"established":false,"competing":false,"connected":false,"MAC":null}}}
23:02:46.562 INFO  vert.x-eventloop-thread-0 BaseServiceProxy     : -> GET /v1/api/tickle,200|429ms
23:02:46.563 DEBUG vert.x-eventloop-thread-0 ClientPortalService  : tickle {"session":"402efc2c46db29cd7953ed6e5db4b861","ssoExpires":269993,"collission":false,"userId":50301190,"hmds":{"error":"no bridge"},"iserver":{"authStatus":{"authenticated":false,"established":false,"competing":false,"connected":false,"MAC":null}}}
23:03:16.182 INFO  vert.x-eventloop-thread-0 BaseServiceProxy     : -> GET /v1/api/tickle,200|49ms
23:03:16.183 DEBUG vert.x-eventloop-thread-0 ClientPortalService  : tickle {"session":"402efc2c46db29cd7953ed6e5db4b861","ssoExpires":240261,"collission":false,"userId":50301190,"hmds":{"error":"no bridge"},"iserver":{"authStatus":{"authenticated":false,"established":false,"competing":false,"connected":false,"MAC":null}}}
23:03:46.471 INFO  vert.x-eventloop-thread-0 BaseServiceProxy     : -> GET /v1/api/tickle,200|337ms
23:03:46.473 DEBUG vert.x-eventloop-thread-0 ClientPortalService  : tickle {"session":"402efc2c46db29cd7953ed6e5db4b861","ssoExpires":210019,"collission":false,"userId":50301190,"hmds":{"error":"no bridge"},"iserver":{"authStatus":{"authenticated":false,"established":false,"competing":false,"connected":false,"MAC":null}}}
23:04:16.190 INFO  vert.x-eventloop-thread-0 BaseServiceProxy     : -> GET /v1/api/tickle,200|58ms
23:04:16.191 DEBUG vert.x-eventloop-thread-0 ClientPortalService  : tickle {"session":"402efc2c46db29cd7953ed6e5db4b861","ssoExpires":180254,"collission":false,"userId":50301190,"hmds":{"error":"no bridge"},"iserver":{"authStatus":{"authenticated":false,"established":false,"competing":false,"connected":false,"MAC":null}}}
23:04:46.203 INFO  vert.x-eventloop-thread-0 BaseServiceProxy     : -> GET /v1/api/tickle,200|69ms
23:04:46.205 DEBUG vert.x-eventloop-thread-0 ClientPortalService  : tickle {"session":"402efc2c46db29cd7953ed6e5db4b861","ssoExpires":150247,"collission":false,"userId":50301190,"hmds":{"error":"no bridge"},"iserver":{"authStatus":{"authenticated":false,"established":false,"competing":false,"connected":false,"MAC":null}}}
23:05:16.212 INFO  vert.x-eventloop-thread-0 BaseServiceProxy     : -> GET /v1/api/tickle,200|75ms
23:05:16.213 DEBUG vert.x-eventloop-thread-0 ClientPortalService  : tickle {"session":"402efc2c46db29cd7953ed6e5db4b861","ssoExpires":120252,"collission":false,"userId":50301190,"hmds":{"error":"no bridge"},"iserver":{"authStatus":{"authenticated":false,"established":false,"competing":false,"connected":false,"MAC":null}}}
23:05:46.222 INFO  vert.x-eventloop-thread-0 BaseServiceProxy     : -> GET /v1/api/tickle,200|64ms
23:05:46.223 DEBUG vert.x-eventloop-thread-0 ClientPortalService  : tickle {"session":"402efc2c46db29cd7953ed6e5db4b861","ssoExpires":90255,"collission":false,"userId":50301190,"hmds":{"error":"no bridge"},"iserver":{"authStatus":{"authenticated":false,"established":false,"competing":false,"connected":false,"MAC":null}}}
23:06:16.216 INFO  vert.x-eventloop-thread-0 BaseServiceProxy     : -> GET /v1/api/tickle,200|53ms
23:06:16.219 DEBUG vert.x-eventloop-thread-0 ClientPortalService  : tickle {"session":"402efc2c46db29cd7953ed6e5db4b861","ssoExpires":60255,"collission":false,"userId":50301190,"hmds":{"error":"no bridge"},"iserver":{"authStatus":{"authenticated":false,"established":false,"competing":false,"connected":false,"MAC":null}}}
23:06:46.225 INFO  vert.x-eventloop-thread-0 BaseServiceProxy     : -> GET /v1/api/tickle,200|63ms
23:06:46.227 DEBUG vert.x-eventloop-thread-0 ClientPortalService  : tickle {"session":"402efc2c46db29cd7953ed6e5db4b861","ssoExpires":30252,"collission":false,"userId":50301190,"hmds":{"error":"no bridge"},"iserver":{"authStatus":{"authenticated":false,"established":false,"competing":false,"connected":false,"MAC":null}}}
23:07:11.275 INFO  vert.x-eventloop-thread-0 BaseServiceProxy     : -> GET /sso/ping,200|289ms
23:07:11.280 INFO  vert.x-eventloop-thread-0 SsoService           : sso ping {"result": "true"}
23:07:16.220 INFO  vert.x-eventloop-thread-0 BaseServiceProxy     : -> GET /v1/api/tickle,200|58ms
23:07:16.221 DEBUG vert.x-eventloop-thread-0 ClientPortalService  : tickle {"session":"402efc2c46db29cd7953ed6e5db4b861","ssoExpires":252,"collission":false,"userId":50301190,"hmds":{"error":"no bridge"},"iserver":{"authStatus":{"authenticated":false,"established":false,"competing":false,"connected":false,"MAC":null}}}
23:07:46.482 INFO  vert.x-eventloop-thread-0 BaseServiceProxy     : -> GET /v1/api/tickle,200|319ms
23:07:46.485 DEBUG vert.x-eventloop-thread-0 ClientPortalService  : tickle {"session":"402efc2c46db29cd7953ed6e5db4b861","ssoExpires":600000,"collission":false,"userId":50301190,"hmds":{"error":"no bridge"},"iserver":{"authStatus":{"authenticated":false,"established":false,"competing":false,"connected":false,"MAC":null}}}
23:08:16.221 INFO  vert.x-eventloop-thread-0 BaseServiceProxy     : -> GET /v1/api/tickle,200|59ms
23:08:16.222 DEBUG vert.x-eventloop-thread-0 ClientPortalService  : tickle {"session":"402efc2c46db29cd7953ed6e5db4b861","ssoExpires":570257,"collission":false,"userId":50301190,"hmds":{"error":"no bridge"},"iserver":{"authStatus":{"authenticated":false,"established":false,"competing":false,"connected":false,"MAC":null}}}
23:08:46.219 INFO  vert.x-eventloop-thread-0 BaseServiceProxy     : -> GET /v1/api/tickle,200|57ms
23:08:46.220 DEBUG vert.x-eventloop-thread-0 ClientPortalService  : tickle {"session":"402efc2c46db29cd7953ed6e5db4b861","ssoExpires":540261,"collission":false,"userId":50301190,"hmds":{"error":"no bridge"},"iserver":{"authStatus":{"authenticated":false,"established":false,"competing":false,"connected":false,"MAC":null}}}
23:09:16.226 INFO  vert.x-eventloop-thread-0 BaseServiceProxy     : -> GET /v1/api/tickle,200|64ms
23:09:16.228 DEBUG vert.x-eventloop-thread-0 ClientPortalService  : tickle {"session":"402efc2c46db29cd7953ed6e5db4b861","ssoExpires":510257,"collission":false,"userId":50301190,"hmds":{"error":"no bridge"},"iserver":{"authStatus":{"authenticated":false,"established":false,"competing":false,"connected":false,"MAC":null}}}
23:09:46.230 INFO  vert.x-eventloop-thread-0 BaseServiceProxy     : -> GET /v1/api/tickle,200|66ms
23:09:46.232 DEBUG vert.x-eventloop-thread-0 ClientPortalService  : tickle {"session":"402efc2c46db29cd7953ed6e5db4b861","ssoExpires":480250,"collission":false,"userId":50301190,"hmds":{"error":"no bridge"},"iserver":{"authStatus":{"authenticated":false,"established":false,"competing":false,"connected":false,"MAC":null}}}
23:10:16.215 INFO  vert.x-eventloop-thread-0 BaseServiceProxy     : -> GET /v1/api/tickle,200|51ms
23:10:16.215 DEBUG vert.x-eventloop-thread-0 ClientPortalService  : tickle {"session":"402efc2c46db29cd7953ed6e5db4b861","ssoExpires":450265,"collission":false,"userId":50301190,"hmds":{"error":"no bridge"},"iserver":{"authStatus":{"authenticated":false,"established":false,"competing":false,"connected":false,"MAC":null}}}
23:10:46.237 INFO  vert.x-eventloop-thread-0 BaseServiceProxy     : -> GET /v1/api/tickle,200|74ms
23:10:46.238 DEBUG vert.x-eventloop-thread-0 ClientPortalService  : tickle {"session":"402efc2c46db29cd7953ed6e5db4b861","ssoExpires":420255,"collission":false,"userId":50301190,"hmds":{"error":"no bridge"},"iserver":{"authStatus":{"authenticated":false,"established":false,"competing":false,"connected":false,"MAC":null}}}
23:11:16.219 INFO  vert.x-eventloop-thread-0 BaseServiceProxy     : -> GET /v1/api/tickle,200|55ms
23:11:16.221 DEBUG vert.x-eventloop-thread-0 ClientPortalService  : tickle {"session":"402efc2c46db29cd7953ed6e5db4b861","ssoExpires":390262,"collission":false,"userId":50301190,"hmds":{"error":"no bridge"},"iserver":{"authStatus":{"authenticated":false,"established":false,"competing":false,"connected":false,"MAC":null}}}
23:11:46.224 INFO  vert.x-eventloop-thread-0 BaseServiceProxy     : -> GET /v1/api/tickle,200|60ms
23:11:46.227 DEBUG vert.x-eventloop-thread-0 ClientPortalService  : tickle {"session":"402efc2c46db29cd7953ed6e5db4b861","ssoExpires":360255,"collission":false,"userId":50301190,"hmds":{"error":"no bridge"},"iserver":{"authStatus":{"authenticated":false,"established":false,"competing":false,"connected":false,"MAC":null}}}
23:12:11.257 INFO  vert.x-eventloop-thread-0 BaseServiceProxy     : -> GET /sso/ping,200|269ms
23:12:11.258 INFO  vert.x-eventloop-thread-0 SsoService           : sso ping {"result": "true"}
23:12:16.211 INFO  vert.x-eventloop-thread-0 BaseServiceProxy     : -> GET /v1/api/tickle,200|48ms
23:12:16.211 DEBUG vert.x-eventloop-thread-0 ClientPortalService  : tickle {"session":"402efc2c46db29cd7953ed6e5db4b861","ssoExpires":330268,"collission":false,"userId":50301190,"hmds":{"error":"no bridge"},"iserver":{"authStatus":{"authenticated":false,"established":false,"competing":false,"connected":false,"MAC":null}}}
23:12:46.223 INFO  vert.x-eventloop-thread-0 BaseServiceProxy     : -> GET /v1/api/tickle,200|58ms
23:12:46.225 DEBUG vert.x-eventloop-thread-0 ClientPortalService  : tickle {"session":"402efc2c46db29cd7953ed6e5db4b861","ssoExpires":300259,"collission":false,"userId":50301190,"hmds":{"error":"no bridge"},"iserver":{"authStatus":{"authenticated":false,"established":false,"competing":false,"connected":false,"MAC":null}}}
23:13:16.225 INFO  vert.x-eventloop-thread-0 BaseServiceProxy     : -> GET /v1/api/tickle,200|60ms
23:13:16.226 DEBUG vert.x-eventloop-thread-0 ClientPortalService  : tickle {"session":"402efc2c46db29cd7953ed6e5db4b861","ssoExpires":270255,"collission":false,"userId":50301190,"hmds":{"error":"no bridge"},"iserver":{"authStatus":{"authenticated":false,"established":false,"competing":false,"connected":false,"MAC":null}}}
23:13:46.228 INFO  vert.x-eventloop-thread-0 BaseServiceProxy     : -> GET /v1/api/tickle,200|63ms
23:13:46.230 DEBUG vert.x-eventloop-thread-0 ClientPortalService  : tickle {"session":"402efc2c46db29cd7953ed6e5db4b861","ssoExpires":240254,"collission":false,"userId":50301190,"hmds":{"error":"no bridge"},"iserver":{"authStatus":{"authenticated":false,"established":false,"competing":false,"connected":false,"MAC":null}}}
23:14:16.221 INFO  vert.x-eventloop-thread-0 BaseServiceProxy     : -> GET /v1/api/tickle,200|56ms
23:14:16.222 DEBUG vert.x-eventloop-thread-0 ClientPortalService  : tickle {"session":"402efc2c46db29cd7953ed6e5db4b861","ssoExpires":210261,"collission":false,"userId":50301190,"hmds":{"error":"no bridge"},"iserver":{"authStatus":{"authenticated":false,"established":false,"competing":false,"connected":false,"MAC":null}}}
23:14:46.225 INFO  vert.x-eventloop-thread-0 BaseServiceProxy     : -> GET /v1/api/tickle,200|57ms
23:14:46.225 DEBUG vert.x-eventloop-thread-0 ClientPortalService  : tickle {"session":"402efc2c46db29cd7953ed6e5db4b861","ssoExpires":180256,"collission":false,"userId":50301190,"hmds":{"error":"no bridge"},"iserver":{"authStatus":{"authenticated":false,"established":false,"competing":false,"connected":false,"MAC":null}}}
23:15:16.239 INFO  vert.x-eventloop-thread-0 BaseServiceProxy     : -> GET /v1/api/tickle,200|72ms
23:15:16.240 DEBUG vert.x-eventloop-thread-0 ClientPortalService  : tickle {"session":"402efc2c46db29cd7953ed6e5db4b861","ssoExpires":150242,"collission":false,"userId":50301190,"hmds":{"error":"no bridge"},"iserver":{"authStatus":{"authenticated":false,"established":false,"competing":false,"connected":false,"MAC":null}}}
23:15:46.230 INFO  vert.x-eventloop-thread-0 BaseServiceProxy     : -> GET /v1/api/tickle,200|64ms
23:15:46.232 DEBUG vert.x-eventloop-thread-0 ClientPortalService  : tickle {"session":"402efc2c46db29cd7953ed6e5db4b861","ssoExpires":120252,"collission":false,"userId":50301190,"hmds":{"error":"no bridge"},"iserver":{"authStatus":{"authenticated":false,"established":false,"competing":false,"connected":false,"MAC":null}}}
23:16:16.217 INFO  vert.x-eventloop-thread-0 BaseServiceProxy     : -> GET /v1/api/tickle,200|51ms
23:16:16.219 DEBUG vert.x-eventloop-thread-0 ClientPortalService  : tickle {"session":"402efc2c46db29cd7953ed6e5db4b861","ssoExpires":90263,"collission":false,"userId":50301190,"hmds":{"error":"no bridge"},"iserver":{"authStatus":{"authenticated":false,"established":false,"competing":false,"connected":false,"MAC":null}}}
23:16:46.227 INFO  vert.x-eventloop-thread-0 BaseServiceProxy     : -> GET /v1/api/tickle,200|61ms
23:16:46.230 DEBUG vert.x-eventloop-thread-0 ClientPortalService  : tickle {"session":"402efc2c46db29cd7953ed6e5db4b861","ssoExpires":60261,"collission":false,"userId":50301190,"hmds":{"error":"no bridge"},"iserver":{"authStatus":{"authenticated":false,"established":false,"competing":false,"connected":false,"MAC":null}}}
23:17:11.429 INFO  vert.x-eventloop-thread-0 BaseServiceProxy     : -> GET /sso/ping,200|440ms
23:17:11.430 INFO  vert.x-eventloop-thread-0 SsoService           : sso ping {"result": "true"}
23:17:16.215 INFO  vert.x-eventloop-thread-0 BaseServiceProxy     : -> GET /v1/api/tickle,200|50ms
23:17:16.215 DEBUG vert.x-eventloop-thread-0 ClientPortalService  : tickle {"session":"402efc2c46db29cd7953ed6e5db4b861","ssoExpires":30264,"collission":false,"userId":50301190,"hmds":{"error":"no bridge"},"iserver":{"authStatus":{"authenticated":false,"established":false,"competing":false,"connected":false,"MAC":null}}}
23:17:46.233 INFO  vert.x-eventloop-thread-0 BaseServiceProxy     : -> GET /v1/api/tickle,200|66ms
23:17:46.234 DEBUG vert.x-eventloop-thread-0 ClientPortalService  : tickle {"session":"402efc2c46db29cd7953ed6e5db4b861","ssoExpires":255,"collission":false,"userId":50301190,"hmds":{"error":"no bridge"},"iserver":{"authStatus":{"authenticated":false,"established":false,"competing":false,"connected":false,"MAC":null}}}
23:18:16.497 INFO  vert.x-eventloop-thread-0 BaseServiceProxy     : -> GET /v1/api/tickle,200|329ms
23:18:16.499 DEBUG vert.x-eventloop-thread-0 ClientPortalService  : tickle {"session":"402efc2c46db29cd7953ed6e5db4b861","ssoExpires":600000,"collission":false,"userId":50301190,"hmds":{"error":"no bridge"},"iserver":{"authStatus":{"authenticated":false,"established":false,"competing":false,"connected":false,"MAC":null}}}
23:18:46.229 INFO  vert.x-eventloop-thread-0 BaseServiceProxy     : -> GET /v1/api/tickle,200|62ms
23:18:46.231 DEBUG vert.x-eventloop-thread-0 ClientPortalService  : tickle {"session":"402efc2c46db29cd7953ed6e5db4b861","ssoExpires":570264,"collission":false,"userId":50301190,"hmds":{"error":"no bridge"},"iserver":{"authStatus":{"authenticated":false,"established":false,"competing":false,"connected":false,"MAC":null}}}
23:19:16.222 INFO  vert.x-eventloop-thread-0 BaseServiceProxy     : -> GET /v1/api/tickle,200|55ms
23:19:16.224 DEBUG vert.x-eventloop-thread-0 ClientPortalService  : tickle {"session":"402efc2c46db29cd7953ed6e5db4b861","ssoExpires":540262,"collission":false,"userId":50301190,"hmds":{"error":"no bridge"},"iserver":{"authStatus":{"authenticated":false,"established":false,"competing":false,"connected":false,"MAC":null}}}
23:19:46.268 INFO  vert.x-eventloop-thread-0 BaseServiceProxy     : -> GET /v1/api/tickle,200|101ms
23:19:46.269 DEBUG vert.x-eventloop-thread-0 ClientPortalService  : tickle {"session":"402efc2c46db29cd7953ed6e5db4b861","ssoExpires":510217,"collission":false,"userId":50301190,"hmds":{"error":"no bridge"},"iserver":{"authStatus":{"authenticated":false,"established":false,"competing":false,"connected":false,"MAC":null}}}
23:20:16.234 INFO  vert.x-eventloop-thread-0 BaseServiceProxy     : -> GET /v1/api/tickle,200|67ms
23:20:16.240 DEBUG vert.x-eventloop-thread-0 ClientPortalService  : tickle {"session":"402efc2c46db29cd7953ed6e5db4b861","ssoExpires":480264,"collission":false,"userId":50301190,"hmds":{"error":"no bridge"},"iserver":{"authStatus":{"authenticated":false,"established":false,"competing":false,"connected":false,"MAC":null}}}
23:20:46.243 INFO  vert.x-eventloop-thread-0 BaseServiceProxy     : -> GET /v1/api/tickle,200|65ms
23:20:46.245 DEBUG vert.x-eventloop-thread-0 ClientPortalService  : tickle {"session":"402efc2c46db29cd7953ed6e5db4b861","ssoExpires":450253,"collission":false,"userId":50301190,"hmds":{"error":"no bridge"},"iserver":{"authStatus":{"authenticated":false,"established":false,"competing":false,"connected":false,"MAC":null}}}
23:21:16.249 INFO  vert.x-eventloop-thread-0 BaseServiceProxy     : -> GET /v1/api/tickle,200|64ms
23:21:16.252 DEBUG vert.x-eventloop-thread-0 ClientPortalService  : tickle {"session":"402efc2c46db29cd7953ed6e5db4b861","ssoExpires":420253,"collission":false,"userId":50301190,"hmds":{"error":"no bridge"},"iserver":{"authStatus":{"authenticated":false,"established":false,"competing":false,"connected":false,"MAC":null}}}
23:21:46.252 INFO  vert.x-eventloop-thread-0 BaseServiceProxy     : -> GET /v1/api/tickle,200|67ms
23:21:46.254 DEBUG vert.x-eventloop-thread-0 ClientPortalService  : tickle {"session":"402efc2c46db29cd7953ed6e5db4b861","ssoExpires":390254,"collission":false,"userId":50301190,"hmds":{"error":"no bridge"},"iserver":{"authStatus":{"authenticated":false,"established":false,"competing":false,"connected":false,"MAC":null}}}
23:22:11.501 INFO  vert.x-eventloop-thread-0 BaseServiceProxy     : -> GET /sso/ping,200|493ms
23:22:11.503 INFO  vert.x-eventloop-thread-0 SsoService           : sso ping {"result": "true"}
23:22:16.247 INFO  vert.x-eventloop-thread-0 BaseServiceProxy     : -> GET /v1/api/tickle,200|62ms
23:22:16.248 DEBUG vert.x-eventloop-thread-0 ClientPortalService  : tickle {"session":"402efc2c46db29cd7953ed6e5db4b861","ssoExpires":360257,"collission":false,"userId":50301190,"hmds":{"error":"no bridge"},"iserver":{"authStatus":{"authenticated":false,"established":false,"competing":false,"connected":false,"MAC":null}}}
23:22:46.245 INFO  vert.x-eventloop-thread-0 BaseServiceProxy     : -> GET /v1/api/tickle,200|60ms
23:22:46.247 DEBUG vert.x-eventloop-thread-0 ClientPortalService  : tickle {"session":"402efc2c46db29cd7953ed6e5db4b861","ssoExpires":330257,"collission":false,"userId":50301190,"hmds":{"error":"no bridge"},"iserver":{"authStatus":{"authenticated":false,"established":false,"competing":false,"connected":false,"MAC":null}}}
23:23:16.249 INFO  vert.x-eventloop-thread-0 BaseServiceProxy     : -> GET /v1/api/tickle,200|63ms
23:23:16.251 DEBUG vert.x-eventloop-thread-0 ClientPortalService  : tickle {"session":"402efc2c46db29cd7953ed6e5db4b861","ssoExpires":300255,"collission":false,"userId":50301190,"hmds":{"error":"no bridge"},"iserver":{"authStatus":{"authenticated":false,"established":false,"competing":false,"connected":false,"MAC":null}}}
23:23:46.251 INFO  vert.x-eventloop-thread-0 BaseServiceProxy     : -> GET /v1/api/tickle,200|65ms
23:23:46.253 DEBUG vert.x-eventloop-thread-0 ClientPortalService  : tickle {"session":"402efc2c46db29cd7953ed6e5db4b861","ssoExpires":270253,"collission":false,"userId":50301190,"hmds":{"error":"no bridge"},"iserver":{"authStatus":{"authenticated":false,"established":false,"competing":false,"connected":false,"MAC":null}}}
23:24:16.245 INFO  vert.x-eventloop-thread-0 BaseServiceProxy     : -> GET /v1/api/tickle,200|60ms
23:24:16.247 DEBUG vert.x-eventloop-thread-0 ClientPortalService  : tickle {"session":"402efc2c46db29cd7953ed6e5db4b861","ssoExpires":240258,"collission":false,"userId":50301190,"hmds":{"error":"no bridge"},"iserver":{"authStatus":{"authenticated":false,"established":false,"competing":false,"connected":false,"MAC":null}}}
23:24:46.247 INFO  vert.x-eventloop-thread-0 BaseServiceProxy     : -> GET /v1/api/tickle,200|60ms
23:24:46.248 DEBUG vert.x-eventloop-thread-0 ClientPortalService  : tickle {"session":"402efc2c46db29cd7953ed6e5db4b861","ssoExpires":210260,"collission":false,"userId":50301190,"hmds":{"error":"no bridge"},"iserver":{"authStatus":{"authenticated":false,"established":false,"competing":false,"connected":false,"MAC":null}}}
23:25:16.241 INFO  vert.x-eventloop-thread-0 BaseServiceProxy     : -> GET /v1/api/tickle,200|55ms
23:25:16.243 DEBUG vert.x-eventloop-thread-0 ClientPortalService  : tickle {"session":"402efc2c46db29cd7953ed6e5db4b861","ssoExpires":180266,"collission":false,"userId":50301190,"hmds":{"error":"no bridge"},"iserver":{"authStatus":{"authenticated":false,"established":false,"competing":false,"connected":false,"MAC":null}}}
23:25:46.248 INFO  vert.x-eventloop-thread-0 BaseServiceProxy     : -> GET /v1/api/tickle,200|61ms
23:25:46.249 DEBUG vert.x-eventloop-thread-0 ClientPortalService  : tickle {"session":"402efc2c46db29cd7953ed6e5db4b861","ssoExpires":150256,"collission":false,"userId":50301190,"hmds":{"error":"no bridge"},"iserver":{"authStatus":{"authenticated":false,"established":false,"competing":false,"connected":false,"MAC":null}}}
23:26:16.248 INFO  vert.x-eventloop-thread-0 BaseServiceProxy     : -> GET /v1/api/tickle,200|57ms
23:26:16.249 DEBUG vert.x-eventloop-thread-0 ClientPortalService  : tickle {"session":"402efc2c46db29cd7953ed6e5db4b861","ssoExpires":120259,"collission":false,"userId":50301190,"hmds":{"error":"no bridge"},"iserver":{"authStatus":{"authenticated":false,"established":false,"competing":false,"connected":false,"MAC":null}}}
23:26:46.244 INFO  vert.x-eventloop-thread-0 BaseServiceProxy     : -> GET /v1/api/tickle,200|56ms
23:26:46.245 DEBUG vert.x-eventloop-thread-0 ClientPortalService  : tickle {"session":"402efc2c46db29cd7953ed6e5db4b861","ssoExpires":90262,"collission":false,"userId":50301190,"hmds":{"error":"no bridge"},"iserver":{"authStatus":{"authenticated":false,"established":false,"competing":false,"connected":false,"MAC":null}}}
23:27:11.290 INFO  vert.x-eventloop-thread-0 BaseServiceProxy     : -> GET /sso/ping,200|280ms
23:27:11.290 INFO  vert.x-eventloop-thread-0 SsoService           : sso ping {"result": "true"}
23:27:16.238 INFO  vert.x-eventloop-thread-0 BaseServiceProxy     : -> GET /v1/api/tickle,200|50ms
23:27:16.239 DEBUG vert.x-eventloop-thread-0 ClientPortalService  : tickle {"session":"402efc2c46db29cd7953ed6e5db4b861","ssoExpires":60267,"collission":false,"userId":50301190,"hmds":{"error":"no bridge"},"iserver":{"authStatus":{"authenticated":false,"established":false,"competing":false,"connected":false,"MAC":null}}}
23:27:46.263 INFO  vert.x-eventloop-thread-0 BaseServiceProxy     : -> GET /v1/api/tickle,200|74ms
23:27:46.264 DEBUG vert.x-eventloop-thread-0 ClientPortalService  : tickle {"session":"402efc2c46db29cd7953ed6e5db4b861","ssoExpires":30242,"collission":false,"userId":50301190,"hmds":{"error":"no bridge"},"iserver":{"authStatus":{"authenticated":false,"established":false,"competing":false,"connected":false,"MAC":null}}}
23:28:16.278 INFO  vert.x-eventloop-thread-0 BaseServiceProxy     : -> GET /v1/api/tickle,200|89ms
23:28:16.280 DEBUG vert.x-eventloop-thread-0 ClientPortalService  : tickle {"session":"402efc2c46db29cd7953ed6e5db4b861","ssoExpires":248,"collission":false,"userId":50301190,"hmds":{"error":"no bridge"},"iserver":{"authStatus":{"authenticated":false,"established":false,"competing":false,"connected":false,"MAC":null}}}
23:28:46.578 INFO  vert.x-eventloop-thread-0 BaseServiceProxy     : -> GET /v1/api/tickle,200|388ms
23:28:46.581 DEBUG vert.x-eventloop-thread-0 ClientPortalService  : tickle {"session":"402efc2c46db29cd7953ed6e5db4b861","ssoExpires":600000,"collission":false,"userId":50301190,"hmds":{"error":"no bridge"},"iserver":{"authStatus":{"authenticated":false,"established":false,"competing":false,"connected":false,"MAC":null}}}
23:29:16.240 INFO  vert.x-eventloop-thread-0 BaseServiceProxy     : -> GET /v1/api/tickle,200|51ms
23:29:16.241 DEBUG vert.x-eventloop-thread-0 ClientPortalService  : tickle {"session":"402efc2c46db29cd7953ed6e5db4b861","ssoExpires":570275,"collission":false,"userId":50301190,"hmds":{"error":"no bridge"},"iserver":{"authStatus":{"authenticated":false,"established":false,"competing":false,"connected":false,"MAC":null}}}
23:29:46.243 INFO  vert.x-eventloop-thread-0 BaseServiceProxy     : -> GET /v1/api/tickle,200|54ms
23:29:46.244 DEBUG vert.x-eventloop-thread-0 ClientPortalService  : tickle {"session":"402efc2c46db29cd7953ed6e5db4b861","ssoExpires":540272,"collission":false,"userId":50301190,"hmds":{"error":"no bridge"},"iserver":{"authStatus":{"authenticated":false,"established":false,"competing":false,"connected":false,"MAC":null}}}
23:30:16.283 INFO  vert.x-eventloop-thread-0 BaseServiceProxy     : -> GET /v1/api/tickle,200|87ms
23:30:16.285 DEBUG vert.x-eventloop-thread-0 ClientPortalService  : tickle {"session":"402efc2c46db29cd7953ed6e5db4b861","ssoExpires":510244,"collission":false,"userId":50301190,"hmds":{"error":"no bridge"},"iserver":{"authStatus":{"authenticated":false,"established":false,"competing":false,"connected":false,"MAC":null}}}
23:30:46.248 INFO  vert.x-eventloop-thread-0 BaseServiceProxy     : -> GET /v1/api/tickle,200|57ms
23:30:46.250 DEBUG vert.x-eventloop-thread-0 ClientPortalService  : tickle {"session":"402efc2c46db29cd7953ed6e5db4b861","ssoExpires":480270,"collission":false,"userId":50301190,"hmds":{"error":"no bridge"},"iserver":{"authStatus":{"authenticated":false,"established":false,"competing":false,"connected":false,"MAC":null}}}
23:31:16.255 INFO  vert.x-eventloop-thread-0 BaseServiceProxy     : -> GET /v1/api/tickle,200|64ms
23:31:16.258 DEBUG vert.x-eventloop-thread-0 ClientPortalService  : tickle {"session":"402efc2c46db29cd7953ed6e5db4b861","ssoExpires":450267,"collission":false,"userId":50301190,"hmds":{"error":"no bridge"},"iserver":{"authStatus":{"authenticated":false,"established":false,"competing":false,"connected":false,"MAC":null}}}
23:31:46.245 INFO  vert.x-eventloop-thread-0 BaseServiceProxy     : -> GET /v1/api/tickle,200|54ms
23:31:46.247 DEBUG vert.x-eventloop-thread-0 ClientPortalService  : tickle {"session":"402efc2c46db29cd7953ed6e5db4b861","ssoExpires":420271,"collission":false,"userId":50301190,"hmds":{"error":"no bridge"},"iserver":{"authStatus":{"authenticated":false,"established":false,"competing":false,"connected":false,"MAC":null}}}
23:32:11.525 INFO  vert.x-eventloop-thread-0 BaseServiceProxy     : -> GET /sso/ping,200|511ms
23:32:11.527 INFO  vert.x-eventloop-thread-0 SsoService           : sso ping {"result": "true"}
23:32:16.239 INFO  vert.x-eventloop-thread-0 BaseServiceProxy     : -> GET /v1/api/tickle,200|49ms
23:32:16.240 DEBUG vert.x-eventloop-thread-0 ClientPortalService  : tickle {"session":"402efc2c46db29cd7953ed6e5db4b861","ssoExpires":390276,"collission":false,"userId":50301190,"hmds":{"error":"no bridge"},"iserver":{"authStatus":{"authenticated":false,"established":false,"competing":false,"connected":false,"MAC":null}}}
23:32:46.253 INFO  vert.x-eventloop-thread-0 BaseServiceProxy     : -> GET /v1/api/tickle,200|62ms
23:32:46.255 DEBUG vert.x-eventloop-thread-0 ClientPortalService  : tickle {"session":"402efc2c46db29cd7953ed6e5db4b861","ssoExpires":360264,"collission":false,"userId":50301190,"hmds":{"error":"no bridge"},"iserver":{"authStatus":{"authenticated":false,"established":false,"competing":false,"connected":false,"MAC":null}}}
23:33:16.255 INFO  vert.x-eventloop-thread-0 BaseServiceProxy     : -> GET /v1/api/tickle,200|65ms
23:33:16.255 DEBUG vert.x-eventloop-thread-0 ClientPortalService  : tickle {"session":"402efc2c46db29cd7953ed6e5db4b861","ssoExpires":330265,"collission":false,"userId":50301190,"hmds":{"error":"no bridge"},"iserver":{"authStatus":{"authenticated":false,"established":false,"competing":false,"connected":false,"MAC":null}}}
23:33:46.249 INFO  vert.x-eventloop-thread-0 BaseServiceProxy     : -> GET /v1/api/tickle,200|56ms
23:33:46.251 DEBUG vert.x-eventloop-thread-0 ClientPortalService  : tickle {"session":"402efc2c46db29cd7953ed6e5db4b861","ssoExpires":300270,"collission":false,"userId":50301190,"hmds":{"error":"no bridge"},"iserver":{"authStatus":{"authenticated":false,"established":false,"competing":false,"connected":false,"MAC":null}}}
23:34:16.254 INFO  vert.x-eventloop-thread-0 BaseServiceProxy     : -> GET /v1/api/tickle,200|62ms
23:34:16.256 DEBUG vert.x-eventloop-thread-0 ClientPortalService  : tickle {"session":"402efc2c46db29cd7953ed6e5db4b861","ssoExpires":270264,"collission":false,"userId":50301190,"hmds":{"error":"no bridge"},"iserver":{"authStatus":{"authenticated":false,"established":false,"competing":false,"connected":false,"MAC":null}}}
23:34:46.245 INFO  vert.x-eventloop-thread-0 BaseServiceProxy     : -> GET /v1/api/tickle,200|54ms
23:34:46.248 DEBUG vert.x-eventloop-thread-0 ClientPortalService  : tickle {"session":"402efc2c46db29cd7953ed6e5db4b861","ssoExpires":240271,"collission":false,"userId":50301190,"hmds":{"error":"no bridge"},"iserver":{"authStatus":{"authenticated":false,"established":false,"competing":false,"connected":false,"MAC":null}}}
23:35:16.268 INFO  vert.x-eventloop-thread-0 BaseServiceProxy     : -> GET /v1/api/tickle,200|75ms
23:35:16.270 DEBUG vert.x-eventloop-thread-0 ClientPortalService  : tickle {"session":"402efc2c46db29cd7953ed6e5db4b861","ssoExpires":210251,"collission":false,"userId":50301190,"hmds":{"error":"no bridge"},"iserver":{"authStatus":{"authenticated":false,"established":false,"competing":false,"connected":false,"MAC":null}}}
23:35:46.247 INFO  vert.x-eventloop-thread-0 BaseServiceProxy     : -> GET /v1/api/tickle,200|59ms
23:35:46.247 DEBUG vert.x-eventloop-thread-0 ClientPortalService  : tickle {"session":"402efc2c46db29cd7953ed6e5db4b861","ssoExpires":180267,"collission":false,"userId":50301190,"hmds":{"error":"no bridge"},"iserver":{"authStatus":{"authenticated":false,"established":false,"competing":false,"connected":false,"MAC":null}}}
23:36:16.260 INFO  vert.x-eventloop-thread-0 BaseServiceProxy     : -> GET /v1/api/tickle,200|76ms
23:36:16.261 DEBUG vert.x-eventloop-thread-0 ClientPortalService  : tickle {"session":"402efc2c46db29cd7953ed6e5db4b861","ssoExpires":150248,"collission":false,"userId":50301190,"hmds":{"error":"no bridge"},"iserver":{"authStatus":{"authenticated":false,"established":false,"competing":false,"connected":false,"MAC":null}}}
23:36:46.239 INFO  vert.x-eventloop-thread-0 BaseServiceProxy     : -> GET /v1/api/tickle,200|56ms
23:36:46.241 DEBUG vert.x-eventloop-thread-0 ClientPortalService  : tickle {"session":"402efc2c46db29cd7953ed6e5db4b861","ssoExpires":120270,"collission":false,"userId":50301190,"hmds":{"error":"no bridge"},"iserver":{"authStatus":{"authenticated":false,"established":false,"competing":false,"connected":false,"MAC":null}}}
23:37:11.609 INFO  vert.x-eventloop-thread-0 BaseServiceProxy     : -> GET /sso/ping,200|601ms
23:37:11.610 INFO  vert.x-eventloop-thread-0 SsoService           : sso ping {"result": "true"}
23:37:16.244 INFO  vert.x-eventloop-thread-0 BaseServiceProxy     : -> GET /v1/api/tickle,200|62ms
23:37:16.244 DEBUG vert.x-eventloop-thread-0 ClientPortalService  : tickle {"session":"402efc2c46db29cd7953ed6e5db4b861","ssoExpires":90268,"collission":false,"userId":50301190,"hmds":{"error":"no bridge"},"iserver":{"authStatus":{"authenticated":false,"established":false,"competing":false,"connected":false,"MAC":null}}}
23:37:46.239 INFO  vert.x-eventloop-thread-0 BaseServiceProxy     : -> GET /v1/api/tickle,200|56ms
23:37:46.241 DEBUG vert.x-eventloop-thread-0 ClientPortalService  : tickle {"session":"402efc2c46db29cd7953ed6e5db4b861","ssoExpires":60269,"collission":false,"userId":50301190,"hmds":{"error":"no bridge"},"iserver":{"authStatus":{"authenticated":false,"established":false,"competing":false,"connected":false,"MAC":null}}}
23:38:16.239 INFO  vert.x-eventloop-thread-0 BaseServiceProxy     : -> GET /v1/api/tickle,200|55ms
23:38:16.240 DEBUG vert.x-eventloop-thread-0 ClientPortalService  : tickle {"session":"402efc2c46db29cd7953ed6e5db4b861","ssoExpires":30269,"collission":false,"userId":50301190,"hmds":{"error":"no bridge"},"iserver":{"authStatus":{"authenticated":false,"established":false,"competing":false,"connected":false,"MAC":null}}}
23:38:46.249 INFO  vert.x-eventloop-thread-0 BaseServiceProxy     : -> GET /v1/api/tickle,200|65ms
23:38:46.250 DEBUG vert.x-eventloop-thread-0 ClientPortalService  : tickle {"session":"402efc2c46db29cd7953ed6e5db4b861","ssoExpires":259,"collission":false,"userId":50301190,"hmds":{"error":"no bridge"},"iserver":{"authStatus":{"authenticated":false,"established":false,"competing":false,"connected":false,"MAC":null}}}
23:39:16.510 INFO  vert.x-eventloop-thread-0 BaseServiceProxy     : -> GET /v1/api/tickle,200|325ms
23:39:16.513 DEBUG vert.x-eventloop-thread-0 ClientPortalService  : tickle {"session":"402efc2c46db29cd7953ed6e5db4b861","ssoExpires":600000,"collission":false,"userId":50301190,"hmds":{"error":"no bridge"},"iserver":{"authStatus":{"authenticated":false,"established":false,"competing":false,"connected":false,"MAC":null}}}
23:39:46.242 INFO  vert.x-eventloop-thread-0 BaseServiceProxy     : -> GET /v1/api/tickle,200|59ms
23:39:46.243 DEBUG vert.x-eventloop-thread-0 ClientPortalService  : tickle {"session":"402efc2c46db29cd7953ed6e5db4b861","ssoExpires":570268,"collission":false,"userId":50301190,"hmds":{"error":"no bridge"},"iserver":{"authStatus":{"authenticated":false,"established":false,"competing":false,"connected":false,"MAC":null}}}
23:40:16.244 INFO  vert.x-eventloop-thread-0 BaseServiceProxy     : -> GET /v1/api/tickle,200|60ms
23:40:16.247 DEBUG vert.x-eventloop-thread-0 ClientPortalService  : tickle {"session":"402efc2c46db29cd7953ed6e5db4b861","ssoExpires":540263,"collission":false,"userId":50301190,"hmds":{"error":"no bridge"},"iserver":{"authStatus":{"authenticated":false,"established":false,"competing":false,"connected":false,"MAC":null}}}
23:40:46.246 INFO  vert.x-eventloop-thread-0 BaseServiceProxy     : -> GET /v1/api/tickle,200|61ms
23:40:46.247 DEBUG vert.x-eventloop-thread-0 ClientPortalService  : tickle {"session":"402efc2c46db29cd7953ed6e5db4b861","ssoExpires":510263,"collission":false,"userId":50301190,"hmds":{"error":"no bridge"},"iserver":{"authStatus":{"authenticated":false,"established":false,"competing":false,"connected":false,"MAC":null}}}
23:41:16.252 INFO  vert.x-eventloop-thread-0 BaseServiceProxy     : -> GET /v1/api/tickle,200|68ms
23:41:16.253 DEBUG vert.x-eventloop-thread-0 ClientPortalService  : tickle {"session":"402efc2c46db29cd7953ed6e5db4b861","ssoExpires":480259,"collission":false,"userId":50301190,"hmds":{"error":"no bridge"},"iserver":{"authStatus":{"authenticated":false,"established":false,"competing":false,"connected":false,"MAC":null}}}
23:41:46.247 INFO  vert.x-eventloop-thread-0 BaseServiceProxy     : -> GET /v1/api/tickle,200|61ms
23:41:46.249 DEBUG vert.x-eventloop-thread-0 ClientPortalService  : tickle {"session":"402efc2c46db29cd7953ed6e5db4b861","ssoExpires":450264,"collission":false,"userId":50301190,"hmds":{"error":"no bridge"},"iserver":{"authStatus":{"authenticated":false,"established":false,"competing":false,"connected":false,"MAC":null}}}
23:42:11.522 INFO  vert.x-eventloop-thread-0 BaseServiceProxy     : -> GET /sso/ping,200|513ms
23:42:11.523 INFO  vert.x-eventloop-thread-0 SsoService           : sso ping {"result": "true"}
23:42:16.253 INFO  vert.x-eventloop-thread-0 BaseServiceProxy     : -> GET /v1/api/tickle,200|69ms
23:42:16.253 DEBUG vert.x-eventloop-thread-0 ClientPortalService  : tickle {"session":"402efc2c46db29cd7953ed6e5db4b861","ssoExpires":420264,"collission":false,"userId":50301190,"hmds":{"error":"no bridge"},"iserver":{"authStatus":{"authenticated":false,"established":false,"competing":false,"connected":false,"MAC":null}}}
23:42:46.255 INFO  vert.x-eventloop-thread-0 BaseServiceProxy     : -> GET /v1/api/tickle,200|70ms
23:42:46.256 DEBUG vert.x-eventloop-thread-0 ClientPortalService  : tickle {"session":"402efc2c46db29cd7953ed6e5db4b861","ssoExpires":390256,"collission":false,"userId":50301190,"hmds":{"error":"no bridge"},"iserver":{"authStatus":{"authenticated":false,"established":false,"competing":false,"connected":false,"MAC":null}}}
23:43:16.245 INFO  vert.x-eventloop-thread-0 BaseServiceProxy     : -> GET /v1/api/tickle,200|59ms
23:43:16.247 DEBUG vert.x-eventloop-thread-0 ClientPortalService  : tickle {"session":"402efc2c46db29cd7953ed6e5db4b861","ssoExpires":360268,"collission":false,"userId":50301190,"hmds":{"error":"no bridge"},"iserver":{"authStatus":{"authenticated":false,"established":false,"competing":false,"connected":false,"MAC":null}}}
23:43:46.243 INFO  vert.x-eventloop-thread-0 BaseServiceProxy     : -> GET /v1/api/tickle,200|57ms
23:43:46.244 DEBUG vert.x-eventloop-thread-0 ClientPortalService  : tickle {"session":"402efc2c46db29cd7953ed6e5db4b861","ssoExpires":330269,"collission":false,"userId":50301190,"hmds":{"error":"no bridge"},"iserver":{"authStatus":{"authenticated":false,"established":false,"competing":false,"connected":false,"MAC":null}}}
23:44:16.253 INFO  vert.x-eventloop-thread-0 BaseServiceProxy     : -> GET /v1/api/tickle,200|67ms
23:44:16.255 DEBUG vert.x-eventloop-thread-0 ClientPortalService  : tickle {"session":"402efc2c46db29cd7953ed6e5db4b861","ssoExpires":300260,"collission":false,"userId":50301190,"hmds":{"error":"no bridge"},"iserver":{"authStatus":{"authenticated":false,"established":false,"competing":false,"connected":false,"MAC":null}}}
23:44:46.250 INFO  vert.x-eventloop-thread-0 BaseServiceProxy     : -> GET /v1/api/tickle,200|64ms
23:44:46.252 DEBUG vert.x-eventloop-thread-0 ClientPortalService  : tickle {"session":"402efc2c46db29cd7953ed6e5db4b861","ssoExpires":270260,"collission":false,"userId":50301190,"hmds":{"error":"no bridge"},"iserver":{"authStatus":{"authenticated":false,"established":false,"competing":false,"connected":false,"MAC":null}}}
23:45:16.262 INFO  vert.x-eventloop-thread-0 BaseServiceProxy     : -> GET /v1/api/tickle,200|76ms
23:45:16.264 DEBUG vert.x-eventloop-thread-0 ClientPortalService  : tickle {"session":"402efc2c46db29cd7953ed6e5db4b861","ssoExpires":240248,"collission":false,"userId":50301190,"hmds":{"error":"no bridge"},"iserver":{"authStatus":{"authenticated":false,"established":false,"competing":false,"connected":false,"MAC":null}}}
23:45:46.252 INFO  vert.x-eventloop-thread-0 BaseServiceProxy     : -> GET /v1/api/tickle,200|65ms
23:45:46.254 DEBUG vert.x-eventloop-thread-0 ClientPortalService  : tickle {"session":"402efc2c46db29cd7953ed6e5db4b861","ssoExpires":210257,"collission":false,"userId":50301190,"hmds":{"error":"no bridge"},"iserver":{"authStatus":{"authenticated":false,"established":false,"competing":false,"connected":false,"MAC":null}}}
23:46:16.247 INFO  vert.x-eventloop-thread-0 BaseServiceProxy     : -> GET /v1/api/tickle,200|60ms
23:46:16.249 DEBUG vert.x-eventloop-thread-0 ClientPortalService  : tickle {"session":"402efc2c46db29cd7953ed6e5db4b861","ssoExpires":180262,"collission":false,"userId":50301190,"hmds":{"error":"no bridge"},"iserver":{"authStatus":{"authenticated":false,"established":false,"competing":false,"connected":false,"MAC":null}}}
23:46:46.261 INFO  vert.x-eventloop-thread-0 BaseServiceProxy     : -> GET /v1/api/tickle,200|74ms
23:46:46.262 DEBUG vert.x-eventloop-thread-0 ClientPortalService  : tickle {"session":"402efc2c46db29cd7953ed6e5db4b861","ssoExpires":150254,"collission":false,"userId":50301190,"hmds":{"error":"no bridge"},"iserver":{"authStatus":{"authenticated":false,"established":false,"competing":false,"connected":false,"MAC":null}}}
23:47:11.289 INFO  vert.x-eventloop-thread-0 BaseServiceProxy     : -> GET /sso/ping,200|278ms
23:47:11.290 INFO  vert.x-eventloop-thread-0 SsoService           : sso ping {"result": "true"}
23:47:16.279 INFO  vert.x-eventloop-thread-0 BaseServiceProxy     : -> GET /v1/api/tickle,200|92ms
23:47:16.279 DEBUG vert.x-eventloop-thread-0 ClientPortalService  : tickle {"session":"402efc2c46db29cd7953ed6e5db4b861","ssoExpires":120230,"collission":false,"userId":50301190,"hmds":{"error":"no bridge"},"iserver":{"authStatus":{"authenticated":false,"established":false,"competing":false,"connected":false,"MAC":null}}}
23:47:46.248 INFO  vert.x-eventloop-thread-0 BaseServiceProxy     : -> GET /v1/api/tickle,200|60ms
23:47:46.249 DEBUG vert.x-eventloop-thread-0 ClientPortalService  : tickle {"session":"402efc2c46db29cd7953ed6e5db4b861","ssoExpires":90263,"collission":false,"userId":50301190,"hmds":{"error":"no bridge"},"iserver":{"authStatus":{"authenticated":false,"established":false,"competing":false,"connected":false,"MAC":null}}}
23:48:16.248 INFO  vert.x-eventloop-thread-0 BaseServiceProxy     : -> GET /v1/api/tickle,200|60ms
23:48:16.249 DEBUG vert.x-eventloop-thread-0 ClientPortalService  : tickle {"session":"402efc2c46db29cd7953ed6e5db4b861","ssoExpires":60262,"collission":false,"userId":50301190,"hmds":{"error":"no bridge"},"iserver":{"authStatus":{"authenticated":false,"established":false,"competing":false,"connected":false,"MAC":null}}}
23:48:46.243 INFO  vert.x-eventloop-thread-0 BaseServiceProxy     : -> GET /v1/api/tickle,200|55ms
23:48:46.247 DEBUG vert.x-eventloop-thread-0 ClientPortalService  : tickle {"session":"402efc2c46db29cd7953ed6e5db4b861","ssoExpires":30267,"collission":false,"userId":50301190,"hmds":{"error":"no bridge"},"iserver":{"authStatus":{"authenticated":false,"established":false,"competing":false,"connected":false,"MAC":null}}}
23:49:16.248 INFO  vert.x-eventloop-thread-0 BaseServiceProxy     : -> GET /v1/api/tickle,200|59ms
23:49:16.251 DEBUG vert.x-eventloop-thread-0 ClientPortalService  : tickle {"session":"402efc2c46db29cd7953ed6e5db4b861","ssoExpires":263,"collission":false,"userId":50301190,"hmds":{"error":"no bridge"},"iserver":{"authStatus":{"authenticated":false,"established":false,"competing":false,"connected":false,"MAC":null}}}
23:49:46.614 INFO  vert.x-eventloop-thread-0 BaseServiceProxy     : -> GET /v1/api/tickle,200|427ms
23:49:46.615 DEBUG vert.x-eventloop-thread-0 ClientPortalService  : tickle {"session":"402efc2c46db29cd7953ed6e5db4b861","ssoExpires":600000,"collission":false,"userId":50301190,"hmds":{"error":"no bridge"},"iserver":{"authStatus":{"authenticated":false,"established":false,"competing":false,"connected":false,"MAC":null}}}
23:50:16.248 INFO  vert.x-eventloop-thread-0 BaseServiceProxy     : -> GET /v1/api/tickle,200|60ms
23:50:16.249 DEBUG vert.x-eventloop-thread-0 ClientPortalService  : tickle {"session":"402efc2c46db29cd7953ed6e5db4b861","ssoExpires":570255,"collission":false,"userId":50301190,"hmds":{"error":"no bridge"},"iserver":{"authStatus":{"authenticated":false,"established":false,"competing":false,"connected":false,"MAC":null}}}
23:50:46.248 INFO  vert.x-eventloop-thread-0 BaseServiceProxy     : -> GET /v1/api/tickle,200|59ms
23:50:46.249 DEBUG vert.x-eventloop-thread-0 ClientPortalService  : tickle {"session":"402efc2c46db29cd7953ed6e5db4b861","ssoExpires":540256,"collission":false,"userId":50301190,"hmds":{"error":"no bridge"},"iserver":{"authStatus":{"authenticated":false,"established":false,"competing":false,"connected":false,"MAC":null}}}
23:51:16.246 INFO  vert.x-eventloop-thread-0 BaseServiceProxy     : -> GET /v1/api/tickle,200|58ms
23:51:16.247 DEBUG vert.x-eventloop-thread-0 ClientPortalService  : tickle {"session":"402efc2c46db29cd7953ed6e5db4b861","ssoExpires":510257,"collission":false,"userId":50301190,"hmds":{"error":"no bridge"},"iserver":{"authStatus":{"authenticated":false,"established":false,"competing":false,"connected":false,"MAC":null}}}
23:51:46.251 INFO  vert.x-eventloop-thread-0 BaseServiceProxy     : -> GET /v1/api/tickle,200|61ms
23:51:46.252 DEBUG vert.x-eventloop-thread-0 ClientPortalService  : tickle {"session":"402efc2c46db29cd7953ed6e5db4b861","ssoExpires":480256,"collission":false,"userId":50301190,"hmds":{"error":"no bridge"},"iserver":{"authStatus":{"authenticated":false,"established":false,"competing":false,"connected":false,"MAC":null}}}
23:52:11.713 INFO  vert.x-eventloop-thread-0 BaseServiceProxy     : -> GET /sso/ping,200|701ms
23:52:11.715 INFO  vert.x-eventloop-thread-0 SsoService           : sso ping {"result": "true"}
23:52:16.251 INFO  vert.x-eventloop-thread-0 BaseServiceProxy     : -> GET /v1/api/tickle,200|63ms
23:52:16.252 DEBUG vert.x-eventloop-thread-0 ClientPortalService  : tickle {"session":"402efc2c46db29cd7953ed6e5db4b861","ssoExpires":450261,"collission":false,"userId":50301190,"hmds":{"error":"no bridge"},"iserver":{"authStatus":{"authenticated":false,"established":false,"competing":false,"connected":false,"MAC":null}}}
23:52:46.256 INFO  vert.x-eventloop-thread-0 BaseServiceProxy     : -> GET /v1/api/tickle,200|66ms
23:52:46.258 DEBUG vert.x-eventloop-thread-0 ClientPortalService  : tickle {"session":"402efc2c46db29cd7953ed6e5db4b861","ssoExpires":420247,"collission":false,"userId":50301190,"hmds":{"error":"no bridge"},"iserver":{"authStatus":{"authenticated":false,"established":false,"competing":false,"connected":false,"MAC":null}}}
23:53:16.255 INFO  vert.x-eventloop-thread-0 BaseServiceProxy     : -> GET /v1/api/tickle,200|66ms
23:53:16.257 DEBUG vert.x-eventloop-thread-0 ClientPortalService  : tickle {"session":"402efc2c46db29cd7953ed6e5db4b861","ssoExpires":390249,"collission":false,"userId":50301190,"hmds":{"error":"no bridge"},"iserver":{"authStatus":{"authenticated":false,"established":false,"competing":false,"connected":false,"MAC":null}}}
23:53:46.248 INFO  vert.x-eventloop-thread-0 BaseServiceProxy     : -> GET /v1/api/tickle,200|58ms
23:53:46.249 DEBUG vert.x-eventloop-thread-0 ClientPortalService  : tickle {"session":"402efc2c46db29cd7953ed6e5db4b861","ssoExpires":360261,"collission":false,"userId":50301190,"hmds":{"error":"no bridge"},"iserver":{"authStatus":{"authenticated":false,"established":false,"competing":false,"connected":false,"MAC":null}}}
23:54:16.257 INFO  vert.x-eventloop-thread-0 BaseServiceProxy     : -> GET /v1/api/tickle,200|68ms
23:54:16.258 DEBUG vert.x-eventloop-thread-0 ClientPortalService  : tickle {"session":"402efc2c46db29cd7953ed6e5db4b861","ssoExpires":330254,"collission":false,"userId":50301190,"hmds":{"error":"no bridge"},"iserver":{"authStatus":{"authenticated":false,"established":false,"competing":false,"connected":false,"MAC":null}}}
23:54:46.242 INFO  vert.x-eventloop-thread-0 BaseServiceProxy     : -> GET /v1/api/tickle,200|53ms
23:54:46.244 DEBUG vert.x-eventloop-thread-0 ClientPortalService  : tickle {"session":"402efc2c46db29cd7953ed6e5db4b861","ssoExpires":300261,"collission":false,"userId":50301190,"hmds":{"error":"no bridge"},"iserver":{"authStatus":{"authenticated":false,"established":false,"competing":false,"connected":false,"MAC":null}}}
23:55:16.256 INFO  vert.x-eventloop-thread-0 BaseServiceProxy     : -> GET /v1/api/tickle,200|65ms
23:55:16.257 DEBUG vert.x-eventloop-thread-0 ClientPortalService  : tickle {"session":"402efc2c46db29cd7953ed6e5db4b861","ssoExpires":270250,"collission":false,"userId":50301190,"hmds":{"error":"no bridge"},"iserver":{"authStatus":{"authenticated":false,"established":false,"competing":false,"connected":false,"MAC":null}}}
23:55:46.243 INFO  vert.x-eventloop-thread-0 BaseServiceProxy     : -> GET /v1/api/tickle,200|53ms
23:55:46.244 DEBUG vert.x-eventloop-thread-0 ClientPortalService  : tickle {"session":"402efc2c46db29cd7953ed6e5db4b861","ssoExpires":240261,"collission":false,"userId":50301190,"hmds":{"error":"no bridge"},"iserver":{"authStatus":{"authenticated":false,"established":false,"competing":false,"connected":false,"MAC":null}}}
23:56:16.258 INFO  vert.x-eventloop-thread-0 BaseServiceProxy     : -> GET /v1/api/tickle,200|66ms
23:56:16.260 DEBUG vert.x-eventloop-thread-0 ClientPortalService  : tickle {"session":"402efc2c46db29cd7953ed6e5db4b861","ssoExpires":210247,"collission":false,"userId":50301190,"hmds":{"error":"no bridge"},"iserver":{"authStatus":{"authenticated":false,"established":false,"competing":false,"connected":false,"MAC":null}}}
23:56:46.249 INFO  vert.x-eventloop-thread-0 BaseServiceProxy     : -> GET /v1/api/tickle,200|58ms
23:56:46.251 DEBUG vert.x-eventloop-thread-0 ClientPortalService  : tickle {"session":"402efc2c46db29cd7953ed6e5db4b861","ssoExpires":180256,"collission":false,"userId":50301190,"hmds":{"error":"no bridge"},"iserver":{"authStatus":{"authenticated":false,"established":false,"competing":false,"connected":false,"MAC":null}}}
23:57:11.523 INFO  vert.x-eventloop-thread-0 BaseServiceProxy     : -> GET /sso/ping,200|509ms
23:57:11.525 INFO  vert.x-eventloop-thread-0 SsoService           : sso ping {"result": "true"}
23:57:16.250 INFO  vert.x-eventloop-thread-0 BaseServiceProxy     : -> GET /v1/api/tickle,200|59ms
23:57:16.250 DEBUG vert.x-eventloop-thread-0 ClientPortalService  : tickle {"session":"402efc2c46db29cd7953ed6e5db4b861","ssoExpires":150255,"collission":false,"userId":50301190,"hmds":{"error":"no bridge"},"iserver":{"authStatus":{"authenticated":false,"established":false,"competing":false,"connected":false,"MAC":null}}}
23:57:46.262 INFO  vert.x-eventloop-thread-0 BaseServiceProxy     : -> GET /v1/api/tickle,200|71ms
23:57:46.264 DEBUG vert.x-eventloop-thread-0 ClientPortalService  : tickle {"session":"402efc2c46db29cd7953ed6e5db4b861","ssoExpires":120247,"collission":false,"userId":50301190,"hmds":{"error":"no bridge"},"iserver":{"authStatus":{"authenticated":false,"established":false,"competing":false,"connected":false,"MAC":null}}}
23:58:16.255 INFO  vert.x-eventloop-thread-0 BaseServiceProxy     : -> GET /v1/api/tickle,200|63ms
23:58:16.257 DEBUG vert.x-eventloop-thread-0 ClientPortalService  : tickle {"session":"402efc2c46db29cd7953ed6e5db4b861","ssoExpires":90250,"collission":false,"userId":50301190,"hmds":{"error":"no bridge"},"iserver":{"authStatus":{"authenticated":false,"established":false,"competing":false,"connected":false,"MAC":null}}}
23:58:46.261 INFO  vert.x-eventloop-thread-0 BaseServiceProxy     : -> GET /v1/api/tickle,200|68ms
23:58:46.262 DEBUG vert.x-eventloop-thread-0 ClientPortalService  : tickle {"session":"402efc2c46db29cd7953ed6e5db4b861","ssoExpires":60248,"collission":false,"userId":50301190,"hmds":{"error":"no bridge"},"iserver":{"authStatus":{"authenticated":false,"established":false,"competing":false,"connected":false,"MAC":null}}}
23:59:16.256 INFO  vert.x-eventloop-thread-0 BaseServiceProxy     : -> GET /v1/api/tickle,200|66ms
23:59:16.257 DEBUG vert.x-eventloop-thread-0 ClientPortalService  : tickle {"session":"402efc2c46db29cd7953ed6e5db4b861","ssoExpires":30249,"collission":false,"userId":50301190,"hmds":{"error":"no bridge"},"iserver":{"authStatus":{"authenticated":false,"established":false,"competing":false,"connected":false,"MAC":null}}}
23:59:46.261 INFO  vert.x-eventloop-thread-0 BaseServiceProxy     : -> GET /v1/api/tickle,200|68ms
23:59:46.263 DEBUG vert.x-eventloop-thread-0 ClientPortalService  : tickle {"session":"402efc2c46db29cd7953ed6e5db4b861","ssoExpires":247,"collission":false,"userId":50301190,"hmds":{"error":"no bridge"},"iserver":{"authStatus":{"authenticated":false,"established":false,"competing":false,"connected":false,"MAC":null}}}
