00:02:02.931 ERROR vert.x-eventloop-thread-0 ConnectionBase       : java.net.SocketException: Connection reset
00:02:02.935 ERROR vert.x-eventloop-thread-0 ConnectionBase       : java.net.SocketException: Connection reset
00:02:02.936 ERROR vert.x-eventloop-thread-0 ConnectionBase       : java.net.SocketException: Connection reset
00:02:02.936 ERROR vert.x-eventloop-thread-0 ConnectionBase       : java.net.SocketException: Connection reset
00:02:02.936 ERROR vert.x-eventloop-thread-0 ConnectionBase       : java.net.SocketException: Connection reset
00:02:02.936 ERROR vert.x-eventloop-thread-0 ConnectionBase       : java.net.SocketException: Connection reset
00:02:02.936 ERROR vert.x-eventloop-thread-0 ConnectionBase       : java.net.SocketException: Connection reset
20:38:29.104 INFO  main GatewayStart         : config ../root/conf.yaml !!ibgroup.web.core.clientportal.gw.Config
authDelay: 3000
ccp: false
cors: {origin.allowed: '*', allowCredentials: false}
ip2loc: US
ips:
  allow: [192.*, 131.216.*, 127.0.0.1]
  deny: [212.90.324.10]
listenPort: 8080
listenSsl: true
portalBaseURL: ''
proxyRemoteHost: https://api.ibkr.com
proxyRemoteSsl: true
sslCert: vertx.jks
sslPwd: mywebapi
ssoPing: 5
svcEnvironment: v1
tst: false
twsBaseURL: /tws.proxy
webApps:
- {cache: true, index: index.html, listing: false, name: demo, proxy: ''}

20:38:29.228 INFO  vert.x-eventloop-thread-0 GatewayHttpProxy     :  -> mount demo on /demo
20:38:29.239 INFO  vert.x-eventloop-thread-0 GatewayVerticle      : version: a27ed42161ad96c53e715ca5c5e3e3fa4cff5262 Mon, 24 Apr 2023 15:41:53 -0400
20:38:29.239 INFO  vert.x-eventloop-thread-0 GatewayVerticle      : Java Version: 17.0.10
20:38:29.670 WARN  vert.x-eventloop-thread-0 DefaultChannelPipeline : An exceptionCaught() event was fired, and it reached at the tail of the pipeline. It usually means the last handler in the pipeline did not handle the exception.
io.netty.handler.codec.DecoderException: javax.net.ssl.SSLHandshakeException: Received fatal alert: certificate_unknown
	at io.netty.handler.codec.ByteToMessageDecoder.callDecode(ByteToMessageDecoder.java:459)
	at io.netty.handler.codec.ByteToMessageDecoder.channelRead(ByteToMessageDecoder.java:265)
	at io.netty.channel.AbstractChannelHandlerContext.invokeChannelRead(AbstractChannelHandlerContext.java:362)
	at io.netty.channel.AbstractChannelHandlerContext.invokeChannelRead(AbstractChannelHandlerContext.java:348)
	at io.netty.channel.AbstractChannelHandlerContext.fireChannelRead(AbstractChannelHandlerContext.java:340)
	at io.netty.channel.DefaultChannelPipeline$HeadContext.channelRead(DefaultChannelPipeline.java:1359)
	at io.netty.channel.AbstractChannelHandlerContext.invokeChannelRead(AbstractChannelHandlerContext.java:362)
	at io.netty.channel.AbstractChannelHandlerContext.invokeChannelRead(AbstractChannelHandlerContext.java:348)
	at io.netty.channel.DefaultChannelPipeline.fireChannelRead(DefaultChannelPipeline.java:935)
	at io.netty.channel.nio.AbstractNioByteChannel$NioByteUnsafe.read(AbstractNioByteChannel.java:134)
	at io.netty.channel.nio.NioEventLoop.processSelectedKey(NioEventLoop.java:645)
	at io.netty.channel.nio.NioEventLoop.processSelectedKeysPlain(NioEventLoop.java:545)
	at io.netty.channel.nio.NioEventLoop.processSelectedKeys(NioEventLoop.java:499)
	at io.netty.channel.nio.NioEventLoop.run(NioEventLoop.java:459)
	at io.netty.util.concurrent.SingleThreadEventExecutor$5.run(SingleThreadEventExecutor.java:858)
	at java.base/java.lang.Thread.run(Thread.java:842)
Caused by: javax.net.ssl.SSLHandshakeException: Received fatal alert: certificate_unknown
	at java.base/sun.security.ssl.Alert.createSSLException(Alert.java:131)
	at java.base/sun.security.ssl.Alert.createSSLException(Alert.java:117)
	at java.base/sun.security.ssl.TransportContext.fatal(TransportContext.java:365)
	at java.base/sun.security.ssl.Alert$AlertConsumer.consume(Alert.java:293)
	at java.base/sun.security.ssl.TransportContext.dispatch(TransportContext.java:204)
	at java.base/sun.security.ssl.SSLTransport.decode(SSLTransport.java:172)
	at java.base/sun.security.ssl.SSLEngineImpl.decode(SSLEngineImpl.java:736)
	at java.base/sun.security.ssl.SSLEngineImpl.readRecord(SSLEngineImpl.java:691)
	at java.base/sun.security.ssl.SSLEngineImpl.unwrap(SSLEngineImpl.java:506)
	at java.base/sun.security.ssl.SSLEngineImpl.unwrap(SSLEngineImpl.java:482)
	at java.base/javax.net.ssl.SSLEngine.unwrap(SSLEngine.java:679)
	at io.netty.handler.ssl.SslHandler$SslEngineType$3.unwrap(SslHandler.java:281)
	at io.netty.handler.ssl.SslHandler.unwrap(SslHandler.java:1215)
	at io.netty.handler.ssl.SslHandler.decodeJdkCompatible(SslHandler.java:1127)
	at io.netty.handler.ssl.SslHandler.decode(SslHandler.java:1162)
	at io.netty.handler.codec.ByteToMessageDecoder.decodeRemovalReentryProtection(ByteToMessageDecoder.java:489)
	at io.netty.handler.codec.ByteToMessageDecoder.callDecode(ByteToMessageDecoder.java:428)
	... 15 common frames omitted
20:38:29.671 WARN  vert.x-eventloop-thread-0 DefaultChannelPipeline : An exceptionCaught() event was fired, and it reached at the tail of the pipeline. It usually means the last handler in the pipeline did not handle the exception.
io.netty.handler.codec.DecoderException: javax.net.ssl.SSLHandshakeException: Received fatal alert: certificate_unknown
	at io.netty.handler.codec.ByteToMessageDecoder.callDecode(ByteToMessageDecoder.java:459)
	at io.netty.handler.codec.ByteToMessageDecoder.channelRead(ByteToMessageDecoder.java:265)
	at io.netty.channel.AbstractChannelHandlerContext.invokeChannelRead(AbstractChannelHandlerContext.java:362)
	at io.netty.channel.AbstractChannelHandlerContext.invokeChannelRead(AbstractChannelHandlerContext.java:348)
	at io.netty.channel.AbstractChannelHandlerContext.fireChannelRead(AbstractChannelHandlerContext.java:340)
	at io.netty.channel.DefaultChannelPipeline$HeadContext.channelRead(DefaultChannelPipeline.java:1359)
	at io.netty.channel.AbstractChannelHandlerContext.invokeChannelRead(AbstractChannelHandlerContext.java:362)
	at io.netty.channel.AbstractChannelHandlerContext.invokeChannelRead(AbstractChannelHandlerContext.java:348)
	at io.netty.channel.DefaultChannelPipeline.fireChannelRead(DefaultChannelPipeline.java:935)
	at io.netty.channel.nio.AbstractNioByteChannel$NioByteUnsafe.read(AbstractNioByteChannel.java:134)
	at io.netty.channel.nio.NioEventLoop.processSelectedKey(NioEventLoop.java:645)
	at io.netty.channel.nio.NioEventLoop.processSelectedKeysPlain(NioEventLoop.java:545)
	at io.netty.channel.nio.NioEventLoop.processSelectedKeys(NioEventLoop.java:499)
	at io.netty.channel.nio.NioEventLoop.run(NioEventLoop.java:459)
	at io.netty.util.concurrent.SingleThreadEventExecutor$5.run(SingleThreadEventExecutor.java:858)
	at java.base/java.lang.Thread.run(Thread.java:842)
Caused by: javax.net.ssl.SSLHandshakeException: Received fatal alert: certificate_unknown
	at java.base/sun.security.ssl.Alert.createSSLException(Alert.java:131)
	at java.base/sun.security.ssl.Alert.createSSLException(Alert.java:117)
	at java.base/sun.security.ssl.TransportContext.fatal(TransportContext.java:365)
	at java.base/sun.security.ssl.Alert$AlertConsumer.consume(Alert.java:293)
	at java.base/sun.security.ssl.TransportContext.dispatch(TransportContext.java:204)
	at java.base/sun.security.ssl.SSLTransport.decode(SSLTransport.java:172)
	at java.base/sun.security.ssl.SSLEngineImpl.decode(SSLEngineImpl.java:736)
	at java.base/sun.security.ssl.SSLEngineImpl.readRecord(SSLEngineImpl.java:691)
	at java.base/sun.security.ssl.SSLEngineImpl.unwrap(SSLEngineImpl.java:506)
	at java.base/sun.security.ssl.SSLEngineImpl.unwrap(SSLEngineImpl.java:482)
	at java.base/javax.net.ssl.SSLEngine.unwrap(SSLEngine.java:679)
	at io.netty.handler.ssl.SslHandler$SslEngineType$3.unwrap(SslHandler.java:281)
	at io.netty.handler.ssl.SslHandler.unwrap(SslHandler.java:1215)
	at io.netty.handler.ssl.SslHandler.decodeJdkCompatible(SslHandler.java:1127)
	at io.netty.handler.ssl.SslHandler.decode(SslHandler.java:1162)
	at io.netty.handler.codec.ByteToMessageDecoder.decodeRemovalReentryProtection(ByteToMessageDecoder.java:489)
	at io.netty.handler.codec.ByteToMessageDecoder.callDecode(ByteToMessageDecoder.java:428)
	... 15 common frames omitted
20:38:30.101 INFO  vert.x-eventloop-thread-0 BaseServiceProxy     : -> GET /sso/Login?forwardTo=22&RL=1&ip2loc=US,200|382ms
20:38:30.102 INFO  vert.x-eventloop-thread-0 CookieManager        : set cookies [partnerID=""; Domain=.ibkr.com; Expires=Thu, 01 Jan 1970 00:00:10 GMT; Path=/;Secure;SameSite=None, partnerID=""; Domain=.ibkr.com; Expires=Thu, 01 Jan 1970 00:00:10 GMT; Path=/;Secure;SameSite=None, URL_PARAM=forwardTo%3D22&RL%3D1&ip2loc%3DUS; Domain=.ibkr.com; Path=/;Secure, JSESSIONID=43646C0D9E173D89737827CCEDC79F97.ny5wwwdam3-internet; Path=/sso; HttpOnly;Secure;SameSite=None, x-sess-uuid=0.4283417.1776170309.b1d24210; secure; HttpOnly]
20:38:30.102 DEBUG vert.x-eventloop-thread-0 BaseServiceProxy     : Remapping Set-cookies [partnerID=""; Domain=.ibkr.com; Expires=Thu, 01 Jan 1970 00:00:10 GMT; Path=/;Secure;SameSite=None, partnerID=""; Domain=.ibkr.com; Expires=Thu, 01 Jan 1970 00:00:10 GMT; Path=/;Secure;SameSite=None, URL_PARAM=forwardTo%3D22&RL%3D1&ip2loc%3DUS; Domain=.ibkr.com; Path=/;Secure, JSESSIONID=43646C0D9E173D89737827CCEDC79F97.ny5wwwdam3-internet; Path=/sso; HttpOnly;Secure;SameSite=None, x-sess-uuid=0.4283417.1776170309.b1d24210; secure; HttpOnly] -> 
20:38:30.156 WARN  vert.x-eventloop-thread-0 DefaultChannelPipeline : An exceptionCaught() event was fired, and it reached at the tail of the pipeline. It usually means the last handler in the pipeline did not handle the exception.
io.netty.handler.codec.DecoderException: javax.net.ssl.SSLHandshakeException: Received fatal alert: certificate_unknown
	at io.netty.handler.codec.ByteToMessageDecoder.callDecode(ByteToMessageDecoder.java:459)
	at io.netty.handler.codec.ByteToMessageDecoder.channelRead(ByteToMessageDecoder.java:265)
	at io.netty.channel.AbstractChannelHandlerContext.invokeChannelRead(AbstractChannelHandlerContext.java:362)
	at io.netty.channel.AbstractChannelHandlerContext.invokeChannelRead(AbstractChannelHandlerContext.java:348)
	at io.netty.channel.AbstractChannelHandlerContext.fireChannelRead(AbstractChannelHandlerContext.java:340)
	at io.netty.channel.DefaultChannelPipeline$HeadContext.channelRead(DefaultChannelPipeline.java:1359)
	at io.netty.channel.AbstractChannelHandlerContext.invokeChannelRead(AbstractChannelHandlerContext.java:362)
	at io.netty.channel.AbstractChannelHandlerContext.invokeChannelRead(AbstractChannelHandlerContext.java:348)
	at io.netty.channel.DefaultChannelPipeline.fireChannelRead(DefaultChannelPipeline.java:935)
	at io.netty.channel.nio.AbstractNioByteChannel$NioByteUnsafe.read(AbstractNioByteChannel.java:134)
	at io.netty.channel.nio.NioEventLoop.processSelectedKey(NioEventLoop.java:645)
	at io.netty.channel.nio.NioEventLoop.processSelectedKeysPlain(NioEventLoop.java:545)
	at io.netty.channel.nio.NioEventLoop.processSelectedKeys(NioEventLoop.java:499)
	at io.netty.channel.nio.NioEventLoop.run(NioEventLoop.java:459)
	at io.netty.util.concurrent.SingleThreadEventExecutor$5.run(SingleThreadEventExecutor.java:858)
	at java.base/java.lang.Thread.run(Thread.java:842)
Caused by: javax.net.ssl.SSLHandshakeException: Received fatal alert: certificate_unknown
	at java.base/sun.security.ssl.Alert.createSSLException(Alert.java:131)
	at java.base/sun.security.ssl.Alert.createSSLException(Alert.java:117)
	at java.base/sun.security.ssl.TransportContext.fatal(TransportContext.java:365)
	at java.base/sun.security.ssl.Alert$AlertConsumer.consume(Alert.java:293)
	at java.base/sun.security.ssl.TransportContext.dispatch(TransportContext.java:204)
	at java.base/sun.security.ssl.SSLTransport.decode(SSLTransport.java:172)
	at java.base/sun.security.ssl.SSLEngineImpl.decode(SSLEngineImpl.java:736)
	at java.base/sun.security.ssl.SSLEngineImpl.readRecord(SSLEngineImpl.java:691)
	at java.base/sun.security.ssl.SSLEngineImpl.unwrap(SSLEngineImpl.java:506)
	at java.base/sun.security.ssl.SSLEngineImpl.unwrap(SSLEngineImpl.java:482)
	at java.base/javax.net.ssl.SSLEngine.unwrap(SSLEngine.java:679)
	at io.netty.handler.ssl.SslHandler$SslEngineType$3.unwrap(SslHandler.java:281)
	at io.netty.handler.ssl.SslHandler.unwrap(SslHandler.java:1215)
	at io.netty.handler.ssl.SslHandler.decodeJdkCompatible(SslHandler.java:1127)
	at io.netty.handler.ssl.SslHandler.decode(SslHandler.java:1162)
	at io.netty.handler.codec.ByteToMessageDecoder.decodeRemovalReentryProtection(ByteToMessageDecoder.java:489)
	at io.netty.handler.codec.ByteToMessageDecoder.callDecode(ByteToMessageDecoder.java:428)
	... 15 common frames omitted
20:38:30.156 WARN  vert.x-eventloop-thread-0 DefaultChannelPipeline : An exceptionCaught() event was fired, and it reached at the tail of the pipeline. It usually means the last handler in the pipeline did not handle the exception.
io.netty.handler.codec.DecoderException: javax.net.ssl.SSLHandshakeException: Received fatal alert: certificate_unknown
	at io.netty.handler.codec.ByteToMessageDecoder.callDecode(ByteToMessageDecoder.java:459)
	at io.netty.handler.codec.ByteToMessageDecoder.channelRead(ByteToMessageDecoder.java:265)
	at io.netty.channel.AbstractChannelHandlerContext.invokeChannelRead(AbstractChannelHandlerContext.java:362)
	at io.netty.channel.AbstractChannelHandlerContext.invokeChannelRead(AbstractChannelHandlerContext.java:348)
	at io.netty.channel.AbstractChannelHandlerContext.fireChannelRead(AbstractChannelHandlerContext.java:340)
	at io.netty.channel.DefaultChannelPipeline$HeadContext.channelRead(DefaultChannelPipeline.java:1359)
	at io.netty.channel.AbstractChannelHandlerContext.invokeChannelRead(AbstractChannelHandlerContext.java:362)
	at io.netty.channel.AbstractChannelHandlerContext.invokeChannelRead(AbstractChannelHandlerContext.java:348)
	at io.netty.channel.DefaultChannelPipeline.fireChannelRead(DefaultChannelPipeline.java:935)
	at io.netty.channel.nio.AbstractNioByteChannel$NioByteUnsafe.read(AbstractNioByteChannel.java:134)
	at io.netty.channel.nio.NioEventLoop.processSelectedKey(NioEventLoop.java:645)
	at io.netty.channel.nio.NioEventLoop.processSelectedKeysPlain(NioEventLoop.java:545)
	at io.netty.channel.nio.NioEventLoop.processSelectedKeys(NioEventLoop.java:499)
	at io.netty.channel.nio.NioEventLoop.run(NioEventLoop.java:459)
	at io.netty.util.concurrent.SingleThreadEventExecutor$5.run(SingleThreadEventExecutor.java:858)
	at java.base/java.lang.Thread.run(Thread.java:842)
Caused by: javax.net.ssl.SSLHandshakeException: Received fatal alert: certificate_unknown
	at java.base/sun.security.ssl.Alert.createSSLException(Alert.java:131)
	at java.base/sun.security.ssl.Alert.createSSLException(Alert.java:117)
	at java.base/sun.security.ssl.TransportContext.fatal(TransportContext.java:365)
	at java.base/sun.security.ssl.Alert$AlertConsumer.consume(Alert.java:293)
	at java.base/sun.security.ssl.TransportContext.dispatch(TransportContext.java:204)
	at java.base/sun.security.ssl.SSLTransport.decode(SSLTransport.java:172)
	at java.base/sun.security.ssl.SSLEngineImpl.decode(SSLEngineImpl.java:736)
	at java.base/sun.security.ssl.SSLEngineImpl.readRecord(SSLEngineImpl.java:691)
	at java.base/sun.security.ssl.SSLEngineImpl.unwrap(SSLEngineImpl.java:506)
	at java.base/sun.security.ssl.SSLEngineImpl.unwrap(SSLEngineImpl.java:482)
	at java.base/javax.net.ssl.SSLEngine.unwrap(SSLEngine.java:679)
	at io.netty.handler.ssl.SslHandler$SslEngineType$3.unwrap(SslHandler.java:281)
	at io.netty.handler.ssl.SslHandler.unwrap(SslHandler.java:1215)
	at io.netty.handler.ssl.SslHandler.decodeJdkCompatible(SslHandler.java:1127)
	at io.netty.handler.ssl.SslHandler.decode(SslHandler.java:1162)
	at io.netty.handler.codec.ByteToMessageDecoder.decodeRemovalReentryProtection(ByteToMessageDecoder.java:489)
	at io.netty.handler.codec.ByteToMessageDecoder.callDecode(ByteToMessageDecoder.java:428)
	... 15 common frames omitted
20:38:30.157 WARN  vert.x-eventloop-thread-0 DefaultChannelPipeline : An exceptionCaught() event was fired, and it reached at the tail of the pipeline. It usually means the last handler in the pipeline did not handle the exception.
io.netty.handler.codec.DecoderException: javax.net.ssl.SSLHandshakeException: Received fatal alert: certificate_unknown
	at io.netty.handler.codec.ByteToMessageDecoder.callDecode(ByteToMessageDecoder.java:459)
	at io.netty.handler.codec.ByteToMessageDecoder.channelRead(ByteToMessageDecoder.java:265)
	at io.netty.channel.AbstractChannelHandlerContext.invokeChannelRead(AbstractChannelHandlerContext.java:362)
	at io.netty.channel.AbstractChannelHandlerContext.invokeChannelRead(AbstractChannelHandlerContext.java:348)
	at io.netty.channel.AbstractChannelHandlerContext.fireChannelRead(AbstractChannelHandlerContext.java:340)
	at io.netty.channel.DefaultChannelPipeline$HeadContext.channelRead(DefaultChannelPipeline.java:1359)
	at io.netty.channel.AbstractChannelHandlerContext.invokeChannelRead(AbstractChannelHandlerContext.java:362)
	at io.netty.channel.AbstractChannelHandlerContext.invokeChannelRead(AbstractChannelHandlerContext.java:348)
	at io.netty.channel.DefaultChannelPipeline.fireChannelRead(DefaultChannelPipeline.java:935)
	at io.netty.channel.nio.AbstractNioByteChannel$NioByteUnsafe.read(AbstractNioByteChannel.java:134)
	at io.netty.channel.nio.NioEventLoop.processSelectedKey(NioEventLoop.java:645)
	at io.netty.channel.nio.NioEventLoop.processSelectedKeysPlain(NioEventLoop.java:545)
	at io.netty.channel.nio.NioEventLoop.processSelectedKeys(NioEventLoop.java:499)
	at io.netty.channel.nio.NioEventLoop.run(NioEventLoop.java:459)
	at io.netty.util.concurrent.SingleThreadEventExecutor$5.run(SingleThreadEventExecutor.java:858)
	at java.base/java.lang.Thread.run(Thread.java:842)
Caused by: javax.net.ssl.SSLHandshakeException: Received fatal alert: certificate_unknown
	at java.base/sun.security.ssl.Alert.createSSLException(Alert.java:131)
	at java.base/sun.security.ssl.Alert.createSSLException(Alert.java:117)
	at java.base/sun.security.ssl.TransportContext.fatal(TransportContext.java:365)
	at java.base/sun.security.ssl.Alert$AlertConsumer.consume(Alert.java:293)
	at java.base/sun.security.ssl.TransportContext.dispatch(TransportContext.java:204)
	at java.base/sun.security.ssl.SSLTransport.decode(SSLTransport.java:172)
	at java.base/sun.security.ssl.SSLEngineImpl.decode(SSLEngineImpl.java:736)
	at java.base/sun.security.ssl.SSLEngineImpl.readRecord(SSLEngineImpl.java:691)
	at java.base/sun.security.ssl.SSLEngineImpl.unwrap(SSLEngineImpl.java:506)
	at java.base/sun.security.ssl.SSLEngineImpl.unwrap(SSLEngineImpl.java:482)
	at java.base/javax.net.ssl.SSLEngine.unwrap(SSLEngine.java:679)
	at io.netty.handler.ssl.SslHandler$SslEngineType$3.unwrap(SslHandler.java:281)
	at io.netty.handler.ssl.SslHandler.unwrap(SslHandler.java:1215)
	at io.netty.handler.ssl.SslHandler.decodeJdkCompatible(SslHandler.java:1127)
	at io.netty.handler.ssl.SslHandler.decode(SslHandler.java:1162)
	at io.netty.handler.codec.ByteToMessageDecoder.decodeRemovalReentryProtection(ByteToMessageDecoder.java:489)
	at io.netty.handler.codec.ByteToMessageDecoder.callDecode(ByteToMessageDecoder.java:428)
	... 15 common frames omitted
20:38:30.159 WARN  vert.x-eventloop-thread-0 DefaultChannelPipeline : An exceptionCaught() event was fired, and it reached at the tail of the pipeline. It usually means the last handler in the pipeline did not handle the exception.
io.netty.handler.codec.DecoderException: javax.net.ssl.SSLHandshakeException: Received fatal alert: certificate_unknown
	at io.netty.handler.codec.ByteToMessageDecoder.callDecode(ByteToMessageDecoder.java:459)
	at io.netty.handler.codec.ByteToMessageDecoder.channelRead(ByteToMessageDecoder.java:265)
	at io.netty.channel.AbstractChannelHandlerContext.invokeChannelRead(AbstractChannelHandlerContext.java:362)
	at io.netty.channel.AbstractChannelHandlerContext.invokeChannelRead(AbstractChannelHandlerContext.java:348)
	at io.netty.channel.AbstractChannelHandlerContext.fireChannelRead(AbstractChannelHandlerContext.java:340)
	at io.netty.channel.DefaultChannelPipeline$HeadContext.channelRead(DefaultChannelPipeline.java:1359)
	at io.netty.channel.AbstractChannelHandlerContext.invokeChannelRead(AbstractChannelHandlerContext.java:362)
	at io.netty.channel.AbstractChannelHandlerContext.invokeChannelRead(AbstractChannelHandlerContext.java:348)
	at io.netty.channel.DefaultChannelPipeline.fireChannelRead(DefaultChannelPipeline.java:935)
	at io.netty.channel.nio.AbstractNioByteChannel$NioByteUnsafe.read(AbstractNioByteChannel.java:134)
	at io.netty.channel.nio.NioEventLoop.processSelectedKey(NioEventLoop.java:645)
	at io.netty.channel.nio.NioEventLoop.processSelectedKeysPlain(NioEventLoop.java:545)
	at io.netty.channel.nio.NioEventLoop.processSelectedKeys(NioEventLoop.java:499)
	at io.netty.channel.nio.NioEventLoop.run(NioEventLoop.java:459)
	at io.netty.util.concurrent.SingleThreadEventExecutor$5.run(SingleThreadEventExecutor.java:858)
	at java.base/java.lang.Thread.run(Thread.java:842)
Caused by: javax.net.ssl.SSLHandshakeException: Received fatal alert: certificate_unknown
	at java.base/sun.security.ssl.Alert.createSSLException(Alert.java:131)
	at java.base/sun.security.ssl.Alert.createSSLException(Alert.java:117)
	at java.base/sun.security.ssl.TransportContext.fatal(TransportContext.java:365)
	at java.base/sun.security.ssl.Alert$AlertConsumer.consume(Alert.java:293)
	at java.base/sun.security.ssl.TransportContext.dispatch(TransportContext.java:204)
	at java.base/sun.security.ssl.SSLTransport.decode(SSLTransport.java:172)
	at java.base/sun.security.ssl.SSLEngineImpl.decode(SSLEngineImpl.java:736)
	at java.base/sun.security.ssl.SSLEngineImpl.readRecord(SSLEngineImpl.java:691)
	at java.base/sun.security.ssl.SSLEngineImpl.unwrap(SSLEngineImpl.java:506)
	at java.base/sun.security.ssl.SSLEngineImpl.unwrap(SSLEngineImpl.java:482)
	at java.base/javax.net.ssl.SSLEngine.unwrap(SSLEngine.java:679)
	at io.netty.handler.ssl.SslHandler$SslEngineType$3.unwrap(SslHandler.java:281)
	at io.netty.handler.ssl.SslHandler.unwrap(SslHandler.java:1215)
	at io.netty.handler.ssl.SslHandler.decodeJdkCompatible(SslHandler.java:1127)
	at io.netty.handler.ssl.SslHandler.decode(SslHandler.java:1162)
	at io.netty.handler.codec.ByteToMessageDecoder.decodeRemovalReentryProtection(ByteToMessageDecoder.java:489)
	at io.netty.handler.codec.ByteToMessageDecoder.callDecode(ByteToMessageDecoder.java:428)
	... 15 common frames omitted
20:38:30.161 WARN  vert.x-eventloop-thread-0 DefaultChannelPipeline : An exceptionCaught() event was fired, and it reached at the tail of the pipeline. It usually means the last handler in the pipeline did not handle the exception.
io.netty.handler.codec.DecoderException: javax.net.ssl.SSLHandshakeException: Received fatal alert: certificate_unknown
	at io.netty.handler.codec.ByteToMessageDecoder.callDecode(ByteToMessageDecoder.java:459)
	at io.netty.handler.codec.ByteToMessageDecoder.channelRead(ByteToMessageDecoder.java:265)
	at io.netty.channel.AbstractChannelHandlerContext.invokeChannelRead(AbstractChannelHandlerContext.java:362)
	at io.netty.channel.AbstractChannelHandlerContext.invokeChannelRead(AbstractChannelHandlerContext.java:348)
	at io.netty.channel.AbstractChannelHandlerContext.fireChannelRead(AbstractChannelHandlerContext.java:340)
	at io.netty.channel.DefaultChannelPipeline$HeadContext.channelRead(DefaultChannelPipeline.java:1359)
	at io.netty.channel.AbstractChannelHandlerContext.invokeChannelRead(AbstractChannelHandlerContext.java:362)
	at io.netty.channel.AbstractChannelHandlerContext.invokeChannelRead(AbstractChannelHandlerContext.java:348)
	at io.netty.channel.DefaultChannelPipeline.fireChannelRead(DefaultChannelPipeline.java:935)
	at io.netty.channel.nio.AbstractNioByteChannel$NioByteUnsafe.read(AbstractNioByteChannel.java:134)
	at io.netty.channel.nio.NioEventLoop.processSelectedKey(NioEventLoop.java:645)
	at io.netty.channel.nio.NioEventLoop.processSelectedKeysPlain(NioEventLoop.java:545)
	at io.netty.channel.nio.NioEventLoop.processSelectedKeys(NioEventLoop.java:499)
	at io.netty.channel.nio.NioEventLoop.run(NioEventLoop.java:459)
	at io.netty.util.concurrent.SingleThreadEventExecutor$5.run(SingleThreadEventExecutor.java:858)
	at java.base/java.lang.Thread.run(Thread.java:842)
Caused by: javax.net.ssl.SSLHandshakeException: Received fatal alert: certificate_unknown
	at java.base/sun.security.ssl.Alert.createSSLException(Alert.java:131)
	at java.base/sun.security.ssl.Alert.createSSLException(Alert.java:117)
	at java.base/sun.security.ssl.TransportContext.fatal(TransportContext.java:365)
	at java.base/sun.security.ssl.Alert$AlertConsumer.consume(Alert.java:293)
	at java.base/sun.security.ssl.TransportContext.dispatch(TransportContext.java:204)
	at java.base/sun.security.ssl.SSLTransport.decode(SSLTransport.java:172)
	at java.base/sun.security.ssl.SSLEngineImpl.decode(SSLEngineImpl.java:736)
	at java.base/sun.security.ssl.SSLEngineImpl.readRecord(SSLEngineImpl.java:691)
	at java.base/sun.security.ssl.SSLEngineImpl.unwrap(SSLEngineImpl.java:506)
	at java.base/sun.security.ssl.SSLEngineImpl.unwrap(SSLEngineImpl.java:482)
	at java.base/javax.net.ssl.SSLEngine.unwrap(SSLEngine.java:679)
	at io.netty.handler.ssl.SslHandler$SslEngineType$3.unwrap(SslHandler.java:281)
	at io.netty.handler.ssl.SslHandler.unwrap(SslHandler.java:1215)
	at io.netty.handler.ssl.SslHandler.decodeJdkCompatible(SslHandler.java:1127)
	at io.netty.handler.ssl.SslHandler.decode(SslHandler.java:1162)
	at io.netty.handler.codec.ByteToMessageDecoder.decodeRemovalReentryProtection(ByteToMessageDecoder.java:489)
	at io.netty.handler.codec.ByteToMessageDecoder.callDecode(ByteToMessageDecoder.java:428)
	... 15 common frames omitted
20:38:30.171 WARN  vert.x-eventloop-thread-0 DefaultChannelPipeline : An exceptionCaught() event was fired, and it reached at the tail of the pipeline. It usually means the last handler in the pipeline did not handle the exception.
io.netty.handler.codec.DecoderException: javax.net.ssl.SSLHandshakeException: Received fatal alert: certificate_unknown
	at io.netty.handler.codec.ByteToMessageDecoder.callDecode(ByteToMessageDecoder.java:459)
	at io.netty.handler.codec.ByteToMessageDecoder.channelRead(ByteToMessageDecoder.java:265)
	at io.netty.channel.AbstractChannelHandlerContext.invokeChannelRead(AbstractChannelHandlerContext.java:362)
	at io.netty.channel.AbstractChannelHandlerContext.invokeChannelRead(AbstractChannelHandlerContext.java:348)
	at io.netty.channel.AbstractChannelHandlerContext.fireChannelRead(AbstractChannelHandlerContext.java:340)
	at io.netty.channel.DefaultChannelPipeline$HeadContext.channelRead(DefaultChannelPipeline.java:1359)
	at io.netty.channel.AbstractChannelHandlerContext.invokeChannelRead(AbstractChannelHandlerContext.java:362)
	at io.netty.channel.AbstractChannelHandlerContext.invokeChannelRead(AbstractChannelHandlerContext.java:348)
	at io.netty.channel.DefaultChannelPipeline.fireChannelRead(DefaultChannelPipeline.java:935)
	at io.netty.channel.nio.AbstractNioByteChannel$NioByteUnsafe.read(AbstractNioByteChannel.java:134)
	at io.netty.channel.nio.NioEventLoop.processSelectedKey(NioEventLoop.java:645)
	at io.netty.channel.nio.NioEventLoop.processSelectedKeysPlain(NioEventLoop.java:545)
	at io.netty.channel.nio.NioEventLoop.processSelectedKeys(NioEventLoop.java:499)
	at io.netty.channel.nio.NioEventLoop.run(NioEventLoop.java:459)
	at io.netty.util.concurrent.SingleThreadEventExecutor$5.run(SingleThreadEventExecutor.java:858)
	at java.base/java.lang.Thread.run(Thread.java:842)
Caused by: javax.net.ssl.SSLHandshakeException: Received fatal alert: certificate_unknown
	at java.base/sun.security.ssl.Alert.createSSLException(Alert.java:131)
	at java.base/sun.security.ssl.Alert.createSSLException(Alert.java:117)
	at java.base/sun.security.ssl.TransportContext.fatal(TransportContext.java:365)
	at java.base/sun.security.ssl.Alert$AlertConsumer.consume(Alert.java:293)
	at java.base/sun.security.ssl.TransportContext.dispatch(TransportContext.java:204)
	at java.base/sun.security.ssl.SSLTransport.decode(SSLTransport.java:172)
	at java.base/sun.security.ssl.SSLEngineImpl.decode(SSLEngineImpl.java:736)
	at java.base/sun.security.ssl.SSLEngineImpl.readRecord(SSLEngineImpl.java:691)
	at java.base/sun.security.ssl.SSLEngineImpl.unwrap(SSLEngineImpl.java:506)
	at java.base/sun.security.ssl.SSLEngineImpl.unwrap(SSLEngineImpl.java:482)
	at java.base/javax.net.ssl.SSLEngine.unwrap(SSLEngine.java:679)
	at io.netty.handler.ssl.SslHandler$SslEngineType$3.unwrap(SslHandler.java:281)
	at io.netty.handler.ssl.SslHandler.unwrap(SslHandler.java:1215)
	at io.netty.handler.ssl.SslHandler.decodeJdkCompatible(SslHandler.java:1127)
	at io.netty.handler.ssl.SslHandler.decode(SslHandler.java:1162)
	at io.netty.handler.codec.ByteToMessageDecoder.decodeRemovalReentryProtection(ByteToMessageDecoder.java:489)
	at io.netty.handler.codec.ByteToMessageDecoder.callDecode(ByteToMessageDecoder.java:428)
	... 15 common frames omitted
20:38:30.171 WARN  vert.x-eventloop-thread-0 DefaultChannelPipeline : An exceptionCaught() event was fired, and it reached at the tail of the pipeline. It usually means the last handler in the pipeline did not handle the exception.
io.netty.handler.codec.DecoderException: javax.net.ssl.SSLHandshakeException: Received fatal alert: certificate_unknown
	at io.netty.handler.codec.ByteToMessageDecoder.callDecode(ByteToMessageDecoder.java:459)
	at io.netty.handler.codec.ByteToMessageDecoder.channelRead(ByteToMessageDecoder.java:265)
	at io.netty.channel.AbstractChannelHandlerContext.invokeChannelRead(AbstractChannelHandlerContext.java:362)
	at io.netty.channel.AbstractChannelHandlerContext.invokeChannelRead(AbstractChannelHandlerContext.java:348)
	at io.netty.channel.AbstractChannelHandlerContext.fireChannelRead(AbstractChannelHandlerContext.java:340)
	at io.netty.channel.DefaultChannelPipeline$HeadContext.channelRead(DefaultChannelPipeline.java:1359)
	at io.netty.channel.AbstractChannelHandlerContext.invokeChannelRead(AbstractChannelHandlerContext.java:362)
	at io.netty.channel.AbstractChannelHandlerContext.invokeChannelRead(AbstractChannelHandlerContext.java:348)
	at io.netty.channel.DefaultChannelPipeline.fireChannelRead(DefaultChannelPipeline.java:935)
	at io.netty.channel.nio.AbstractNioByteChannel$NioByteUnsafe.read(AbstractNioByteChannel.java:134)
	at io.netty.channel.nio.NioEventLoop.processSelectedKey(NioEventLoop.java:645)
	at io.netty.channel.nio.NioEventLoop.processSelectedKeysPlain(NioEventLoop.java:545)
	at io.netty.channel.nio.NioEventLoop.processSelectedKeys(NioEventLoop.java:499)
	at io.netty.channel.nio.NioEventLoop.run(NioEventLoop.java:459)
	at io.netty.util.concurrent.SingleThreadEventExecutor$5.run(SingleThreadEventExecutor.java:858)
	at java.base/java.lang.Thread.run(Thread.java:842)
Caused by: javax.net.ssl.SSLHandshakeException: Received fatal alert: certificate_unknown
	at java.base/sun.security.ssl.Alert.createSSLException(Alert.java:131)
	at java.base/sun.security.ssl.Alert.createSSLException(Alert.java:117)
	at java.base/sun.security.ssl.TransportContext.fatal(TransportContext.java:365)
	at java.base/sun.security.ssl.Alert$AlertConsumer.consume(Alert.java:293)
	at java.base/sun.security.ssl.TransportContext.dispatch(TransportContext.java:204)
	at java.base/sun.security.ssl.SSLTransport.decode(SSLTransport.java:172)
	at java.base/sun.security.ssl.SSLEngineImpl.decode(SSLEngineImpl.java:736)
	at java.base/sun.security.ssl.SSLEngineImpl.readRecord(SSLEngineImpl.java:691)
	at java.base/sun.security.ssl.SSLEngineImpl.unwrap(SSLEngineImpl.java:506)
	at java.base/sun.security.ssl.SSLEngineImpl.unwrap(SSLEngineImpl.java:482)
	at java.base/javax.net.ssl.SSLEngine.unwrap(SSLEngine.java:679)
	at io.netty.handler.ssl.SslHandler$SslEngineType$3.unwrap(SslHandler.java:281)
	at io.netty.handler.ssl.SslHandler.unwrap(SslHandler.java:1215)
	at io.netty.handler.ssl.SslHandler.decodeJdkCompatible(SslHandler.java:1127)
	at io.netty.handler.ssl.SslHandler.decode(SslHandler.java:1162)
	at io.netty.handler.codec.ByteToMessageDecoder.decodeRemovalReentryProtection(ByteToMessageDecoder.java:489)
	at io.netty.handler.codec.ByteToMessageDecoder.callDecode(ByteToMessageDecoder.java:428)
	... 15 common frames omitted
20:38:30.173 WARN  vert.x-eventloop-thread-0 DefaultChannelPipeline : An exceptionCaught() event was fired, and it reached at the tail of the pipeline. It usually means the last handler in the pipeline did not handle the exception.
io.netty.handler.codec.DecoderException: javax.net.ssl.SSLHandshakeException: Received fatal alert: certificate_unknown
	at io.netty.handler.codec.ByteToMessageDecoder.callDecode(ByteToMessageDecoder.java:459)
	at io.netty.handler.codec.ByteToMessageDecoder.channelRead(ByteToMessageDecoder.java:265)
	at io.netty.channel.AbstractChannelHandlerContext.invokeChannelRead(AbstractChannelHandlerContext.java:362)
	at io.netty.channel.AbstractChannelHandlerContext.invokeChannelRead(AbstractChannelHandlerContext.java:348)
	at io.netty.channel.AbstractChannelHandlerContext.fireChannelRead(AbstractChannelHandlerContext.java:340)
	at io.netty.channel.DefaultChannelPipeline$HeadContext.channelRead(DefaultChannelPipeline.java:1359)
	at io.netty.channel.AbstractChannelHandlerContext.invokeChannelRead(AbstractChannelHandlerContext.java:362)
	at io.netty.channel.AbstractChannelHandlerContext.invokeChannelRead(AbstractChannelHandlerContext.java:348)
	at io.netty.channel.DefaultChannelPipeline.fireChannelRead(DefaultChannelPipeline.java:935)
	at io.netty.channel.nio.AbstractNioByteChannel$NioByteUnsafe.read(AbstractNioByteChannel.java:134)
	at io.netty.channel.nio.NioEventLoop.processSelectedKey(NioEventLoop.java:645)
	at io.netty.channel.nio.NioEventLoop.processSelectedKeysPlain(NioEventLoop.java:545)
	at io.netty.channel.nio.NioEventLoop.processSelectedKeys(NioEventLoop.java:499)
	at io.netty.channel.nio.NioEventLoop.run(NioEventLoop.java:459)
	at io.netty.util.concurrent.SingleThreadEventExecutor$5.run(SingleThreadEventExecutor.java:858)
	at java.base/java.lang.Thread.run(Thread.java:842)
Caused by: javax.net.ssl.SSLHandshakeException: Received fatal alert: certificate_unknown
	at java.base/sun.security.ssl.Alert.createSSLException(Alert.java:131)
	at java.base/sun.security.ssl.Alert.createSSLException(Alert.java:117)
	at java.base/sun.security.ssl.TransportContext.fatal(TransportContext.java:365)
	at java.base/sun.security.ssl.Alert$AlertConsumer.consume(Alert.java:293)
	at java.base/sun.security.ssl.TransportContext.dispatch(TransportContext.java:204)
	at java.base/sun.security.ssl.SSLTransport.decode(SSLTransport.java:172)
	at java.base/sun.security.ssl.SSLEngineImpl.decode(SSLEngineImpl.java:736)
	at java.base/sun.security.ssl.SSLEngineImpl.readRecord(SSLEngineImpl.java:691)
	at java.base/sun.security.ssl.SSLEngineImpl.unwrap(SSLEngineImpl.java:506)
	at java.base/sun.security.ssl.SSLEngineImpl.unwrap(SSLEngineImpl.java:482)
	at java.base/javax.net.ssl.SSLEngine.unwrap(SSLEngine.java:679)
	at io.netty.handler.ssl.SslHandler$SslEngineType$3.unwrap(SslHandler.java:281)
	at io.netty.handler.ssl.SslHandler.unwrap(SslHandler.java:1215)
	at io.netty.handler.ssl.SslHandler.decodeJdkCompatible(SslHandler.java:1127)
	at io.netty.handler.ssl.SslHandler.decode(SslHandler.java:1162)
	at io.netty.handler.codec.ByteToMessageDecoder.decodeRemovalReentryProtection(ByteToMessageDecoder.java:489)
	at io.netty.handler.codec.ByteToMessageDecoder.callDecode(ByteToMessageDecoder.java:428)
	... 15 common frames omitted
20:38:30.246 INFO  vert.x-eventloop-thread-0 BaseServiceProxy     : -> GET /css/bootstrap-5.2.2/bootstrap.min.css,200|108ms
20:38:30.280 INFO  vert.x-eventloop-thread-0 BaseServiceProxy     : -> GET /css/reg-am/login.min.css,200|106ms
20:38:30.291 INFO  vert.x-eventloop-thread-0 BaseServiceProxy     : -> GET /css/bootstrap-switch-3.3.2/bootstrap-switch.min.css,200|125ms
20:38:30.328 INFO  vert.x-eventloop-thread-0 BaseServiceProxy     : -> GET /scripts/common/js/jquery-3.7.0/jquery.min.js,200|150ms
20:38:30.337 INFO  vert.x-eventloop-thread-0 BaseServiceProxy     : -> GET /css/fontawesome-6.4.2/all.min.css,200|160ms
20:38:30.344 INFO  vert.x-eventloop-thread-0 BaseServiceProxy     : -> GET /css/ibkr/theme-ibkr-portal.min.css,200|168ms
20:38:30.349 INFO  vert.x-eventloop-thread-0 BaseServiceProxy     : -> GET /scripts/common/js/bootstrap-5.2.2/bootstrap.bundle.min.js,200|67ms
20:38:30.378 INFO  vert.x-eventloop-thread-0 BaseServiceProxy     : -> GET /sso/lib/xyz.bundle.min.js,200|82ms
20:38:30.378 INFO  vert.x-eventloop-thread-0 CookieManager        : set cookies [x-sess-uuid=0.c283417.1776170310.85452dcc; secure; HttpOnly]
20:38:30.379 DEBUG vert.x-eventloop-thread-0 BaseServiceProxy     : Remapping Set-cookies [x-sess-uuid=0.c283417.1776170310.85452dcc; secure; HttpOnly] -> 
20:38:30.482 INFO  vert.x-eventloop-thread-0 BaseServiceProxy     : -> GET /images/common/logos/ibkr/interactive-brokers.svg,200|52ms
20:38:30.484 INFO  vert.x-eventloop-thread-0 BaseServiceProxy     : -> GET /fonts/fontawesome-6.4.2/webfonts/fa-brands-400.woff2,200|32ms
20:38:30.491 INFO  vert.x-eventloop-thread-0 BaseServiceProxy     : -> GET /fonts/fontawesome-6.4.2/webfonts/fa-solid-900.woff2,200|41ms
20:38:30.497 INFO  vert.x-eventloop-thread-0 BaseServiceProxy     : -> GET /fonts/proxima-nova/Proxima-Nova-Regular.woff2,200|49ms
20:38:30.545 INFO  vert.x-eventloop-thread-0 BaseServiceProxy     : -> GET /images/web/favicons/home-screen-icon-128x128.png,200|29ms
20:38:30.569 INFO  vert.x-eventloop-thread-0 BaseServiceProxy     : -> GET /portal.proxy/v1/gstat/bulletins,204|105ms
20:38:30.765 INFO  vert.x-eventloop-thread-0 BaseServiceProxy     : -> GET /sso/report,200|303ms
20:38:30.766 INFO  vert.x-eventloop-thread-0 CookieManager        : set cookies [x-sess-uuid=0.c283417.1776170310.85452f92; secure; HttpOnly]
20:38:30.766 DEBUG vert.x-eventloop-thread-0 BaseServiceProxy     : Remapping Set-cookies [x-sess-uuid=0.c283417.1776170310.85452f92; secure; HttpOnly] -> 
20:38:33.322 INFO  vert.x-eventloop-thread-0 BaseServiceProxy     : -> GET /sso/Authenticator,200|429ms
20:38:33.323 INFO  vert.x-eventloop-thread-0 CookieManager        : set cookies [x-sess-uuid=0.c283417.1776170313.854531d3; secure; HttpOnly]
20:38:33.323 DEBUG vert.x-eventloop-thread-0 BaseServiceProxy     : Remapping Set-cookies [x-sess-uuid=0.c283417.1776170313.854531d3; secure; HttpOnly] -> 
20:38:33.734 INFO  vert.x-eventloop-thread-0 BaseServiceProxy     : -> GET /sso/Authenticator,200|385ms
20:38:33.735 INFO  vert.x-eventloop-thread-0 CookieManager        : set cookies [web=3343352782; Domain=.ibkr.com; Expires=Wed, 14 Apr 2027 12:38:33 GMT; Path=/; Secure;Secure;SameSite=None, x-sess-uuid=0.6283417.1776170313.a6b21abe; secure; HttpOnly]
20:38:33.737 DEBUG vert.x-eventloop-thread-0 BaseServiceProxy     : Remapping Set-cookies [web=3343352782; Domain=.ibkr.com; Expires=Wed, 14 Apr 2027 12:38:33 GMT; Path=/; Secure;Secure;SameSite=None, x-sess-uuid=0.6283417.1776170313.a6b21abe; secure; HttpOnly] -> 
20:38:34.140 INFO  vert.x-eventloop-thread-0 BaseServiceProxy     : -> GET /sso/Authenticator,200|393ms
20:38:34.140 INFO  vert.x-eventloop-thread-0 CookieManager        : set cookies [x-sess-uuid=0.7283417.1776170313.88cf5b77; secure; HttpOnly]
20:38:34.141 DEBUG vert.x-eventloop-thread-0 BaseServiceProxy     : Remapping Set-cookies [x-sess-uuid=0.7283417.1776170313.88cf5b77; secure; HttpOnly] -> 
20:38:37.622 INFO  vert.x-eventloop-thread-0 BaseServiceProxy     : -> GET /sso/Authenticator,200|466ms
20:38:37.623 INFO  vert.x-eventloop-thread-0 CookieManager        : set cookies [x-sess-uuid=0.4283417.1776170317.b1d24bea; secure; HttpOnly]
20:38:37.624 DEBUG vert.x-eventloop-thread-0 BaseServiceProxy     : Remapping Set-cookies [x-sess-uuid=0.4283417.1776170317.b1d24bea; secure; HttpOnly] -> 
20:38:40.489 INFO  vert.x-eventloop-thread-0 BaseServiceProxy     : -> GET /sso/Authenticator,200|338ms
20:38:40.491 INFO  vert.x-eventloop-thread-0 CookieManager        : set cookies [x-sess-uuid=0.c283417.1776170320.85453780; secure; HttpOnly]
20:38:40.491 DEBUG vert.x-eventloop-thread-0 BaseServiceProxy     : Remapping Set-cookies [x-sess-uuid=0.c283417.1776170320.85453780; secure; HttpOnly] -> 
20:38:40.915 INFO  vert.x-eventloop-thread-0 BaseServiceProxy     : -> GET /sso/Dispatcher,302|395ms
20:38:40.916 INFO  vert.x-eventloop-thread-0 CookieManager        : set cookies [USERID=50301190; Domain=.ibkr.com; Path=/;Secure;SameSite=None, x-sess-uuid=0.c283417.1776170320.85456b89; secure; HttpOnly]
20:38:40.917 DEBUG vert.x-eventloop-thread-0 BaseServiceProxy     : Remapping Set-cookies [USERID=50301190; Domain=.ibkr.com; Path=/;Secure;SameSite=None, x-sess-uuid=0.c283417.1776170320.85456b89; secure; HttpOnly] -> 
20:38:40.918 INFO  vert.x-eventloop-thread-0 GatewayHttpProxy     : Client login succeeds
20:38:41.253 INFO  vert.x-eventloop-thread-0 BaseServiceProxy     : -> GET /v1/api/sso/validate?gw=1,200|332ms
20:38:41.257 DEBUG vert.x-eventloop-thread-0 ClientPortalService  : portal validate response: {"SFT":"5.2a","IS_PENDING_APPLICANT":false,"SF_ENABLED":true,"HARDWARE_INFO":"","UNIQUE_LOGIN_ID":"50301190-1776170320089","AUTH_TIME":1776170320132,"SF_CONFIG":"5.2a","USER_NAME":"pragu1020","CREDENTIAL_TYPE":0,"IS_FREE_TRIAL":false,"LOGIN_TYPE":1,"LANDING_APP":"PORTAL","CREDENTIAL":"pragu1020","ANOMALOUS_LOGIN":false,"RESULT":true,"IP":"116.88.81.189","USER_ID":50301190,"EXPIRES":1776170321373,"TOKEN":"c8cb0623e87b69c569fc5ea4bbe4aee0b2dd788b","took":234,"IS_MASTER":false,"features":{"env":"PROD","wlms":true,"realtime":true,"bond":true,"optionChains":true,"calendar":true,"newMf":true},"region":"HK"}
20:38:41.362 INFO  vert.x-eventloop-thread-0 GatewayHttpProxy     : authenticated to cp
20:38:41.363 DEBUG vert.x-eventloop-thread-0 BaseServiceProxy     : cancel timer SsoService 0
20:38:41.363 DEBUG vert.x-eventloop-thread-0 BaseServiceProxy     : start timer 300000 SsoService
20:38:41.364 DEBUG vert.x-eventloop-thread-0 BaseServiceProxy     : forward event ON_SSO_VALIDATION, payload 50301190
20:38:41.820 INFO  vert.x-eventloop-thread-0 BaseServiceProxy     : -> GET /v1/api/one/user,200|457ms
20:38:41.821 INFO  vert.x-eventloop-thread-0 ClientPortalService  : get user reply {"username":"pragu1020","features":{"env":"PROD","wlms":true,"realtime":true,"bond":true,"optionChains":true,"calendar":true,"newMf":true},"wbId":"","uar":{"portfolioAnalyst":true,"userInfo":true,"messageCenter":true,"accountDetails":true,"tradingRestrictions":false,"tws":true,"fyi":true,"voting":true,"forum":true,"recentTransactions":true},"props":{"isIBAMClient":false,"ReadOnlySession":null},"firstApprovedDate":1592755200000,"accts":{"U5799398F":{"isIBAMClient":false,"clearingStatus":"O","openDate":1667577600000,"isFAClient":false,"isFunded":true,"tradingPermissions":["CMDTY"]},"U5799398":{"isIBAMClient":false,"clearingStatus":"O","openDate":1592150400000,"isFAClient":false,"isFunded":true,"tradingPermissions":["OPT","IOPT","WAR","STK","CASH","FOP"]}},"hasBrokerageAccessInd":true,"hfcipEligibleInd":false,"fa":false,"has2fa":false,"islite":false,"ispaper":false,"applicants":[{"id":6062329,"type":"INDIVIDUAL","businessType":"INDEPENDENT","nlcode":"en_US","legalCountry":{"name":"Singapore","alpha3":"SGP"}}]}
20:38:42.992 INFO  vert.x-eventloop-thread-0 SsoService           : sso init status=200, url=https://api.ibkr.com/v1/api/ssodh/init
20:38:43.110 DEBUG vert.x-eventloop-thread-0 SsoService           : K e1c350da45d776b98d3c2f851296f435390f685
20:38:43.111 DEBUG vert.x-eventloop-thread-0 BaseServiceProxy     : forward event ON_SSODH_COMPLETED, payload none
20:38:43.111 DEBUG vert.x-eventloop-thread-0 GatewayHttpProxy     : delaying authentication for 3000
20:38:43.114 ERROR vert.x-eventloop-thread-0 ContextImpl          : Unhandled exception
java.lang.NullPointerException: Cannot read the array length because "mac" is null
	at ibgroup.web.core.clientportal.gw.utils.TstTokenUtils.getMacAddress(TstTokenUtils.java:22)
	at ibgroup.web.core.clientportal.gw.services.SsoService.getMac(SsoService.java:81)
	at ibgroup.web.core.clientportal.gw.services.SsoService.getDeviceId(SsoService.java:70)
	at ibgroup.web.core.clientportal.gw.services.SsoService.setTstToken(SsoService.java:88)
	at ibgroup.web.core.clientportal.gw.http.GatewayHttpProxy.onEvent(GatewayHttpProxy.java:213)
	at ibgroup.web.core.clientportal.gw.http.GatewayHttpProxy.lambda$new$1(GatewayHttpProxy.java:56)
	at ibgroup.web.core.clientportal.gw.services.BaseServiceProxy.lambda$null$0(BaseServiceProxy.java:67)
	at java.base/java.util.ArrayList.forEach(ArrayList.java:1511)
	at ibgroup.web.core.clientportal.gw.services.BaseServiceProxy.lambda$on$1(BaseServiceProxy.java:67)
	at io.vertx.core.impl.ContextImpl.lambda$wrapTask$2(ContextImpl.java:344)
	at io.netty.util.concurrent.AbstractEventExecutor.safeExecute(AbstractEventExecutor.java:163)
	at io.netty.util.concurrent.SingleThreadEventExecutor.runAllTasks(SingleThreadEventExecutor.java:403)
	at io.netty.channel.nio.NioEventLoop.run(NioEventLoop.java:463)
	at io.netty.util.concurrent.SingleThreadEventExecutor$5.run(SingleThreadEventExecutor.java:858)
	at java.base/java.lang.Thread.run(Thread.java:842)
20:38:46.205 INFO  vert.x-eventloop-thread-0 BaseServiceProxy     : -> GET /v1/api/iserver/auth/status,200|92ms
20:38:46.206 DEBUG vert.x-eventloop-thread-0 ClientPortalService  : status {"authenticated":false,"established":false,"competing":false,"connected":false,"MAC":"06:A8:C0:D9:D5:E3"}
20:38:46.206 INFO  vert.x-eventloop-thread-0 ClientPortalService  : process auth status {"authenticated":false,"established":false,"competing":false,"connected":false,"MAC":"06:A8:C0:D9:D5:E3"}
20:38:46.225 DEBUG vert.x-eventloop-thread-0 ClientPortalService  : auth brokerage, k=e1c350da45d776b98d3c2f851296f435390f685, post={"username":"pragu1020","machineId":"0f327bc3","compete":true}
20:38:46.716 INFO  vert.x-eventloop-thread-0 BaseServiceProxy     : -> POST https://api.ibkr.com/v1/api/iserver/auth/ssodh/init,200|491ms
20:38:46.719 DEBUG vert.x-eventloop-thread-0 ClientPortalService  : iserver init : {"passed":true,"authenticated":true,"connected":true,"established":false,"competing":false,"hardware_info":"275c5aa2|06:A8:C0:D9:D5:E3"}
20:38:46.720 INFO  vert.x-eventloop-thread-0 ClientPortalService  : process auth status {"passed":true,"authenticated":true,"connected":true,"established":false,"competing":false,"hardware_info":"275c5aa2|06:A8:C0:D9:D5:E3"}
20:38:46.721 DEBUG vert.x-eventloop-thread-0 BaseServiceProxy     : start timer 30000 ClientPortalService
20:38:46.812 INFO  vert.x-eventloop-thread-0 BaseServiceProxy     : -> GET /v1/api/iserver/accounts,200|92ms
20:38:46.812 DEBUG vert.x-eventloop-thread-0 ClientPortalService  : iserver accounts {}
20:38:46.924 INFO  vert.x-eventloop-thread-0 BaseServiceProxy     : -> GET /v1/api/iserver/auth/ssodh/init?publish=true&compete=true,200|344ms
20:38:47.059 INFO  vert.x-eventloop-thread-0 BaseServiceProxy     : -> GET /v1/api/iserver/account/orders,500|93ms
20:38:47.182 INFO  vert.x-eventloop-thread-0 BaseServiceProxy     : -> GET /v1/api/tickle,200|95ms
20:38:49.484 INFO  vert.x-eventloop-thread-0 BaseServiceProxy     : -> GET /v1/api/iserver/account/orders,200|86ms
20:38:49.995 INFO  vert.x-eventloop-thread-0 BaseServiceProxy     : -> GET /v1/api/portfolio/U5799398/positions/0?direction=a&period=1W&sort=position,200|598ms
20:38:52.158 INFO  vert.x-eventloop-thread-0 BaseServiceProxy     : -> GET /v1/api/iserver/account/orders,200|107ms
20:38:53.948 INFO  vert.x-eventloop-thread-0 BaseServiceProxy     : -> GET /v1/api/portfolio/U5799398/positions/0?direction=a&period=1W&sort=position,200|1898ms
20:39:16.824 INFO  vert.x-eventloop-thread-0 BaseServiceProxy     : -> GET /v1/api/tickle,200|98ms
20:39:16.826 DEBUG vert.x-eventloop-thread-0 ClientPortalService  : tickle {"session":"c1d79c0a9c2d8d4039d5b5f780f7bcc3","ssoExpires":564432,"collission":false,"userId":50301190,"hmds":{"error":"no bridge"},"iserver":{"authStatus":{"authenticated":true,"established":true,"competing":false,"connected":true,"message":"","MAC":"06:A8:C0:D9:D5:E3","serverInfo":{"serverName":"JifH01132","serverVersion":"Build 10.44.1d, Mar 3, 2026 1:55:32 PM"},"hardware_info":"275c5aa2|06:A8:C0:D9:D5:E3"}}}
20:39:39.695 INFO  vert.x-eventloop-thread-0 BaseServiceProxy     : -> GET /v1/api/portfolio/U5799398/summary,200|297ms
20:39:39.828 INFO  vert.x-eventloop-thread-0 BaseServiceProxy     : -> GET /v1/api/portfolio/U5799398/positions/0?direction=a&period=1W&sort=position,200|119ms
20:39:40.057 INFO  vert.x-eventloop-thread-0 BaseServiceProxy     : -> GET /v1/api/iserver/account/orders,200|348ms
20:39:46.916 INFO  vert.x-eventloop-thread-0 BaseServiceProxy     : -> GET /v1/api/tickle,200|194ms
20:39:46.918 DEBUG vert.x-eventloop-thread-0 ClientPortalService  : tickle {"session":"c1d79c0a9c2d8d4039d5b5f780f7bcc3","ssoExpires":534339,"collission":false,"userId":50301190,"hmds":{"error":"no bridge"},"iserver":{"authStatus":{"authenticated":true,"established":true,"competing":false,"connected":true,"message":"","MAC":"06:A8:C0:D9:D5:E3","serverInfo":{"serverName":"JifH01132","serverVersion":"Build 10.44.1d, Mar 3, 2026 1:55:32 PM"},"hardware_info":"275c5aa2|06:A8:C0:D9:D5:E3"}}}
20:39:47.698 INFO  vert.x-eventloop-thread-0 BaseServiceProxy     : -> GET /v1/api/iserver/secdef/search?symbol=GLD&secType=STK,200|392ms
20:39:47.799 INFO  vert.x-eventloop-thread-0 BaseServiceProxy     : -> GET /v1/api/iserver/account/orders,200|97ms
20:39:48.207 INFO  vert.x-eventloop-thread-0 BaseServiceProxy     : -> GET /v1/api/portfolio/U5799398/summary,200|353ms
20:39:48.687 INFO  vert.x-eventloop-thread-0 BaseServiceProxy     : -> GET /v1/api/iserver/account/U5799398/orders,200|474ms
20:39:48.806 INFO  vert.x-eventloop-thread-0 BaseServiceProxy     : -> GET /v1/api/iserver/reply/8fc780e2-3c76-4593-84e2-2b401e5a1bca,200|116ms
20:39:48.911 INFO  vert.x-eventloop-thread-0 BaseServiceProxy     : -> GET /v1/api/iserver/reply/3a1ffc77-1571-41a9-b2c7-beafa9242d08,200|102ms
20:39:49.008 INFO  vert.x-eventloop-thread-0 BaseServiceProxy     : -> GET /v1/api/iserver/reply/bda202ed-6254-4308-b0f4-e47d429df8f7,200|93ms
20:39:49.104 INFO  vert.x-eventloop-thread-0 BaseServiceProxy     : -> GET /v1/api/iserver/reply/b4044563-dadb-484f-bd46-58552d86512f,200|92ms
20:39:49.251 INFO  vert.x-eventloop-thread-0 BaseServiceProxy     : -> GET /v1/api/iserver/reply/fc879a0a-ae35-412a-82b2-aedaefcfffa6,200|142ms
20:39:49.391 INFO  vert.x-eventloop-thread-0 BaseServiceProxy     : -> GET /v1/api/iserver/reply/6f0927b2-2f3d-41ed-a38a-cf06e45fa6c1,200|133ms
20:39:49.501 INFO  vert.x-eventloop-thread-0 BaseServiceProxy     : -> GET /v1/api/iserver/account/orders,200|108ms
20:39:50.059 INFO  vert.x-eventloop-thread-0 BaseServiceProxy     : -> GET /v1/api/iserver/marketdata/history?conid=51529211&period=30d&bar=1d&outsideRth=false,200|499ms
20:39:50.172 INFO  vert.x-eventloop-thread-0 BaseServiceProxy     : -> GET /v1/api/iserver/marketdata/history?conid=51529211&period=30d&bar=1d&outsideRth=false,200|108ms
20:39:53.147 INFO  vert.x-eventloop-thread-0 BaseServiceProxy     : -> GET /v1/api/iserver/account/orders,200|107ms
20:39:53.259 INFO  vert.x-eventloop-thread-0 BaseServiceProxy     : -> GET /v1/api/iserver/marketdata/history?conid=51529211&period=30d&bar=1d&outsideRth=false,200|97ms
20:39:53.413 INFO  vert.x-eventloop-thread-0 BaseServiceProxy     : -> GET /v1/api/iserver/marketdata/history?conid=51529211&period=30d&bar=1d&outsideRth=false,200|150ms
20:39:53.579 INFO  vert.x-eventloop-thread-0 BaseServiceProxy     : -> GET /v1/api/iserver/account/orders,200|105ms
20:39:53.719 INFO  vert.x-eventloop-thread-0 BaseServiceProxy     : -> GET /v1/api/iserver/account/orders,200|95ms
20:39:54.217 INFO  vert.x-eventloop-thread-0 BaseServiceProxy     : -> GET /v1/api/iserver/account/U5799398/order/177393565,200|446ms
20:39:54.323 INFO  vert.x-eventloop-thread-0 BaseServiceProxy     : -> GET /v1/api/iserver/account/orders,200|103ms
20:39:54.514 INFO  vert.x-eventloop-thread-0 BaseServiceProxy     : -> GET /v1/api/iserver/marketdata/history?conid=51529211&period=30d&bar=1d&outsideRth=false,200|99ms
20:39:54.616 INFO  vert.x-eventloop-thread-0 BaseServiceProxy     : -> GET /v1/api/iserver/marketdata/history?conid=51529211&period=30d&bar=1d&outsideRth=false,200|97ms
20:39:54.767 INFO  vert.x-eventloop-thread-0 BaseServiceProxy     : -> GET /v1/api/iserver/account/orders,200|90ms
20:40:16.825 INFO  vert.x-eventloop-thread-0 BaseServiceProxy     : -> GET /v1/api/tickle,200|103ms
20:40:16.827 DEBUG vert.x-eventloop-thread-0 ClientPortalService  : tickle {"session":"c1d79c0a9c2d8d4039d5b5f780f7bcc3","ssoExpires":504430,"collission":false,"userId":50301190,"hmds":{"error":"no bridge"},"iserver":{"authStatus":{"authenticated":true,"established":true,"competing":false,"connected":true,"message":"","MAC":"06:A8:C0:D9:D5:E3","serverInfo":{"serverName":"JifH01132","serverVersion":"Build 10.44.1d, Mar 3, 2026 1:55:32 PM"},"hardware_info":"275c5aa2|06:A8:C0:D9:D5:E3"}}}
20:40:46.820 INFO  vert.x-eventloop-thread-0 BaseServiceProxy     : -> GET /v1/api/tickle,200|97ms
20:40:46.821 DEBUG vert.x-eventloop-thread-0 ClientPortalService  : tickle {"session":"c1d79c0a9c2d8d4039d5b5f780f7bcc3","ssoExpires":474432,"collission":false,"userId":50301190,"hmds":{"error":"no bridge"},"iserver":{"authStatus":{"authenticated":true,"established":true,"competing":false,"connected":true,"message":"","MAC":"06:A8:C0:D9:D5:E3","serverInfo":{"serverName":"JifH01132","serverVersion":"Build 10.44.1d, Mar 3, 2026 1:55:32 PM"},"hardware_info":"275c5aa2|06:A8:C0:D9:D5:E3"}}}
20:41:16.836 INFO  vert.x-eventloop-thread-0 BaseServiceProxy     : -> GET /v1/api/tickle,200|115ms
20:41:16.837 DEBUG vert.x-eventloop-thread-0 ClientPortalService  : tickle {"session":"c1d79c0a9c2d8d4039d5b5f780f7bcc3","ssoExpires":444421,"collission":false,"userId":50301190,"hmds":{"error":"no bridge"},"iserver":{"authStatus":{"authenticated":true,"established":true,"competing":false,"connected":true,"message":"","MAC":"06:A8:C0:D9:D5:E3","serverInfo":{"serverName":"JifH01132","serverVersion":"Build 10.44.1d, Mar 3, 2026 1:55:32 PM"},"hardware_info":"275c5aa2|06:A8:C0:D9:D5:E3"}}}
20:41:42.099 INFO  vert.x-eventloop-thread-0 BaseServiceProxy     : -> GET /v1/api/iserver/account/trades,200|139ms
20:41:44.250 INFO  vert.x-eventloop-thread-0 BaseServiceProxy     : -> GET /v1/api/iserver/account/trades,200|95ms
20:41:46.841 INFO  vert.x-eventloop-thread-0 BaseServiceProxy     : -> GET /v1/api/tickle,200|119ms
20:41:46.842 DEBUG vert.x-eventloop-thread-0 ClientPortalService  : tickle {"session":"c1d79c0a9c2d8d4039d5b5f780f7bcc3","ssoExpires":414428,"collission":false,"userId":50301190,"hmds":{"error":"no bridge"},"iserver":{"authStatus":{"authenticated":true,"established":true,"competing":false,"connected":true,"message":"","MAC":"06:A8:C0:D9:D5:E3","serverInfo":{"serverName":"JifH01132","serverVersion":"Build 10.44.1d, Mar 3, 2026 1:55:32 PM"},"hardware_info":"275c5aa2|06:A8:C0:D9:D5:E3"}}}
20:41:47.489 INFO  vert.x-eventloop-thread-0 BaseServiceProxy     : -> GET /v1/api/tickle,200|194ms
20:42:16.851 INFO  vert.x-eventloop-thread-0 BaseServiceProxy     : -> GET /v1/api/tickle,200|129ms
20:42:16.853 DEBUG vert.x-eventloop-thread-0 ClientPortalService  : tickle {"session":"c1d79c0a9c2d8d4039d5b5f780f7bcc3","ssoExpires":384423,"collission":false,"userId":50301190,"hmds":{"error":"no bridge"},"iserver":{"authStatus":{"authenticated":true,"established":true,"competing":false,"connected":true,"message":"","MAC":"06:A8:C0:D9:D5:E3","serverInfo":{"serverName":"JifH01132","serverVersion":"Build 10.44.1d, Mar 3, 2026 1:55:32 PM"},"hardware_info":"275c5aa2|06:A8:C0:D9:D5:E3"}}}
20:42:46.827 INFO  vert.x-eventloop-thread-0 BaseServiceProxy     : -> GET /v1/api/tickle,200|106ms
20:42:46.829 DEBUG vert.x-eventloop-thread-0 ClientPortalService  : tickle {"session":"c1d79c0a9c2d8d4039d5b5f780f7bcc3","ssoExpires":354425,"collission":false,"userId":50301190,"hmds":{"error":"no bridge"},"iserver":{"authStatus":{"authenticated":true,"established":true,"competing":false,"connected":true,"message":"","MAC":"06:A8:C0:D9:D5:E3","serverInfo":{"serverName":"JifH01132","serverVersion":"Build 10.44.1d, Mar 3, 2026 1:55:32 PM"},"hardware_info":"275c5aa2|06:A8:C0:D9:D5:E3"}}}
20:43:16.834 INFO  vert.x-eventloop-thread-0 BaseServiceProxy     : -> GET /v1/api/tickle,200|112ms
20:43:16.836 DEBUG vert.x-eventloop-thread-0 ClientPortalService  : tickle {"session":"c1d79c0a9c2d8d4039d5b5f780f7bcc3","ssoExpires":324426,"collission":false,"userId":50301190,"hmds":{"error":"no bridge"},"iserver":{"authStatus":{"authenticated":true,"established":true,"competing":false,"connected":true,"message":"","MAC":"06:A8:C0:D9:D5:E3","serverInfo":{"serverName":"JifH01132","serverVersion":"Build 10.44.1d, Mar 3, 2026 1:55:32 PM"},"hardware_info":"275c5aa2|06:A8:C0:D9:D5:E3"}}}
20:43:41.850 INFO  vert.x-eventloop-thread-0 BaseServiceProxy     : -> GET /sso/ping,200|485ms
20:43:41.851 INFO  vert.x-eventloop-thread-0 SsoService           : sso ping {"result": "true"}
20:43:46.857 INFO  vert.x-eventloop-thread-0 BaseServiceProxy     : -> GET /v1/api/tickle,200|136ms
20:43:46.858 DEBUG vert.x-eventloop-thread-0 ClientPortalService  : tickle {"session":"c1d79c0a9c2d8d4039d5b5f780f7bcc3","ssoExpires":294413,"collission":false,"userId":50301190,"hmds":{"error":"no bridge"},"iserver":{"authStatus":{"authenticated":true,"established":true,"competing":false,"connected":true,"message":"","MAC":"06:A8:C0:D9:D5:E3","serverInfo":{"serverName":"JifH01132","serverVersion":"Build 10.44.1d, Mar 3, 2026 1:55:32 PM"},"hardware_info":"275c5aa2|06:A8:C0:D9:D5:E3"}}}
20:44:07.717 INFO  vert.x-eventloop-thread-0 BaseServiceProxy     : -> GET /v1/api/iserver/account/orders,200|226ms
20:44:07.838 INFO  vert.x-eventloop-thread-0 BaseServiceProxy     : -> GET /v1/api/iserver/account/orders,200|103ms
20:44:08.252 INFO  vert.x-eventloop-thread-0 BaseServiceProxy     : -> GET /v1/api/iserver/account/U5799398/order/1833693392,200|394ms
20:44:08.436 INFO  vert.x-eventloop-thread-0 BaseServiceProxy     : -> GET /v1/api/iserver/reply/c33096e8-1ee9-4803-bd23-2552bec5de09,200|182ms
20:44:08.529 INFO  vert.x-eventloop-thread-0 BaseServiceProxy     : -> GET /v1/api/iserver/account/orders,200|90ms
20:44:08.991 INFO  vert.x-eventloop-thread-0 BaseServiceProxy     : -> GET /v1/api/iserver/marketdata/history?conid=849557888&period=30d&bar=1d&outsideRth=false,200|444ms
20:44:09.118 INFO  vert.x-eventloop-thread-0 BaseServiceProxy     : -> GET /v1/api/iserver/marketdata/history?conid=849557888&period=30d&bar=1d&outsideRth=false,200|124ms
20:44:09.311 INFO  vert.x-eventloop-thread-0 BaseServiceProxy     : -> GET /v1/api/iserver/account/orders,200|133ms
20:44:16.819 INFO  vert.x-eventloop-thread-0 BaseServiceProxy     : -> GET /v1/api/tickle,200|98ms
20:44:16.821 DEBUG vert.x-eventloop-thread-0 ClientPortalService  : tickle {"session":"c1d79c0a9c2d8d4039d5b5f780f7bcc3","ssoExpires":264435,"collission":false,"userId":50301190,"hmds":{"error":"no bridge"},"iserver":{"authStatus":{"authenticated":true,"established":true,"competing":false,"connected":true,"message":"","MAC":"06:A8:C0:D9:D5:E3","serverInfo":{"serverName":"JifH01132","serverVersion":"Build 10.44.1d, Mar 3, 2026 1:55:32 PM"},"hardware_info":"275c5aa2|06:A8:C0:D9:D5:E3"}}}
20:44:46.845 INFO  vert.x-eventloop-thread-0 BaseServiceProxy     : -> GET /v1/api/tickle,200|125ms
20:44:46.847 DEBUG vert.x-eventloop-thread-0 ClientPortalService  : tickle {"session":"c1d79c0a9c2d8d4039d5b5f780f7bcc3","ssoExpires":234411,"collission":false,"userId":50301190,"hmds":{"error":"no bridge"},"iserver":{"authStatus":{"authenticated":true,"established":true,"competing":false,"connected":true,"message":"","MAC":"06:A8:C0:D9:D5:E3","serverInfo":{"serverName":"JifH01132","serverVersion":"Build 10.44.1d, Mar 3, 2026 1:55:32 PM"},"hardware_info":"275c5aa2|06:A8:C0:D9:D5:E3"}}}
20:44:47.734 INFO  vert.x-eventloop-thread-0 BaseServiceProxy     : -> GET /v1/api/tickle,200|119ms
20:45:15.695 INFO  vert.x-eventloop-thread-0 BaseServiceProxy     : -> GET /v1/api/portfolio/U5799398/summary,200|415ms
20:45:15.810 INFO  vert.x-eventloop-thread-0 BaseServiceProxy     : -> GET /v1/api/iserver/account/orders,200|99ms
20:45:15.900 INFO  vert.x-eventloop-thread-0 BaseServiceProxy     : -> GET /v1/api/portfolio/U5799398/positions/0?direction=a&period=1W&sort=position,200|198ms
20:45:16.810 INFO  vert.x-eventloop-thread-0 BaseServiceProxy     : -> GET /v1/api/tickle,200|89ms
20:45:16.810 DEBUG vert.x-eventloop-thread-0 ClientPortalService  : tickle {"session":"c1d79c0a9c2d8d4039d5b5f780f7bcc3","ssoExpires":204441,"collission":false,"userId":50301190,"hmds":{"error":"no bridge"},"iserver":{"authStatus":{"authenticated":true,"established":true,"competing":false,"connected":true,"message":"","MAC":"06:A8:C0:D9:D5:E3","serverInfo":{"serverName":"JifH01132","serverVersion":"Build 10.44.1d, Mar 3, 2026 1:55:32 PM"},"hardware_info":"275c5aa2|06:A8:C0:D9:D5:E3"}}}
20:45:24.451 INFO  vert.x-eventloop-thread-0 BaseServiceProxy     : -> GET /v1/api/iserver/secdef/search?symbol=YSS&secType=STK,200|146ms
20:45:24.563 INFO  vert.x-eventloop-thread-0 BaseServiceProxy     : -> GET /v1/api/iserver/account/orders,200|97ms
20:45:24.941 INFO  vert.x-eventloop-thread-0 BaseServiceProxy     : -> GET /v1/api/iserver/marketdata/history?conid=849557888&period=30d&bar=1d&outsideRth=false,200|331ms
20:45:25.078 INFO  vert.x-eventloop-thread-0 BaseServiceProxy     : -> GET /v1/api/iserver/marketdata/history?conid=849557888&period=30d&bar=1d&outsideRth=false,200|134ms
20:45:25.454 INFO  vert.x-eventloop-thread-0 BaseServiceProxy     : -> GET /v1/api/portfolio/U5799398/summary,200|375ms
20:45:25.890 INFO  vert.x-eventloop-thread-0 BaseServiceProxy     : -> GET /v1/api/iserver/account/U5799398/orders,200|432ms
20:45:25.986 INFO  vert.x-eventloop-thread-0 BaseServiceProxy     : -> GET /v1/api/iserver/reply/b6d62517-0834-4ecf-82e1-7bb8ad8bfbb6,200|94ms
20:45:26.118 INFO  vert.x-eventloop-thread-0 BaseServiceProxy     : -> GET /v1/api/iserver/reply/32581bce-9388-421e-9110-da785c2748f4,200|130ms
20:45:26.233 INFO  vert.x-eventloop-thread-0 BaseServiceProxy     : -> GET /v1/api/iserver/reply/d4ae7d93-1793-4d19-bbd5-442f1d359b88,200|112ms
20:45:26.332 INFO  vert.x-eventloop-thread-0 BaseServiceProxy     : -> GET /v1/api/iserver/reply/b43caa28-0342-4a6e-b55c-8013bbb90564,200|95ms
20:45:26.479 INFO  vert.x-eventloop-thread-0 BaseServiceProxy     : -> GET /v1/api/iserver/reply/1d76431f-bc98-4e92-b803-39fd9200616c,200|143ms
20:45:26.585 INFO  vert.x-eventloop-thread-0 BaseServiceProxy     : -> GET /v1/api/iserver/account/orders,200|105ms
20:45:26.812 INFO  vert.x-eventloop-thread-0 BaseServiceProxy     : -> GET /v1/api/iserver/marketdata/history?conid=849557888&period=30d&bar=1d&outsideRth=false,200|95ms
20:45:26.916 INFO  vert.x-eventloop-thread-0 BaseServiceProxy     : -> GET /v1/api/iserver/marketdata/history?conid=849557888&period=30d&bar=1d&outsideRth=false,200|99ms
20:45:27.013 INFO  vert.x-eventloop-thread-0 BaseServiceProxy     : -> GET /v1/api/iserver/marketdata/history?conid=849557888&period=30d&bar=1d&outsideRth=false,200|95ms
20:45:27.153 INFO  vert.x-eventloop-thread-0 BaseServiceProxy     : -> GET /v1/api/iserver/marketdata/history?conid=849557888&period=30d&bar=1d&outsideRth=false,200|137ms
20:45:35.647 INFO  vert.x-eventloop-thread-0 BaseServiceProxy     : -> GET /v1/api/iserver/account/orders,200|108ms
20:45:35.819 INFO  vert.x-eventloop-thread-0 BaseServiceProxy     : -> GET /v1/api/iserver/marketdata/history?conid=849557888&period=30d&bar=1d&outsideRth=false,200|119ms
20:45:35.922 INFO  vert.x-eventloop-thread-0 BaseServiceProxy     : -> GET /v1/api/iserver/marketdata/history?conid=849557888&period=30d&bar=1d&outsideRth=false,200|100ms
20:45:36.031 INFO  vert.x-eventloop-thread-0 BaseServiceProxy     : -> GET /v1/api/iserver/marketdata/history?conid=849557888&period=30d&bar=1d&outsideRth=false,200|105ms
20:45:36.130 INFO  vert.x-eventloop-thread-0 BaseServiceProxy     : -> GET /v1/api/iserver/marketdata/history?conid=849557888&period=30d&bar=1d&outsideRth=false,200|95ms
20:45:36.284 INFO  vert.x-eventloop-thread-0 BaseServiceProxy     : -> GET /v1/api/iserver/account/orders,200|93ms
20:45:36.388 INFO  vert.x-eventloop-thread-0 BaseServiceProxy     : -> GET /v1/api/iserver/account/orders,200|93ms
20:45:36.804 INFO  vert.x-eventloop-thread-0 BaseServiceProxy     : -> GET /v1/api/iserver/account/U5799398/order/1833693392,200|356ms
20:45:36.962 INFO  vert.x-eventloop-thread-0 BaseServiceProxy     : -> GET /v1/api/iserver/reply/04b9dbb0-a43c-40ca-97b1-243749c9cac8,200|155ms
20:45:37.101 INFO  vert.x-eventloop-thread-0 BaseServiceProxy     : -> GET /v1/api/iserver/account/orders,200|136ms
20:45:37.277 INFO  vert.x-eventloop-thread-0 BaseServiceProxy     : -> GET /v1/api/iserver/marketdata/history?conid=849557888&period=30d&bar=1d&outsideRth=false,200|116ms
20:45:37.381 INFO  vert.x-eventloop-thread-0 BaseServiceProxy     : -> GET /v1/api/iserver/marketdata/history?conid=849557888&period=30d&bar=1d&outsideRth=false,200|100ms
20:45:37.509 INFO  vert.x-eventloop-thread-0 BaseServiceProxy     : -> GET /v1/api/iserver/marketdata/history?conid=849557888&period=30d&bar=1d&outsideRth=false,200|124ms
20:45:37.615 INFO  vert.x-eventloop-thread-0 BaseServiceProxy     : -> GET /v1/api/iserver/marketdata/history?conid=849557888&period=30d&bar=1d&outsideRth=false,200|102ms
20:45:37.859 INFO  vert.x-eventloop-thread-0 BaseServiceProxy     : -> GET /v1/api/iserver/account/orders,200|183ms
20:45:41.452 INFO  vert.x-eventloop-thread-0 BaseServiceProxy     : -> GET /v1/api/iserver/account/orders,200|377ms
20:45:41.568 INFO  vert.x-eventloop-thread-0 BaseServiceProxy     : -> GET /v1/api/iserver/marketdata/history?conid=849557888&period=30d&bar=1d&outsideRth=false,200|90ms
20:45:41.659 INFO  vert.x-eventloop-thread-0 BaseServiceProxy     : -> GET /v1/api/iserver/marketdata/history?conid=849557888&period=30d&bar=1d&outsideRth=false,200|89ms
20:45:41.745 INFO  vert.x-eventloop-thread-0 BaseServiceProxy     : -> GET /v1/api/iserver/marketdata/history?conid=849557888&period=30d&bar=1d&outsideRth=false,200|83ms
20:45:41.906 INFO  vert.x-eventloop-thread-0 BaseServiceProxy     : -> GET /v1/api/iserver/marketdata/history?conid=849557888&period=30d&bar=1d&outsideRth=false,200|158ms
20:45:46.815 INFO  vert.x-eventloop-thread-0 BaseServiceProxy     : -> GET /v1/api/tickle,200|94ms
20:45:46.815 DEBUG vert.x-eventloop-thread-0 ClientPortalService  : tickle {"session":"c1d79c0a9c2d8d4039d5b5f780f7bcc3","ssoExpires":174446,"collission":false,"userId":50301190,"hmds":{"error":"no bridge"},"iserver":{"authStatus":{"authenticated":true,"established":true,"competing":false,"connected":true,"message":"","MAC":"06:A8:C0:D9:D5:E3","serverInfo":{"serverName":"JifH01132","serverVersion":"Build 10.44.1d, Mar 3, 2026 1:55:32 PM"},"hardware_info":"275c5aa2|06:A8:C0:D9:D5:E3"}}}
20:46:16.958 INFO  vert.x-eventloop-thread-0 BaseServiceProxy     : -> GET /v1/api/tickle,200|238ms
20:46:16.959 DEBUG vert.x-eventloop-thread-0 ClientPortalService  : tickle {"session":"c1d79c0a9c2d8d4039d5b5f780f7bcc3","ssoExpires":144285,"collission":false,"userId":50301190,"hmds":{"error":"no bridge"},"iserver":{"authStatus":{"authenticated":true,"established":true,"competing":false,"connected":true,"message":"","MAC":"06:A8:C0:D9:D5:E3","serverInfo":{"serverName":"JifH01132","serverVersion":"Build 10.44.1d, Mar 3, 2026 1:55:32 PM"},"hardware_info":"275c5aa2|06:A8:C0:D9:D5:E3"}}}
20:46:46.805 INFO  vert.x-eventloop-thread-0 BaseServiceProxy     : -> GET /v1/api/tickle,200|85ms
20:46:46.806 DEBUG vert.x-eventloop-thread-0 ClientPortalService  : tickle {"session":"c1d79c0a9c2d8d4039d5b5f780f7bcc3","ssoExpires":114444,"collission":false,"userId":50301190,"hmds":{"error":"no bridge"},"iserver":{"authStatus":{"authenticated":true,"established":true,"competing":false,"connected":true,"message":"","MAC":"06:A8:C0:D9:D5:E3","serverInfo":{"serverName":"JifH01132","serverVersion":"Build 10.44.1d, Mar 3, 2026 1:55:32 PM"},"hardware_info":"275c5aa2|06:A8:C0:D9:D5:E3"}}}
20:46:54.775 INFO  vert.x-eventloop-thread-0 BaseServiceProxy     : -> GET /v1/api/iserver/account/orders,200|128ms
20:46:54.891 INFO  vert.x-eventloop-thread-0 BaseServiceProxy     : -> GET /v1/api/iserver/account/orders,200|83ms
20:46:55.389 INFO  vert.x-eventloop-thread-0 BaseServiceProxy     : -> GET /v1/api/iserver/account/U5799398/order/1833693392,200|462ms
20:46:55.469 INFO  vert.x-eventloop-thread-0 BaseServiceProxy     : -> GET /v1/api/iserver/account/orders,200|77ms
20:46:55.904 INFO  vert.x-eventloop-thread-0 BaseServiceProxy     : -> GET /v1/api/iserver/marketdata/history?conid=849557888&period=30d&bar=1d&outsideRth=false,200|413ms
20:46:55.996 INFO  vert.x-eventloop-thread-0 BaseServiceProxy     : -> GET /v1/api/iserver/marketdata/history?conid=849557888&period=30d&bar=1d&outsideRth=false,200|88ms
20:46:56.082 INFO  vert.x-eventloop-thread-0 BaseServiceProxy     : -> GET /v1/api/iserver/marketdata/history?conid=849557888&period=30d&bar=1d&outsideRth=false,200|82ms
20:46:56.168 INFO  vert.x-eventloop-thread-0 BaseServiceProxy     : -> GET /v1/api/iserver/marketdata/history?conid=849557888&period=30d&bar=1d&outsideRth=false,200|82ms
20:46:56.307 INFO  vert.x-eventloop-thread-0 BaseServiceProxy     : -> GET /v1/api/iserver/account/orders,200|82ms
20:46:56.422 INFO  vert.x-eventloop-thread-0 BaseServiceProxy     : -> GET /v1/api/iserver/account/orders,200|85ms
20:46:56.541 INFO  vert.x-eventloop-thread-0 BaseServiceProxy     : -> GET /v1/api/iserver/account/orders,200|79ms
20:46:57.028 INFO  vert.x-eventloop-thread-0 BaseServiceProxy     : -> GET /v1/api/iserver/account/U5799398/order/177393569,200|449ms
20:46:57.109 INFO  vert.x-eventloop-thread-0 BaseServiceProxy     : -> GET /v1/api/iserver/account/orders,200|78ms
20:46:57.246 INFO  vert.x-eventloop-thread-0 BaseServiceProxy     : -> GET /v1/api/iserver/marketdata/history?conid=849557888&period=30d&bar=1d&outsideRth=false,200|93ms
20:46:57.336 INFO  vert.x-eventloop-thread-0 BaseServiceProxy     : -> GET /v1/api/iserver/marketdata/history?conid=849557888&period=30d&bar=1d&outsideRth=false,200|86ms
20:46:57.454 INFO  vert.x-eventloop-thread-0 BaseServiceProxy     : -> GET /v1/api/iserver/marketdata/history?conid=849557888&period=30d&bar=1d&outsideRth=false,200|115ms
20:46:57.547 INFO  vert.x-eventloop-thread-0 BaseServiceProxy     : -> GET /v1/api/iserver/marketdata/history?conid=849557888&period=30d&bar=1d&outsideRth=false,200|89ms
20:46:57.688 INFO  vert.x-eventloop-thread-0 BaseServiceProxy     : -> GET /v1/api/iserver/account/orders,200|81ms
20:47:00.369 INFO  vert.x-eventloop-thread-0 BaseServiceProxy     : -> GET /v1/api/iserver/account/orders,200|75ms
20:47:00.561 INFO  vert.x-eventloop-thread-0 BaseServiceProxy     : -> GET /v1/api/iserver/marketdata/history?conid=849557888&period=30d&bar=1d&outsideRth=false,200|169ms
20:47:00.644 INFO  vert.x-eventloop-thread-0 BaseServiceProxy     : -> GET /v1/api/iserver/marketdata/history?conid=849557888&period=30d&bar=1d&outsideRth=false,200|81ms
20:47:00.731 INFO  vert.x-eventloop-thread-0 BaseServiceProxy     : -> GET /v1/api/iserver/marketdata/history?conid=849557888&period=30d&bar=1d&outsideRth=false,200|86ms
20:47:00.829 INFO  vert.x-eventloop-thread-0 BaseServiceProxy     : -> GET /v1/api/iserver/marketdata/history?conid=849557888&period=30d&bar=1d&outsideRth=false,200|96ms
20:47:16.846 INFO  vert.x-eventloop-thread-0 BaseServiceProxy     : -> GET /v1/api/tickle,200|126ms
20:47:16.847 DEBUG vert.x-eventloop-thread-0 ClientPortalService  : tickle {"session":"c1d79c0a9c2d8d4039d5b5f780f7bcc3","ssoExpires":84441,"collission":false,"userId":50301190,"hmds":{"error":"no bridge"},"iserver":{"authStatus":{"authenticated":true,"established":true,"competing":false,"connected":true,"message":"","MAC":"06:A8:C0:D9:D5:E3","serverInfo":{"serverName":"JifH01132","serverVersion":"Build 10.44.1d, Mar 3, 2026 1:55:32 PM"},"hardware_info":"275c5aa2|06:A8:C0:D9:D5:E3"}}}
20:47:46.809 INFO  vert.x-eventloop-thread-0 BaseServiceProxy     : -> GET /v1/api/tickle,200|89ms
20:47:46.810 DEBUG vert.x-eventloop-thread-0 ClientPortalService  : tickle {"session":"c1d79c0a9c2d8d4039d5b5f780f7bcc3","ssoExpires":54436,"collission":false,"userId":50301190,"hmds":{"error":"no bridge"},"iserver":{"authStatus":{"authenticated":true,"established":true,"competing":false,"connected":true,"message":"","MAC":"06:A8:C0:D9:D5:E3","serverInfo":{"serverName":"JifH01132","serverVersion":"Build 10.44.1d, Mar 3, 2026 1:55:32 PM"},"hardware_info":"275c5aa2|06:A8:C0:D9:D5:E3"}}}
20:47:47.953 INFO  vert.x-eventloop-thread-0 BaseServiceProxy     : -> GET /v1/api/tickle,200|107ms
20:48:17.061 INFO  vert.x-eventloop-thread-0 BaseServiceProxy     : -> GET /v1/api/tickle,200|341ms
20:48:17.062 DEBUG vert.x-eventloop-thread-0 ClientPortalService  : tickle {"session":"c1d79c0a9c2d8d4039d5b5f780f7bcc3","ssoExpires":24187,"collission":false,"userId":50301190,"hmds":{"error":"no bridge"},"iserver":{"authStatus":{"authenticated":true,"established":true,"competing":false,"connected":true,"message":"","MAC":"06:A8:C0:D9:D5:E3","serverInfo":{"serverName":"JifH01132","serverVersion":"Build 10.44.1d, Mar 3, 2026 1:55:32 PM"},"hardware_info":"275c5aa2|06:A8:C0:D9:D5:E3"}}}
20:48:41.650 INFO  vert.x-eventloop-thread-0 BaseServiceProxy     : -> GET /sso/ping,200|288ms
20:48:41.651 INFO  vert.x-eventloop-thread-0 SsoService           : sso ping {"result": "true"}
20:48:46.832 INFO  vert.x-eventloop-thread-0 BaseServiceProxy     : -> GET /v1/api/tickle,200|112ms
20:48:46.833 DEBUG vert.x-eventloop-thread-0 ClientPortalService  : tickle {"session":"c1d79c0a9c2d8d4039d5b5f780f7bcc3","ssoExpires":600000,"collission":false,"userId":50301190,"hmds":{"error":"no bridge"},"iserver":{"authStatus":{"authenticated":true,"established":true,"competing":false,"connected":true,"message":"","MAC":"06:A8:C0:D9:D5:E3","serverInfo":{"serverName":"JifH01132","serverVersion":"Build 10.44.1d, Mar 3, 2026 1:55:32 PM"},"hardware_info":"275c5aa2|06:A8:C0:D9:D5:E3"}}}
20:49:16.839 INFO  vert.x-eventloop-thread-0 BaseServiceProxy     : -> GET /v1/api/tickle,200|118ms
20:49:16.842 DEBUG vert.x-eventloop-thread-0 ClientPortalService  : tickle {"session":"c1d79c0a9c2d8d4039d5b5f780f7bcc3","ssoExpires":569993,"collission":false,"userId":50301190,"hmds":{"error":"no bridge"},"iserver":{"authStatus":{"authenticated":true,"established":true,"competing":false,"connected":true,"message":"","MAC":"06:A8:C0:D9:D5:E3","serverInfo":{"serverName":"JifH01132","serverVersion":"Build 10.44.1d, Mar 3, 2026 1:55:32 PM"},"hardware_info":"275c5aa2|06:A8:C0:D9:D5:E3"}}}
20:49:46.832 INFO  vert.x-eventloop-thread-0 BaseServiceProxy     : -> GET /v1/api/tickle,200|113ms
20:49:46.833 DEBUG vert.x-eventloop-thread-0 ClientPortalService  : tickle {"session":"c1d79c0a9c2d8d4039d5b5f780f7bcc3","ssoExpires":540004,"collission":false,"userId":50301190,"hmds":{"error":"no bridge"},"iserver":{"authStatus":{"authenticated":true,"established":true,"competing":false,"connected":true,"message":"","MAC":"06:A8:C0:D9:D5:E3","serverInfo":{"serverName":"JifH01132","serverVersion":"Build 10.44.1d, Mar 3, 2026 1:55:32 PM"},"hardware_info":"275c5aa2|06:A8:C0:D9:D5:E3"}}}
20:50:17.110 INFO  vert.x-eventloop-thread-0 BaseServiceProxy     : -> GET /v1/api/tickle,200|390ms
20:50:17.112 DEBUG vert.x-eventloop-thread-0 ClientPortalService  : tickle {"session":"c1d79c0a9c2d8d4039d5b5f780f7bcc3","ssoExpires":509803,"collission":false,"userId":50301190,"hmds":{"error":"no bridge"},"iserver":{"authStatus":{"authenticated":true,"established":true,"competing":false,"connected":true,"message":"","MAC":"06:A8:C0:D9:D5:E3","serverInfo":{"serverName":"JifH01132","serverVersion":"Build 10.44.1d, Mar 3, 2026 1:55:32 PM"},"hardware_info":"275c5aa2|06:A8:C0:D9:D5:E3"}}}
20:50:19.366 INFO  vert.x-eventloop-thread-0 BaseServiceProxy     : -> GET /v1/api/iserver/account/orders,200|381ms
20:50:19.674 INFO  vert.x-eventloop-thread-0 BaseServiceProxy     : -> GET /v1/api/iserver/account/orders,200|295ms
20:50:20.187 INFO  vert.x-eventloop-thread-0 BaseServiceProxy     : -> GET /v1/api/iserver/account/U5799398/order/658676953,200|498ms
20:50:20.493 INFO  vert.x-eventloop-thread-0 BaseServiceProxy     : -> GET /v1/api/iserver/reply/11e343f6-1c06-4552-abfa-ad7841e6c64b,200|301ms
20:50:20.752 INFO  vert.x-eventloop-thread-0 BaseServiceProxy     : -> GET /v1/api/iserver/account/orders,200|257ms
20:50:21.620 INFO  vert.x-eventloop-thread-0 BaseServiceProxy     : -> GET /v1/api/iserver/marketdata/history?conid=9485&period=30d&bar=1d&outsideRth=false,200|809ms
20:50:21.928 INFO  vert.x-eventloop-thread-0 BaseServiceProxy     : -> GET /v1/api/iserver/marketdata/history?conid=9485&period=30d&bar=1d&outsideRth=false,200|306ms
20:50:22.099 INFO  vert.x-eventloop-thread-0 BaseServiceProxy     : -> GET /v1/api/iserver/account/orders,200|115ms
20:50:47.200 INFO  vert.x-eventloop-thread-0 BaseServiceProxy     : -> GET /v1/api/tickle,200|481ms
20:50:47.201 DEBUG vert.x-eventloop-thread-0 ClientPortalService  : tickle {"session":"c1d79c0a9c2d8d4039d5b5f780f7bcc3","ssoExpires":479831,"collission":false,"userId":50301190,"hmds":{"error":"no bridge"},"iserver":{"authStatus":{"authenticated":true,"established":true,"competing":false,"connected":true,"message":"","MAC":"06:A8:C0:D9:D5:E3","serverInfo":{"serverName":"JifH01132","serverVersion":"Build 10.44.1d, Mar 3, 2026 1:55:32 PM"},"hardware_info":"275c5aa2|06:A8:C0:D9:D5:E3"}}}
20:50:48.549 INFO  vert.x-eventloop-thread-0 BaseServiceProxy     : -> GET /v1/api/tickle,200|473ms
20:51:17.325 INFO  vert.x-eventloop-thread-0 BaseServiceProxy     : -> GET /v1/api/tickle,200|606ms
20:51:17.326 DEBUG vert.x-eventloop-thread-0 ClientPortalService  : tickle {"session":"c1d79c0a9c2d8d4039d5b5f780f7bcc3","ssoExpires":449674,"collission":false,"userId":50301190,"hmds":{"error":"no bridge"},"iserver":{"authStatus":{"authenticated":true,"established":true,"competing":false,"connected":true,"message":"","MAC":"06:A8:C0:D9:D5:E3","serverInfo":{"serverName":"JifH01132","serverVersion":"Build 10.44.1d, Mar 3, 2026 1:55:32 PM"},"hardware_info":"275c5aa2|06:A8:C0:D9:D5:E3"}}}
20:51:46.806 INFO  vert.x-eventloop-thread-0 BaseServiceProxy     : -> GET /v1/api/tickle,200|88ms
20:51:46.807 DEBUG vert.x-eventloop-thread-0 ClientPortalService  : tickle {"session":"c1d79c0a9c2d8d4039d5b5f780f7bcc3","ssoExpires":420018,"collission":false,"userId":50301190,"hmds":{"error":"no bridge"},"iserver":{"authStatus":{"authenticated":true,"established":true,"competing":false,"connected":true,"message":"","MAC":"06:A8:C0:D9:D5:E3","serverInfo":{"serverName":"JifH01132","serverVersion":"Build 10.44.1d, Mar 3, 2026 1:55:32 PM"},"hardware_info":"275c5aa2|06:A8:C0:D9:D5:E3"}}}
20:52:16.833 INFO  vert.x-eventloop-thread-0 BaseServiceProxy     : -> GET /v1/api/tickle,200|115ms
20:52:16.835 DEBUG vert.x-eventloop-thread-0 ClientPortalService  : tickle {"session":"c1d79c0a9c2d8d4039d5b5f780f7bcc3","ssoExpires":390019,"collission":false,"userId":50301190,"hmds":{"error":"no bridge"},"iserver":{"authStatus":{"authenticated":true,"established":true,"competing":false,"connected":true,"message":"","MAC":"06:A8:C0:D9:D5:E3","serverInfo":{"serverName":"JifH01132","serverVersion":"Build 10.44.1d, Mar 3, 2026 1:55:32 PM"},"hardware_info":"275c5aa2|06:A8:C0:D9:D5:E3"}}}
20:52:47.049 INFO  vert.x-eventloop-thread-0 BaseServiceProxy     : -> GET /v1/api/tickle,200|332ms
20:52:47.050 DEBUG vert.x-eventloop-thread-0 ClientPortalService  : tickle {"session":"c1d79c0a9c2d8d4039d5b5f780f7bcc3","ssoExpires":359777,"collission":false,"userId":50301190,"hmds":{"error":"no bridge"},"iserver":{"authStatus":{"authenticated":true,"established":true,"competing":false,"connected":true,"message":"","MAC":"06:A8:C0:D9:D5:E3","serverInfo":{"serverName":"JifH01132","serverVersion":"Build 10.44.1d, Mar 3, 2026 1:55:32 PM"},"hardware_info":"275c5aa2|06:A8:C0:D9:D5:E3"}}}
20:53:17.064 INFO  vert.x-eventloop-thread-0 BaseServiceProxy     : -> GET /v1/api/tickle,200|345ms
20:53:17.065 DEBUG vert.x-eventloop-thread-0 ClientPortalService  : tickle {"session":"c1d79c0a9c2d8d4039d5b5f780f7bcc3","ssoExpires":329764,"collission":false,"userId":50301190,"hmds":{"error":"no bridge"},"iserver":{"authStatus":{"authenticated":true,"established":true,"competing":false,"connected":true,"message":"","MAC":"06:A8:C0:D9:D5:E3","serverInfo":{"serverName":"JifH01132","serverVersion":"Build 10.44.1d, Mar 3, 2026 1:55:32 PM"},"hardware_info":"275c5aa2|06:A8:C0:D9:D5:E3"}}}
20:53:41.662 INFO  vert.x-eventloop-thread-0 BaseServiceProxy     : -> GET /sso/ping,200|302ms
20:53:41.665 INFO  vert.x-eventloop-thread-0 SsoService           : sso ping {"result": "true"}
20:53:46.817 INFO  vert.x-eventloop-thread-0 BaseServiceProxy     : -> GET /v1/api/tickle,200|99ms
20:53:46.817 DEBUG vert.x-eventloop-thread-0 ClientPortalService  : tickle {"session":"c1d79c0a9c2d8d4039d5b5f780f7bcc3","ssoExpires":300010,"collission":false,"userId":50301190,"hmds":{"error":"no bridge"},"iserver":{"authStatus":{"authenticated":true,"established":true,"competing":false,"connected":true,"message":"","MAC":"06:A8:C0:D9:D5:E3","serverInfo":{"serverName":"JifH01132","serverVersion":"Build 10.44.1d, Mar 3, 2026 1:55:32 PM"},"hardware_info":"275c5aa2|06:A8:C0:D9:D5:E3"}}}
20:53:48.799 INFO  vert.x-eventloop-thread-0 BaseServiceProxy     : -> GET /v1/api/tickle,200|99ms
20:54:16.809 INFO  vert.x-eventloop-thread-0 BaseServiceProxy     : -> GET /v1/api/tickle,200|90ms
20:54:16.810 DEBUG vert.x-eventloop-thread-0 ClientPortalService  : tickle {"session":"c1d79c0a9c2d8d4039d5b5f780f7bcc3","ssoExpires":270015,"collission":false,"userId":50301190,"hmds":{"error":"no bridge"},"iserver":{"authStatus":{"authenticated":true,"established":true,"competing":false,"connected":true,"message":"","MAC":"06:A8:C0:D9:D5:E3","serverInfo":{"serverName":"JifH01132","serverVersion":"Build 10.44.1d, Mar 3, 2026 1:55:32 PM"},"hardware_info":"275c5aa2|06:A8:C0:D9:D5:E3"}}}
20:54:41.502 INFO  vert.x-eventloop-thread-0 BaseServiceProxy     : -> GET /v1/api/iserver/account/orders,200|110ms
20:54:41.610 INFO  vert.x-eventloop-thread-0 BaseServiceProxy     : -> GET /v1/api/iserver/account/orders,200|91ms
20:54:42.023 INFO  vert.x-eventloop-thread-0 BaseServiceProxy     : -> GET /v1/api/iserver/account/U5799398/order/1198175481,200|394ms
20:54:42.166 INFO  vert.x-eventloop-thread-0 BaseServiceProxy     : -> GET /v1/api/iserver/reply/9f1f6226-56fe-4da4-87f9-f995ee6a23d2,200|140ms
20:54:42.280 INFO  vert.x-eventloop-thread-0 BaseServiceProxy     : -> GET /v1/api/iserver/account/orders,200|112ms
20:54:42.650 INFO  vert.x-eventloop-thread-0 BaseServiceProxy     : -> GET /v1/api/iserver/marketdata/history?conid=263975426&period=30d&bar=1d&outsideRth=false,200|312ms
20:54:42.839 INFO  vert.x-eventloop-thread-0 BaseServiceProxy     : -> GET /v1/api/iserver/marketdata/history?conid=263975426&period=30d&bar=1d&outsideRth=false,200|186ms
20:54:43.002 INFO  vert.x-eventloop-thread-0 BaseServiceProxy     : -> GET /v1/api/iserver/account/orders,200|90ms
20:54:46.814 INFO  vert.x-eventloop-thread-0 BaseServiceProxy     : -> GET /v1/api/tickle,200|96ms
20:54:46.815 DEBUG vert.x-eventloop-thread-0 ClientPortalService  : tickle {"session":"c1d79c0a9c2d8d4039d5b5f780f7bcc3","ssoExpires":240013,"collission":false,"userId":50301190,"hmds":{"error":"no bridge"},"iserver":{"authStatus":{"authenticated":true,"established":true,"competing":false,"connected":true,"message":"","MAC":"06:A8:C0:D9:D5:E3","serverInfo":{"serverName":"JifH01132","serverVersion":"Build 10.44.1d, Mar 3, 2026 1:55:32 PM"},"hardware_info":"275c5aa2|06:A8:C0:D9:D5:E3"}}}
20:55:05.168 INFO  vert.x-eventloop-thread-0 BaseServiceProxy     : -> GET /v1/api/iserver/account/trades,200|290ms
20:55:16.816 INFO  vert.x-eventloop-thread-0 BaseServiceProxy     : -> GET /v1/api/tickle,200|98ms
20:55:16.818 DEBUG vert.x-eventloop-thread-0 ClientPortalService  : tickle {"session":"c1d79c0a9c2d8d4039d5b5f780f7bcc3","ssoExpires":210017,"collission":false,"userId":50301190,"hmds":{"error":"no bridge"},"iserver":{"authStatus":{"authenticated":true,"established":true,"competing":false,"connected":true,"message":"","MAC":"06:A8:C0:D9:D5:E3","serverInfo":{"serverName":"JifH01132","serverVersion":"Build 10.44.1d, Mar 3, 2026 1:55:32 PM"},"hardware_info":"275c5aa2|06:A8:C0:D9:D5:E3"}}}
20:55:46.977 INFO  vert.x-eventloop-thread-0 BaseServiceProxy     : -> GET /v1/api/tickle,200|259ms
20:55:46.979 DEBUG vert.x-eventloop-thread-0 ClientPortalService  : tickle {"session":"c1d79c0a9c2d8d4039d5b5f780f7bcc3","ssoExpires":179849,"collission":false,"userId":50301190,"hmds":{"error":"no bridge"},"iserver":{"authStatus":{"authenticated":true,"established":true,"competing":false,"connected":true,"message":"","MAC":"06:A8:C0:D9:D5:E3","serverInfo":{"serverName":"JifH01132","serverVersion":"Build 10.44.1d, Mar 3, 2026 1:55:32 PM"},"hardware_info":"275c5aa2|06:A8:C0:D9:D5:E3"}}}
20:56:17.152 INFO  vert.x-eventloop-thread-0 BaseServiceProxy     : -> GET /v1/api/tickle,200|434ms
20:56:17.154 DEBUG vert.x-eventloop-thread-0 ClientPortalService  : tickle {"session":"c1d79c0a9c2d8d4039d5b5f780f7bcc3","ssoExpires":149779,"collission":false,"userId":50301190,"hmds":{"error":"no bridge"},"iserver":{"authStatus":{"authenticated":true,"established":true,"competing":false,"connected":true,"message":"","MAC":"06:A8:C0:D9:D5:E3","serverInfo":{"serverName":"JifH01132","serverVersion":"Build 10.44.1d, Mar 3, 2026 1:55:32 PM"},"hardware_info":"275c5aa2|06:A8:C0:D9:D5:E3"}}}
20:56:46.819 INFO  vert.x-eventloop-thread-0 BaseServiceProxy     : -> GET /v1/api/tickle,200|102ms
20:56:46.820 DEBUG vert.x-eventloop-thread-0 ClientPortalService  : tickle {"session":"c1d79c0a9c2d8d4039d5b5f780f7bcc3","ssoExpires":120009,"collission":false,"userId":50301190,"hmds":{"error":"no bridge"},"iserver":{"authStatus":{"authenticated":true,"established":true,"competing":false,"connected":true,"message":"","MAC":"06:A8:C0:D9:D5:E3","serverInfo":{"serverName":"JifH01132","serverVersion":"Build 10.44.1d, Mar 3, 2026 1:55:32 PM"},"hardware_info":"275c5aa2|06:A8:C0:D9:D5:E3"}}}
20:56:49.306 INFO  vert.x-eventloop-thread-0 BaseServiceProxy     : -> GET /v1/api/tickle,200|406ms
20:57:16.820 INFO  vert.x-eventloop-thread-0 BaseServiceProxy     : -> GET /v1/api/tickle,200|98ms
20:57:16.822 DEBUG vert.x-eventloop-thread-0 ClientPortalService  : tickle {"session":"c1d79c0a9c2d8d4039d5b5f780f7bcc3","ssoExpires":90005,"collission":false,"userId":50301190,"hmds":{"error":"no bridge"},"iserver":{"authStatus":{"authenticated":true,"established":true,"competing":false,"connected":true,"message":"","MAC":"06:A8:C0:D9:D5:E3","serverInfo":{"serverName":"JifH01132","serverVersion":"Build 10.44.1d, Mar 3, 2026 1:55:32 PM"},"hardware_info":"275c5aa2|06:A8:C0:D9:D5:E3"}}}
20:57:47.050 INFO  vert.x-eventloop-thread-0 BaseServiceProxy     : -> GET /v1/api/tickle,200|333ms
20:57:47.050 DEBUG vert.x-eventloop-thread-0 ClientPortalService  : tickle {"session":"c1d79c0a9c2d8d4039d5b5f780f7bcc3","ssoExpires":59776,"collission":false,"userId":50301190,"hmds":{"error":"no bridge"},"iserver":{"authStatus":{"authenticated":true,"established":true,"competing":false,"connected":true,"message":"","MAC":"06:A8:C0:D9:D5:E3","serverInfo":{"serverName":"JifH01132","serverVersion":"Build 10.44.1d, Mar 3, 2026 1:55:32 PM"},"hardware_info":"275c5aa2|06:A8:C0:D9:D5:E3"}}}
20:58:11.015 INFO  vert.x-eventloop-thread-0 BaseServiceProxy     : -> GET /v1/api/iserver/account/orders,200|106ms
20:58:11.168 INFO  vert.x-eventloop-thread-0 BaseServiceProxy     : -> GET /v1/api/iserver/account/orders,200|96ms
20:58:11.635 INFO  vert.x-eventloop-thread-0 BaseServiceProxy     : -> GET /v1/api/iserver/account/U5799398/order/2030917175,200|415ms
20:58:11.765 INFO  vert.x-eventloop-thread-0 BaseServiceProxy     : -> GET /v1/api/iserver/reply/c6c54f6a-2c47-4580-87b7-40b7b4353678,200|129ms
20:58:11.858 INFO  vert.x-eventloop-thread-0 BaseServiceProxy     : -> GET /v1/api/iserver/account/orders,200|91ms
20:58:12.454 INFO  vert.x-eventloop-thread-0 BaseServiceProxy     : -> GET /v1/api/iserver/marketdata/history?conid=4487&period=30d&bar=1d&outsideRth=false,200|510ms
20:58:12.551 INFO  vert.x-eventloop-thread-0 BaseServiceProxy     : -> GET /v1/api/iserver/marketdata/history?conid=4487&period=30d&bar=1d&outsideRth=false,200|95ms
20:58:12.696 INFO  vert.x-eventloop-thread-0 BaseServiceProxy     : -> GET /v1/api/iserver/account/orders,200|94ms
20:58:16.814 INFO  vert.x-eventloop-thread-0 BaseServiceProxy     : -> GET /v1/api/tickle,200|97ms
20:58:16.815 DEBUG vert.x-eventloop-thread-0 ClientPortalService  : tickle {"session":"c1d79c0a9c2d8d4039d5b5f780f7bcc3","ssoExpires":30012,"collission":false,"userId":50301190,"hmds":{"error":"no bridge"},"iserver":{"authStatus":{"authenticated":true,"established":true,"competing":false,"connected":true,"message":"","MAC":"06:A8:C0:D9:D5:E3","serverInfo":{"serverName":"JifH01132","serverVersion":"Build 10.44.1d, Mar 3, 2026 1:55:32 PM"},"hardware_info":"275c5aa2|06:A8:C0:D9:D5:E3"}}}
20:58:41.646 INFO  vert.x-eventloop-thread-0 BaseServiceProxy     : -> GET /sso/ping,200|286ms
20:58:41.649 INFO  vert.x-eventloop-thread-0 SsoService           : sso ping {"result": "true"}
20:58:46.814 INFO  vert.x-eventloop-thread-0 BaseServiceProxy     : -> GET /v1/api/tickle,200|98ms
20:58:46.814 DEBUG vert.x-eventloop-thread-0 ClientPortalService  : tickle {"session":"c1d79c0a9c2d8d4039d5b5f780f7bcc3","ssoExpires":13,"collission":false,"userId":50301190,"hmds":{"error":"no bridge"},"iserver":{"authStatus":{"authenticated":true,"established":true,"competing":false,"connected":true,"message":"","MAC":"06:A8:C0:D9:D5:E3","serverInfo":{"serverName":"JifH01132","serverVersion":"Build 10.44.1d, Mar 3, 2026 1:55:32 PM"},"hardware_info":"275c5aa2|06:A8:C0:D9:D5:E3"}}}
20:59:16.820 INFO  vert.x-eventloop-thread-0 BaseServiceProxy     : -> GET /v1/api/tickle,200|104ms
20:59:16.822 DEBUG vert.x-eventloop-thread-0 ClientPortalService  : tickle {"session":"c1d79c0a9c2d8d4039d5b5f780f7bcc3","ssoExpires":600000,"collission":false,"userId":50301190,"hmds":{"error":"no bridge"},"iserver":{"authStatus":{"authenticated":true,"established":true,"competing":false,"connected":true,"message":"","MAC":"06:A8:C0:D9:D5:E3","serverInfo":{"serverName":"JifH01132","serverVersion":"Build 10.44.1d, Mar 3, 2026 1:55:32 PM"},"hardware_info":"275c5aa2|06:A8:C0:D9:D5:E3"}}}
20:59:46.818 INFO  vert.x-eventloop-thread-0 BaseServiceProxy     : -> GET /v1/api/tickle,200|101ms
20:59:46.820 DEBUG vert.x-eventloop-thread-0 ClientPortalService  : tickle {"session":"c1d79c0a9c2d8d4039d5b5f780f7bcc3","ssoExpires":569999,"collission":false,"userId":50301190,"hmds":{"error":"no bridge"},"iserver":{"authStatus":{"authenticated":true,"established":true,"competing":false,"connected":true,"message":"","MAC":"06:A8:C0:D9:D5:E3","serverInfo":{"serverName":"JifH01132","serverVersion":"Build 10.44.1d, Mar 3, 2026 1:55:32 PM"},"hardware_info":"275c5aa2|06:A8:C0:D9:D5:E3"}}}
20:59:49.939 INFO  vert.x-eventloop-thread-0 BaseServiceProxy     : -> GET /v1/api/tickle,200|492ms
21:00:17.078 INFO  vert.x-eventloop-thread-0 BaseServiceProxy     : -> GET /v1/api/tickle,200|362ms
21:00:17.081 DEBUG vert.x-eventloop-thread-0 ClientPortalService  : tickle {"session":"c1d79c0a9c2d8d4039d5b5f780f7bcc3","ssoExpires":539766,"collission":false,"userId":50301190,"hmds":{"error":"no bridge"},"iserver":{"authStatus":{"authenticated":true,"established":true,"competing":false,"connected":true,"message":"","MAC":"06:A8:C0:D9:D5:E3","serverInfo":{"serverName":"JifH01132","serverVersion":"Build 10.44.1d, Mar 3, 2026 1:55:32 PM"},"hardware_info":"275c5aa2|06:A8:C0:D9:D5:E3"}}}
21:00:46.927 INFO  vert.x-eventloop-thread-0 BaseServiceProxy     : -> GET /v1/api/tickle,200|211ms
21:00:46.929 DEBUG vert.x-eventloop-thread-0 ClientPortalService  : tickle {"session":"c1d79c0a9c2d8d4039d5b5f780f7bcc3","ssoExpires":509898,"collission":false,"userId":50301190,"hmds":{"error":"no bridge"},"iserver":{"authStatus":{"authenticated":true,"established":true,"competing":false,"connected":true,"message":"","MAC":"06:A8:C0:D9:D5:E3","serverInfo":{"serverName":"JifH01132","serverVersion":"Build 10.44.1d, Mar 3, 2026 1:55:32 PM"},"hardware_info":"275c5aa2|06:A8:C0:D9:D5:E3"}}}
21:01:16.813 INFO  vert.x-eventloop-thread-0 BaseServiceProxy     : -> GET /v1/api/tickle,200|97ms
21:01:16.815 DEBUG vert.x-eventloop-thread-0 ClientPortalService  : tickle {"session":"c1d79c0a9c2d8d4039d5b5f780f7bcc3","ssoExpires":480005,"collission":false,"userId":50301190,"hmds":{"error":"no bridge"},"iserver":{"authStatus":{"authenticated":true,"established":true,"competing":false,"connected":true,"message":"","MAC":"06:A8:C0:D9:D5:E3","serverInfo":{"serverName":"JifH01132","serverVersion":"Build 10.44.1d, Mar 3, 2026 1:55:32 PM"},"hardware_info":"275c5aa2|06:A8:C0:D9:D5:E3"}}}
21:01:46.985 INFO  vert.x-eventloop-thread-0 BaseServiceProxy     : -> GET /v1/api/tickle,200|268ms
21:01:46.988 DEBUG vert.x-eventloop-thread-0 ClientPortalService  : tickle {"session":"c1d79c0a9c2d8d4039d5b5f780f7bcc3","ssoExpires":449836,"collission":false,"userId":50301190,"hmds":{"error":"no bridge"},"iserver":{"authStatus":{"authenticated":true,"established":true,"competing":false,"connected":true,"message":"","MAC":"06:A8:C0:D9:D5:E3","serverInfo":{"serverName":"JifH01132","serverVersion":"Build 10.44.1d, Mar 3, 2026 1:55:32 PM"},"hardware_info":"275c5aa2|06:A8:C0:D9:D5:E3"}}}
21:02:17.001 INFO  vert.x-eventloop-thread-0 BaseServiceProxy     : -> GET /v1/api/tickle,200|285ms
21:02:17.002 DEBUG vert.x-eventloop-thread-0 ClientPortalService  : tickle {"session":"c1d79c0a9c2d8d4039d5b5f780f7bcc3","ssoExpires":419823,"collission":false,"userId":50301190,"hmds":{"error":"no bridge"},"iserver":{"authStatus":{"authenticated":true,"established":true,"competing":false,"connected":true,"message":"","MAC":"06:A8:C0:D9:D5:E3","serverInfo":{"serverName":"JifH01132","serverVersion":"Build 10.44.1d, Mar 3, 2026 1:55:32 PM"},"hardware_info":"275c5aa2|06:A8:C0:D9:D5:E3"}}}
21:02:46.983 INFO  vert.x-eventloop-thread-0 BaseServiceProxy     : -> GET /v1/api/tickle,200|267ms
21:02:46.984 DEBUG vert.x-eventloop-thread-0 ClientPortalService  : tickle {"session":"c1d79c0a9c2d8d4039d5b5f780f7bcc3","ssoExpires":389846,"collission":false,"userId":50301190,"hmds":{"error":"no bridge"},"iserver":{"authStatus":{"authenticated":true,"established":true,"competing":false,"connected":true,"message":"","MAC":"06:A8:C0:D9:D5:E3","serverInfo":{"serverName":"JifH01132","serverVersion":"Build 10.44.1d, Mar 3, 2026 1:55:32 PM"},"hardware_info":"275c5aa2|06:A8:C0:D9:D5:E3"}}}
21:02:50.189 INFO  vert.x-eventloop-thread-0 BaseServiceProxy     : -> GET /v1/api/tickle,200|104ms
21:03:16.812 INFO  vert.x-eventloop-thread-0 BaseServiceProxy     : -> GET /v1/api/tickle,200|97ms
21:03:16.813 DEBUG vert.x-eventloop-thread-0 ClientPortalService  : tickle {"session":"c1d79c0a9c2d8d4039d5b5f780f7bcc3","ssoExpires":360010,"collission":false,"userId":50301190,"hmds":{"error":"no bridge"},"iserver":{"authStatus":{"authenticated":true,"established":true,"competing":false,"connected":true,"message":"","MAC":"06:A8:C0:D9:D5:E3","serverInfo":{"serverName":"JifH01132","serverVersion":"Build 10.44.1d, Mar 3, 2026 1:55:32 PM"},"hardware_info":"275c5aa2|06:A8:C0:D9:D5:E3"}}}
21:03:41.658 INFO  vert.x-eventloop-thread-0 BaseServiceProxy     : -> GET /sso/ping,200|299ms
21:03:41.661 INFO  vert.x-eventloop-thread-0 SsoService           : sso ping {"result": "true"}
21:03:47.044 INFO  vert.x-eventloop-thread-0 BaseServiceProxy     : -> GET /v1/api/tickle,200|329ms
21:03:47.045 DEBUG vert.x-eventloop-thread-0 ClientPortalService  : tickle {"session":"c1d79c0a9c2d8d4039d5b5f780f7bcc3","ssoExpires":329773,"collission":false,"userId":50301190,"hmds":{"error":"no bridge"},"iserver":{"authStatus":{"authenticated":true,"established":true,"competing":false,"connected":true,"message":"","MAC":"06:A8:C0:D9:D5:E3","serverInfo":{"serverName":"JifH01132","serverVersion":"Build 10.44.1d, Mar 3, 2026 1:55:32 PM"},"hardware_info":"275c5aa2|06:A8:C0:D9:D5:E3"}}}
21:04:16.829 INFO  vert.x-eventloop-thread-0 BaseServiceProxy     : -> GET /v1/api/tickle,200|112ms
21:04:16.831 DEBUG vert.x-eventloop-thread-0 ClientPortalService  : tickle {"session":"c1d79c0a9c2d8d4039d5b5f780f7bcc3","ssoExpires":299991,"collission":false,"userId":50301190,"hmds":{"error":"no bridge"},"iserver":{"authStatus":{"authenticated":true,"established":true,"competing":false,"connected":true,"message":"","MAC":"06:A8:C0:D9:D5:E3","serverInfo":{"serverName":"JifH01132","serverVersion":"Build 10.44.1d, Mar 3, 2026 1:55:32 PM"},"hardware_info":"275c5aa2|06:A8:C0:D9:D5:E3"}}}
21:04:46.810 INFO  vert.x-eventloop-thread-0 BaseServiceProxy     : -> GET /v1/api/tickle,200|95ms
21:04:46.812 DEBUG vert.x-eventloop-thread-0 ClientPortalService  : tickle {"session":"c1d79c0a9c2d8d4039d5b5f780f7bcc3","ssoExpires":270008,"collission":false,"userId":50301190,"hmds":{"error":"no bridge"},"iserver":{"authStatus":{"authenticated":true,"established":true,"competing":false,"connected":true,"message":"","MAC":"06:A8:C0:D9:D5:E3","serverInfo":{"serverName":"JifH01132","serverVersion":"Build 10.44.1d, Mar 3, 2026 1:55:32 PM"},"hardware_info":"275c5aa2|06:A8:C0:D9:D5:E3"}}}
21:05:03.621 INFO  vert.x-eventloop-thread-0 BaseServiceProxy     : -> GET /v1/api/iserver/account/orders,200|100ms
21:05:03.723 INFO  vert.x-eventloop-thread-0 BaseServiceProxy     : -> GET /v1/api/iserver/account/orders,200|89ms
21:05:04.159 INFO  vert.x-eventloop-thread-0 BaseServiceProxy     : -> GET /v1/api/iserver/account/U5799398/order/1198175565,200|348ms
21:05:04.377 INFO  vert.x-eventloop-thread-0 BaseServiceProxy     : -> GET /v1/api/iserver/reply/5320e795-31e3-4428-a2b6-8630c4b90727,200|218ms
21:05:04.470 INFO  vert.x-eventloop-thread-0 BaseServiceProxy     : -> GET /v1/api/iserver/account/orders,200|92ms
21:05:04.821 INFO  vert.x-eventloop-thread-0 BaseServiceProxy     : -> GET /v1/api/iserver/marketdata/history?conid=239037320&period=30d&bar=1d&outsideRth=false,200|334ms
21:05:04.918 INFO  vert.x-eventloop-thread-0 BaseServiceProxy     : -> GET /v1/api/iserver/marketdata/history?conid=239037320&period=30d&bar=1d&outsideRth=false,200|94ms
21:05:05.043 INFO  vert.x-eventloop-thread-0 BaseServiceProxy     : -> GET /v1/api/iserver/account/orders,200|98ms
21:05:16.844 INFO  vert.x-eventloop-thread-0 BaseServiceProxy     : -> GET /v1/api/tickle,200|129ms
21:05:16.846 DEBUG vert.x-eventloop-thread-0 ClientPortalService  : tickle {"session":"c1d79c0a9c2d8d4039d5b5f780f7bcc3","ssoExpires":239982,"collission":false,"userId":50301190,"hmds":{"error":"no bridge"},"iserver":{"authStatus":{"authenticated":true,"established":true,"competing":false,"connected":true,"message":"","MAC":"06:A8:C0:D9:D5:E3","serverInfo":{"serverName":"JifH01132","serverVersion":"Build 10.44.1d, Mar 3, 2026 1:55:32 PM"},"hardware_info":"275c5aa2|06:A8:C0:D9:D5:E3"}}}
21:05:46.821 INFO  vert.x-eventloop-thread-0 BaseServiceProxy     : -> GET /v1/api/tickle,200|106ms
21:05:46.823 DEBUG vert.x-eventloop-thread-0 ClientPortalService  : tickle {"session":"c1d79c0a9c2d8d4039d5b5f780f7bcc3","ssoExpires":209995,"collission":false,"userId":50301190,"hmds":{"error":"no bridge"},"iserver":{"authStatus":{"authenticated":true,"established":true,"competing":false,"connected":true,"message":"","MAC":"06:A8:C0:D9:D5:E3","serverInfo":{"serverName":"JifH01132","serverVersion":"Build 10.44.1d, Mar 3, 2026 1:55:32 PM"},"hardware_info":"275c5aa2|06:A8:C0:D9:D5:E3"}}}
21:05:50.386 INFO  vert.x-eventloop-thread-0 BaseServiceProxy     : -> GET /v1/api/tickle,200|102ms
21:06:16.831 INFO  vert.x-eventloop-thread-0 BaseServiceProxy     : -> GET /v1/api/tickle,200|115ms
21:06:16.833 DEBUG vert.x-eventloop-thread-0 ClientPortalService  : tickle {"session":"c1d79c0a9c2d8d4039d5b5f780f7bcc3","ssoExpires":180006,"collission":false,"userId":50301190,"hmds":{"error":"no bridge"},"iserver":{"authStatus":{"authenticated":true,"established":true,"competing":false,"connected":true,"message":"","MAC":"06:A8:C0:D9:D5:E3","serverInfo":{"serverName":"JifH01132","serverVersion":"Build 10.44.1d, Mar 3, 2026 1:55:32 PM"},"hardware_info":"275c5aa2|06:A8:C0:D9:D5:E3"}}}
21:06:46.896 INFO  vert.x-eventloop-thread-0 BaseServiceProxy     : -> GET /v1/api/tickle,200|148ms
21:06:46.896 DEBUG vert.x-eventloop-thread-0 ClientPortalService  : tickle {"session":"c1d79c0a9c2d8d4039d5b5f780f7bcc3","ssoExpires":149960,"collission":false,"userId":50301190,"hmds":{"error":"no bridge"},"iserver":{"authStatus":{"authenticated":true,"established":true,"competing":false,"connected":true,"message":"","MAC":"06:A8:C0:D9:D5:E3","serverInfo":{"serverName":"JifH01132","serverVersion":"Build 10.44.1d, Mar 3, 2026 1:55:32 PM"},"hardware_info":"275c5aa2|06:A8:C0:D9:D5:E3"}}}
21:07:16.880 INFO  vert.x-eventloop-thread-0 BaseServiceProxy     : -> GET /v1/api/tickle,200|119ms
21:07:16.882 DEBUG vert.x-eventloop-thread-0 ClientPortalService  : tickle {"session":"c1d79c0a9c2d8d4039d5b5f780f7bcc3","ssoExpires":119992,"collission":false,"userId":50301190,"hmds":{"error":"no bridge"},"iserver":{"authStatus":{"authenticated":true,"established":true,"competing":false,"connected":true,"message":"","MAC":"06:A8:C0:D9:D5:E3","serverInfo":{"serverName":"JifH01132","serverVersion":"Build 10.44.1d, Mar 3, 2026 1:55:32 PM"},"hardware_info":"275c5aa2|06:A8:C0:D9:D5:E3"}}}
21:07:47.067 INFO  vert.x-eventloop-thread-0 BaseServiceProxy     : -> GET /v1/api/tickle,200|304ms
21:07:47.067 DEBUG vert.x-eventloop-thread-0 ClientPortalService  : tickle {"session":"c1d79c0a9c2d8d4039d5b5f780f7bcc3","ssoExpires":89836,"collission":false,"userId":50301190,"hmds":{"error":"no bridge"},"iserver":{"authStatus":{"authenticated":true,"established":true,"competing":false,"connected":true,"message":"","MAC":"06:A8:C0:D9:D5:E3","serverInfo":{"serverName":"JifH01132","serverVersion":"Build 10.44.1d, Mar 3, 2026 1:55:32 PM"},"hardware_info":"275c5aa2|06:A8:C0:D9:D5:E3"}}}
21:08:16.865 INFO  vert.x-eventloop-thread-0 BaseServiceProxy     : -> GET /v1/api/tickle,200|101ms
21:08:16.866 DEBUG vert.x-eventloop-thread-0 ClientPortalService  : tickle {"session":"c1d79c0a9c2d8d4039d5b5f780f7bcc3","ssoExpires":60004,"collission":false,"userId":50301190,"hmds":{"error":"no bridge"},"iserver":{"authStatus":{"authenticated":true,"established":true,"competing":false,"connected":true,"message":"","MAC":"06:A8:C0:D9:D5:E3","serverInfo":{"serverName":"JifH01132","serverVersion":"Build 10.44.1d, Mar 3, 2026 1:55:32 PM"},"hardware_info":"275c5aa2|06:A8:C0:D9:D5:E3"}}}
21:08:41.918 INFO  vert.x-eventloop-thread-0 BaseServiceProxy     : -> GET /sso/ping,200|508ms
21:08:41.920 INFO  vert.x-eventloop-thread-0 SsoService           : sso ping {"result": "true"}
21:08:47.002 INFO  vert.x-eventloop-thread-0 BaseServiceProxy     : -> GET /v1/api/tickle,200|239ms
21:08:47.002 DEBUG vert.x-eventloop-thread-0 ClientPortalService  : tickle {"session":"c1d79c0a9c2d8d4039d5b5f780f7bcc3","ssoExpires":29869,"collission":false,"userId":50301190,"hmds":{"error":"no bridge"},"iserver":{"authStatus":{"authenticated":true,"established":true,"competing":false,"connected":true,"message":"","MAC":"06:A8:C0:D9:D5:E3","serverInfo":{"serverName":"JifH01132","serverVersion":"Build 10.44.1d, Mar 3, 2026 1:55:32 PM"},"hardware_info":"275c5aa2|06:A8:C0:D9:D5:E3"}}}
21:08:50.676 INFO  vert.x-eventloop-thread-0 BaseServiceProxy     : -> GET /v1/api/tickle,200|93ms
21:09:16.870 INFO  vert.x-eventloop-thread-0 BaseServiceProxy     : -> GET /v1/api/tickle,200|106ms
21:09:16.871 DEBUG vert.x-eventloop-thread-0 ClientPortalService  : tickle {"session":"c1d79c0a9c2d8d4039d5b5f780f7bcc3","ssoExpires":1,"collission":false,"userId":50301190,"hmds":{"error":"no bridge"},"iserver":{"authStatus":{"authenticated":true,"established":true,"competing":false,"connected":true,"message":"","MAC":"06:A8:C0:D9:D5:E3","serverInfo":{"serverName":"JifH01132","serverVersion":"Build 10.44.1d, Mar 3, 2026 1:55:32 PM"},"hardware_info":"275c5aa2|06:A8:C0:D9:D5:E3"}}}
21:09:46.862 INFO  vert.x-eventloop-thread-0 BaseServiceProxy     : -> GET /v1/api/tickle,200|98ms
21:09:46.863 DEBUG vert.x-eventloop-thread-0 ClientPortalService  : tickle {"session":"c1d79c0a9c2d8d4039d5b5f780f7bcc3","ssoExpires":600000,"collission":false,"userId":50301190,"hmds":{"error":"no bridge"},"iserver":{"authStatus":{"authenticated":true,"established":true,"competing":false,"connected":true,"message":"","MAC":"06:A8:C0:D9:D5:E3","serverInfo":{"serverName":"JifH01132","serverVersion":"Build 10.44.1d, Mar 3, 2026 1:55:32 PM"},"hardware_info":"275c5aa2|06:A8:C0:D9:D5:E3"}}}
21:10:16.965 INFO  vert.x-eventloop-thread-0 BaseServiceProxy     : -> GET /v1/api/tickle,200|202ms
21:10:16.966 DEBUG vert.x-eventloop-thread-0 ClientPortalService  : tickle {"session":"c1d79c0a9c2d8d4039d5b5f780f7bcc3","ssoExpires":569898,"collission":false,"userId":50301190,"hmds":{"error":"no bridge"},"iserver":{"authStatus":{"authenticated":true,"established":true,"competing":false,"connected":true,"message":"","MAC":"06:A8:C0:D9:D5:E3","serverInfo":{"serverName":"JifH01132","serverVersion":"Build 10.44.1d, Mar 3, 2026 1:55:32 PM"},"hardware_info":"275c5aa2|06:A8:C0:D9:D5:E3"}}}
21:10:47.118 INFO  vert.x-eventloop-thread-0 BaseServiceProxy     : -> GET /v1/api/tickle,200|354ms
21:10:47.118 DEBUG vert.x-eventloop-thread-0 ClientPortalService  : tickle {"session":"c1d79c0a9c2d8d4039d5b5f780f7bcc3","ssoExpires":539798,"collission":false,"userId":50301190,"hmds":{"error":"no bridge"},"iserver":{"authStatus":{"authenticated":true,"established":true,"competing":false,"connected":true,"message":"","MAC":"06:A8:C0:D9:D5:E3","serverInfo":{"serverName":"JifH01132","serverVersion":"Build 10.44.1d, Mar 3, 2026 1:55:32 PM"},"hardware_info":"275c5aa2|06:A8:C0:D9:D5:E3"}}}
21:11:16.876 INFO  vert.x-eventloop-thread-0 BaseServiceProxy     : -> GET /v1/api/tickle,200|112ms
21:11:16.877 DEBUG vert.x-eventloop-thread-0 ClientPortalService  : tickle {"session":"c1d79c0a9c2d8d4039d5b5f780f7bcc3","ssoExpires":509989,"collission":false,"userId":50301190,"hmds":{"error":"no bridge"},"iserver":{"authStatus":{"authenticated":true,"established":true,"competing":false,"connected":true,"message":"","MAC":"06:A8:C0:D9:D5:E3","serverInfo":{"serverName":"JifH01132","serverVersion":"Build 10.44.1d, Mar 3, 2026 1:55:32 PM"},"hardware_info":"275c5aa2|06:A8:C0:D9:D5:E3"}}}
21:11:47.055 INFO  vert.x-eventloop-thread-0 BaseServiceProxy     : -> GET /v1/api/tickle,200|291ms
21:11:47.056 DEBUG vert.x-eventloop-thread-0 ClientPortalService  : tickle {"session":"c1d79c0a9c2d8d4039d5b5f780f7bcc3","ssoExpires":479812,"collission":false,"userId":50301190,"hmds":{"error":"no bridge"},"iserver":{"authStatus":{"authenticated":true,"established":true,"competing":false,"connected":true,"message":"","MAC":"06:A8:C0:D9:D5:E3","serverInfo":{"serverName":"JifH01132","serverVersion":"Build 10.44.1d, Mar 3, 2026 1:55:32 PM"},"hardware_info":"275c5aa2|06:A8:C0:D9:D5:E3"}}}
21:11:50.923 INFO  vert.x-eventloop-thread-0 BaseServiceProxy     : -> GET /v1/api/tickle,200|121ms
21:12:16.857 INFO  vert.x-eventloop-thread-0 BaseServiceProxy     : -> GET /v1/api/tickle,200|93ms
21:12:16.858 DEBUG vert.x-eventloop-thread-0 ClientPortalService  : tickle {"session":"c1d79c0a9c2d8d4039d5b5f780f7bcc3","ssoExpires":450005,"collission":false,"userId":50301190,"hmds":{"error":"no bridge"},"iserver":{"authStatus":{"authenticated":true,"established":true,"competing":false,"connected":true,"message":"","MAC":"06:A8:C0:D9:D5:E3","serverInfo":{"serverName":"JifH01132","serverVersion":"Build 10.44.1d, Mar 3, 2026 1:55:32 PM"},"hardware_info":"275c5aa2|06:A8:C0:D9:D5:E3"}}}
21:12:47.042 INFO  vert.x-eventloop-thread-0 BaseServiceProxy     : -> GET /v1/api/tickle,200|278ms
21:12:47.044 DEBUG vert.x-eventloop-thread-0 ClientPortalService  : tickle {"session":"c1d79c0a9c2d8d4039d5b5f780f7bcc3","ssoExpires":419823,"collission":false,"userId":50301190,"hmds":{"error":"no bridge"},"iserver":{"authStatus":{"authenticated":true,"established":true,"competing":false,"connected":true,"message":"","MAC":"06:A8:C0:D9:D5:E3","serverInfo":{"serverName":"JifH01132","serverVersion":"Build 10.44.1d, Mar 3, 2026 1:55:32 PM"},"hardware_info":"275c5aa2|06:A8:C0:D9:D5:E3"}}}
21:13:16.907 INFO  vert.x-eventloop-thread-0 BaseServiceProxy     : -> GET /v1/api/tickle,200|142ms
21:13:16.908 DEBUG vert.x-eventloop-thread-0 ClientPortalService  : tickle {"session":"c1d79c0a9c2d8d4039d5b5f780f7bcc3","ssoExpires":389962,"collission":false,"userId":50301190,"hmds":{"error":"no bridge"},"iserver":{"authStatus":{"authenticated":true,"established":true,"competing":false,"connected":true,"message":"","MAC":"06:A8:C0:D9:D5:E3","serverInfo":{"serverName":"JifH01132","serverVersion":"Build 10.44.1d, Mar 3, 2026 1:55:32 PM"},"hardware_info":"275c5aa2|06:A8:C0:D9:D5:E3"}}}
21:13:41.723 INFO  vert.x-eventloop-thread-0 BaseServiceProxy     : -> GET /sso/ping,200|317ms
21:13:41.724 INFO  vert.x-eventloop-thread-0 SsoService           : sso ping {"result": "true"}
21:13:46.869 INFO  vert.x-eventloop-thread-0 BaseServiceProxy     : -> GET /v1/api/tickle,200|104ms
21:13:46.870 DEBUG vert.x-eventloop-thread-0 ClientPortalService  : tickle {"session":"c1d79c0a9c2d8d4039d5b5f780f7bcc3","ssoExpires":359994,"collission":false,"userId":50301190,"hmds":{"error":"no bridge"},"iserver":{"authStatus":{"authenticated":true,"established":true,"competing":false,"connected":true,"message":"","MAC":"06:A8:C0:D9:D5:E3","serverInfo":{"serverName":"JifH01132","serverVersion":"Build 10.44.1d, Mar 3, 2026 1:55:32 PM"},"hardware_info":"275c5aa2|06:A8:C0:D9:D5:E3"}}}
21:14:16.870 INFO  vert.x-eventloop-thread-0 BaseServiceProxy     : -> GET /v1/api/tickle,200|105ms
21:14:16.871 DEBUG vert.x-eventloop-thread-0 ClientPortalService  : tickle {"session":"c1d79c0a9c2d8d4039d5b5f780f7bcc3","ssoExpires":329993,"collission":false,"userId":50301190,"hmds":{"error":"no bridge"},"iserver":{"authStatus":{"authenticated":true,"established":true,"competing":false,"connected":true,"message":"","MAC":"06:A8:C0:D9:D5:E3","serverInfo":{"serverName":"JifH01132","serverVersion":"Build 10.44.1d, Mar 3, 2026 1:55:32 PM"},"hardware_info":"275c5aa2|06:A8:C0:D9:D5:E3"}}}
21:14:47.060 INFO  vert.x-eventloop-thread-0 BaseServiceProxy     : -> GET /v1/api/tickle,200|296ms
21:14:47.061 DEBUG vert.x-eventloop-thread-0 ClientPortalService  : tickle {"session":"c1d79c0a9c2d8d4039d5b5f780f7bcc3","ssoExpires":299807,"collission":false,"userId":50301190,"hmds":{"error":"no bridge"},"iserver":{"authStatus":{"authenticated":true,"established":true,"competing":false,"connected":true,"message":"","MAC":"06:A8:C0:D9:D5:E3","serverInfo":{"serverName":"JifH01132","serverVersion":"Build 10.44.1d, Mar 3, 2026 1:55:32 PM"},"hardware_info":"275c5aa2|06:A8:C0:D9:D5:E3"}}}
21:14:51.313 INFO  vert.x-eventloop-thread-0 BaseServiceProxy     : -> GET /v1/api/tickle,200|275ms
21:14:56.374 INFO  vert.x-eventloop-thread-0 BaseServiceProxy     : -> GET /v1/api/iserver/account/orders,200|135ms
21:14:56.870 INFO  vert.x-eventloop-thread-0 BaseServiceProxy     : -> GET /v1/api/iserver/account/U5799398/order/93845072,200|388ms
21:14:57.258 INFO  vert.x-eventloop-thread-0 BaseServiceProxy     : -> GET /v1/api/iserver/account/U5799398/order/93845071,400|385ms
21:14:58.069 INFO  vert.x-eventloop-thread-0 BaseServiceProxy     : -> GET /v1/api/iserver/account/U5799398/order/93845070,200|796ms
21:15:16.875 INFO  vert.x-eventloop-thread-0 BaseServiceProxy     : -> GET /v1/api/tickle,200|110ms
21:15:16.876 DEBUG vert.x-eventloop-thread-0 ClientPortalService  : tickle {"session":"c1d79c0a9c2d8d4039d5b5f780f7bcc3","ssoExpires":269992,"collission":false,"userId":50301190,"hmds":{"error":"no bridge"},"iserver":{"authStatus":{"authenticated":true,"established":true,"competing":false,"connected":true,"message":"","MAC":"06:A8:C0:D9:D5:E3","serverInfo":{"serverName":"JifH01132","serverVersion":"Build 10.44.1d, Mar 3, 2026 1:55:32 PM"},"hardware_info":"275c5aa2|06:A8:C0:D9:D5:E3"}}}
21:15:46.901 INFO  vert.x-eventloop-thread-0 BaseServiceProxy     : -> GET /v1/api/tickle,200|136ms
21:15:46.903 DEBUG vert.x-eventloop-thread-0 ClientPortalService  : tickle {"session":"c1d79c0a9c2d8d4039d5b5f780f7bcc3","ssoExpires":239980,"collission":false,"userId":50301190,"hmds":{"error":"no bridge"},"iserver":{"authStatus":{"authenticated":true,"established":true,"competing":false,"connected":true,"message":"","MAC":"06:A8:C0:D9:D5:E3","serverInfo":{"serverName":"JifH01132","serverVersion":"Build 10.44.1d, Mar 3, 2026 1:55:32 PM"},"hardware_info":"275c5aa2|06:A8:C0:D9:D5:E3"}}}
21:16:16.869 INFO  vert.x-eventloop-thread-0 BaseServiceProxy     : -> GET /v1/api/tickle,200|105ms
21:16:16.869 DEBUG vert.x-eventloop-thread-0 ClientPortalService  : tickle {"session":"c1d79c0a9c2d8d4039d5b5f780f7bcc3","ssoExpires":209996,"collission":false,"userId":50301190,"hmds":{"error":"no bridge"},"iserver":{"authStatus":{"authenticated":true,"established":true,"competing":false,"connected":true,"message":"","MAC":"06:A8:C0:D9:D5:E3","serverInfo":{"serverName":"JifH01132","serverVersion":"Build 10.44.1d, Mar 3, 2026 1:55:32 PM"},"hardware_info":"275c5aa2|06:A8:C0:D9:D5:E3"}}}
21:16:27.375 INFO  vert.x-eventloop-thread-0 BaseServiceProxy     : -> GET /v1/api/iserver/secdef/search?symbol=ABVX&secType=STK,200|289ms
21:16:46.867 INFO  vert.x-eventloop-thread-0 BaseServiceProxy     : -> GET /v1/api/tickle,200|103ms
21:16:46.868 DEBUG vert.x-eventloop-thread-0 ClientPortalService  : tickle {"session":"c1d79c0a9c2d8d4039d5b5f780f7bcc3","ssoExpires":179994,"collission":false,"userId":50301190,"hmds":{"error":"no bridge"},"iserver":{"authStatus":{"authenticated":true,"established":true,"competing":false,"connected":true,"message":"","MAC":"06:A8:C0:D9:D5:E3","serverInfo":{"serverName":"JifH01132","serverVersion":"Build 10.44.1d, Mar 3, 2026 1:55:32 PM"},"hardware_info":"275c5aa2|06:A8:C0:D9:D5:E3"}}}
21:17:00.644 INFO  vert.x-eventloop-thread-0 BaseServiceProxy     : -> GET /v1/api/portfolio/U5799398/summary,200|454ms
21:17:00.734 INFO  vert.x-eventloop-thread-0 BaseServiceProxy     : -> GET /v1/api/iserver/account/orders,200|85ms
21:17:00.849 INFO  vert.x-eventloop-thread-0 BaseServiceProxy     : -> GET /v1/api/portfolio/U5799398/positions/0?direction=a&period=1W&sort=position,200|188ms
21:17:16.857 INFO  vert.x-eventloop-thread-0 BaseServiceProxy     : -> GET /v1/api/tickle,200|93ms
21:17:16.859 DEBUG vert.x-eventloop-thread-0 ClientPortalService  : tickle {"session":"c1d79c0a9c2d8d4039d5b5f780f7bcc3","ssoExpires":150005,"collission":false,"userId":50301190,"hmds":{"error":"no bridge"},"iserver":{"authStatus":{"authenticated":true,"established":true,"competing":false,"connected":true,"message":"","MAC":"06:A8:C0:D9:D5:E3","serverInfo":{"serverName":"JifH01132","serverVersion":"Build 10.44.1d, Mar 3, 2026 1:55:32 PM"},"hardware_info":"275c5aa2|06:A8:C0:D9:D5:E3"}}}
21:17:19.245 INFO  vert.x-eventloop-thread-0 BaseServiceProxy     : -> GET /v1/api/iserver/secdef/search?symbol=ABVX&secType=STK,200|159ms
21:17:19.350 INFO  vert.x-eventloop-thread-0 BaseServiceProxy     : -> GET /v1/api/iserver/account/orders,200|102ms
21:17:19.895 INFO  vert.x-eventloop-thread-0 BaseServiceProxy     : -> GET /v1/api/portfolio/U5799398/summary,200|378ms
21:17:20.398 INFO  vert.x-eventloop-thread-0 BaseServiceProxy     : -> GET /v1/api/iserver/account/U5799398/orders,200|496ms
21:17:20.495 INFO  vert.x-eventloop-thread-0 BaseServiceProxy     : -> GET /v1/api/iserver/reply/b1b0e9d9-d2f0-422f-8871-f2f71b3f76e5,200|94ms
21:17:20.601 INFO  vert.x-eventloop-thread-0 BaseServiceProxy     : -> GET /v1/api/iserver/reply/970eccfc-4492-4acb-9708-72ddb671ac29,200|103ms
21:17:20.735 INFO  vert.x-eventloop-thread-0 BaseServiceProxy     : -> GET /v1/api/iserver/reply/eb67bc0d-1c9d-4701-82d9-8f4db4ffe93b,200|131ms
21:17:20.840 INFO  vert.x-eventloop-thread-0 BaseServiceProxy     : -> GET /v1/api/iserver/reply/def20494-5cac-4cb1-a6c6-8a53328d9156,200|103ms
21:17:20.933 INFO  vert.x-eventloop-thread-0 BaseServiceProxy     : -> GET /v1/api/iserver/reply/ef42d709-743e-4125-8af5-29348e740f4d,200|91ms
21:17:21.080 INFO  vert.x-eventloop-thread-0 BaseServiceProxy     : -> GET /v1/api/iserver/reply/9f733759-4812-4766-8f85-5a2b723803a9,200|144ms
21:17:21.187 INFO  vert.x-eventloop-thread-0 BaseServiceProxy     : -> GET /v1/api/iserver/account/orders,200|104ms
21:17:21.563 INFO  vert.x-eventloop-thread-0 BaseServiceProxy     : -> GET /v1/api/iserver/marketdata/history?conid=660328706&period=30d&bar=1d&outsideRth=false,200|308ms
21:17:21.663 INFO  vert.x-eventloop-thread-0 BaseServiceProxy     : -> GET /v1/api/iserver/marketdata/history?conid=660328706&period=30d&bar=1d&outsideRth=false,200|97ms
21:17:22.826 INFO  vert.x-eventloop-thread-0 BaseServiceProxy     : -> GET /v1/api/iserver/account/orders,200|94ms
21:17:22.999 INFO  vert.x-eventloop-thread-0 BaseServiceProxy     : -> GET /v1/api/iserver/marketdata/history?conid=660328706&period=30d&bar=1d&outsideRth=false,200|123ms
21:17:23.441 INFO  vert.x-eventloop-thread-0 BaseServiceProxy     : -> GET /v1/api/iserver/marketdata/history?conid=660328706&period=30d&bar=1d&outsideRth=false,200|440ms
21:17:23.629 INFO  vert.x-eventloop-thread-0 BaseServiceProxy     : -> GET /v1/api/iserver/account/orders,200|142ms
21:17:23.809 INFO  vert.x-eventloop-thread-0 BaseServiceProxy     : -> GET /v1/api/iserver/account/orders,200|89ms
21:17:24.404 INFO  vert.x-eventloop-thread-0 BaseServiceProxy     : -> GET /v1/api/iserver/account/U5799398/order/177393711,200|456ms
21:17:24.505 INFO  vert.x-eventloop-thread-0 BaseServiceProxy     : -> GET /v1/api/iserver/account/orders,200|99ms
21:17:24.662 INFO  vert.x-eventloop-thread-0 BaseServiceProxy     : -> GET /v1/api/iserver/marketdata/history?conid=660328706&period=30d&bar=1d&outsideRth=false,200|111ms
21:17:24.763 INFO  vert.x-eventloop-thread-0 BaseServiceProxy     : -> GET /v1/api/iserver/marketdata/history?conid=660328706&period=30d&bar=1d&outsideRth=false,200|99ms
21:17:24.915 INFO  vert.x-eventloop-thread-0 BaseServiceProxy     : -> GET /v1/api/iserver/account/orders,200|94ms
21:17:46.860 INFO  vert.x-eventloop-thread-0 BaseServiceProxy     : -> GET /v1/api/tickle,200|95ms
21:17:46.860 DEBUG vert.x-eventloop-thread-0 ClientPortalService  : tickle {"session":"c1d79c0a9c2d8d4039d5b5f780f7bcc3","ssoExpires":120003,"collission":false,"userId":50301190,"hmds":{"error":"no bridge"},"iserver":{"authStatus":{"authenticated":true,"established":true,"competing":false,"connected":true,"message":"","MAC":"06:A8:C0:D9:D5:E3","serverInfo":{"serverName":"JifH01132","serverVersion":"Build 10.44.1d, Mar 3, 2026 1:55:32 PM"},"hardware_info":"275c5aa2|06:A8:C0:D9:D5:E3"}}}
21:17:51.519 INFO  vert.x-eventloop-thread-0 BaseServiceProxy     : -> GET /v1/api/tickle,200|102ms
21:18:17.024 INFO  vert.x-eventloop-thread-0 BaseServiceProxy     : -> GET /v1/api/tickle,200|259ms
21:18:17.025 DEBUG vert.x-eventloop-thread-0 ClientPortalService  : tickle {"session":"c1d79c0a9c2d8d4039d5b5f780f7bcc3","ssoExpires":89839,"collission":false,"userId":50301190,"hmds":{"error":"no bridge"},"iserver":{"authStatus":{"authenticated":true,"established":true,"competing":false,"connected":true,"message":"","MAC":"06:A8:C0:D9:D5:E3","serverInfo":{"serverName":"JifH01132","serverVersion":"Build 10.44.1d, Mar 3, 2026 1:55:32 PM"},"hardware_info":"275c5aa2|06:A8:C0:D9:D5:E3"}}}
21:18:20.213 INFO  vert.x-eventloop-thread-0 BaseServiceProxy     : -> GET /v1/api/iserver/account/orders,200|111ms
21:18:20.390 INFO  vert.x-eventloop-thread-0 BaseServiceProxy     : -> GET /v1/api/iserver/marketdata/history?conid=660328706&period=30d&bar=1d&outsideRth=false,200|137ms
21:18:20.496 INFO  vert.x-eventloop-thread-0 BaseServiceProxy     : -> GET /v1/api/iserver/marketdata/history?conid=660328706&period=30d&bar=1d&outsideRth=false,200|101ms
21:18:41.712 INFO  vert.x-eventloop-thread-0 BaseServiceProxy     : -> GET /sso/ping,200|304ms
21:18:41.714 INFO  vert.x-eventloop-thread-0 SsoService           : sso ping {"result": "true"}
21:18:46.914 INFO  vert.x-eventloop-thread-0 BaseServiceProxy     : -> GET /v1/api/tickle,200|149ms
21:18:46.915 DEBUG vert.x-eventloop-thread-0 ClientPortalService  : tickle {"session":"c1d79c0a9c2d8d4039d5b5f780f7bcc3","ssoExpires":59974,"collission":false,"userId":50301190,"hmds":{"error":"no bridge"},"iserver":{"authStatus":{"authenticated":true,"established":true,"competing":false,"connected":true,"message":"","MAC":"06:A8:C0:D9:D5:E3","serverInfo":{"serverName":"JifH01132","serverVersion":"Build 10.44.1d, Mar 3, 2026 1:55:32 PM"},"hardware_info":"275c5aa2|06:A8:C0:D9:D5:E3"}}}
21:19:17.054 INFO  vert.x-eventloop-thread-0 BaseServiceProxy     : -> GET /v1/api/tickle,200|288ms
21:19:17.063 DEBUG vert.x-eventloop-thread-0 ClientPortalService  : tickle {"session":"c1d79c0a9c2d8d4039d5b5f780f7bcc3","ssoExpires":29821,"collission":false,"userId":50301190,"hmds":{"error":"no bridge"},"iserver":{"authStatus":{"authenticated":true,"established":true,"competing":false,"connected":true,"message":"","MAC":"06:A8:C0:D9:D5:E3","serverInfo":{"serverName":"JifH01132","serverVersion":"Build 10.44.1d, Mar 3, 2026 1:55:32 PM"},"hardware_info":"275c5aa2|06:A8:C0:D9:D5:E3"}}}
21:19:46.883 INFO  vert.x-eventloop-thread-0 BaseServiceProxy     : -> GET /v1/api/tickle,200|118ms
21:19:46.884 DEBUG vert.x-eventloop-thread-0 ClientPortalService  : tickle {"session":"c1d79c0a9c2d8d4039d5b5f780f7bcc3","ssoExpires":600000,"collission":false,"userId":50301190,"hmds":{"error":"no bridge"},"iserver":{"authStatus":{"authenticated":true,"established":true,"competing":false,"connected":true,"message":"","MAC":"06:A8:C0:D9:D5:E3","serverInfo":{"serverName":"JifH01132","serverVersion":"Build 10.44.1d, Mar 3, 2026 1:55:32 PM"},"hardware_info":"275c5aa2|06:A8:C0:D9:D5:E3"}}}
21:20:16.875 INFO  vert.x-eventloop-thread-0 BaseServiceProxy     : -> GET /v1/api/tickle,200|110ms
21:20:16.876 DEBUG vert.x-eventloop-thread-0 ClientPortalService  : tickle {"session":"c1d79c0a9c2d8d4039d5b5f780f7bcc3","ssoExpires":570000,"collission":false,"userId":50301190,"hmds":{"error":"no bridge"},"iserver":{"authStatus":{"authenticated":true,"established":true,"competing":false,"connected":true,"message":"","MAC":"06:A8:C0:D9:D5:E3","serverInfo":{"serverName":"JifH01132","serverVersion":"Build 10.44.1d, Mar 3, 2026 1:55:32 PM"},"hardware_info":"275c5aa2|06:A8:C0:D9:D5:E3"}}}
21:20:46.873 INFO  vert.x-eventloop-thread-0 BaseServiceProxy     : -> GET /v1/api/tickle,200|107ms
21:20:46.875 DEBUG vert.x-eventloop-thread-0 ClientPortalService  : tickle {"session":"c1d79c0a9c2d8d4039d5b5f780f7bcc3","ssoExpires":539999,"collission":false,"userId":50301190,"hmds":{"error":"no bridge"},"iserver":{"authStatus":{"authenticated":true,"established":true,"competing":false,"connected":true,"message":"","MAC":"06:A8:C0:D9:D5:E3","serverInfo":{"serverName":"JifH01132","serverVersion":"Build 10.44.1d, Mar 3, 2026 1:55:32 PM"},"hardware_info":"275c5aa2|06:A8:C0:D9:D5:E3"}}}
21:20:51.990 INFO  vert.x-eventloop-thread-0 BaseServiceProxy     : -> GET /v1/api/tickle,200|333ms
21:21:17.158 INFO  vert.x-eventloop-thread-0 BaseServiceProxy     : -> GET /v1/api/tickle,200|393ms
21:21:17.159 DEBUG vert.x-eventloop-thread-0 ClientPortalService  : tickle {"session":"c1d79c0a9c2d8d4039d5b5f780f7bcc3","ssoExpires":509805,"collission":false,"userId":50301190,"hmds":{"error":"no bridge"},"iserver":{"authStatus":{"authenticated":true,"established":true,"competing":false,"connected":true,"message":"","MAC":"06:A8:C0:D9:D5:E3","serverInfo":{"serverName":"JifH01132","serverVersion":"Build 10.44.1d, Mar 3, 2026 1:55:32 PM"},"hardware_info":"275c5aa2|06:A8:C0:D9:D5:E3"}}}
21:21:46.866 INFO  vert.x-eventloop-thread-0 BaseServiceProxy     : -> GET /v1/api/tickle,200|101ms
21:21:46.867 DEBUG vert.x-eventloop-thread-0 ClientPortalService  : tickle {"session":"c1d79c0a9c2d8d4039d5b5f780f7bcc3","ssoExpires":480005,"collission":false,"userId":50301190,"hmds":{"error":"no bridge"},"iserver":{"authStatus":{"authenticated":true,"established":true,"competing":false,"connected":true,"message":"","MAC":"06:A8:C0:D9:D5:E3","serverInfo":{"serverName":"JifH01132","serverVersion":"Build 10.44.1d, Mar 3, 2026 1:55:32 PM"},"hardware_info":"275c5aa2|06:A8:C0:D9:D5:E3"}}}
21:22:16.876 INFO  vert.x-eventloop-thread-0 BaseServiceProxy     : -> GET /v1/api/tickle,200|111ms
21:22:16.878 DEBUG vert.x-eventloop-thread-0 ClientPortalService  : tickle {"session":"c1d79c0a9c2d8d4039d5b5f780f7bcc3","ssoExpires":449991,"collission":false,"userId":50301190,"hmds":{"error":"no bridge"},"iserver":{"authStatus":{"authenticated":true,"established":true,"competing":false,"connected":true,"message":"","MAC":"06:A8:C0:D9:D5:E3","serverInfo":{"serverName":"JifH01132","serverVersion":"Build 10.44.1d, Mar 3, 2026 1:55:32 PM"},"hardware_info":"275c5aa2|06:A8:C0:D9:D5:E3"}}}
21:22:46.899 INFO  vert.x-eventloop-thread-0 BaseServiceProxy     : -> GET /v1/api/tickle,200|134ms
21:22:46.901 DEBUG vert.x-eventloop-thread-0 ClientPortalService  : tickle {"session":"c1d79c0a9c2d8d4039d5b5f780f7bcc3","ssoExpires":419988,"collission":false,"userId":50301190,"hmds":{"error":"no bridge"},"iserver":{"authStatus":{"authenticated":true,"established":true,"competing":false,"connected":true,"message":"","MAC":"06:A8:C0:D9:D5:E3","serverInfo":{"serverName":"JifH01132","serverVersion":"Build 10.44.1d, Mar 3, 2026 1:55:32 PM"},"hardware_info":"275c5aa2|06:A8:C0:D9:D5:E3"}}}
21:23:16.931 INFO  vert.x-eventloop-thread-0 BaseServiceProxy     : -> GET /v1/api/tickle,200|165ms
21:23:16.931 DEBUG vert.x-eventloop-thread-0 ClientPortalService  : tickle {"session":"c1d79c0a9c2d8d4039d5b5f780f7bcc3","ssoExpires":389937,"collission":false,"userId":50301190,"hmds":{"error":"no bridge"},"iserver":{"authStatus":{"authenticated":true,"established":true,"competing":false,"connected":true,"message":"","MAC":"06:A8:C0:D9:D5:E3","serverInfo":{"serverName":"JifH01132","serverVersion":"Build 10.44.1d, Mar 3, 2026 1:55:32 PM"},"hardware_info":"275c5aa2|06:A8:C0:D9:D5:E3"}}}
21:23:41.751 INFO  vert.x-eventloop-thread-0 BaseServiceProxy     : -> GET /sso/ping,200|342ms
21:23:41.753 INFO  vert.x-eventloop-thread-0 SsoService           : sso ping {"result": "true"}
21:23:46.868 INFO  vert.x-eventloop-thread-0 BaseServiceProxy     : -> GET /v1/api/tickle,200|103ms
21:23:46.868 DEBUG vert.x-eventloop-thread-0 ClientPortalService  : tickle {"session":"c1d79c0a9c2d8d4039d5b5f780f7bcc3","ssoExpires":360001,"collission":false,"userId":50301190,"hmds":{"error":"no bridge"},"iserver":{"authStatus":{"authenticated":true,"established":true,"competing":false,"connected":true,"message":"","MAC":"06:A8:C0:D9:D5:E3","serverInfo":{"serverName":"JifH01132","serverVersion":"Build 10.44.1d, Mar 3, 2026 1:55:32 PM"},"hardware_info":"275c5aa2|06:A8:C0:D9:D5:E3"}}}
21:23:52.335 INFO  vert.x-eventloop-thread-0 BaseServiceProxy     : -> GET /v1/api/tickle,200|196ms
21:24:16.872 INFO  vert.x-eventloop-thread-0 BaseServiceProxy     : -> GET /v1/api/tickle,200|106ms
21:24:16.873 DEBUG vert.x-eventloop-thread-0 ClientPortalService  : tickle {"session":"c1d79c0a9c2d8d4039d5b5f780f7bcc3","ssoExpires":330003,"collission":false,"userId":50301190,"hmds":{"error":"no bridge"},"iserver":{"authStatus":{"authenticated":true,"established":true,"competing":false,"connected":true,"message":"","MAC":"06:A8:C0:D9:D5:E3","serverInfo":{"serverName":"JifH01132","serverVersion":"Build 10.44.1d, Mar 3, 2026 1:55:32 PM"},"hardware_info":"275c5aa2|06:A8:C0:D9:D5:E3"}}}
21:24:46.911 INFO  vert.x-eventloop-thread-0 BaseServiceProxy     : -> GET /v1/api/tickle,200|145ms
21:24:46.913 DEBUG vert.x-eventloop-thread-0 ClientPortalService  : tickle {"session":"c1d79c0a9c2d8d4039d5b5f780f7bcc3","ssoExpires":299982,"collission":false,"userId":50301190,"hmds":{"error":"no bridge"},"iserver":{"authStatus":{"authenticated":true,"established":true,"competing":false,"connected":true,"message":"","MAC":"06:A8:C0:D9:D5:E3","serverInfo":{"serverName":"JifH01132","serverVersion":"Build 10.44.1d, Mar 3, 2026 1:55:32 PM"},"hardware_info":"275c5aa2|06:A8:C0:D9:D5:E3"}}}
21:25:16.880 INFO  vert.x-eventloop-thread-0 BaseServiceProxy     : -> GET /v1/api/tickle,200|113ms
21:25:16.882 DEBUG vert.x-eventloop-thread-0 ClientPortalService  : tickle {"session":"c1d79c0a9c2d8d4039d5b5f780f7bcc3","ssoExpires":269994,"collission":false,"userId":50301190,"hmds":{"error":"no bridge"},"iserver":{"authStatus":{"authenticated":true,"established":true,"competing":false,"connected":true,"message":"","MAC":"06:A8:C0:D9:D5:E3","serverInfo":{"serverName":"JifH01132","serverVersion":"Build 10.44.1d, Mar 3, 2026 1:55:32 PM"},"hardware_info":"275c5aa2|06:A8:C0:D9:D5:E3"}}}
21:25:46.907 INFO  vert.x-eventloop-thread-0 BaseServiceProxy     : -> GET /v1/api/tickle,200|141ms
21:25:46.909 DEBUG vert.x-eventloop-thread-0 ClientPortalService  : tickle {"session":"c1d79c0a9c2d8d4039d5b5f780f7bcc3","ssoExpires":239981,"collission":false,"userId":50301190,"hmds":{"error":"no bridge"},"iserver":{"authStatus":{"authenticated":true,"established":true,"competing":false,"connected":true,"message":"","MAC":"06:A8:C0:D9:D5:E3","serverInfo":{"serverName":"JifH01132","serverVersion":"Build 10.44.1d, Mar 3, 2026 1:55:32 PM"},"hardware_info":"275c5aa2|06:A8:C0:D9:D5:E3"}}}
21:26:16.952 INFO  vert.x-eventloop-thread-0 BaseServiceProxy     : -> GET /v1/api/tickle,200|185ms
21:26:16.954 DEBUG vert.x-eventloop-thread-0 ClientPortalService  : tickle {"session":"c1d79c0a9c2d8d4039d5b5f780f7bcc3","ssoExpires":209967,"collission":false,"userId":50301190,"hmds":{"error":"no bridge"},"iserver":{"authStatus":{"authenticated":true,"established":true,"competing":false,"connected":true,"message":"","MAC":"06:A8:C0:D9:D5:E3","serverInfo":{"serverName":"JifH01132","serverVersion":"Build 10.44.1d, Mar 3, 2026 1:55:32 PM"},"hardware_info":"275c5aa2|06:A8:C0:D9:D5:E3"}}}
21:26:39.195 INFO  vert.x-eventloop-thread-0 BaseServiceProxy     : -> GET /v1/api/iserver/account/orders,200|99ms
21:26:39.647 INFO  vert.x-eventloop-thread-0 BaseServiceProxy     : -> GET /v1/api/iserver/marketdata/history?conid=8168458&period=30d&bar=1d&outsideRth=false,200|306ms
21:26:39.762 INFO  vert.x-eventloop-thread-0 BaseServiceProxy     : -> GET /v1/api/iserver/marketdata/history?conid=8168458&period=30d&bar=1d&outsideRth=false,200|111ms
21:26:46.880 INFO  vert.x-eventloop-thread-0 BaseServiceProxy     : -> GET /v1/api/tickle,200|114ms
21:26:46.880 DEBUG vert.x-eventloop-thread-0 ClientPortalService  : tickle {"session":"c1d79c0a9c2d8d4039d5b5f780f7bcc3","ssoExpires":179997,"collission":false,"userId":50301190,"hmds":{"error":"no bridge"},"iserver":{"authStatus":{"authenticated":true,"established":true,"competing":false,"connected":true,"message":"","MAC":"06:A8:C0:D9:D5:E3","serverInfo":{"serverName":"JifH01132","serverVersion":"Build 10.44.1d, Mar 3, 2026 1:55:32 PM"},"hardware_info":"275c5aa2|06:A8:C0:D9:D5:E3"}}}
21:26:52.570 INFO  vert.x-eventloop-thread-0 BaseServiceProxy     : -> GET /v1/api/tickle,200|115ms
21:27:16.868 INFO  vert.x-eventloop-thread-0 BaseServiceProxy     : -> GET /v1/api/tickle,200|102ms
21:27:16.869 DEBUG vert.x-eventloop-thread-0 ClientPortalService  : tickle {"session":"c1d79c0a9c2d8d4039d5b5f780f7bcc3","ssoExpires":150009,"collission":false,"userId":50301190,"hmds":{"error":"no bridge"},"iserver":{"authStatus":{"authenticated":true,"established":true,"competing":false,"connected":true,"message":"","MAC":"06:A8:C0:D9:D5:E3","serverInfo":{"serverName":"JifH01132","serverVersion":"Build 10.44.1d, Mar 3, 2026 1:55:32 PM"},"hardware_info":"275c5aa2|06:A8:C0:D9:D5:E3"}}}
21:27:47.097 INFO  vert.x-eventloop-thread-0 BaseServiceProxy     : -> GET /v1/api/tickle,200|331ms
21:27:47.101 DEBUG vert.x-eventloop-thread-0 ClientPortalService  : tickle {"session":"c1d79c0a9c2d8d4039d5b5f780f7bcc3","ssoExpires":119769,"collission":false,"userId":50301190,"hmds":{"error":"no bridge"},"iserver":{"authStatus":{"authenticated":true,"established":true,"competing":false,"connected":true,"message":"","MAC":"06:A8:C0:D9:D5:E3","serverInfo":{"serverName":"JifH01132","serverVersion":"Build 10.44.1d, Mar 3, 2026 1:55:32 PM"},"hardware_info":"275c5aa2|06:A8:C0:D9:D5:E3"}}}
21:28:16.880 INFO  vert.x-eventloop-thread-0 BaseServiceProxy     : -> GET /v1/api/tickle,200|114ms
21:28:16.882 DEBUG vert.x-eventloop-thread-0 ClientPortalService  : tickle {"session":"c1d79c0a9c2d8d4039d5b5f780f7bcc3","ssoExpires":89994,"collission":false,"userId":50301190,"hmds":{"error":"no bridge"},"iserver":{"authStatus":{"authenticated":true,"established":true,"competing":false,"connected":true,"message":"","MAC":"06:A8:C0:D9:D5:E3","serverInfo":{"serverName":"JifH01132","serverVersion":"Build 10.44.1d, Mar 3, 2026 1:55:32 PM"},"hardware_info":"275c5aa2|06:A8:C0:D9:D5:E3"}}}
21:28:17.411 INFO  vert.x-eventloop-thread-0 BaseServiceProxy     : -> GET /v1/api/iserver/secdef/search?symbol=BYD&secType=STK,200|368ms
21:28:32.733 INFO  vert.x-eventloop-thread-0 BaseServiceProxy     : -> GET /v1/api/portfolio/U5799398/summary,200|219ms
21:28:32.850 INFO  vert.x-eventloop-thread-0 BaseServiceProxy     : -> GET /v1/api/iserver/account/orders,200|111ms
21:28:32.996 INFO  vert.x-eventloop-thread-0 BaseServiceProxy     : -> GET /v1/api/portfolio/U5799398/positions/0?direction=a&period=1W&sort=position,200|249ms
21:28:41.697 INFO  vert.x-eventloop-thread-0 BaseServiceProxy     : -> GET /sso/ping,200|288ms
21:28:41.699 INFO  vert.x-eventloop-thread-0 SsoService           : sso ping {"result": "true"}
21:28:46.875 INFO  vert.x-eventloop-thread-0 BaseServiceProxy     : -> GET /v1/api/tickle,200|108ms
21:28:46.875 DEBUG vert.x-eventloop-thread-0 ClientPortalService  : tickle {"session":"c1d79c0a9c2d8d4039d5b5f780f7bcc3","ssoExpires":60007,"collission":false,"userId":50301190,"hmds":{"error":"no bridge"},"iserver":{"authStatus":{"authenticated":true,"established":true,"competing":false,"connected":true,"message":"","MAC":"06:A8:C0:D9:D5:E3","serverInfo":{"serverName":"JifH01132","serverVersion":"Build 10.44.1d, Mar 3, 2026 1:55:32 PM"},"hardware_info":"275c5aa2|06:A8:C0:D9:D5:E3"}}}
21:28:47.461 INFO  vert.x-eventloop-thread-0 BaseServiceProxy     : -> GET /v1/api/iserver/secdef/search?symbol=BYD&secType=STK,200|186ms
21:28:47.833 INFO  vert.x-eventloop-thread-0 BaseServiceProxy     : -> GET /v1/api/iserver/account/orders,200|367ms
21:28:48.133 INFO  vert.x-eventloop-thread-0 BaseServiceProxy     : -> GET /v1/api/portfolio/U5799398/summary,200|278ms
21:28:48.499 INFO  vert.x-eventloop-thread-0 BaseServiceProxy     : -> GET /v1/api/iserver/account/U5799398/orders,200|359ms
21:28:48.613 INFO  vert.x-eventloop-thread-0 BaseServiceProxy     : -> GET /v1/api/iserver/reply/c1bf0af3-a4d1-4b71-abf2-663050abff36,200|111ms
21:28:48.774 INFO  vert.x-eventloop-thread-0 BaseServiceProxy     : -> GET /v1/api/iserver/reply/e1bfcf22-785b-41ac-a10f-13e9be686e5e,200|157ms
21:28:48.989 INFO  vert.x-eventloop-thread-0 BaseServiceProxy     : -> GET /v1/api/iserver/reply/46a6ecfb-c294-4436-b31d-c549b6d07608,200|213ms
21:28:49.111 INFO  vert.x-eventloop-thread-0 BaseServiceProxy     : -> GET /v1/api/iserver/reply/21b9d39e-c5a1-44a1-bd22-338866d674fb,200|120ms
21:28:49.209 INFO  vert.x-eventloop-thread-0 BaseServiceProxy     : -> GET /v1/api/iserver/reply/bbd2de71-5ea8-4e40-a32b-cf39d772366d,200|95ms
21:28:49.354 INFO  vert.x-eventloop-thread-0 BaseServiceProxy     : -> GET /v1/api/iserver/reply/ea07b569-3f82-414f-a7f2-beb5adeeb03d,200|143ms
21:28:49.456 INFO  vert.x-eventloop-thread-0 BaseServiceProxy     : -> GET /v1/api/iserver/account/orders,200|100ms
21:28:49.898 INFO  vert.x-eventloop-thread-0 BaseServiceProxy     : -> GET /v1/api/iserver/marketdata/history?conid=5365&period=30d&bar=1d&outsideRth=false,200|396ms
21:28:50.006 INFO  vert.x-eventloop-thread-0 BaseServiceProxy     : -> GET /v1/api/iserver/marketdata/history?conid=5365&period=30d&bar=1d&outsideRth=false,200|106ms
21:28:51.638 INFO  vert.x-eventloop-thread-0 BaseServiceProxy     : -> GET /v1/api/iserver/account/orders,200|89ms
21:28:51.857 INFO  vert.x-eventloop-thread-0 BaseServiceProxy     : -> GET /v1/api/iserver/marketdata/history?conid=5365&period=30d&bar=1d&outsideRth=false,200|99ms
21:28:52.077 INFO  vert.x-eventloop-thread-0 BaseServiceProxy     : -> GET /v1/api/iserver/marketdata/history?conid=5365&period=30d&bar=1d&outsideRth=false,200|216ms
21:28:52.305 INFO  vert.x-eventloop-thread-0 BaseServiceProxy     : -> GET /v1/api/iserver/account/orders,200|163ms
21:28:52.507 INFO  vert.x-eventloop-thread-0 BaseServiceProxy     : -> GET /v1/api/iserver/account/orders,200|126ms
21:28:52.944 INFO  vert.x-eventloop-thread-0 BaseServiceProxy     : -> GET /v1/api/iserver/account/U5799398/order/177393857,200|398ms
21:28:53.136 INFO  vert.x-eventloop-thread-0 BaseServiceProxy     : -> GET /v1/api/iserver/account/orders,200|189ms
21:28:53.286 INFO  vert.x-eventloop-thread-0 BaseServiceProxy     : -> GET /v1/api/iserver/marketdata/history?conid=5365&period=30d&bar=1d&outsideRth=false,200|132ms
21:28:53.397 INFO  vert.x-eventloop-thread-0 BaseServiceProxy     : -> GET /v1/api/iserver/marketdata/history?conid=5365&period=30d&bar=1d&outsideRth=false,200|108ms
21:28:53.588 INFO  vert.x-eventloop-thread-0 BaseServiceProxy     : -> GET /v1/api/iserver/account/orders,200|153ms
21:29:16.876 INFO  vert.x-eventloop-thread-0 BaseServiceProxy     : -> GET /v1/api/tickle,200|108ms
21:29:16.879 DEBUG vert.x-eventloop-thread-0 ClientPortalService  : tickle {"session":"c1d79c0a9c2d8d4039d5b5f780f7bcc3","ssoExpires":29992,"collission":false,"userId":50301190,"hmds":{"error":"no bridge"},"iserver":{"authStatus":{"authenticated":true,"established":true,"competing":false,"connected":true,"message":"","MAC":"06:A8:C0:D9:D5:E3","serverInfo":{"serverName":"JifH01132","serverVersion":"Build 10.44.1d, Mar 3, 2026 1:55:32 PM"},"hardware_info":"275c5aa2|06:A8:C0:D9:D5:E3"}}}
21:29:46.934 INFO  vert.x-eventloop-thread-0 BaseServiceProxy     : -> GET /v1/api/tickle,200|167ms
21:29:46.936 DEBUG vert.x-eventloop-thread-0 ClientPortalService  : tickle {"session":"c1d79c0a9c2d8d4039d5b5f780f7bcc3","ssoExpires":600000,"collission":false,"userId":50301190,"hmds":{"error":"no bridge"},"iserver":{"authStatus":{"authenticated":true,"established":true,"competing":false,"connected":true,"message":"","MAC":"06:A8:C0:D9:D5:E3","serverInfo":{"serverName":"JifH01132","serverVersion":"Build 10.44.1d, Mar 3, 2026 1:55:32 PM"},"hardware_info":"275c5aa2|06:A8:C0:D9:D5:E3"}}}
21:29:52.801 INFO  vert.x-eventloop-thread-0 BaseServiceProxy     : -> GET /v1/api/tickle,200|109ms
21:29:57.855 INFO  vert.x-eventloop-thread-0 BaseServiceProxy     : -> GET /v1/api/iserver/account/orders,200|113ms
21:29:58.375 INFO  vert.x-eventloop-thread-0 BaseServiceProxy     : -> GET /v1/api/iserver/account/U5799398/order/93845075,200|499ms
21:29:58.784 INFO  vert.x-eventloop-thread-0 BaseServiceProxy     : -> GET /v1/api/iserver/account/U5799398/order/93845074,400|406ms
21:29:59.147 INFO  vert.x-eventloop-thread-0 BaseServiceProxy     : -> GET /v1/api/iserver/account/U5799398/order/93845073,200|362ms
21:30:16.874 INFO  vert.x-eventloop-thread-0 BaseServiceProxy     : -> GET /v1/api/tickle,200|107ms
21:30:16.876 DEBUG vert.x-eventloop-thread-0 ClientPortalService  : tickle {"session":"c1d79c0a9c2d8d4039d5b5f780f7bcc3","ssoExpires":570012,"collission":false,"userId":50301190,"hmds":{"error":"no bridge"},"iserver":{"authStatus":{"authenticated":true,"established":true,"competing":false,"connected":true,"message":"","MAC":"06:A8:C0:D9:D5:E3","serverInfo":{"serverName":"JifH01132","serverVersion":"Build 10.44.1d, Mar 3, 2026 1:55:32 PM"},"hardware_info":"275c5aa2|06:A8:C0:D9:D5:E3"}}}
21:30:46.887 INFO  vert.x-eventloop-thread-0 BaseServiceProxy     : -> GET /v1/api/tickle,200|120ms
21:30:46.888 DEBUG vert.x-eventloop-thread-0 ClientPortalService  : tickle {"session":"c1d79c0a9c2d8d4039d5b5f780f7bcc3","ssoExpires":540008,"collission":false,"userId":50301190,"hmds":{"error":"no bridge"},"iserver":{"authStatus":{"authenticated":true,"established":true,"competing":false,"connected":true,"message":"","MAC":"06:A8:C0:D9:D5:E3","serverInfo":{"serverName":"JifH01132","serverVersion":"Build 10.44.1d, Mar 3, 2026 1:55:32 PM"},"hardware_info":"275c5aa2|06:A8:C0:D9:D5:E3"}}}
21:30:47.548 INFO  vert.x-eventloop-thread-0 BaseServiceProxy     : -> GET /v1/api/iserver/account/orders,200|129ms
21:30:56.947 INFO  vert.x-eventloop-thread-0 BaseServiceProxy     : -> GET /v1/api/iserver/secdef/search?symbol=SIMO&secType=STK,200|244ms
21:31:04.935 INFO  vert.x-eventloop-thread-0 BaseServiceProxy     : -> GET /v1/api/portfolio/U5799398/summary,200|586ms
21:31:05.052 INFO  vert.x-eventloop-thread-0 BaseServiceProxy     : -> GET /v1/api/iserver/account/orders,200|114ms
21:31:06.879 INFO  vert.x-eventloop-thread-0 BaseServiceProxy     : -> GET /v1/api/portfolio/U5799398/positions/0?direction=a&period=1W&sort=position,200|1933ms
21:31:16.905 INFO  vert.x-eventloop-thread-0 BaseServiceProxy     : -> GET /v1/api/tickle,200|138ms
21:31:16.905 DEBUG vert.x-eventloop-thread-0 ClientPortalService  : tickle {"session":"c1d79c0a9c2d8d4039d5b5f780f7bcc3","ssoExpires":509998,"collission":false,"userId":50301190,"hmds":{"error":"no bridge"},"iserver":{"authStatus":{"authenticated":true,"established":true,"competing":false,"connected":true,"message":"","MAC":"06:A8:C0:D9:D5:E3","serverInfo":{"serverName":"JifH01132","serverVersion":"Build 10.44.1d, Mar 3, 2026 1:55:32 PM"},"hardware_info":"275c5aa2|06:A8:C0:D9:D5:E3"}}}
21:31:28.855 INFO  vert.x-eventloop-thread-0 BaseServiceProxy     : -> GET /v1/api/iserver/secdef/search?symbol=SIMO&secType=STK,200|137ms
21:31:28.946 INFO  vert.x-eventloop-thread-0 BaseServiceProxy     : -> GET /v1/api/iserver/account/orders,200|87ms
21:31:29.411 INFO  vert.x-eventloop-thread-0 BaseServiceProxy     : -> GET /v1/api/portfolio/U5799398/summary,200|446ms
21:31:29.923 INFO  vert.x-eventloop-thread-0 BaseServiceProxy     : -> GET /v1/api/iserver/account/U5799398/orders,200|508ms
21:31:30.017 INFO  vert.x-eventloop-thread-0 BaseServiceProxy     : -> GET /v1/api/iserver/reply/689e637f-9f9f-4898-aa84-5e3742f7924d,200|92ms
21:31:30.212 INFO  vert.x-eventloop-thread-0 BaseServiceProxy     : -> GET /v1/api/iserver/reply/59cc117c-fe54-4231-8558-819a95eac9a1,200|193ms
21:31:30.327 INFO  vert.x-eventloop-thread-0 BaseServiceProxy     : -> GET /v1/api/iserver/reply/449c52af-cc98-4925-a7a5-2abef7fd4153,200|111ms
21:31:30.490 INFO  vert.x-eventloop-thread-0 BaseServiceProxy     : -> GET /v1/api/iserver/reply/672c30bd-bcda-40c7-828c-3593dae631d2,200|161ms
21:31:30.604 INFO  vert.x-eventloop-thread-0 BaseServiceProxy     : -> GET /v1/api/iserver/reply/b49c8020-93ad-475b-afdc-f387c1c0b524,200|112ms
21:31:30.745 INFO  vert.x-eventloop-thread-0 BaseServiceProxy     : -> GET /v1/api/iserver/reply/77d0e6dc-0b4a-4128-86be-e9fe79912a66,200|139ms
21:31:30.862 INFO  vert.x-eventloop-thread-0 BaseServiceProxy     : -> GET /v1/api/iserver/account/orders,200|114ms
21:31:31.354 INFO  vert.x-eventloop-thread-0 BaseServiceProxy     : -> GET /v1/api/iserver/marketdata/history?conid=35091350&period=30d&bar=1d&outsideRth=false,200|472ms
21:31:31.508 INFO  vert.x-eventloop-thread-0 BaseServiceProxy     : -> GET /v1/api/iserver/marketdata/history?conid=35091350&period=30d&bar=1d&outsideRth=false,200|152ms
21:31:33.091 INFO  vert.x-eventloop-thread-0 BaseServiceProxy     : -> GET /v1/api/iserver/account/orders,200|167ms
21:31:33.211 INFO  vert.x-eventloop-thread-0 BaseServiceProxy     : -> GET /v1/api/iserver/marketdata/history?conid=35091350&period=30d&bar=1d&outsideRth=false,200|101ms
21:31:33.323 INFO  vert.x-eventloop-thread-0 BaseServiceProxy     : -> GET /v1/api/iserver/marketdata/history?conid=35091350&period=30d&bar=1d&outsideRth=false,200|110ms
21:31:33.470 INFO  vert.x-eventloop-thread-0 BaseServiceProxy     : -> GET /v1/api/iserver/account/orders,200|92ms
21:31:33.635 INFO  vert.x-eventloop-thread-0 BaseServiceProxy     : -> GET /v1/api/iserver/account/orders,200|120ms
21:31:34.118 INFO  vert.x-eventloop-thread-0 BaseServiceProxy     : -> GET /v1/api/iserver/account/U5799398/order/177393860,200|432ms
21:31:34.233 INFO  vert.x-eventloop-thread-0 BaseServiceProxy     : -> GET /v1/api/iserver/account/orders,200|113ms
21:31:34.353 INFO  vert.x-eventloop-thread-0 BaseServiceProxy     : -> GET /v1/api/iserver/marketdata/history?conid=35091350&period=30d&bar=1d&outsideRth=false,200|104ms
21:31:34.526 INFO  vert.x-eventloop-thread-0 BaseServiceProxy     : -> GET /v1/api/iserver/marketdata/history?conid=35091350&period=30d&bar=1d&outsideRth=false,200|171ms
21:31:34.695 INFO  vert.x-eventloop-thread-0 BaseServiceProxy     : -> GET /v1/api/iserver/account/orders,200|103ms
21:31:46.873 INFO  vert.x-eventloop-thread-0 BaseServiceProxy     : -> GET /v1/api/tickle,200|106ms
21:31:46.875 DEBUG vert.x-eventloop-thread-0 ClientPortalService  : tickle {"session":"c1d79c0a9c2d8d4039d5b5f780f7bcc3","ssoExpires":480011,"collission":false,"userId":50301190,"hmds":{"error":"no bridge"},"iserver":{"authStatus":{"authenticated":true,"established":true,"competing":false,"connected":true,"message":"","MAC":"06:A8:C0:D9:D5:E3","serverInfo":{"serverName":"JifH01132","serverVersion":"Build 10.44.1d, Mar 3, 2026 1:55:32 PM"},"hardware_info":"275c5aa2|06:A8:C0:D9:D5:E3"}}}
21:32:16.870 INFO  vert.x-eventloop-thread-0 BaseServiceProxy     : -> GET /v1/api/tickle,200|103ms
21:32:16.872 DEBUG vert.x-eventloop-thread-0 ClientPortalService  : tickle {"session":"c1d79c0a9c2d8d4039d5b5f780f7bcc3","ssoExpires":450018,"collission":false,"userId":50301190,"hmds":{"error":"no bridge"},"iserver":{"authStatus":{"authenticated":true,"established":true,"competing":false,"connected":true,"message":"","MAC":"06:A8:C0:D9:D5:E3","serverInfo":{"serverName":"JifH01132","serverVersion":"Build 10.44.1d, Mar 3, 2026 1:55:32 PM"},"hardware_info":"275c5aa2|06:A8:C0:D9:D5:E3"}}}
21:32:46.899 INFO  vert.x-eventloop-thread-0 BaseServiceProxy     : -> GET /v1/api/tickle,200|132ms
21:32:46.900 DEBUG vert.x-eventloop-thread-0 ClientPortalService  : tickle {"session":"c1d79c0a9c2d8d4039d5b5f780f7bcc3","ssoExpires":420009,"collission":false,"userId":50301190,"hmds":{"error":"no bridge"},"iserver":{"authStatus":{"authenticated":true,"established":true,"competing":false,"connected":true,"message":"","MAC":"06:A8:C0:D9:D5:E3","serverInfo":{"serverName":"JifH01132","serverVersion":"Build 10.44.1d, Mar 3, 2026 1:55:32 PM"},"hardware_info":"275c5aa2|06:A8:C0:D9:D5:E3"}}}
21:32:53.035 INFO  vert.x-eventloop-thread-0 BaseServiceProxy     : -> GET /v1/api/tickle,200|96ms
21:33:16.896 INFO  vert.x-eventloop-thread-0 BaseServiceProxy     : -> GET /v1/api/tickle,200|129ms
21:33:16.898 DEBUG vert.x-eventloop-thread-0 ClientPortalService  : tickle {"session":"c1d79c0a9c2d8d4039d5b5f780f7bcc3","ssoExpires":389998,"collission":false,"userId":50301190,"hmds":{"error":"no bridge"},"iserver":{"authStatus":{"authenticated":true,"established":true,"competing":false,"connected":true,"message":"","MAC":"06:A8:C0:D9:D5:E3","serverInfo":{"serverName":"JifH01132","serverVersion":"Build 10.44.1d, Mar 3, 2026 1:55:32 PM"},"hardware_info":"275c5aa2|06:A8:C0:D9:D5:E3"}}}
21:33:41.694 INFO  vert.x-eventloop-thread-0 BaseServiceProxy     : -> GET /sso/ping,200|285ms
21:33:41.695 INFO  vert.x-eventloop-thread-0 SsoService           : sso ping {"result": "true"}
21:33:46.886 INFO  vert.x-eventloop-thread-0 BaseServiceProxy     : -> GET /v1/api/tickle,200|117ms
21:33:46.890 DEBUG vert.x-eventloop-thread-0 ClientPortalService  : tickle {"session":"c1d79c0a9c2d8d4039d5b5f780f7bcc3","ssoExpires":360003,"collission":false,"userId":50301190,"hmds":{"error":"no bridge"},"iserver":{"authStatus":{"authenticated":true,"established":true,"competing":false,"connected":true,"message":"","MAC":"06:A8:C0:D9:D5:E3","serverInfo":{"serverName":"JifH01132","serverVersion":"Build 10.44.1d, Mar 3, 2026 1:55:32 PM"},"hardware_info":"275c5aa2|06:A8:C0:D9:D5:E3"}}}
21:33:51.951 INFO  vert.x-eventloop-thread-0 BaseServiceProxy     : -> GET /v1/api/portfolio/U5799398/summary,200|288ms
21:33:52.047 INFO  vert.x-eventloop-thread-0 BaseServiceProxy     : -> GET /v1/api/iserver/account/orders,200|91ms
21:33:52.197 INFO  vert.x-eventloop-thread-0 BaseServiceProxy     : -> GET /v1/api/portfolio/U5799398/positions/0?direction=a&period=1W&sort=position,200|232ms
21:34:00.113 INFO  vert.x-eventloop-thread-0 BaseServiceProxy     : -> GET /v1/api/iserver/secdef/search?symbol=NPKI&secType=STK,200|197ms
21:34:00.265 INFO  vert.x-eventloop-thread-0 BaseServiceProxy     : -> GET /v1/api/iserver/account/orders,200|148ms
21:34:00.555 INFO  vert.x-eventloop-thread-0 BaseServiceProxy     : -> GET /v1/api/portfolio/U5799398/summary,200|269ms
21:34:01.192 INFO  vert.x-eventloop-thread-0 BaseServiceProxy     : -> GET /v1/api/iserver/account/U5799398/orders,200|634ms
21:34:01.307 INFO  vert.x-eventloop-thread-0 BaseServiceProxy     : -> GET /v1/api/iserver/reply/2581a1e8-08cf-4371-a34a-409dde128084,200|114ms
21:34:01.421 INFO  vert.x-eventloop-thread-0 BaseServiceProxy     : -> GET /v1/api/iserver/reply/c95ddd40-85d9-4558-879e-c68389b5819e,200|113ms
21:34:01.518 INFO  vert.x-eventloop-thread-0 BaseServiceProxy     : -> GET /v1/api/iserver/reply/f8732b21-518e-4ffb-9c4e-850af3ec5120,200|95ms
21:34:01.613 INFO  vert.x-eventloop-thread-0 BaseServiceProxy     : -> GET /v1/api/iserver/reply/d5fb8de3-cf3b-44c3-a95d-6271d8de71e9,200|94ms
21:34:01.734 INFO  vert.x-eventloop-thread-0 BaseServiceProxy     : -> GET /v1/api/iserver/reply/8d647910-fc89-4e9b-a7b1-ac84a51b515f,200|119ms
21:34:01.874 INFO  vert.x-eventloop-thread-0 BaseServiceProxy     : -> GET /v1/api/iserver/reply/9bfb780a-519e-4fad-8685-6f9bc27a14f3,200|138ms
21:34:01.969 INFO  vert.x-eventloop-thread-0 BaseServiceProxy     : -> GET /v1/api/iserver/account/orders,200|94ms
21:34:02.396 INFO  vert.x-eventloop-thread-0 BaseServiceProxy     : -> GET /v1/api/iserver/marketdata/history?conid=272475&period=30d&bar=1d&outsideRth=false,200|387ms
21:34:02.493 INFO  vert.x-eventloop-thread-0 BaseServiceProxy     : -> GET /v1/api/iserver/marketdata/history?conid=272475&period=30d&bar=1d&outsideRth=false,200|95ms
21:34:08.779 INFO  vert.x-eventloop-thread-0 BaseServiceProxy     : -> GET /v1/api/iserver/account/orders,200|127ms
21:34:08.949 INFO  vert.x-eventloop-thread-0 BaseServiceProxy     : -> GET /v1/api/iserver/marketdata/history?conid=272475&period=30d&bar=1d&outsideRth=false,200|133ms
21:34:09.040 INFO  vert.x-eventloop-thread-0 BaseServiceProxy     : -> GET /v1/api/iserver/marketdata/history?conid=272475&period=30d&bar=1d&outsideRth=false,200|89ms
21:34:09.191 INFO  vert.x-eventloop-thread-0 BaseServiceProxy     : -> GET /v1/api/iserver/account/orders,200|91ms
21:34:09.335 INFO  vert.x-eventloop-thread-0 BaseServiceProxy     : -> GET /v1/api/iserver/account/orders,200|133ms
21:34:09.732 INFO  vert.x-eventloop-thread-0 BaseServiceProxy     : -> GET /v1/api/iserver/account/U5799398/order/177394009,200|378ms
21:34:09.870 INFO  vert.x-eventloop-thread-0 BaseServiceProxy     : -> GET /v1/api/iserver/account/orders,200|135ms
21:34:10.000 INFO  vert.x-eventloop-thread-0 BaseServiceProxy     : -> GET /v1/api/iserver/marketdata/history?conid=272475&period=30d&bar=1d&outsideRth=false,200|112ms
21:34:10.097 INFO  vert.x-eventloop-thread-0 BaseServiceProxy     : -> GET /v1/api/iserver/marketdata/history?conid=272475&period=30d&bar=1d&outsideRth=false,200|93ms
21:34:10.257 INFO  vert.x-eventloop-thread-0 BaseServiceProxy     : -> GET /v1/api/iserver/account/orders,200|99ms
21:34:16.904 INFO  vert.x-eventloop-thread-0 BaseServiceProxy     : -> GET /v1/api/tickle,200|136ms
21:34:16.906 DEBUG vert.x-eventloop-thread-0 ClientPortalService  : tickle {"session":"c1d79c0a9c2d8d4039d5b5f780f7bcc3","ssoExpires":329981,"collission":false,"userId":50301190,"hmds":{"error":"no bridge"},"iserver":{"authStatus":{"authenticated":true,"established":true,"competing":false,"connected":true,"message":"","MAC":"06:A8:C0:D9:D5:E3","serverInfo":{"serverName":"JifH01132","serverVersion":"Build 10.44.1d, Mar 3, 2026 1:55:32 PM"},"hardware_info":"275c5aa2|06:A8:C0:D9:D5:E3"}}}
21:34:46.865 INFO  vert.x-eventloop-thread-0 BaseServiceProxy     : -> GET /v1/api/tickle,200|98ms
21:34:46.866 DEBUG vert.x-eventloop-thread-0 ClientPortalService  : tickle {"session":"c1d79c0a9c2d8d4039d5b5f780f7bcc3","ssoExpires":300023,"collission":false,"userId":50301190,"hmds":{"error":"no bridge"},"iserver":{"authStatus":{"authenticated":true,"established":true,"competing":false,"connected":true,"message":"","MAC":"06:A8:C0:D9:D5:E3","serverInfo":{"serverName":"JifH01132","serverVersion":"Build 10.44.1d, Mar 3, 2026 1:55:32 PM"},"hardware_info":"275c5aa2|06:A8:C0:D9:D5:E3"}}}
21:35:16.873 INFO  vert.x-eventloop-thread-0 BaseServiceProxy     : -> GET /v1/api/tickle,200|105ms
21:35:16.875 DEBUG vert.x-eventloop-thread-0 ClientPortalService  : tickle {"session":"c1d79c0a9c2d8d4039d5b5f780f7bcc3","ssoExpires":270024,"collission":false,"userId":50301190,"hmds":{"error":"no bridge"},"iserver":{"authStatus":{"authenticated":true,"established":true,"competing":false,"connected":true,"message":"","MAC":"06:A8:C0:D9:D5:E3","serverInfo":{"serverName":"JifH01132","serverVersion":"Build 10.44.1d, Mar 3, 2026 1:55:32 PM"},"hardware_info":"275c5aa2|06:A8:C0:D9:D5:E3"}}}
21:35:29.043 INFO  vert.x-eventloop-thread-0 BaseServiceProxy     : -> GET /v1/api/iserver/account/orders,200|137ms
21:35:46.878 INFO  vert.x-eventloop-thread-0 BaseServiceProxy     : -> GET /v1/api/tickle,200|110ms
21:35:46.879 DEBUG vert.x-eventloop-thread-0 ClientPortalService  : tickle {"session":"c1d79c0a9c2d8d4039d5b5f780f7bcc3","ssoExpires":240018,"collission":false,"userId":50301190,"hmds":{"error":"no bridge"},"iserver":{"authStatus":{"authenticated":true,"established":true,"competing":false,"connected":true,"message":"","MAC":"06:A8:C0:D9:D5:E3","serverInfo":{"serverName":"JifH01132","serverVersion":"Build 10.44.1d, Mar 3, 2026 1:55:32 PM"},"hardware_info":"275c5aa2|06:A8:C0:D9:D5:E3"}}}
21:35:53.257 INFO  vert.x-eventloop-thread-0 BaseServiceProxy     : -> GET /v1/api/tickle,200|94ms
21:35:54.894 INFO  vert.x-eventloop-thread-0 BaseServiceProxy     : -> GET /v1/api/portfolio/U5799398/summary,200|206ms
21:35:55.025 INFO  vert.x-eventloop-thread-0 BaseServiceProxy     : -> GET /v1/api/iserver/account/orders,200|121ms
21:35:56.878 INFO  vert.x-eventloop-thread-0 BaseServiceProxy     : -> GET /v1/api/portfolio/U5799398/positions/0?direction=a&period=1W&sort=position,200|1980ms
21:36:08.100 INFO  vert.x-eventloop-thread-0 BaseServiceProxy     : -> GET /v1/api/iserver/secdef/search?symbol=SATS&secType=STK,200|329ms
21:36:08.192 INFO  vert.x-eventloop-thread-0 BaseServiceProxy     : -> GET /v1/api/iserver/account/orders,200|89ms
21:36:08.407 INFO  vert.x-eventloop-thread-0 BaseServiceProxy     : -> GET /v1/api/portfolio/U5799398/summary,200|187ms
21:36:08.962 INFO  vert.x-eventloop-thread-0 BaseServiceProxy     : -> GET /v1/api/iserver/account/U5799398/orders,200|547ms
21:36:09.060 INFO  vert.x-eventloop-thread-0 BaseServiceProxy     : -> GET /v1/api/iserver/reply/e4a17518-4a0a-4c14-aa62-cee7c494d3f8,200|96ms
21:36:09.189 INFO  vert.x-eventloop-thread-0 BaseServiceProxy     : -> GET /v1/api/iserver/reply/f6c13ed3-a4b1-4da9-a924-52b75a15f14f,200|127ms
21:36:09.314 INFO  vert.x-eventloop-thread-0 BaseServiceProxy     : -> GET /v1/api/iserver/reply/c4da2a6c-d104-4e25-a79d-17c0d77e7164,200|122ms
21:36:09.453 INFO  vert.x-eventloop-thread-0 BaseServiceProxy     : -> GET /v1/api/iserver/reply/5b94750b-c330-409b-bfe5-eb4cb6df8735,200|138ms
21:36:09.546 INFO  vert.x-eventloop-thread-0 BaseServiceProxy     : -> GET /v1/api/iserver/reply/ef17e67e-22f3-49fb-b3ca-85ef844b8ad6,200|92ms
21:36:09.686 INFO  vert.x-eventloop-thread-0 BaseServiceProxy     : -> GET /v1/api/iserver/reply/5294f5c0-a3af-48cf-9ff1-54960d931fd9,200|139ms
21:36:09.779 INFO  vert.x-eventloop-thread-0 BaseServiceProxy     : -> GET /v1/api/iserver/account/orders,200|91ms
21:36:10.146 INFO  vert.x-eventloop-thread-0 BaseServiceProxy     : -> GET /v1/api/iserver/marketdata/history?conid=47965865&period=30d&bar=1d&outsideRth=false,200|314ms
21:36:10.270 INFO  vert.x-eventloop-thread-0 BaseServiceProxy     : -> GET /v1/api/iserver/marketdata/history?conid=47965865&period=30d&bar=1d&outsideRth=false,200|122ms
21:36:16.278 INFO  vert.x-eventloop-thread-0 BaseServiceProxy     : -> GET /v1/api/iserver/account/orders,200|94ms
21:36:16.412 INFO  vert.x-eventloop-thread-0 BaseServiceProxy     : -> GET /v1/api/iserver/marketdata/history?conid=47965865&period=30d&bar=1d&outsideRth=false,200|95ms
21:36:16.522 INFO  vert.x-eventloop-thread-0 BaseServiceProxy     : -> GET /v1/api/iserver/marketdata/history?conid=47965865&period=30d&bar=1d&outsideRth=false,200|107ms
21:36:16.693 INFO  vert.x-eventloop-thread-0 BaseServiceProxy     : -> GET /v1/api/iserver/account/orders,200|109ms
21:36:16.799 INFO  vert.x-eventloop-thread-0 BaseServiceProxy     : -> GET /v1/api/iserver/account/orders,200|92ms
21:36:16.860 INFO  vert.x-eventloop-thread-0 BaseServiceProxy     : -> GET /v1/api/tickle,200|92ms
21:36:16.860 DEBUG vert.x-eventloop-thread-0 ClientPortalService  : tickle {"session":"c1d79c0a9c2d8d4039d5b5f780f7bcc3","ssoExpires":210026,"collission":false,"userId":50301190,"hmds":{"error":"no bridge"},"iserver":{"authStatus":{"authenticated":true,"established":true,"competing":false,"connected":true,"message":"","MAC":"06:A8:C0:D9:D5:E3","serverInfo":{"serverName":"JifH01132","serverVersion":"Build 10.44.1d, Mar 3, 2026 1:55:32 PM"},"hardware_info":"275c5aa2|06:A8:C0:D9:D5:E3"}}}
21:36:17.270 INFO  vert.x-eventloop-thread-0 BaseServiceProxy     : -> GET /v1/api/iserver/account/U5799398/order/177394157,200|381ms
21:36:17.366 INFO  vert.x-eventloop-thread-0 BaseServiceProxy     : -> GET /v1/api/iserver/account/orders,200|94ms
21:36:17.489 INFO  vert.x-eventloop-thread-0 BaseServiceProxy     : -> GET /v1/api/iserver/marketdata/history?conid=47965865&period=30d&bar=1d&outsideRth=false,200|105ms
21:36:17.671 INFO  vert.x-eventloop-thread-0 BaseServiceProxy     : -> GET /v1/api/iserver/marketdata/history?conid=47965865&period=30d&bar=1d&outsideRth=false,200|180ms
21:36:17.830 INFO  vert.x-eventloop-thread-0 BaseServiceProxy     : -> GET /v1/api/iserver/account/orders,200|95ms
21:36:46.914 INFO  vert.x-eventloop-thread-0 BaseServiceProxy     : -> GET /v1/api/tickle,200|126ms
21:36:46.916 DEBUG vert.x-eventloop-thread-0 ClientPortalService  : tickle {"session":"c1d79c0a9c2d8d4039d5b5f780f7bcc3","ssoExpires":180005,"collission":false,"userId":50301190,"hmds":{"error":"no bridge"},"iserver":{"authStatus":{"authenticated":true,"established":true,"competing":false,"connected":true,"message":"","MAC":"06:A8:C0:D9:D5:E3","serverInfo":{"serverName":"JifH01132","serverVersion":"Build 10.44.1d, Mar 3, 2026 1:55:32 PM"},"hardware_info":"275c5aa2|06:A8:C0:D9:D5:E3"}}}
21:37:16.900 INFO  vert.x-eventloop-thread-0 BaseServiceProxy     : -> GET /v1/api/tickle,200|102ms
21:37:16.902 DEBUG vert.x-eventloop-thread-0 ClientPortalService  : tickle {"session":"c1d79c0a9c2d8d4039d5b5f780f7bcc3","ssoExpires":150023,"collission":false,"userId":50301190,"hmds":{"error":"no bridge"},"iserver":{"authStatus":{"authenticated":true,"established":true,"competing":false,"connected":true,"message":"","MAC":"06:A8:C0:D9:D5:E3","serverInfo":{"serverName":"JifH01132","serverVersion":"Build 10.44.1d, Mar 3, 2026 1:55:32 PM"},"hardware_info":"275c5aa2|06:A8:C0:D9:D5:E3"}}}
21:37:46.888 INFO  vert.x-eventloop-thread-0 BaseServiceProxy     : -> GET /v1/api/tickle,200|88ms
21:37:46.888 DEBUG vert.x-eventloop-thread-0 ClientPortalService  : tickle {"session":"c1d79c0a9c2d8d4039d5b5f780f7bcc3","ssoExpires":120027,"collission":false,"userId":50301190,"hmds":{"error":"no bridge"},"iserver":{"authStatus":{"authenticated":true,"established":true,"competing":false,"connected":true,"message":"","MAC":"06:A8:C0:D9:D5:E3","serverInfo":{"serverName":"JifH01132","serverVersion":"Build 10.44.1d, Mar 3, 2026 1:55:32 PM"},"hardware_info":"275c5aa2|06:A8:C0:D9:D5:E3"}}}
21:38:16.939 INFO  vert.x-eventloop-thread-0 BaseServiceProxy     : -> GET /v1/api/tickle,200|138ms
21:38:16.941 DEBUG vert.x-eventloop-thread-0 ClientPortalService  : tickle {"session":"c1d79c0a9c2d8d4039d5b5f780f7bcc3","ssoExpires":89990,"collission":false,"userId":50301190,"hmds":{"error":"no bridge"},"iserver":{"authStatus":{"authenticated":true,"established":true,"competing":false,"connected":true,"message":"","MAC":"06:A8:C0:D9:D5:E3","serverInfo":{"serverName":"JifH01132","serverVersion":"Build 10.44.1d, Mar 3, 2026 1:55:32 PM"},"hardware_info":"275c5aa2|06:A8:C0:D9:D5:E3"}}}
21:38:41.765 INFO  vert.x-eventloop-thread-0 BaseServiceProxy     : -> GET /sso/ping,200|321ms
21:38:41.772 INFO  vert.x-eventloop-thread-0 SsoService           : sso ping {"result": "true"}
21:38:46.913 INFO  vert.x-eventloop-thread-0 BaseServiceProxy     : -> GET /v1/api/tickle,200|112ms
21:38:46.914 DEBUG vert.x-eventloop-thread-0 ClientPortalService  : tickle {"session":"c1d79c0a9c2d8d4039d5b5f780f7bcc3","ssoExpires":60007,"collission":false,"userId":50301190,"hmds":{"error":"no bridge"},"iserver":{"authStatus":{"authenticated":true,"established":true,"competing":false,"connected":true,"message":"","MAC":"06:A8:C0:D9:D5:E3","serverInfo":{"serverName":"JifH01132","serverVersion":"Build 10.44.1d, Mar 3, 2026 1:55:32 PM"},"hardware_info":"275c5aa2|06:A8:C0:D9:D5:E3"}}}
21:38:53.584 INFO  vert.x-eventloop-thread-0 BaseServiceProxy     : -> GET /v1/api/tickle,200|190ms
21:39:16.894 INFO  vert.x-eventloop-thread-0 BaseServiceProxy     : -> GET /v1/api/tickle,200|93ms
21:39:16.895 DEBUG vert.x-eventloop-thread-0 ClientPortalService  : tickle {"session":"c1d79c0a9c2d8d4039d5b5f780f7bcc3","ssoExpires":30024,"collission":false,"userId":50301190,"hmds":{"error":"no bridge"},"iserver":{"authStatus":{"authenticated":true,"established":true,"competing":false,"connected":true,"message":"","MAC":"06:A8:C0:D9:D5:E3","serverInfo":{"serverName":"JifH01132","serverVersion":"Build 10.44.1d, Mar 3, 2026 1:55:32 PM"},"hardware_info":"275c5aa2|06:A8:C0:D9:D5:E3"}}}
21:39:46.902 INFO  vert.x-eventloop-thread-0 BaseServiceProxy     : -> GET /v1/api/tickle,200|100ms
21:39:46.904 DEBUG vert.x-eventloop-thread-0 ClientPortalService  : tickle {"session":"c1d79c0a9c2d8d4039d5b5f780f7bcc3","ssoExpires":18,"collission":false,"userId":50301190,"hmds":{"error":"no bridge"},"iserver":{"authStatus":{"authenticated":true,"established":true,"competing":false,"connected":true,"message":"","MAC":"06:A8:C0:D9:D5:E3","serverInfo":{"serverName":"JifH01132","serverVersion":"Build 10.44.1d, Mar 3, 2026 1:55:32 PM"},"hardware_info":"275c5aa2|06:A8:C0:D9:D5:E3"}}}
21:40:16.910 INFO  vert.x-eventloop-thread-0 BaseServiceProxy     : -> GET /v1/api/tickle,200|107ms
21:40:16.911 DEBUG vert.x-eventloop-thread-0 ClientPortalService  : tickle {"session":"c1d79c0a9c2d8d4039d5b5f780f7bcc3","ssoExpires":600000,"collission":false,"userId":50301190,"hmds":{"error":"no bridge"},"iserver":{"authStatus":{"authenticated":true,"established":true,"competing":false,"connected":true,"message":"","MAC":"06:A8:C0:D9:D5:E3","serverInfo":{"serverName":"JifH01132","serverVersion":"Build 10.44.1d, Mar 3, 2026 1:55:32 PM"},"hardware_info":"275c5aa2|06:A8:C0:D9:D5:E3"}}}
21:40:46.076 INFO  vert.x-eventloop-thread-0 BaseServiceProxy     : -> GET /v1/api/iserver/account/orders,200|108ms
21:40:46.887 INFO  vert.x-eventloop-thread-0 BaseServiceProxy     : -> GET /v1/api/iserver/marketdata/history?conid=8168458&period=30d&bar=1d&outsideRth=false,200|419ms
21:40:46.932 INFO  vert.x-eventloop-thread-0 BaseServiceProxy     : -> GET /v1/api/tickle,200|131ms
21:40:46.932 DEBUG vert.x-eventloop-thread-0 ClientPortalService  : tickle {"session":"c1d79c0a9c2d8d4039d5b5f780f7bcc3","ssoExpires":569971,"collission":false,"userId":50301190,"hmds":{"error":"no bridge"},"iserver":{"authStatus":{"authenticated":true,"established":true,"competing":false,"connected":true,"message":"","MAC":"06:A8:C0:D9:D5:E3","serverInfo":{"serverName":"JifH01132","serverVersion":"Build 10.44.1d, Mar 3, 2026 1:55:32 PM"},"hardware_info":"275c5aa2|06:A8:C0:D9:D5:E3"}}}
21:40:47.005 INFO  vert.x-eventloop-thread-0 BaseServiceProxy     : -> GET /v1/api/iserver/marketdata/history?conid=8168458&period=30d&bar=1d&outsideRth=false,200|115ms
21:41:05.686 INFO  vert.x-eventloop-thread-0 BaseServiceProxy     : -> GET /v1/api/iserver/account/orders,200|135ms
21:41:05.795 INFO  vert.x-eventloop-thread-0 BaseServiceProxy     : -> GET /v1/api/iserver/account/orders,200|90ms
21:41:06.210 INFO  vert.x-eventloop-thread-0 BaseServiceProxy     : -> GET /v1/api/iserver/account/U5799398/order/93845081,200|357ms
21:41:06.482 INFO  vert.x-eventloop-thread-0 BaseServiceProxy     : -> GET /v1/api/iserver/reply/394fcbe4-8b65-49de-b365-d3341c650e14,200|271ms
21:41:06.584 INFO  vert.x-eventloop-thread-0 BaseServiceProxy     : -> GET /v1/api/iserver/account/orders,200|100ms
21:41:06.771 INFO  vert.x-eventloop-thread-0 BaseServiceProxy     : -> GET /v1/api/iserver/marketdata/history?conid=8168458&period=30d&bar=1d&outsideRth=false,200|141ms
21:41:06.897 INFO  vert.x-eventloop-thread-0 BaseServiceProxy     : -> GET /v1/api/iserver/marketdata/history?conid=8168458&period=30d&bar=1d&outsideRth=false,200|124ms
21:41:07.218 INFO  vert.x-eventloop-thread-0 BaseServiceProxy     : -> GET /v1/api/iserver/account/orders,200|281ms
21:41:16.917 INFO  vert.x-eventloop-thread-0 BaseServiceProxy     : -> GET /v1/api/tickle,200|116ms
21:41:16.918 DEBUG vert.x-eventloop-thread-0 ClientPortalService  : tickle {"session":"c1d79c0a9c2d8d4039d5b5f780f7bcc3","ssoExpires":540005,"collission":false,"userId":50301190,"hmds":{"error":"no bridge"},"iserver":{"authStatus":{"authenticated":true,"established":true,"competing":false,"connected":true,"message":"","MAC":"06:A8:C0:D9:D5:E3","serverInfo":{"serverName":"JifH01132","serverVersion":"Build 10.44.1d, Mar 3, 2026 1:55:32 PM"},"hardware_info":"275c5aa2|06:A8:C0:D9:D5:E3"}}}
21:41:44.809 INFO  vert.x-eventloop-thread-0 BaseServiceProxy     : -> GET /v1/api/iserver/account/orders,200|90ms
21:41:45.138 INFO  vert.x-eventloop-thread-0 BaseServiceProxy     : -> GET /v1/api/iserver/marketdata/history?conid=482880559&period=30d&bar=1d&outsideRth=false,200|312ms
21:41:45.315 INFO  vert.x-eventloop-thread-0 BaseServiceProxy     : -> GET /v1/api/iserver/marketdata/history?conid=482880559&period=30d&bar=1d&outsideRth=false,200|172ms
21:41:46.933 INFO  vert.x-eventloop-thread-0 BaseServiceProxy     : -> GET /v1/api/tickle,200|131ms
21:41:46.933 DEBUG vert.x-eventloop-thread-0 ClientPortalService  : tickle {"session":"c1d79c0a9c2d8d4039d5b5f780f7bcc3","ssoExpires":509991,"collission":false,"userId":50301190,"hmds":{"error":"no bridge"},"iserver":{"authStatus":{"authenticated":true,"established":true,"competing":false,"connected":true,"message":"","MAC":"06:A8:C0:D9:D5:E3","serverInfo":{"serverName":"JifH01132","serverVersion":"Build 10.44.1d, Mar 3, 2026 1:55:32 PM"},"hardware_info":"275c5aa2|06:A8:C0:D9:D5:E3"}}}
21:41:53.814 INFO  vert.x-eventloop-thread-0 BaseServiceProxy     : -> GET /v1/api/tickle,200|106ms
21:42:16.908 INFO  vert.x-eventloop-thread-0 BaseServiceProxy     : -> GET /v1/api/tickle,200|105ms
21:42:16.911 DEBUG vert.x-eventloop-thread-0 ClientPortalService  : tickle {"session":"c1d79c0a9c2d8d4039d5b5f780f7bcc3","ssoExpires":480002,"collission":false,"userId":50301190,"hmds":{"error":"no bridge"},"iserver":{"authStatus":{"authenticated":true,"established":true,"competing":false,"connected":true,"message":"","MAC":"06:A8:C0:D9:D5:E3","serverInfo":{"serverName":"JifH01132","serverVersion":"Build 10.44.1d, Mar 3, 2026 1:55:32 PM"},"hardware_info":"275c5aa2|06:A8:C0:D9:D5:E3"}}}
21:42:46.911 INFO  vert.x-eventloop-thread-0 BaseServiceProxy     : -> GET /v1/api/tickle,200|108ms
21:42:46.912 DEBUG vert.x-eventloop-thread-0 ClientPortalService  : tickle {"session":"c1d79c0a9c2d8d4039d5b5f780f7bcc3","ssoExpires":450002,"collission":false,"userId":50301190,"hmds":{"error":"no bridge"},"iserver":{"authStatus":{"authenticated":true,"established":true,"competing":false,"connected":true,"message":"","MAC":"06:A8:C0:D9:D5:E3","serverInfo":{"serverName":"JifH01132","serverVersion":"Build 10.44.1d, Mar 3, 2026 1:55:32 PM"},"hardware_info":"275c5aa2|06:A8:C0:D9:D5:E3"}}}
21:43:16.904 INFO  vert.x-eventloop-thread-0 BaseServiceProxy     : -> GET /v1/api/tickle,200|101ms
21:43:16.905 DEBUG vert.x-eventloop-thread-0 ClientPortalService  : tickle {"session":"c1d79c0a9c2d8d4039d5b5f780f7bcc3","ssoExpires":420000,"collission":false,"userId":50301190,"hmds":{"error":"no bridge"},"iserver":{"authStatus":{"authenticated":true,"established":true,"competing":false,"connected":true,"message":"","MAC":"06:A8:C0:D9:D5:E3","serverInfo":{"serverName":"JifH01132","serverVersion":"Build 10.44.1d, Mar 3, 2026 1:55:32 PM"},"hardware_info":"275c5aa2|06:A8:C0:D9:D5:E3"}}}
21:43:41.813 INFO  vert.x-eventloop-thread-0 BaseServiceProxy     : -> GET /sso/ping,200|367ms
21:43:41.819 INFO  vert.x-eventloop-thread-0 SsoService           : sso ping {"result": "true"}
21:43:46.904 INFO  vert.x-eventloop-thread-0 BaseServiceProxy     : -> GET /v1/api/tickle,200|101ms
21:43:46.904 DEBUG vert.x-eventloop-thread-0 ClientPortalService  : tickle {"session":"c1d79c0a9c2d8d4039d5b5f780f7bcc3","ssoExpires":390002,"collission":false,"userId":50301190,"hmds":{"error":"no bridge"},"iserver":{"authStatus":{"authenticated":true,"established":true,"competing":false,"connected":true,"message":"","MAC":"06:A8:C0:D9:D5:E3","serverInfo":{"serverName":"JifH01132","serverVersion":"Build 10.44.1d, Mar 3, 2026 1:55:32 PM"},"hardware_info":"275c5aa2|06:A8:C0:D9:D5:E3"}}}
21:44:16.911 INFO  vert.x-eventloop-thread-0 BaseServiceProxy     : -> GET /v1/api/tickle,200|108ms
21:44:16.912 DEBUG vert.x-eventloop-thread-0 ClientPortalService  : tickle {"session":"c1d79c0a9c2d8d4039d5b5f780f7bcc3","ssoExpires":359993,"collission":false,"userId":50301190,"hmds":{"error":"no bridge"},"iserver":{"authStatus":{"authenticated":true,"established":true,"competing":false,"connected":true,"message":"","MAC":"06:A8:C0:D9:D5:E3","serverInfo":{"serverName":"JifH01132","serverVersion":"Build 10.44.1d, Mar 3, 2026 1:55:32 PM"},"hardware_info":"275c5aa2|06:A8:C0:D9:D5:E3"}}}
21:44:25.524 INFO  vert.x-eventloop-thread-0 BaseServiceProxy     : -> GET /v1/api/iserver/account/orders,200|138ms
21:44:29.798 INFO  vert.x-eventloop-thread-0 BaseServiceProxy     : -> GET /v1/api/iserver/account/orders,200|118ms
21:44:46.912 INFO  vert.x-eventloop-thread-0 BaseServiceProxy     : -> GET /v1/api/tickle,200|109ms
21:44:46.913 DEBUG vert.x-eventloop-thread-0 ClientPortalService  : tickle {"session":"c1d79c0a9c2d8d4039d5b5f780f7bcc3","ssoExpires":330000,"collission":false,"userId":50301190,"hmds":{"error":"no bridge"},"iserver":{"authStatus":{"authenticated":true,"established":true,"competing":false,"connected":true,"message":"","MAC":"06:A8:C0:D9:D5:E3","serverInfo":{"serverName":"JifH01132","serverVersion":"Build 10.44.1d, Mar 3, 2026 1:55:32 PM"},"hardware_info":"275c5aa2|06:A8:C0:D9:D5:E3"}}}
21:44:54.035 INFO  vert.x-eventloop-thread-0 BaseServiceProxy     : -> GET /v1/api/tickle,200|94ms
21:45:16.896 INFO  vert.x-eventloop-thread-0 BaseServiceProxy     : -> GET /v1/api/tickle,200|93ms
21:45:16.898 DEBUG vert.x-eventloop-thread-0 ClientPortalService  : tickle {"session":"c1d79c0a9c2d8d4039d5b5f780f7bcc3","ssoExpires":300008,"collission":false,"userId":50301190,"hmds":{"error":"no bridge"},"iserver":{"authStatus":{"authenticated":true,"established":true,"competing":false,"connected":true,"message":"","MAC":"06:A8:C0:D9:D5:E3","serverInfo":{"serverName":"JifH01132","serverVersion":"Build 10.44.1d, Mar 3, 2026 1:55:32 PM"},"hardware_info":"275c5aa2|06:A8:C0:D9:D5:E3"}}}
21:45:46.902 INFO  vert.x-eventloop-thread-0 BaseServiceProxy     : -> GET /v1/api/tickle,200|99ms
21:45:46.904 DEBUG vert.x-eventloop-thread-0 ClientPortalService  : tickle {"session":"c1d79c0a9c2d8d4039d5b5f780f7bcc3","ssoExpires":270002,"collission":false,"userId":50301190,"hmds":{"error":"no bridge"},"iserver":{"authStatus":{"authenticated":true,"established":true,"competing":false,"connected":true,"message":"","MAC":"06:A8:C0:D9:D5:E3","serverInfo":{"serverName":"JifH01132","serverVersion":"Build 10.44.1d, Mar 3, 2026 1:55:32 PM"},"hardware_info":"275c5aa2|06:A8:C0:D9:D5:E3"}}}
21:46:16.892 INFO  vert.x-eventloop-thread-0 BaseServiceProxy     : -> GET /v1/api/tickle,200|88ms
21:46:16.893 DEBUG vert.x-eventloop-thread-0 ClientPortalService  : tickle {"session":"c1d79c0a9c2d8d4039d5b5f780f7bcc3","ssoExpires":240012,"collission":false,"userId":50301190,"hmds":{"error":"no bridge"},"iserver":{"authStatus":{"authenticated":true,"established":true,"competing":false,"connected":true,"message":"","MAC":"06:A8:C0:D9:D5:E3","serverInfo":{"serverName":"JifH01132","serverVersion":"Build 10.44.1d, Mar 3, 2026 1:55:32 PM"},"hardware_info":"275c5aa2|06:A8:C0:D9:D5:E3"}}}
21:46:46.927 INFO  vert.x-eventloop-thread-0 BaseServiceProxy     : -> GET /v1/api/tickle,200|123ms
21:46:46.929 DEBUG vert.x-eventloop-thread-0 ClientPortalService  : tickle {"session":"c1d79c0a9c2d8d4039d5b5f780f7bcc3","ssoExpires":209987,"collission":false,"userId":50301190,"hmds":{"error":"no bridge"},"iserver":{"authStatus":{"authenticated":true,"established":true,"competing":false,"connected":true,"message":"","MAC":"06:A8:C0:D9:D5:E3","serverInfo":{"serverName":"JifH01132","serverVersion":"Build 10.44.1d, Mar 3, 2026 1:55:32 PM"},"hardware_info":"275c5aa2|06:A8:C0:D9:D5:E3"}}}
21:47:16.939 INFO  vert.x-eventloop-thread-0 BaseServiceProxy     : -> GET /v1/api/tickle,200|134ms
21:47:16.941 DEBUG vert.x-eventloop-thread-0 ClientPortalService  : tickle {"session":"c1d79c0a9c2d8d4039d5b5f780f7bcc3","ssoExpires":180006,"collission":false,"userId":50301190,"hmds":{"error":"no bridge"},"iserver":{"authStatus":{"authenticated":true,"established":true,"competing":false,"connected":true,"message":"","MAC":"06:A8:C0:D9:D5:E3","serverInfo":{"serverName":"JifH01132","serverVersion":"Build 10.44.1d, Mar 3, 2026 1:55:32 PM"},"hardware_info":"275c5aa2|06:A8:C0:D9:D5:E3"}}}
21:47:46.908 INFO  vert.x-eventloop-thread-0 BaseServiceProxy     : -> GET /v1/api/tickle,200|104ms
21:47:46.909 DEBUG vert.x-eventloop-thread-0 ClientPortalService  : tickle {"session":"c1d79c0a9c2d8d4039d5b5f780f7bcc3","ssoExpires":150001,"collission":false,"userId":50301190,"hmds":{"error":"no bridge"},"iserver":{"authStatus":{"authenticated":true,"established":true,"competing":false,"connected":true,"message":"","MAC":"06:A8:C0:D9:D5:E3","serverInfo":{"serverName":"JifH01132","serverVersion":"Build 10.44.1d, Mar 3, 2026 1:55:32 PM"},"hardware_info":"275c5aa2|06:A8:C0:D9:D5:E3"}}}
21:47:54.245 INFO  vert.x-eventloop-thread-0 BaseServiceProxy     : -> GET /v1/api/tickle,200|100ms
21:48:02.958 INFO  vert.x-eventloop-thread-0 BaseServiceProxy     : -> GET /v1/api/iserver/account/orders,200|117ms
21:48:03.388 INFO  vert.x-eventloop-thread-0 BaseServiceProxy     : -> GET /v1/api/iserver/marketdata/history?conid=273165&period=30d&bar=1d&outsideRth=false,200|327ms
21:48:03.488 INFO  vert.x-eventloop-thread-0 BaseServiceProxy     : -> GET /v1/api/iserver/marketdata/history?conid=273165&period=30d&bar=1d&outsideRth=false,200|98ms
21:48:16.925 INFO  vert.x-eventloop-thread-0 BaseServiceProxy     : -> GET /v1/api/tickle,200|121ms
21:48:16.926 DEBUG vert.x-eventloop-thread-0 ClientPortalService  : tickle {"session":"c1d79c0a9c2d8d4039d5b5f780f7bcc3","ssoExpires":119996,"collission":false,"userId":50301190,"hmds":{"error":"no bridge"},"iserver":{"authStatus":{"authenticated":true,"established":true,"competing":false,"connected":true,"message":"","MAC":"06:A8:C0:D9:D5:E3","serverInfo":{"serverName":"JifH01132","serverVersion":"Build 10.44.1d, Mar 3, 2026 1:55:32 PM"},"hardware_info":"275c5aa2|06:A8:C0:D9:D5:E3"}}}
21:48:41.815 INFO  vert.x-eventloop-thread-0 BaseServiceProxy     : -> GET /sso/ping,200|367ms
21:48:41.816 INFO  vert.x-eventloop-thread-0 SsoService           : sso ping {"result": "true"}
21:48:46.909 INFO  vert.x-eventloop-thread-0 BaseServiceProxy     : -> GET /v1/api/tickle,200|104ms
21:48:46.910 DEBUG vert.x-eventloop-thread-0 ClientPortalService  : tickle {"session":"c1d79c0a9c2d8d4039d5b5f780f7bcc3","ssoExpires":90006,"collission":false,"userId":50301190,"hmds":{"error":"no bridge"},"iserver":{"authStatus":{"authenticated":true,"established":true,"competing":false,"connected":true,"message":"","MAC":"06:A8:C0:D9:D5:E3","serverInfo":{"serverName":"JifH01132","serverVersion":"Build 10.44.1d, Mar 3, 2026 1:55:32 PM"},"hardware_info":"275c5aa2|06:A8:C0:D9:D5:E3"}}}
21:49:16.990 INFO  vert.x-eventloop-thread-0 BaseServiceProxy     : -> GET /v1/api/tickle,200|185ms
21:49:16.992 DEBUG vert.x-eventloop-thread-0 ClientPortalService  : tickle {"session":"c1d79c0a9c2d8d4039d5b5f780f7bcc3","ssoExpires":59916,"collission":false,"userId":50301190,"hmds":{"error":"no bridge"},"iserver":{"authStatus":{"authenticated":true,"established":true,"competing":false,"connected":true,"message":"","MAC":"06:A8:C0:D9:D5:E3","serverInfo":{"serverName":"JifH01132","serverVersion":"Build 10.44.1d, Mar 3, 2026 1:55:32 PM"},"hardware_info":"275c5aa2|06:A8:C0:D9:D5:E3"}}}
21:49:46.928 INFO  vert.x-eventloop-thread-0 BaseServiceProxy     : -> GET /v1/api/tickle,200|122ms
21:49:46.929 DEBUG vert.x-eventloop-thread-0 ClientPortalService  : tickle {"session":"c1d79c0a9c2d8d4039d5b5f780f7bcc3","ssoExpires":29992,"collission":false,"userId":50301190,"hmds":{"error":"no bridge"},"iserver":{"authStatus":{"authenticated":true,"established":true,"competing":false,"connected":true,"message":"","MAC":"06:A8:C0:D9:D5:E3","serverInfo":{"serverName":"JifH01132","serverVersion":"Build 10.44.1d, Mar 3, 2026 1:55:32 PM"},"hardware_info":"275c5aa2|06:A8:C0:D9:D5:E3"}}}
21:50:16.928 INFO  vert.x-eventloop-thread-0 BaseServiceProxy     : -> GET /v1/api/tickle,200|123ms
21:50:16.930 DEBUG vert.x-eventloop-thread-0 ClientPortalService  : tickle {"session":"c1d79c0a9c2d8d4039d5b5f780f7bcc3","ssoExpires":600000,"collission":false,"userId":50301190,"hmds":{"error":"no bridge"},"iserver":{"authStatus":{"authenticated":true,"established":true,"competing":false,"connected":true,"message":"","MAC":"06:A8:C0:D9:D5:E3","serverInfo":{"serverName":"JifH01132","serverVersion":"Build 10.44.1d, Mar 3, 2026 1:55:32 PM"},"hardware_info":"275c5aa2|06:A8:C0:D9:D5:E3"}}}
21:50:46.902 INFO  vert.x-eventloop-thread-0 BaseServiceProxy     : -> GET /v1/api/tickle,200|96ms
21:50:46.904 DEBUG vert.x-eventloop-thread-0 ClientPortalService  : tickle {"session":"c1d79c0a9c2d8d4039d5b5f780f7bcc3","ssoExpires":570008,"collission":false,"userId":50301190,"hmds":{"error":"no bridge"},"iserver":{"authStatus":{"authenticated":true,"established":true,"competing":false,"connected":true,"message":"","MAC":"06:A8:C0:D9:D5:E3","serverInfo":{"serverName":"JifH01132","serverVersion":"Build 10.44.1d, Mar 3, 2026 1:55:32 PM"},"hardware_info":"275c5aa2|06:A8:C0:D9:D5:E3"}}}
21:50:54.482 INFO  vert.x-eventloop-thread-0 BaseServiceProxy     : -> GET /v1/api/tickle,200|97ms
21:51:17.182 INFO  vert.x-eventloop-thread-0 BaseServiceProxy     : -> GET /v1/api/tickle,200|376ms
21:51:17.183 DEBUG vert.x-eventloop-thread-0 ClientPortalService  : tickle {"session":"c1d79c0a9c2d8d4039d5b5f780f7bcc3","ssoExpires":539774,"collission":false,"userId":50301190,"hmds":{"error":"no bridge"},"iserver":{"authStatus":{"authenticated":true,"established":true,"competing":false,"connected":true,"message":"","MAC":"06:A8:C0:D9:D5:E3","serverInfo":{"serverName":"JifH01132","serverVersion":"Build 10.44.1d, Mar 3, 2026 1:55:32 PM"},"hardware_info":"275c5aa2|06:A8:C0:D9:D5:E3"}}}
21:51:31.783 INFO  vert.x-eventloop-thread-0 BaseServiceProxy     : -> GET /v1/api/iserver/account/orders,200|127ms
21:51:46.903 INFO  vert.x-eventloop-thread-0 BaseServiceProxy     : -> GET /v1/api/tickle,200|97ms
21:51:46.904 DEBUG vert.x-eventloop-thread-0 ClientPortalService  : tickle {"session":"c1d79c0a9c2d8d4039d5b5f780f7bcc3","ssoExpires":510011,"collission":false,"userId":50301190,"hmds":{"error":"no bridge"},"iserver":{"authStatus":{"authenticated":true,"established":true,"competing":false,"connected":true,"message":"","MAC":"06:A8:C0:D9:D5:E3","serverInfo":{"serverName":"JifH01132","serverVersion":"Build 10.44.1d, Mar 3, 2026 1:55:32 PM"},"hardware_info":"275c5aa2|06:A8:C0:D9:D5:E3"}}}
21:52:16.967 INFO  vert.x-eventloop-thread-0 BaseServiceProxy     : -> GET /v1/api/tickle,200|161ms
21:52:16.968 DEBUG vert.x-eventloop-thread-0 ClientPortalService  : tickle {"session":"c1d79c0a9c2d8d4039d5b5f780f7bcc3","ssoExpires":479951,"collission":false,"userId":50301190,"hmds":{"error":"no bridge"},"iserver":{"authStatus":{"authenticated":true,"established":true,"competing":false,"connected":true,"message":"","MAC":"06:A8:C0:D9:D5:E3","serverInfo":{"serverName":"JifH01132","serverVersion":"Build 10.44.1d, Mar 3, 2026 1:55:32 PM"},"hardware_info":"275c5aa2|06:A8:C0:D9:D5:E3"}}}
21:52:46.951 INFO  vert.x-eventloop-thread-0 BaseServiceProxy     : -> GET /v1/api/tickle,200|144ms
21:52:46.953 DEBUG vert.x-eventloop-thread-0 ClientPortalService  : tickle {"session":"c1d79c0a9c2d8d4039d5b5f780f7bcc3","ssoExpires":450009,"collission":false,"userId":50301190,"hmds":{"error":"no bridge"},"iserver":{"authStatus":{"authenticated":true,"established":true,"competing":false,"connected":true,"message":"","MAC":"06:A8:C0:D9:D5:E3","serverInfo":{"serverName":"JifH01132","serverVersion":"Build 10.44.1d, Mar 3, 2026 1:55:32 PM"},"hardware_info":"275c5aa2|06:A8:C0:D9:D5:E3"}}}
21:53:16.923 INFO  vert.x-eventloop-thread-0 BaseServiceProxy     : -> GET /v1/api/tickle,200|116ms
21:53:16.925 DEBUG vert.x-eventloop-thread-0 ClientPortalService  : tickle {"session":"c1d79c0a9c2d8d4039d5b5f780f7bcc3","ssoExpires":420015,"collission":false,"userId":50301190,"hmds":{"error":"no bridge"},"iserver":{"authStatus":{"authenticated":true,"established":true,"competing":false,"connected":true,"message":"","MAC":"06:A8:C0:D9:D5:E3","serverInfo":{"serverName":"JifH01132","serverVersion":"Build 10.44.1d, Mar 3, 2026 1:55:32 PM"},"hardware_info":"275c5aa2|06:A8:C0:D9:D5:E3"}}}
21:53:41.735 INFO  vert.x-eventloop-thread-0 BaseServiceProxy     : -> GET /sso/ping,200|286ms
21:53:41.736 INFO  vert.x-eventloop-thread-0 SsoService           : sso ping {"result": "true"}
21:53:46.921 INFO  vert.x-eventloop-thread-0 BaseServiceProxy     : -> GET /v1/api/tickle,200|114ms
21:53:46.923 DEBUG vert.x-eventloop-thread-0 ClientPortalService  : tickle {"session":"c1d79c0a9c2d8d4039d5b5f780f7bcc3","ssoExpires":390000,"collission":false,"userId":50301190,"hmds":{"error":"no bridge"},"iserver":{"authStatus":{"authenticated":true,"established":true,"competing":false,"connected":true,"message":"","MAC":"06:A8:C0:D9:D5:E3","serverInfo":{"serverName":"JifH01132","serverVersion":"Build 10.44.1d, Mar 3, 2026 1:55:32 PM"},"hardware_info":"275c5aa2|06:A8:C0:D9:D5:E3"}}}
21:53:54.706 INFO  vert.x-eventloop-thread-0 BaseServiceProxy     : -> GET /v1/api/tickle,200|99ms
21:54:16.914 INFO  vert.x-eventloop-thread-0 BaseServiceProxy     : -> GET /v1/api/tickle,200|105ms
21:54:16.916 DEBUG vert.x-eventloop-thread-0 ClientPortalService  : tickle {"session":"c1d79c0a9c2d8d4039d5b5f780f7bcc3","ssoExpires":360001,"collission":false,"userId":50301190,"hmds":{"error":"no bridge"},"iserver":{"authStatus":{"authenticated":true,"established":true,"competing":false,"connected":true,"message":"","MAC":"06:A8:C0:D9:D5:E3","serverInfo":{"serverName":"JifH01132","serverVersion":"Build 10.44.1d, Mar 3, 2026 1:55:32 PM"},"hardware_info":"275c5aa2|06:A8:C0:D9:D5:E3"}}}
21:54:46.909 INFO  vert.x-eventloop-thread-0 BaseServiceProxy     : -> GET /v1/api/tickle,200|102ms
21:54:46.911 DEBUG vert.x-eventloop-thread-0 ClientPortalService  : tickle {"session":"c1d79c0a9c2d8d4039d5b5f780f7bcc3","ssoExpires":330010,"collission":false,"userId":50301190,"hmds":{"error":"no bridge"},"iserver":{"authStatus":{"authenticated":true,"established":true,"competing":false,"connected":true,"message":"","MAC":"06:A8:C0:D9:D5:E3","serverInfo":{"serverName":"JifH01132","serverVersion":"Build 10.44.1d, Mar 3, 2026 1:55:32 PM"},"hardware_info":"275c5aa2|06:A8:C0:D9:D5:E3"}}}
21:55:16.903 INFO  vert.x-eventloop-thread-0 BaseServiceProxy     : -> GET /v1/api/tickle,200|96ms
21:55:16.904 DEBUG vert.x-eventloop-thread-0 ClientPortalService  : tickle {"session":"c1d79c0a9c2d8d4039d5b5f780f7bcc3","ssoExpires":300011,"collission":false,"userId":50301190,"hmds":{"error":"no bridge"},"iserver":{"authStatus":{"authenticated":true,"established":true,"competing":false,"connected":true,"message":"","MAC":"06:A8:C0:D9:D5:E3","serverInfo":{"serverName":"JifH01132","serverVersion":"Build 10.44.1d, Mar 3, 2026 1:55:32 PM"},"hardware_info":"275c5aa2|06:A8:C0:D9:D5:E3"}}}
21:55:47.235 INFO  vert.x-eventloop-thread-0 BaseServiceProxy     : -> GET /v1/api/tickle,200|427ms
21:55:47.236 DEBUG vert.x-eventloop-thread-0 ClientPortalService  : tickle {"session":"c1d79c0a9c2d8d4039d5b5f780f7bcc3","ssoExpires":269679,"collission":false,"userId":50301190,"hmds":{"error":"no bridge"},"iserver":{"authStatus":{"authenticated":true,"established":true,"competing":false,"connected":true,"message":"","MAC":"06:A8:C0:D9:D5:E3","serverInfo":{"serverName":"JifH01132","serverVersion":"Build 10.44.1d, Mar 3, 2026 1:55:32 PM"},"hardware_info":"275c5aa2|06:A8:C0:D9:D5:E3"}}}
21:56:16.910 INFO  vert.x-eventloop-thread-0 BaseServiceProxy     : -> GET /v1/api/tickle,200|101ms
21:56:16.912 DEBUG vert.x-eventloop-thread-0 ClientPortalService  : tickle {"session":"c1d79c0a9c2d8d4039d5b5f780f7bcc3","ssoExpires":240004,"collission":false,"userId":50301190,"hmds":{"error":"no bridge"},"iserver":{"authStatus":{"authenticated":true,"established":true,"competing":false,"connected":true,"message":"","MAC":"06:A8:C0:D9:D5:E3","serverInfo":{"serverName":"JifH01132","serverVersion":"Build 10.44.1d, Mar 3, 2026 1:55:32 PM"},"hardware_info":"275c5aa2|06:A8:C0:D9:D5:E3"}}}
21:56:46.905 INFO  vert.x-eventloop-thread-0 BaseServiceProxy     : -> GET /v1/api/tickle,200|97ms
21:56:46.916 DEBUG vert.x-eventloop-thread-0 ClientPortalService  : tickle {"session":"c1d79c0a9c2d8d4039d5b5f780f7bcc3","ssoExpires":210012,"collission":false,"userId":50301190,"hmds":{"error":"no bridge"},"iserver":{"authStatus":{"authenticated":true,"established":true,"competing":false,"connected":true,"message":"","MAC":"06:A8:C0:D9:D5:E3","serverInfo":{"serverName":"JifH01132","serverVersion":"Build 10.44.1d, Mar 3, 2026 1:55:32 PM"},"hardware_info":"275c5aa2|06:A8:C0:D9:D5:E3"}}}
21:56:47.523 INFO  vert.x-eventloop-thread-0 BaseServiceProxy     : -> GET /v1/api/portfolio/U5799398/summary,200|454ms
21:56:47.612 INFO  vert.x-eventloop-thread-0 BaseServiceProxy     : -> GET /v1/api/iserver/account/orders,200|87ms
21:56:47.735 INFO  vert.x-eventloop-thread-0 BaseServiceProxy     : -> GET /v1/api/portfolio/U5799398/positions/0?direction=a&period=1W&sort=position,200|206ms
21:56:54.956 INFO  vert.x-eventloop-thread-0 BaseServiceProxy     : -> GET /v1/api/tickle,200|157ms
21:56:55.289 INFO  vert.x-eventloop-thread-0 BaseServiceProxy     : -> GET /v1/api/portfolio/U5799398/summary,200|198ms
21:56:55.391 INFO  vert.x-eventloop-thread-0 BaseServiceProxy     : -> GET /v1/api/iserver/account/orders,200|99ms
21:56:57.171 INFO  vert.x-eventloop-thread-0 BaseServiceProxy     : -> GET /v1/api/portfolio/U5799398/positions/0?direction=a&period=1W&sort=position,200|1878ms
21:57:03.501 INFO  vert.x-eventloop-thread-0 BaseServiceProxy     : -> GET /v1/api/iserver/account/U5799398/orders,200|400ms
21:57:03.606 INFO  vert.x-eventloop-thread-0 BaseServiceProxy     : -> GET /v1/api/iserver/reply/70749678-1832-44d5-85d1-7e22d8707b40,200|102ms
21:57:03.700 INFO  vert.x-eventloop-thread-0 BaseServiceProxy     : -> GET /v1/api/iserver/reply/88906a16-3b86-463c-a966-c9bbf15c4053,200|92ms
21:57:03.805 INFO  vert.x-eventloop-thread-0 BaseServiceProxy     : -> GET /v1/api/iserver/reply/0f0e083c-010e-42b6-a65e-7a8a6e669d09,200|102ms
21:57:03.920 INFO  vert.x-eventloop-thread-0 BaseServiceProxy     : -> GET /v1/api/iserver/reply/f30fd87c-3b16-4572-8057-7ad41b590643,200|112ms
21:57:04.047 INFO  vert.x-eventloop-thread-0 BaseServiceProxy     : -> GET /v1/api/iserver/reply/0a661411-f249-4190-8ceb-3ef814b20b7a,200|126ms
21:57:04.198 INFO  vert.x-eventloop-thread-0 BaseServiceProxy     : -> GET /v1/api/iserver/reply/0d574fca-0618-4a83-8b66-ad9d166db8bd,200|150ms
21:57:04.291 INFO  vert.x-eventloop-thread-0 BaseServiceProxy     : -> GET /v1/api/iserver/account/orders,200|91ms
21:57:04.709 INFO  vert.x-eventloop-thread-0 BaseServiceProxy     : -> GET /v1/api/iserver/marketdata/history?conid=760229174&period=30d&bar=1d&outsideRth=false,200|346ms
21:57:04.848 INFO  vert.x-eventloop-thread-0 BaseServiceProxy     : -> GET /v1/api/iserver/marketdata/history?conid=760229174&period=30d&bar=1d&outsideRth=false,200|136ms
21:57:14.711 INFO  vert.x-eventloop-thread-0 BaseServiceProxy     : -> GET /v1/api/iserver/account/orders,200|107ms
21:57:16.806 INFO  vert.x-eventloop-thread-0 BaseServiceProxy     : -> GET /v1/api/iserver/account/orders,200|91ms
21:57:16.921 INFO  vert.x-eventloop-thread-0 BaseServiceProxy     : -> GET /v1/api/tickle,200|110ms
21:57:16.922 DEBUG vert.x-eventloop-thread-0 ClientPortalService  : tickle {"session":"c1d79c0a9c2d8d4039d5b5f780f7bcc3","ssoExpires":179999,"collission":false,"userId":50301190,"hmds":{"error":"no bridge"},"iserver":{"authStatus":{"authenticated":true,"established":true,"competing":false,"connected":true,"message":"","MAC":"06:A8:C0:D9:D5:E3","serverInfo":{"serverName":"JifH01132","serverVersion":"Build 10.44.1d, Mar 3, 2026 1:55:32 PM"},"hardware_info":"275c5aa2|06:A8:C0:D9:D5:E3"}}}
21:57:17.056 INFO  vert.x-eventloop-thread-0 BaseServiceProxy     : -> GET /v1/api/iserver/marketdata/history?conid=760229174&period=30d&bar=1d&outsideRth=false,200|131ms
21:57:17.177 INFO  vert.x-eventloop-thread-0 BaseServiceProxy     : -> GET /v1/api/iserver/marketdata/history?conid=760229174&period=30d&bar=1d&outsideRth=false,200|120ms
21:57:46.909 INFO  vert.x-eventloop-thread-0 BaseServiceProxy     : -> GET /v1/api/tickle,200|101ms
21:57:46.911 DEBUG vert.x-eventloop-thread-0 ClientPortalService  : tickle {"session":"c1d79c0a9c2d8d4039d5b5f780f7bcc3","ssoExpires":150002,"collission":false,"userId":50301190,"hmds":{"error":"no bridge"},"iserver":{"authStatus":{"authenticated":true,"established":true,"competing":false,"connected":true,"message":"","MAC":"06:A8:C0:D9:D5:E3","serverInfo":{"serverName":"JifH01132","serverVersion":"Build 10.44.1d, Mar 3, 2026 1:55:32 PM"},"hardware_info":"275c5aa2|06:A8:C0:D9:D5:E3"}}}
21:58:16.907 INFO  vert.x-eventloop-thread-0 BaseServiceProxy     : -> GET /v1/api/tickle,200|99ms
21:58:16.908 DEBUG vert.x-eventloop-thread-0 ClientPortalService  : tickle {"session":"c1d79c0a9c2d8d4039d5b5f780f7bcc3","ssoExpires":120007,"collission":false,"userId":50301190,"hmds":{"error":"no bridge"},"iserver":{"authStatus":{"authenticated":true,"established":true,"competing":false,"connected":true,"message":"","MAC":"06:A8:C0:D9:D5:E3","serverInfo":{"serverName":"JifH01132","serverVersion":"Build 10.44.1d, Mar 3, 2026 1:55:32 PM"},"hardware_info":"275c5aa2|06:A8:C0:D9:D5:E3"}}}
21:58:41.766 INFO  vert.x-eventloop-thread-0 BaseServiceProxy     : -> GET /sso/ping,200|314ms
21:58:41.768 INFO  vert.x-eventloop-thread-0 SsoService           : sso ping {"result": "true"}
21:58:46.910 INFO  vert.x-eventloop-thread-0 BaseServiceProxy     : -> GET /v1/api/tickle,200|102ms
21:58:46.910 DEBUG vert.x-eventloop-thread-0 ClientPortalService  : tickle {"session":"c1d79c0a9c2d8d4039d5b5f780f7bcc3","ssoExpires":90004,"collission":false,"userId":50301190,"hmds":{"error":"no bridge"},"iserver":{"authStatus":{"authenticated":true,"established":true,"competing":false,"connected":true,"message":"","MAC":"06:A8:C0:D9:D5:E3","serverInfo":{"serverName":"JifH01132","serverVersion":"Build 10.44.1d, Mar 3, 2026 1:55:32 PM"},"hardware_info":"275c5aa2|06:A8:C0:D9:D5:E3"}}}
21:59:16.915 INFO  vert.x-eventloop-thread-0 BaseServiceProxy     : -> GET /v1/api/tickle,200|106ms
21:59:16.917 DEBUG vert.x-eventloop-thread-0 ClientPortalService  : tickle {"session":"c1d79c0a9c2d8d4039d5b5f780f7bcc3","ssoExpires":59998,"collission":false,"userId":50301190,"hmds":{"error":"no bridge"},"iserver":{"authStatus":{"authenticated":true,"established":true,"competing":false,"connected":true,"message":"","MAC":"06:A8:C0:D9:D5:E3","serverInfo":{"serverName":"JifH01132","serverVersion":"Build 10.44.1d, Mar 3, 2026 1:55:32 PM"},"hardware_info":"275c5aa2|06:A8:C0:D9:D5:E3"}}}
21:59:24.777 INFO  vert.x-eventloop-thread-0 BaseServiceProxy     : -> GET /v1/api/iserver/account/orders,200|259ms
21:59:25.041 INFO  vert.x-eventloop-thread-0 BaseServiceProxy     : -> GET /v1/api/iserver/account/orders,200|121ms
21:59:25.476 INFO  vert.x-eventloop-thread-0 BaseServiceProxy     : -> GET /v1/api/iserver/account/U5799398/order/177394613,200|383ms
21:59:25.581 INFO  vert.x-eventloop-thread-0 BaseServiceProxy     : -> GET /v1/api/iserver/account/orders,200|102ms
21:59:25.946 INFO  vert.x-eventloop-thread-0 BaseServiceProxy     : -> GET /v1/api/iserver/marketdata/history?conid=760229174&period=30d&bar=1d&outsideRth=false,200|347ms
21:59:26.076 INFO  vert.x-eventloop-thread-0 BaseServiceProxy     : -> GET /v1/api/iserver/marketdata/history?conid=760229174&period=30d&bar=1d&outsideRth=false,200|127ms
21:59:26.256 INFO  vert.x-eventloop-thread-0 BaseServiceProxy     : -> GET /v1/api/iserver/account/orders,200|120ms
21:59:46.903 INFO  vert.x-eventloop-thread-0 BaseServiceProxy     : -> GET /v1/api/tickle,200|94ms
21:59:46.905 DEBUG vert.x-eventloop-thread-0 ClientPortalService  : tickle {"session":"c1d79c0a9c2d8d4039d5b5f780f7bcc3","ssoExpires":30010,"collission":false,"userId":50301190,"hmds":{"error":"no bridge"},"iserver":{"authStatus":{"authenticated":true,"established":true,"competing":false,"connected":true,"message":"","MAC":"06:A8:C0:D9:D5:E3","serverInfo":{"serverName":"JifH01132","serverVersion":"Build 10.44.1d, Mar 3, 2026 1:55:32 PM"},"hardware_info":"275c5aa2|06:A8:C0:D9:D5:E3"}}}
22:00:16.957 INFO  vert.x-eventloop-thread-0 BaseServiceProxy     : -> GET /v1/api/tickle,200|147ms
22:00:16.958 DEBUG vert.x-eventloop-thread-0 ClientPortalService  : tickle {"session":"c1d79c0a9c2d8d4039d5b5f780f7bcc3","ssoExpires":600000,"collission":false,"userId":50301190,"hmds":{"error":"no bridge"},"iserver":{"authStatus":{"authenticated":true,"established":true,"competing":false,"connected":true,"message":"","MAC":"06:A8:C0:D9:D5:E3","serverInfo":{"serverName":"JifH01132","serverVersion":"Build 10.44.1d, Mar 3, 2026 1:55:32 PM"},"hardware_info":"275c5aa2|06:A8:C0:D9:D5:E3"}}}
22:00:31.458 INFO  vert.x-eventloop-thread-0 BaseServiceProxy     : -> GET /v1/api/iserver/account/orders,200|122ms
22:00:31.594 INFO  vert.x-eventloop-thread-0 BaseServiceProxy     : -> GET /v1/api/iserver/account/orders,200|117ms
22:00:32.733 INFO  vert.x-eventloop-thread-0 BaseServiceProxy     : -> GET /v1/api/iserver/account/U5799398/order/875342712,200|1120ms
22:00:32.903 INFO  vert.x-eventloop-thread-0 BaseServiceProxy     : -> GET /v1/api/iserver/reply/c6c4d670-8973-4c74-8fc2-272f2be47b16,200|169ms
22:00:33.222 INFO  vert.x-eventloop-thread-0 BaseServiceProxy     : -> GET /v1/api/iserver/account/orders,200|317ms
22:00:33.735 INFO  vert.x-eventloop-thread-0 BaseServiceProxy     : -> GET /v1/api/iserver/marketdata/history?conid=639336275&period=30d&bar=1d&outsideRth=false,200|490ms
22:00:33.862 INFO  vert.x-eventloop-thread-0 BaseServiceProxy     : -> GET /v1/api/iserver/marketdata/history?conid=639336275&period=30d&bar=1d&outsideRth=false,200|125ms
22:00:34.351 INFO  vert.x-eventloop-thread-0 BaseServiceProxy     : -> GET /v1/api/iserver/account/orders,200|414ms
22:00:46.938 INFO  vert.x-eventloop-thread-0 BaseServiceProxy     : -> GET /v1/api/tickle,200|129ms
22:00:46.939 DEBUG vert.x-eventloop-thread-0 ClientPortalService  : tickle {"session":"c1d79c0a9c2d8d4039d5b5f780f7bcc3","ssoExpires":570037,"collission":false,"userId":50301190,"hmds":{"error":"no bridge"},"iserver":{"authStatus":{"authenticated":true,"established":true,"competing":false,"connected":true,"message":"","MAC":"06:A8:C0:D9:D5:E3","serverInfo":{"serverName":"JifH01132","serverVersion":"Build 10.44.1d, Mar 3, 2026 1:55:32 PM"},"hardware_info":"275c5aa2|06:A8:C0:D9:D5:E3"}}}
22:01:16.980 INFO  vert.x-eventloop-thread-0 BaseServiceProxy     : -> GET /v1/api/tickle,200|169ms
22:01:16.981 DEBUG vert.x-eventloop-thread-0 ClientPortalService  : tickle {"session":"c1d79c0a9c2d8d4039d5b5f780f7bcc3","ssoExpires":540008,"collission":false,"userId":50301190,"hmds":{"error":"no bridge"},"iserver":{"authStatus":{"authenticated":true,"established":true,"competing":false,"connected":true,"message":"","MAC":"06:A8:C0:D9:D5:E3","serverInfo":{"serverName":"JifH01132","serverVersion":"Build 10.44.1d, Mar 3, 2026 1:55:32 PM"},"hardware_info":"275c5aa2|06:A8:C0:D9:D5:E3"}}}
22:01:27.996 INFO  vert.x-eventloop-thread-0 BaseServiceProxy     : -> GET /v1/api/iserver/account/orders,200|140ms
22:01:28.136 INFO  vert.x-eventloop-thread-0 BaseServiceProxy     : -> GET /v1/api/iserver/account/orders,200|120ms
22:01:28.634 INFO  vert.x-eventloop-thread-0 BaseServiceProxy     : -> GET /v1/api/iserver/account/U5799398/order/1848206539,200|425ms
22:01:28.826 INFO  vert.x-eventloop-thread-0 BaseServiceProxy     : -> GET /v1/api/iserver/reply/de545f2c-4f70-4cec-b55c-1705d61fa860,200|190ms
22:01:28.979 INFO  vert.x-eventloop-thread-0 BaseServiceProxy     : -> GET /v1/api/iserver/account/orders,200|151ms
22:01:29.398 INFO  vert.x-eventloop-thread-0 BaseServiceProxy     : -> GET /v1/api/iserver/marketdata/history?conid=334909224&period=30d&bar=1d&outsideRth=false,200|356ms
22:01:29.501 INFO  vert.x-eventloop-thread-0 BaseServiceProxy     : -> GET /v1/api/iserver/marketdata/history?conid=334909224&period=30d&bar=1d&outsideRth=false,200|102ms
22:01:29.695 INFO  vert.x-eventloop-thread-0 BaseServiceProxy     : -> GET /v1/api/iserver/account/orders,200|135ms
22:01:46.901 INFO  vert.x-eventloop-thread-0 BaseServiceProxy     : -> GET /v1/api/tickle,200|91ms
22:01:46.902 DEBUG vert.x-eventloop-thread-0 ClientPortalService  : tickle {"session":"c1d79c0a9c2d8d4039d5b5f780f7bcc3","ssoExpires":510043,"collission":false,"userId":50301190,"hmds":{"error":"no bridge"},"iserver":{"authStatus":{"authenticated":true,"established":true,"competing":false,"connected":true,"message":"","MAC":"06:A8:C0:D9:D5:E3","serverInfo":{"serverName":"JifH01132","serverVersion":"Build 10.44.1d, Mar 3, 2026 1:55:32 PM"},"hardware_info":"275c5aa2|06:A8:C0:D9:D5:E3"}}}
22:02:16.958 INFO  vert.x-eventloop-thread-0 BaseServiceProxy     : -> GET /v1/api/tickle,200|148ms
22:02:16.960 DEBUG vert.x-eventloop-thread-0 ClientPortalService  : tickle {"session":"c1d79c0a9c2d8d4039d5b5f780f7bcc3","ssoExpires":479999,"collission":false,"userId":50301190,"hmds":{"error":"no bridge"},"iserver":{"authStatus":{"authenticated":true,"established":true,"competing":false,"connected":true,"message":"","MAC":"06:A8:C0:D9:D5:E3","serverInfo":{"serverName":"JifH01132","serverVersion":"Build 10.44.1d, Mar 3, 2026 1:55:32 PM"},"hardware_info":"275c5aa2|06:A8:C0:D9:D5:E3"}}}
22:02:46.912 INFO  vert.x-eventloop-thread-0 BaseServiceProxy     : -> GET /v1/api/tickle,200|101ms
22:02:46.912 DEBUG vert.x-eventloop-thread-0 ClientPortalService  : tickle {"session":"c1d79c0a9c2d8d4039d5b5f780f7bcc3","ssoExpires":450039,"collission":false,"userId":50301190,"hmds":{"error":"no bridge"},"iserver":{"authStatus":{"authenticated":true,"established":true,"competing":false,"connected":true,"message":"","MAC":"06:A8:C0:D9:D5:E3","serverInfo":{"serverName":"JifH01132","serverVersion":"Build 10.44.1d, Mar 3, 2026 1:55:32 PM"},"hardware_info":"275c5aa2|06:A8:C0:D9:D5:E3"}}}
22:03:16.909 INFO  vert.x-eventloop-thread-0 BaseServiceProxy     : -> GET /v1/api/tickle,200|98ms
22:03:16.911 DEBUG vert.x-eventloop-thread-0 ClientPortalService  : tickle {"session":"c1d79c0a9c2d8d4039d5b5f780f7bcc3","ssoExpires":420042,"collission":false,"userId":50301190,"hmds":{"error":"no bridge"},"iserver":{"authStatus":{"authenticated":true,"established":true,"competing":false,"connected":true,"message":"","MAC":"06:A8:C0:D9:D5:E3","serverInfo":{"serverName":"JifH01132","serverVersion":"Build 10.44.1d, Mar 3, 2026 1:55:32 PM"},"hardware_info":"275c5aa2|06:A8:C0:D9:D5:E3"}}}
22:03:41.748 INFO  vert.x-eventloop-thread-0 BaseServiceProxy     : -> GET /sso/ping,200|293ms
22:03:41.750 INFO  vert.x-eventloop-thread-0 SsoService           : sso ping {"result": "true"}
22:03:46.909 INFO  vert.x-eventloop-thread-0 BaseServiceProxy     : -> GET /v1/api/tickle,200|98ms
22:03:46.910 DEBUG vert.x-eventloop-thread-0 ClientPortalService  : tickle {"session":"c1d79c0a9c2d8d4039d5b5f780f7bcc3","ssoExpires":390036,"collission":false,"userId":50301190,"hmds":{"error":"no bridge"},"iserver":{"authStatus":{"authenticated":true,"established":true,"competing":false,"connected":true,"message":"","MAC":"06:A8:C0:D9:D5:E3","serverInfo":{"serverName":"JifH01132","serverVersion":"Build 10.44.1d, Mar 3, 2026 1:55:32 PM"},"hardware_info":"275c5aa2|06:A8:C0:D9:D5:E3"}}}
22:04:16.911 INFO  vert.x-eventloop-thread-0 BaseServiceProxy     : -> GET /v1/api/tickle,200|100ms
22:04:16.913 DEBUG vert.x-eventloop-thread-0 ClientPortalService  : tickle {"session":"c1d79c0a9c2d8d4039d5b5f780f7bcc3","ssoExpires":360035,"collission":false,"userId":50301190,"hmds":{"error":"no bridge"},"iserver":{"authStatus":{"authenticated":true,"established":true,"competing":false,"connected":true,"message":"","MAC":"06:A8:C0:D9:D5:E3","serverInfo":{"serverName":"JifH01132","serverVersion":"Build 10.44.1d, Mar 3, 2026 1:55:32 PM"},"hardware_info":"275c5aa2|06:A8:C0:D9:D5:E3"}}}
22:04:46.915 INFO  vert.x-eventloop-thread-0 BaseServiceProxy     : -> GET /v1/api/tickle,200|104ms
22:04:46.916 DEBUG vert.x-eventloop-thread-0 ClientPortalService  : tickle {"session":"c1d79c0a9c2d8d4039d5b5f780f7bcc3","ssoExpires":330042,"collission":false,"userId":50301190,"hmds":{"error":"no bridge"},"iserver":{"authStatus":{"authenticated":true,"established":true,"competing":false,"connected":true,"message":"","MAC":"06:A8:C0:D9:D5:E3","serverInfo":{"serverName":"JifH01132","serverVersion":"Build 10.44.1d, Mar 3, 2026 1:55:32 PM"},"hardware_info":"275c5aa2|06:A8:C0:D9:D5:E3"}}}
22:05:17.110 INFO  vert.x-eventloop-thread-0 BaseServiceProxy     : -> GET /v1/api/tickle,200|299ms
22:05:17.111 DEBUG vert.x-eventloop-thread-0 ClientPortalService  : tickle {"session":"c1d79c0a9c2d8d4039d5b5f780f7bcc3","ssoExpires":299944,"collission":false,"userId":50301190,"hmds":{"error":"no bridge"},"iserver":{"authStatus":{"authenticated":true,"established":true,"competing":false,"connected":true,"message":"","MAC":"06:A8:C0:D9:D5:E3","serverInfo":{"serverName":"JifH01132","serverVersion":"Build 10.44.1d, Mar 3, 2026 1:55:32 PM"},"hardware_info":"275c5aa2|06:A8:C0:D9:D5:E3"}}}
22:05:46.990 INFO  vert.x-eventloop-thread-0 BaseServiceProxy     : -> GET /v1/api/tickle,200|178ms
22:05:46.992 DEBUG vert.x-eventloop-thread-0 ClientPortalService  : tickle {"session":"c1d79c0a9c2d8d4039d5b5f780f7bcc3","ssoExpires":269973,"collission":false,"userId":50301190,"hmds":{"error":"no bridge"},"iserver":{"authStatus":{"authenticated":true,"established":true,"competing":false,"connected":true,"message":"","MAC":"06:A8:C0:D9:D5:E3","serverInfo":{"serverName":"JifH01132","serverVersion":"Build 10.44.1d, Mar 3, 2026 1:55:32 PM"},"hardware_info":"275c5aa2|06:A8:C0:D9:D5:E3"}}}
22:06:16.924 INFO  vert.x-eventloop-thread-0 BaseServiceProxy     : -> GET /v1/api/tickle,200|113ms
22:06:16.925 DEBUG vert.x-eventloop-thread-0 ClientPortalService  : tickle {"session":"c1d79c0a9c2d8d4039d5b5f780f7bcc3","ssoExpires":240028,"collission":false,"userId":50301190,"hmds":{"error":"no bridge"},"iserver":{"authStatus":{"authenticated":true,"established":true,"competing":false,"connected":true,"message":"","MAC":"06:A8:C0:D9:D5:E3","serverInfo":{"serverName":"JifH01132","serverVersion":"Build 10.44.1d, Mar 3, 2026 1:55:32 PM"},"hardware_info":"275c5aa2|06:A8:C0:D9:D5:E3"}}}
22:06:46.915 INFO  vert.x-eventloop-thread-0 BaseServiceProxy     : -> GET /v1/api/tickle,200|103ms
22:06:46.917 DEBUG vert.x-eventloop-thread-0 ClientPortalService  : tickle {"session":"c1d79c0a9c2d8d4039d5b5f780f7bcc3","ssoExpires":210033,"collission":false,"userId":50301190,"hmds":{"error":"no bridge"},"iserver":{"authStatus":{"authenticated":true,"established":true,"competing":false,"connected":true,"message":"","MAC":"06:A8:C0:D9:D5:E3","serverInfo":{"serverName":"JifH01132","serverVersion":"Build 10.44.1d, Mar 3, 2026 1:55:32 PM"},"hardware_info":"275c5aa2|06:A8:C0:D9:D5:E3"}}}
22:07:16.907 INFO  vert.x-eventloop-thread-0 BaseServiceProxy     : -> GET /v1/api/tickle,200|95ms
22:07:16.909 DEBUG vert.x-eventloop-thread-0 ClientPortalService  : tickle {"session":"c1d79c0a9c2d8d4039d5b5f780f7bcc3","ssoExpires":180038,"collission":false,"userId":50301190,"hmds":{"error":"no bridge"},"iserver":{"authStatus":{"authenticated":true,"established":true,"competing":false,"connected":true,"message":"","MAC":"06:A8:C0:D9:D5:E3","serverInfo":{"serverName":"JifH01132","serverVersion":"Build 10.44.1d, Mar 3, 2026 1:55:32 PM"},"hardware_info":"275c5aa2|06:A8:C0:D9:D5:E3"}}}
22:07:46.904 INFO  vert.x-eventloop-thread-0 BaseServiceProxy     : -> GET /v1/api/tickle,200|91ms
22:07:46.905 DEBUG vert.x-eventloop-thread-0 ClientPortalService  : tickle {"session":"c1d79c0a9c2d8d4039d5b5f780f7bcc3","ssoExpires":150041,"collission":false,"userId":50301190,"hmds":{"error":"no bridge"},"iserver":{"authStatus":{"authenticated":true,"established":true,"competing":false,"connected":true,"message":"","MAC":"06:A8:C0:D9:D5:E3","serverInfo":{"serverName":"JifH01132","serverVersion":"Build 10.44.1d, Mar 3, 2026 1:55:32 PM"},"hardware_info":"275c5aa2|06:A8:C0:D9:D5:E3"}}}
22:08:16.958 INFO  vert.x-eventloop-thread-0 BaseServiceProxy     : -> GET /v1/api/tickle,200|146ms
22:08:16.959 DEBUG vert.x-eventloop-thread-0 ClientPortalService  : tickle {"session":"c1d79c0a9c2d8d4039d5b5f780f7bcc3","ssoExpires":119991,"collission":false,"userId":50301190,"hmds":{"error":"no bridge"},"iserver":{"authStatus":{"authenticated":true,"established":true,"competing":false,"connected":true,"message":"","MAC":"06:A8:C0:D9:D5:E3","serverInfo":{"serverName":"JifH01132","serverVersion":"Build 10.44.1d, Mar 3, 2026 1:55:32 PM"},"hardware_info":"275c5aa2|06:A8:C0:D9:D5:E3"}}}
22:08:41.744 INFO  vert.x-eventloop-thread-0 BaseServiceProxy     : -> GET /sso/ping,200|288ms
22:08:41.745 INFO  vert.x-eventloop-thread-0 SsoService           : sso ping {"result": "true"}
22:08:46.911 INFO  vert.x-eventloop-thread-0 BaseServiceProxy     : -> GET /v1/api/tickle,200|98ms
22:08:46.912 DEBUG vert.x-eventloop-thread-0 ClientPortalService  : tickle {"session":"c1d79c0a9c2d8d4039d5b5f780f7bcc3","ssoExpires":90029,"collission":false,"userId":50301190,"hmds":{"error":"no bridge"},"iserver":{"authStatus":{"authenticated":true,"established":true,"competing":false,"connected":true,"message":"","MAC":"06:A8:C0:D9:D5:E3","serverInfo":{"serverName":"JifH01132","serverVersion":"Build 10.44.1d, Mar 3, 2026 1:55:32 PM"},"hardware_info":"275c5aa2|06:A8:C0:D9:D5:E3"}}}
22:09:16.922 INFO  vert.x-eventloop-thread-0 BaseServiceProxy     : -> GET /v1/api/tickle,200|108ms
22:09:16.925 DEBUG vert.x-eventloop-thread-0 ClientPortalService  : tickle {"session":"c1d79c0a9c2d8d4039d5b5f780f7bcc3","ssoExpires":60035,"collission":false,"userId":50301190,"hmds":{"error":"no bridge"},"iserver":{"authStatus":{"authenticated":true,"established":true,"competing":false,"connected":true,"message":"","MAC":"06:A8:C0:D9:D5:E3","serverInfo":{"serverName":"JifH01132","serverVersion":"Build 10.44.1d, Mar 3, 2026 1:55:32 PM"},"hardware_info":"275c5aa2|06:A8:C0:D9:D5:E3"}}}
22:09:46.950 INFO  vert.x-eventloop-thread-0 BaseServiceProxy     : -> GET /v1/api/tickle,200|137ms
22:09:46.951 DEBUG vert.x-eventloop-thread-0 ClientPortalService  : tickle {"session":"c1d79c0a9c2d8d4039d5b5f780f7bcc3","ssoExpires":30004,"collission":false,"userId":50301190,"hmds":{"error":"no bridge"},"iserver":{"authStatus":{"authenticated":true,"established":true,"competing":false,"connected":true,"message":"","MAC":"06:A8:C0:D9:D5:E3","serverInfo":{"serverName":"JifH01132","serverVersion":"Build 10.44.1d, Mar 3, 2026 1:55:32 PM"},"hardware_info":"275c5aa2|06:A8:C0:D9:D5:E3"}}}
22:10:16.955 INFO  vert.x-eventloop-thread-0 BaseServiceProxy     : -> GET /v1/api/tickle,200|143ms
22:10:16.956 DEBUG vert.x-eventloop-thread-0 ClientPortalService  : tickle {"session":"c1d79c0a9c2d8d4039d5b5f780f7bcc3","ssoExpires":23,"collission":false,"userId":50301190,"hmds":{"error":"no bridge"},"iserver":{"authStatus":{"authenticated":true,"established":true,"competing":false,"connected":true,"message":"","MAC":"06:A8:C0:D9:D5:E3","serverInfo":{"serverName":"JifH01132","serverVersion":"Build 10.44.1d, Mar 3, 2026 1:55:32 PM"},"hardware_info":"275c5aa2|06:A8:C0:D9:D5:E3"}}}
22:10:46.917 INFO  vert.x-eventloop-thread-0 BaseServiceProxy     : -> GET /v1/api/tickle,200|102ms
22:10:46.920 DEBUG vert.x-eventloop-thread-0 ClientPortalService  : tickle {"session":"c1d79c0a9c2d8d4039d5b5f780f7bcc3","ssoExpires":600000,"collission":false,"userId":50301190,"hmds":{"error":"no bridge"},"iserver":{"authStatus":{"authenticated":true,"established":true,"competing":false,"connected":true,"message":"","MAC":"06:A8:C0:D9:D5:E3","serverInfo":{"serverName":"JifH01132","serverVersion":"Build 10.44.1d, Mar 3, 2026 1:55:32 PM"},"hardware_info":"275c5aa2|06:A8:C0:D9:D5:E3"}}}
22:11:16.906 INFO  vert.x-eventloop-thread-0 BaseServiceProxy     : -> GET /v1/api/tickle,200|93ms
22:11:16.907 DEBUG vert.x-eventloop-thread-0 ClientPortalService  : tickle {"session":"c1d79c0a9c2d8d4039d5b5f780f7bcc3","ssoExpires":570004,"collission":false,"userId":50301190,"hmds":{"error":"no bridge"},"iserver":{"authStatus":{"authenticated":true,"established":true,"competing":false,"connected":true,"message":"","MAC":"06:A8:C0:D9:D5:E3","serverInfo":{"serverName":"JifH01132","serverVersion":"Build 10.44.1d, Mar 3, 2026 1:55:32 PM"},"hardware_info":"275c5aa2|06:A8:C0:D9:D5:E3"}}}
22:11:47.151 INFO  vert.x-eventloop-thread-0 BaseServiceProxy     : -> GET /v1/api/tickle,200|337ms
22:11:47.152 DEBUG vert.x-eventloop-thread-0 ClientPortalService  : tickle {"session":"c1d79c0a9c2d8d4039d5b5f780f7bcc3","ssoExpires":539762,"collission":false,"userId":50301190,"hmds":{"error":"no bridge"},"iserver":{"authStatus":{"authenticated":true,"established":true,"competing":false,"connected":true,"message":"","MAC":"06:A8:C0:D9:D5:E3","serverInfo":{"serverName":"JifH01132","serverVersion":"Build 10.44.1d, Mar 3, 2026 1:55:32 PM"},"hardware_info":"275c5aa2|06:A8:C0:D9:D5:E3"}}}
22:12:17.085 INFO  vert.x-eventloop-thread-0 BaseServiceProxy     : -> GET /v1/api/tickle,200|269ms
22:12:17.085 DEBUG vert.x-eventloop-thread-0 ClientPortalService  : tickle {"session":"c1d79c0a9c2d8d4039d5b5f780f7bcc3","ssoExpires":509821,"collission":false,"userId":50301190,"hmds":{"error":"no bridge"},"iserver":{"authStatus":{"authenticated":true,"established":true,"competing":false,"connected":true,"message":"","MAC":"06:A8:C0:D9:D5:E3","serverInfo":{"serverName":"JifH01132","serverVersion":"Build 10.44.1d, Mar 3, 2026 1:55:32 PM"},"hardware_info":"275c5aa2|06:A8:C0:D9:D5:E3"}}}
22:12:46.907 INFO  vert.x-eventloop-thread-0 BaseServiceProxy     : -> GET /v1/api/tickle,200|93ms
22:12:46.908 DEBUG vert.x-eventloop-thread-0 ClientPortalService  : tickle {"session":"c1d79c0a9c2d8d4039d5b5f780f7bcc3","ssoExpires":480003,"collission":false,"userId":50301190,"hmds":{"error":"no bridge"},"iserver":{"authStatus":{"authenticated":true,"established":true,"competing":false,"connected":true,"message":"","MAC":"06:A8:C0:D9:D5:E3","serverInfo":{"serverName":"JifH01132","serverVersion":"Build 10.44.1d, Mar 3, 2026 1:55:32 PM"},"hardware_info":"275c5aa2|06:A8:C0:D9:D5:E3"}}}
22:13:16.919 INFO  vert.x-eventloop-thread-0 BaseServiceProxy     : -> GET /v1/api/tickle,200|105ms
22:13:16.920 DEBUG vert.x-eventloop-thread-0 ClientPortalService  : tickle {"session":"c1d79c0a9c2d8d4039d5b5f780f7bcc3","ssoExpires":449994,"collission":false,"userId":50301190,"hmds":{"error":"no bridge"},"iserver":{"authStatus":{"authenticated":true,"established":true,"competing":false,"connected":true,"message":"","MAC":"06:A8:C0:D9:D5:E3","serverInfo":{"serverName":"JifH01132","serverVersion":"Build 10.44.1d, Mar 3, 2026 1:55:32 PM"},"hardware_info":"275c5aa2|06:A8:C0:D9:D5:E3"}}}
22:13:41.936 INFO  vert.x-eventloop-thread-0 BaseServiceProxy     : -> GET /sso/ping,200|479ms
22:13:41.937 INFO  vert.x-eventloop-thread-0 SsoService           : sso ping {"result": "true"}
22:13:46.940 INFO  vert.x-eventloop-thread-0 BaseServiceProxy     : -> GET /v1/api/tickle,200|119ms
22:13:46.941 DEBUG vert.x-eventloop-thread-0 ClientPortalService  : tickle {"session":"c1d79c0a9c2d8d4039d5b5f780f7bcc3","ssoExpires":419992,"collission":false,"userId":50301190,"hmds":{"error":"no bridge"},"iserver":{"authStatus":{"authenticated":true,"established":true,"competing":false,"connected":true,"message":"","MAC":"06:A8:C0:D9:D5:E3","serverInfo":{"serverName":"JifH01132","serverVersion":"Build 10.44.1d, Mar 3, 2026 1:55:32 PM"},"hardware_info":"275c5aa2|06:A8:C0:D9:D5:E3"}}}
22:14:16.925 INFO  vert.x-eventloop-thread-0 BaseServiceProxy     : -> GET /v1/api/tickle,200|109ms
22:14:16.928 DEBUG vert.x-eventloop-thread-0 ClientPortalService  : tickle {"session":"c1d79c0a9c2d8d4039d5b5f780f7bcc3","ssoExpires":389989,"collission":false,"userId":50301190,"hmds":{"error":"no bridge"},"iserver":{"authStatus":{"authenticated":true,"established":true,"competing":false,"connected":true,"message":"","MAC":"06:A8:C0:D9:D5:E3","serverInfo":{"serverName":"JifH01132","serverVersion":"Build 10.44.1d, Mar 3, 2026 1:55:32 PM"},"hardware_info":"275c5aa2|06:A8:C0:D9:D5:E3"}}}
22:14:46.912 INFO  vert.x-eventloop-thread-0 BaseServiceProxy     : -> GET /v1/api/tickle,200|96ms
22:14:46.913 DEBUG vert.x-eventloop-thread-0 ClientPortalService  : tickle {"session":"c1d79c0a9c2d8d4039d5b5f780f7bcc3","ssoExpires":359996,"collission":false,"userId":50301190,"hmds":{"error":"no bridge"},"iserver":{"authStatus":{"authenticated":true,"established":true,"competing":false,"connected":true,"message":"","MAC":"06:A8:C0:D9:D5:E3","serverInfo":{"serverName":"JifH01132","serverVersion":"Build 10.44.1d, Mar 3, 2026 1:55:32 PM"},"hardware_info":"275c5aa2|06:A8:C0:D9:D5:E3"}}}
22:15:16.942 INFO  vert.x-eventloop-thread-0 BaseServiceProxy     : -> GET /v1/api/tickle,200|127ms
22:15:16.943 DEBUG vert.x-eventloop-thread-0 ClientPortalService  : tickle {"session":"c1d79c0a9c2d8d4039d5b5f780f7bcc3","ssoExpires":329993,"collission":false,"userId":50301190,"hmds":{"error":"no bridge"},"iserver":{"authStatus":{"authenticated":true,"established":true,"competing":false,"connected":true,"message":"","MAC":"06:A8:C0:D9:D5:E3","serverInfo":{"serverName":"JifH01132","serverVersion":"Build 10.44.1d, Mar 3, 2026 1:55:32 PM"},"hardware_info":"275c5aa2|06:A8:C0:D9:D5:E3"}}}
22:15:46.913 INFO  vert.x-eventloop-thread-0 BaseServiceProxy     : -> GET /v1/api/tickle,200|98ms
22:15:46.914 DEBUG vert.x-eventloop-thread-0 ClientPortalService  : tickle {"session":"c1d79c0a9c2d8d4039d5b5f780f7bcc3","ssoExpires":299994,"collission":false,"userId":50301190,"hmds":{"error":"no bridge"},"iserver":{"authStatus":{"authenticated":true,"established":true,"competing":false,"connected":true,"message":"","MAC":"06:A8:C0:D9:D5:E3","serverInfo":{"serverName":"JifH01132","serverVersion":"Build 10.44.1d, Mar 3, 2026 1:55:32 PM"},"hardware_info":"275c5aa2|06:A8:C0:D9:D5:E3"}}}
22:16:16.905 INFO  vert.x-eventloop-thread-0 BaseServiceProxy     : -> GET /v1/api/tickle,200|89ms
22:16:16.907 DEBUG vert.x-eventloop-thread-0 ClientPortalService  : tickle {"session":"c1d79c0a9c2d8d4039d5b5f780f7bcc3","ssoExpires":270002,"collission":false,"userId":50301190,"hmds":{"error":"no bridge"},"iserver":{"authStatus":{"authenticated":true,"established":true,"competing":false,"connected":true,"message":"","MAC":"06:A8:C0:D9:D5:E3","serverInfo":{"serverName":"JifH01132","serverVersion":"Build 10.44.1d, Mar 3, 2026 1:55:32 PM"},"hardware_info":"275c5aa2|06:A8:C0:D9:D5:E3"}}}
22:16:46.907 INFO  vert.x-eventloop-thread-0 BaseServiceProxy     : -> GET /v1/api/tickle,200|91ms
22:16:46.908 DEBUG vert.x-eventloop-thread-0 ClientPortalService  : tickle {"session":"c1d79c0a9c2d8d4039d5b5f780f7bcc3","ssoExpires":239997,"collission":false,"userId":50301190,"hmds":{"error":"no bridge"},"iserver":{"authStatus":{"authenticated":true,"established":true,"competing":false,"connected":true,"message":"","MAC":"06:A8:C0:D9:D5:E3","serverInfo":{"serverName":"JifH01132","serverVersion":"Build 10.44.1d, Mar 3, 2026 1:55:32 PM"},"hardware_info":"275c5aa2|06:A8:C0:D9:D5:E3"}}}
22:16:58.103 INFO  vert.x-eventloop-thread-0 BaseServiceProxy     : -> GET /v1/api/iserver/account/orders,200|100ms
22:16:58.427 INFO  vert.x-eventloop-thread-0 BaseServiceProxy     : -> GET /v1/api/iserver/marketdata/history?conid=273165&period=30d&bar=1d&outsideRth=false,200|305ms
22:16:58.540 INFO  vert.x-eventloop-thread-0 BaseServiceProxy     : -> GET /v1/api/iserver/marketdata/history?conid=273165&period=30d&bar=1d&outsideRth=false,200|106ms
22:17:16.923 INFO  vert.x-eventloop-thread-0 BaseServiceProxy     : -> GET /v1/api/tickle,200|106ms
22:17:16.924 DEBUG vert.x-eventloop-thread-0 ClientPortalService  : tickle {"session":"c1d79c0a9c2d8d4039d5b5f780f7bcc3","ssoExpires":209988,"collission":false,"userId":50301190,"hmds":{"error":"no bridge"},"iserver":{"authStatus":{"authenticated":true,"established":true,"competing":false,"connected":true,"message":"","MAC":"06:A8:C0:D9:D5:E3","serverInfo":{"serverName":"JifH01132","serverVersion":"Build 10.44.1d, Mar 3, 2026 1:55:32 PM"},"hardware_info":"275c5aa2|06:A8:C0:D9:D5:E3"}}}
22:17:46.927 INFO  vert.x-eventloop-thread-0 BaseServiceProxy     : -> GET /v1/api/tickle,200|111ms
22:17:46.928 DEBUG vert.x-eventloop-thread-0 ClientPortalService  : tickle {"session":"c1d79c0a9c2d8d4039d5b5f780f7bcc3","ssoExpires":179985,"collission":false,"userId":50301190,"hmds":{"error":"no bridge"},"iserver":{"authStatus":{"authenticated":true,"established":true,"competing":false,"connected":true,"message":"","MAC":"06:A8:C0:D9:D5:E3","serverInfo":{"serverName":"JifH01132","serverVersion":"Build 10.44.1d, Mar 3, 2026 1:55:32 PM"},"hardware_info":"275c5aa2|06:A8:C0:D9:D5:E3"}}}
22:18:16.911 INFO  vert.x-eventloop-thread-0 BaseServiceProxy     : -> GET /v1/api/tickle,200|94ms
22:18:16.913 DEBUG vert.x-eventloop-thread-0 ClientPortalService  : tickle {"session":"c1d79c0a9c2d8d4039d5b5f780f7bcc3","ssoExpires":149997,"collission":false,"userId":50301190,"hmds":{"error":"no bridge"},"iserver":{"authStatus":{"authenticated":true,"established":true,"competing":false,"connected":true,"message":"","MAC":"06:A8:C0:D9:D5:E3","serverInfo":{"serverName":"JifH01132","serverVersion":"Build 10.44.1d, Mar 3, 2026 1:55:32 PM"},"hardware_info":"275c5aa2|06:A8:C0:D9:D5:E3"}}}
22:18:41.844 INFO  vert.x-eventloop-thread-0 BaseServiceProxy     : -> GET /sso/ping,200|382ms
22:18:41.846 INFO  vert.x-eventloop-thread-0 SsoService           : sso ping {"result": "true"}
22:18:46.915 INFO  vert.x-eventloop-thread-0 BaseServiceProxy     : -> GET /v1/api/tickle,200|98ms
22:18:46.915 DEBUG vert.x-eventloop-thread-0 ClientPortalService  : tickle {"session":"c1d79c0a9c2d8d4039d5b5f780f7bcc3","ssoExpires":119992,"collission":false,"userId":50301190,"hmds":{"error":"no bridge"},"iserver":{"authStatus":{"authenticated":true,"established":true,"competing":false,"connected":true,"message":"","MAC":"06:A8:C0:D9:D5:E3","serverInfo":{"serverName":"JifH01132","serverVersion":"Build 10.44.1d, Mar 3, 2026 1:55:32 PM"},"hardware_info":"275c5aa2|06:A8:C0:D9:D5:E3"}}}
22:19:16.929 INFO  vert.x-eventloop-thread-0 BaseServiceProxy     : -> GET /v1/api/tickle,200|113ms
22:19:16.929 DEBUG vert.x-eventloop-thread-0 ClientPortalService  : tickle {"session":"c1d79c0a9c2d8d4039d5b5f780f7bcc3","ssoExpires":89987,"collission":false,"userId":50301190,"hmds":{"error":"no bridge"},"iserver":{"authStatus":{"authenticated":true,"established":true,"competing":false,"connected":true,"message":"","MAC":"06:A8:C0:D9:D5:E3","serverInfo":{"serverName":"JifH01132","serverVersion":"Build 10.44.1d, Mar 3, 2026 1:55:32 PM"},"hardware_info":"275c5aa2|06:A8:C0:D9:D5:E3"}}}
22:19:46.929 INFO  vert.x-eventloop-thread-0 BaseServiceProxy     : -> GET /v1/api/tickle,200|112ms
22:19:46.930 DEBUG vert.x-eventloop-thread-0 ClientPortalService  : tickle {"session":"c1d79c0a9c2d8d4039d5b5f780f7bcc3","ssoExpires":59984,"collission":false,"userId":50301190,"hmds":{"error":"no bridge"},"iserver":{"authStatus":{"authenticated":true,"established":true,"competing":false,"connected":true,"message":"","MAC":"06:A8:C0:D9:D5:E3","serverInfo":{"serverName":"JifH01132","serverVersion":"Build 10.44.1d, Mar 3, 2026 1:55:32 PM"},"hardware_info":"275c5aa2|06:A8:C0:D9:D5:E3"}}}
22:20:16.912 INFO  vert.x-eventloop-thread-0 BaseServiceProxy     : -> GET /v1/api/tickle,200|95ms
22:20:16.914 DEBUG vert.x-eventloop-thread-0 ClientPortalService  : tickle {"session":"c1d79c0a9c2d8d4039d5b5f780f7bcc3","ssoExpires":29993,"collission":false,"userId":50301190,"hmds":{"error":"no bridge"},"iserver":{"authStatus":{"authenticated":true,"established":true,"competing":false,"connected":true,"message":"","MAC":"06:A8:C0:D9:D5:E3","serverInfo":{"serverName":"JifH01132","serverVersion":"Build 10.44.1d, Mar 3, 2026 1:55:32 PM"},"hardware_info":"275c5aa2|06:A8:C0:D9:D5:E3"}}}
22:20:46.938 INFO  vert.x-eventloop-thread-0 BaseServiceProxy     : -> GET /v1/api/tickle,200|120ms
22:20:46.939 DEBUG vert.x-eventloop-thread-0 ClientPortalService  : tickle {"session":"c1d79c0a9c2d8d4039d5b5f780f7bcc3","ssoExpires":600000,"collission":false,"userId":50301190,"hmds":{"error":"no bridge"},"iserver":{"authStatus":{"authenticated":true,"established":true,"competing":false,"connected":true,"message":"","MAC":"06:A8:C0:D9:D5:E3","serverInfo":{"serverName":"JifH01132","serverVersion":"Build 10.44.1d, Mar 3, 2026 1:55:32 PM"},"hardware_info":"275c5aa2|06:A8:C0:D9:D5:E3"}}}
22:21:17.027 INFO  vert.x-eventloop-thread-0 BaseServiceProxy     : -> GET /v1/api/tickle,200|209ms
22:21:17.028 DEBUG vert.x-eventloop-thread-0 ClientPortalService  : tickle {"session":"c1d79c0a9c2d8d4039d5b5f780f7bcc3","ssoExpires":569923,"collission":false,"userId":50301190,"hmds":{"error":"no bridge"},"iserver":{"authStatus":{"authenticated":true,"established":true,"competing":false,"connected":true,"message":"","MAC":"06:A8:C0:D9:D5:E3","serverInfo":{"serverName":"JifH01132","serverVersion":"Build 10.44.1d, Mar 3, 2026 1:55:32 PM"},"hardware_info":"275c5aa2|06:A8:C0:D9:D5:E3"}}}
22:21:46.916 INFO  vert.x-eventloop-thread-0 BaseServiceProxy     : -> GET /v1/api/tickle,200|97ms
22:21:46.918 DEBUG vert.x-eventloop-thread-0 ClientPortalService  : tickle {"session":"c1d79c0a9c2d8d4039d5b5f780f7bcc3","ssoExpires":540022,"collission":false,"userId":50301190,"hmds":{"error":"no bridge"},"iserver":{"authStatus":{"authenticated":true,"established":true,"competing":false,"connected":true,"message":"","MAC":"06:A8:C0:D9:D5:E3","serverInfo":{"serverName":"JifH01132","serverVersion":"Build 10.44.1d, Mar 3, 2026 1:55:32 PM"},"hardware_info":"275c5aa2|06:A8:C0:D9:D5:E3"}}}
22:22:17.184 INFO  vert.x-eventloop-thread-0 BaseServiceProxy     : -> GET /v1/api/tickle,200|365ms
22:22:17.186 DEBUG vert.x-eventloop-thread-0 ClientPortalService  : tickle {"session":"c1d79c0a9c2d8d4039d5b5f780f7bcc3","ssoExpires":509758,"collission":false,"userId":50301190,"hmds":{"error":"no bridge"},"iserver":{"authStatus":{"authenticated":true,"established":true,"competing":false,"connected":true,"message":"","MAC":"06:A8:C0:D9:D5:E3","serverInfo":{"serverName":"JifH01132","serverVersion":"Build 10.44.1d, Mar 3, 2026 1:55:32 PM"},"hardware_info":"275c5aa2|06:A8:C0:D9:D5:E3"}}}
22:22:46.913 INFO  vert.x-eventloop-thread-0 BaseServiceProxy     : -> GET /v1/api/tickle,200|94ms
22:22:46.916 DEBUG vert.x-eventloop-thread-0 ClientPortalService  : tickle {"session":"c1d79c0a9c2d8d4039d5b5f780f7bcc3","ssoExpires":480026,"collission":false,"userId":50301190,"hmds":{"error":"no bridge"},"iserver":{"authStatus":{"authenticated":true,"established":true,"competing":false,"connected":true,"message":"","MAC":"06:A8:C0:D9:D5:E3","serverInfo":{"serverName":"JifH01132","serverVersion":"Build 10.44.1d, Mar 3, 2026 1:55:32 PM"},"hardware_info":"275c5aa2|06:A8:C0:D9:D5:E3"}}}
22:23:16.912 INFO  vert.x-eventloop-thread-0 BaseServiceProxy     : -> GET /v1/api/tickle,200|94ms
22:23:16.914 DEBUG vert.x-eventloop-thread-0 ClientPortalService  : tickle {"session":"c1d79c0a9c2d8d4039d5b5f780f7bcc3","ssoExpires":450023,"collission":false,"userId":50301190,"hmds":{"error":"no bridge"},"iserver":{"authStatus":{"authenticated":true,"established":true,"competing":false,"connected":true,"message":"","MAC":"06:A8:C0:D9:D5:E3","serverInfo":{"serverName":"JifH01132","serverVersion":"Build 10.44.1d, Mar 3, 2026 1:55:32 PM"},"hardware_info":"275c5aa2|06:A8:C0:D9:D5:E3"}}}
22:23:32.512 INFO  vert.x-eventloop-thread-0 BaseServiceProxy     : -> GET /v1/api/iserver/account/trades,200|288ms
22:23:41.753 INFO  vert.x-eventloop-thread-0 BaseServiceProxy     : -> GET /sso/ping,200|291ms
22:23:41.754 INFO  vert.x-eventloop-thread-0 SsoService           : sso ping {"result": "true"}
22:23:46.930 INFO  vert.x-eventloop-thread-0 BaseServiceProxy     : -> GET /v1/api/tickle,200|111ms
22:23:46.931 DEBUG vert.x-eventloop-thread-0 ClientPortalService  : tickle {"session":"c1d79c0a9c2d8d4039d5b5f780f7bcc3","ssoExpires":420008,"collission":false,"userId":50301190,"hmds":{"error":"no bridge"},"iserver":{"authStatus":{"authenticated":true,"established":true,"competing":false,"connected":true,"message":"","MAC":"06:A8:C0:D9:D5:E3","serverInfo":{"serverName":"JifH01132","serverVersion":"Build 10.44.1d, Mar 3, 2026 1:55:32 PM"},"hardware_info":"275c5aa2|06:A8:C0:D9:D5:E3"}}}
22:24:14.708 INFO  vert.x-eventloop-thread-0 BaseServiceProxy     : -> GET /v1/api/iserver/account/orders,200|86ms
22:24:14.805 INFO  vert.x-eventloop-thread-0 BaseServiceProxy     : -> GET /v1/api/portfolio/U5799398/positions/0?direction=a&period=1W&sort=position,200|192ms
22:24:16.919 INFO  vert.x-eventloop-thread-0 BaseServiceProxy     : -> GET /v1/api/tickle,200|100ms
22:24:16.920 DEBUG vert.x-eventloop-thread-0 ClientPortalService  : tickle {"session":"c1d79c0a9c2d8d4039d5b5f780f7bcc3","ssoExpires":390018,"collission":false,"userId":50301190,"hmds":{"error":"no bridge"},"iserver":{"authStatus":{"authenticated":true,"established":true,"competing":false,"connected":true,"message":"","MAC":"06:A8:C0:D9:D5:E3","serverInfo":{"serverName":"JifH01132","serverVersion":"Build 10.44.1d, Mar 3, 2026 1:55:32 PM"},"hardware_info":"275c5aa2|06:A8:C0:D9:D5:E3"}}}
22:24:29.019 INFO  vert.x-eventloop-thread-0 BaseServiceProxy     : -> GET /v1/api/iserver/account/orders,200|152ms
22:24:29.143 INFO  vert.x-eventloop-thread-0 BaseServiceProxy     : -> GET /v1/api/iserver/account/orders,200|98ms
22:24:29.592 INFO  vert.x-eventloop-thread-0 BaseServiceProxy     : -> GET /v1/api/iserver/account/U5799398/order/286523793,200|354ms
22:24:29.751 INFO  vert.x-eventloop-thread-0 BaseServiceProxy     : -> GET /v1/api/iserver/reply/c9daebe6-0117-4ba8-86ff-6b9a6a2a8616,200|157ms
22:24:29.840 INFO  vert.x-eventloop-thread-0 BaseServiceProxy     : -> GET /v1/api/iserver/account/orders,200|88ms
22:24:30.212 INFO  vert.x-eventloop-thread-0 BaseServiceProxy     : -> GET /v1/api/iserver/marketdata/history?conid=271320&period=30d&bar=1d&outsideRth=false,200|305ms
22:24:30.307 INFO  vert.x-eventloop-thread-0 BaseServiceProxy     : -> GET /v1/api/iserver/marketdata/history?conid=271320&period=30d&bar=1d&outsideRth=false,200|91ms
22:24:30.441 INFO  vert.x-eventloop-thread-0 BaseServiceProxy     : -> GET /v1/api/iserver/account/orders,200|90ms
22:24:46.974 INFO  vert.x-eventloop-thread-0 BaseServiceProxy     : -> GET /v1/api/tickle,200|155ms
22:24:46.975 DEBUG vert.x-eventloop-thread-0 ClientPortalService  : tickle {"session":"c1d79c0a9c2d8d4039d5b5f780f7bcc3","ssoExpires":360002,"collission":false,"userId":50301190,"hmds":{"error":"no bridge"},"iserver":{"authStatus":{"authenticated":true,"established":true,"competing":false,"connected":true,"message":"","MAC":"06:A8:C0:D9:D5:E3","serverInfo":{"serverName":"JifH01132","serverVersion":"Build 10.44.1d, Mar 3, 2026 1:55:32 PM"},"hardware_info":"275c5aa2|06:A8:C0:D9:D5:E3"}}}
22:25:17.132 INFO  vert.x-eventloop-thread-0 BaseServiceProxy     : -> GET /v1/api/tickle,200|311ms
22:25:17.134 DEBUG vert.x-eventloop-thread-0 ClientPortalService  : tickle {"session":"c1d79c0a9c2d8d4039d5b5f780f7bcc3","ssoExpires":329812,"collission":false,"userId":50301190,"hmds":{"error":"no bridge"},"iserver":{"authStatus":{"authenticated":true,"established":true,"competing":false,"connected":true,"message":"","MAC":"06:A8:C0:D9:D5:E3","serverInfo":{"serverName":"JifH01132","serverVersion":"Build 10.44.1d, Mar 3, 2026 1:55:32 PM"},"hardware_info":"275c5aa2|06:A8:C0:D9:D5:E3"}}}
22:25:46.924 INFO  vert.x-eventloop-thread-0 BaseServiceProxy     : -> GET /v1/api/tickle,200|104ms
22:25:46.926 DEBUG vert.x-eventloop-thread-0 ClientPortalService  : tickle {"session":"c1d79c0a9c2d8d4039d5b5f780f7bcc3","ssoExpires":300022,"collission":false,"userId":50301190,"hmds":{"error":"no bridge"},"iserver":{"authStatus":{"authenticated":true,"established":true,"competing":false,"connected":true,"message":"","MAC":"06:A8:C0:D9:D5:E3","serverInfo":{"serverName":"JifH01132","serverVersion":"Build 10.44.1d, Mar 3, 2026 1:55:32 PM"},"hardware_info":"275c5aa2|06:A8:C0:D9:D5:E3"}}}
22:26:16.934 INFO  vert.x-eventloop-thread-0 BaseServiceProxy     : -> GET /v1/api/tickle,200|113ms
22:26:16.936 DEBUG vert.x-eventloop-thread-0 ClientPortalService  : tickle {"session":"c1d79c0a9c2d8d4039d5b5f780f7bcc3","ssoExpires":270005,"collission":false,"userId":50301190,"hmds":{"error":"no bridge"},"iserver":{"authStatus":{"authenticated":true,"established":true,"competing":false,"connected":true,"message":"","MAC":"06:A8:C0:D9:D5:E3","serverInfo":{"serverName":"JifH01132","serverVersion":"Build 10.44.1d, Mar 3, 2026 1:55:32 PM"},"hardware_info":"275c5aa2|06:A8:C0:D9:D5:E3"}}}
22:26:19.629 INFO  vert.x-eventloop-thread-0 BaseServiceProxy     : -> GET /v1/api/iserver/account/orders,200|110ms
22:26:19.751 INFO  vert.x-eventloop-thread-0 BaseServiceProxy     : -> GET /v1/api/iserver/account/orders,200|107ms
22:26:20.338 INFO  vert.x-eventloop-thread-0 BaseServiceProxy     : -> GET /v1/api/iserver/account/U5799398/order/286523796,200|571ms
22:26:20.482 INFO  vert.x-eventloop-thread-0 BaseServiceProxy     : -> GET /v1/api/iserver/reply/8450f392-f547-4dae-9eb1-00fdcb696c53,200|140ms
22:26:20.592 INFO  vert.x-eventloop-thread-0 BaseServiceProxy     : -> GET /v1/api/iserver/account/orders,200|108ms
22:26:21.002 INFO  vert.x-eventloop-thread-0 BaseServiceProxy     : -> GET /v1/api/iserver/marketdata/history?conid=482880559&period=30d&bar=1d&outsideRth=false,200|376ms
22:26:21.110 INFO  vert.x-eventloop-thread-0 BaseServiceProxy     : -> GET /v1/api/iserver/marketdata/history?conid=482880559&period=30d&bar=1d&outsideRth=false,200|102ms
22:26:21.311 INFO  vert.x-eventloop-thread-0 BaseServiceProxy     : -> GET /v1/api/iserver/account/orders,200|127ms
22:26:46.973 INFO  vert.x-eventloop-thread-0 BaseServiceProxy     : -> GET /v1/api/tickle,200|152ms
22:26:46.973 DEBUG vert.x-eventloop-thread-0 ClientPortalService  : tickle {"session":"c1d79c0a9c2d8d4039d5b5f780f7bcc3","ssoExpires":240005,"collission":false,"userId":50301190,"hmds":{"error":"no bridge"},"iserver":{"authStatus":{"authenticated":true,"established":true,"competing":false,"connected":true,"message":"","MAC":"06:A8:C0:D9:D5:E3","serverInfo":{"serverName":"JifH01132","serverVersion":"Build 10.44.1d, Mar 3, 2026 1:55:32 PM"},"hardware_info":"275c5aa2|06:A8:C0:D9:D5:E3"}}}
22:27:17.134 INFO  vert.x-eventloop-thread-0 BaseServiceProxy     : -> GET /v1/api/tickle,200|313ms
22:27:17.135 DEBUG vert.x-eventloop-thread-0 ClientPortalService  : tickle {"session":"c1d79c0a9c2d8d4039d5b5f780f7bcc3","ssoExpires":209816,"collission":false,"userId":50301190,"hmds":{"error":"no bridge"},"iserver":{"authStatus":{"authenticated":true,"established":true,"competing":false,"connected":true,"message":"","MAC":"06:A8:C0:D9:D5:E3","serverInfo":{"serverName":"JifH01132","serverVersion":"Build 10.44.1d, Mar 3, 2026 1:55:32 PM"},"hardware_info":"275c5aa2|06:A8:C0:D9:D5:E3"}}}
22:27:46.913 INFO  vert.x-eventloop-thread-0 BaseServiceProxy     : -> GET /v1/api/tickle,200|92ms
22:27:46.915 DEBUG vert.x-eventloop-thread-0 ClientPortalService  : tickle {"session":"c1d79c0a9c2d8d4039d5b5f780f7bcc3","ssoExpires":180024,"collission":false,"userId":50301190,"hmds":{"error":"no bridge"},"iserver":{"authStatus":{"authenticated":true,"established":true,"competing":false,"connected":true,"message":"","MAC":"06:A8:C0:D9:D5:E3","serverInfo":{"serverName":"JifH01132","serverVersion":"Build 10.44.1d, Mar 3, 2026 1:55:32 PM"},"hardware_info":"275c5aa2|06:A8:C0:D9:D5:E3"}}}
22:28:16.963 INFO  vert.x-eventloop-thread-0 BaseServiceProxy     : -> GET /v1/api/tickle,200|143ms
22:28:16.965 DEBUG vert.x-eventloop-thread-0 ClientPortalService  : tickle {"session":"c1d79c0a9c2d8d4039d5b5f780f7bcc3","ssoExpires":149979,"collission":false,"userId":50301190,"hmds":{"error":"no bridge"},"iserver":{"authStatus":{"authenticated":true,"established":true,"competing":false,"connected":true,"message":"","MAC":"06:A8:C0:D9:D5:E3","serverInfo":{"serverName":"JifH01132","serverVersion":"Build 10.44.1d, Mar 3, 2026 1:55:32 PM"},"hardware_info":"275c5aa2|06:A8:C0:D9:D5:E3"}}}
22:28:42.049 INFO  vert.x-eventloop-thread-0 BaseServiceProxy     : -> GET /sso/ping,200|585ms
22:28:42.051 INFO  vert.x-eventloop-thread-0 SsoService           : sso ping {"result": "true"}
22:28:47.178 INFO  vert.x-eventloop-thread-0 BaseServiceProxy     : -> GET /v1/api/tickle,200|357ms
22:28:47.179 DEBUG vert.x-eventloop-thread-0 ClientPortalService  : tickle {"session":"c1d79c0a9c2d8d4039d5b5f780f7bcc3","ssoExpires":119862,"collission":false,"userId":50301190,"hmds":{"error":"no bridge"},"iserver":{"authStatus":{"authenticated":true,"established":true,"competing":false,"connected":true,"message":"","MAC":"06:A8:C0:D9:D5:E3","serverInfo":{"serverName":"JifH01132","serverVersion":"Build 10.44.1d, Mar 3, 2026 1:55:32 PM"},"hardware_info":"275c5aa2|06:A8:C0:D9:D5:E3"}}}
22:29:17.656 INFO  vert.x-eventloop-thread-0 BaseServiceProxy     : -> GET /v1/api/tickle,200|834ms
22:29:17.658 DEBUG vert.x-eventloop-thread-0 ClientPortalService  : tickle {"session":"c1d79c0a9c2d8d4039d5b5f780f7bcc3","ssoExpires":89530,"collission":false,"userId":50301190,"hmds":{"error":"no bridge"},"iserver":{"authStatus":{"authenticated":true,"established":true,"competing":false,"connected":true,"message":"","MAC":"06:A8:C0:D9:D5:E3","serverInfo":{"serverName":"JifH01132","serverVersion":"Build 10.44.1d, Mar 3, 2026 1:55:32 PM"},"hardware_info":"275c5aa2|06:A8:C0:D9:D5:E3"}}}
22:29:46.932 INFO  vert.x-eventloop-thread-0 BaseServiceProxy     : -> GET /v1/api/tickle,200|111ms
22:29:46.933 DEBUG vert.x-eventloop-thread-0 ClientPortalService  : tickle {"session":"c1d79c0a9c2d8d4039d5b5f780f7bcc3","ssoExpires":60010,"collission":false,"userId":50301190,"hmds":{"error":"no bridge"},"iserver":{"authStatus":{"authenticated":true,"established":true,"competing":false,"connected":true,"message":"","MAC":"06:A8:C0:D9:D5:E3","serverInfo":{"serverName":"JifH01132","serverVersion":"Build 10.44.1d, Mar 3, 2026 1:55:32 PM"},"hardware_info":"275c5aa2|06:A8:C0:D9:D5:E3"}}}
22:30:16.925 INFO  vert.x-eventloop-thread-0 BaseServiceProxy     : -> GET /v1/api/tickle,200|103ms
22:30:16.927 DEBUG vert.x-eventloop-thread-0 ClientPortalService  : tickle {"session":"c1d79c0a9c2d8d4039d5b5f780f7bcc3","ssoExpires":30010,"collission":false,"userId":50301190,"hmds":{"error":"no bridge"},"iserver":{"authStatus":{"authenticated":true,"established":true,"competing":false,"connected":true,"message":"","MAC":"06:A8:C0:D9:D5:E3","serverInfo":{"serverName":"JifH01132","serverVersion":"Build 10.44.1d, Mar 3, 2026 1:55:32 PM"},"hardware_info":"275c5aa2|06:A8:C0:D9:D5:E3"}}}
22:30:47.158 INFO  vert.x-eventloop-thread-0 BaseServiceProxy     : -> GET /v1/api/tickle,200|336ms
22:30:47.159 DEBUG vert.x-eventloop-thread-0 ClientPortalService  : tickle {"session":"c1d79c0a9c2d8d4039d5b5f780f7bcc3","ssoExpires":600000,"collission":false,"userId":50301190,"hmds":{"error":"no bridge"},"iserver":{"authStatus":{"authenticated":true,"established":true,"competing":false,"connected":true,"message":"","MAC":"06:A8:C0:D9:D5:E3","serverInfo":{"serverName":"JifH01132","serverVersion":"Build 10.44.1d, Mar 3, 2026 1:55:32 PM"},"hardware_info":"275c5aa2|06:A8:C0:D9:D5:E3"}}}
22:31:16.919 INFO  vert.x-eventloop-thread-0 BaseServiceProxy     : -> GET /v1/api/tickle,200|98ms
22:31:16.921 DEBUG vert.x-eventloop-thread-0 ClientPortalService  : tickle {"session":"c1d79c0a9c2d8d4039d5b5f780f7bcc3","ssoExpires":570239,"collission":false,"userId":50301190,"hmds":{"error":"no bridge"},"iserver":{"authStatus":{"authenticated":true,"established":true,"competing":false,"connected":true,"message":"","MAC":"06:A8:C0:D9:D5:E3","serverInfo":{"serverName":"JifH01132","serverVersion":"Build 10.44.1d, Mar 3, 2026 1:55:32 PM"},"hardware_info":"275c5aa2|06:A8:C0:D9:D5:E3"}}}
22:31:46.928 INFO  vert.x-eventloop-thread-0 BaseServiceProxy     : -> GET /v1/api/tickle,200|106ms
22:31:46.929 DEBUG vert.x-eventloop-thread-0 ClientPortalService  : tickle {"session":"c1d79c0a9c2d8d4039d5b5f780f7bcc3","ssoExpires":540232,"collission":false,"userId":50301190,"hmds":{"error":"no bridge"},"iserver":{"authStatus":{"authenticated":true,"established":true,"competing":false,"connected":true,"message":"","MAC":"06:A8:C0:D9:D5:E3","serverInfo":{"serverName":"JifH01132","serverVersion":"Build 10.44.1d, Mar 3, 2026 1:55:32 PM"},"hardware_info":"275c5aa2|06:A8:C0:D9:D5:E3"}}}
22:32:16.919 INFO  vert.x-eventloop-thread-0 BaseServiceProxy     : -> GET /v1/api/tickle,200|97ms
22:32:16.920 DEBUG vert.x-eventloop-thread-0 ClientPortalService  : tickle {"session":"c1d79c0a9c2d8d4039d5b5f780f7bcc3","ssoExpires":510242,"collission":false,"userId":50301190,"hmds":{"error":"no bridge"},"iserver":{"authStatus":{"authenticated":true,"established":true,"competing":false,"connected":true,"message":"","MAC":"06:A8:C0:D9:D5:E3","serverInfo":{"serverName":"JifH01132","serverVersion":"Build 10.44.1d, Mar 3, 2026 1:55:32 PM"},"hardware_info":"275c5aa2|06:A8:C0:D9:D5:E3"}}}
22:32:29.714 INFO  vert.x-eventloop-thread-0 BaseServiceProxy     : -> GET /v1/api/logout,200|105ms
22:32:31.778 ERROR vert.x-eventloop-thread-0 ConnectionBase       : java.net.SocketException: Connection reset
