00:00:11.166 INFO  vert.x-eventloop-thread-0 BaseServiceProxy     : -> GET /v1/api/tickle,200|82ms
00:00:11.168 DEBUG vert.x-eventloop-thread-0 ClientPortalService  : tickle {"session":"c6cbc1f5fb4facdeac74afc497e4230e","ssoExpires":329995,"collission":false,"userId":50301190,"hmds":{"error":"no bridge"},"iserver":{"authStatus":{"authenticated":true,"established":true,"competing":false,"connected":true,"message":"","MAC":"06:A8:C0:D9:D5:E3","serverInfo":{"serverName":"JifS23097","serverVersion":"Build 10.44.1h, Apr 20, 2026 11:22:51 AM"},"hardware_info":"275c5aa2|06:A8:C0:D9:D5:E3"}}}
00:00:36.610 INFO  vert.x-eventloop-thread-0 BaseServiceProxy     : -> GET /sso/ping,200|600ms
00:00:36.611 INFO  vert.x-eventloop-thread-0 SsoService           : sso ping {"result": "true"}
00:00:41.306 INFO  vert.x-eventloop-thread-0 BaseServiceProxy     : -> GET /v1/api/tickle,200|222ms
00:00:41.307 DEBUG vert.x-eventloop-thread-0 ClientPortalService  : tickle {"session":"c6cbc1f5fb4facdeac74afc497e4230e","ssoExpires":299851,"collission":false,"userId":50301190,"hmds":{"error":"no bridge"},"iserver":{"authStatus":{"authenticated":true,"established":true,"competing":false,"connected":true,"message":"","MAC":"06:A8:C0:D9:D5:E3","serverInfo":{"serverName":"JifS23097","serverVersion":"Build 10.44.1h, Apr 20, 2026 11:22:51 AM"},"hardware_info":"275c5aa2|06:A8:C0:D9:D5:E3"}}}
00:00:44.044 INFO  vert.x-eventloop-thread-0 BaseServiceProxy     : -> GET /v1/api/tickle,200|59ms
00:01:11.171 INFO  vert.x-eventloop-thread-0 BaseServiceProxy     : -> GET /v1/api/tickle,200|86ms
00:01:11.172 DEBUG vert.x-eventloop-thread-0 ClientPortalService  : tickle {"session":"c6cbc1f5fb4facdeac74afc497e4230e","ssoExpires":269987,"collission":false,"userId":50301190,"hmds":{"error":"no bridge"},"iserver":{"authStatus":{"authenticated":true,"established":true,"competing":false,"connected":true,"message":"","MAC":"06:A8:C0:D9:D5:E3","serverInfo":{"serverName":"JifS23097","serverVersion":"Build 10.44.1h, Apr 20, 2026 11:22:51 AM"},"hardware_info":"275c5aa2|06:A8:C0:D9:D5:E3"}}}
00:01:41.159 INFO  vert.x-eventloop-thread-0 BaseServiceProxy     : -> GET /v1/api/tickle,200|72ms
00:01:41.160 DEBUG vert.x-eventloop-thread-0 ClientPortalService  : tickle {"session":"c6cbc1f5fb4facdeac74afc497e4230e","ssoExpires":240002,"collission":false,"userId":50301190,"hmds":{"error":"no bridge"},"iserver":{"authStatus":{"authenticated":true,"established":true,"competing":false,"connected":true,"message":"","MAC":"06:A8:C0:D9:D5:E3","serverInfo":{"serverName":"JifS23097","serverVersion":"Build 10.44.1h, Apr 20, 2026 11:22:51 AM"},"hardware_info":"275c5aa2|06:A8:C0:D9:D5:E3"}}}
00:02:11.159 INFO  vert.x-eventloop-thread-0 BaseServiceProxy     : -> GET /v1/api/tickle,200|75ms
00:02:11.160 DEBUG vert.x-eventloop-thread-0 ClientPortalService  : tickle {"session":"c6cbc1f5fb4facdeac74afc497e4230e","ssoExpires":210002,"collission":false,"userId":50301190,"hmds":{"error":"no bridge"},"iserver":{"authStatus":{"authenticated":true,"established":true,"competing":false,"connected":true,"message":"","MAC":"06:A8:C0:D9:D5:E3","serverInfo":{"serverName":"JifS23097","serverVersion":"Build 10.44.1h, Apr 20, 2026 11:22:51 AM"},"hardware_info":"275c5aa2|06:A8:C0:D9:D5:E3"}}}
00:02:41.324 INFO  vert.x-eventloop-thread-0 BaseServiceProxy     : -> GET /v1/api/tickle,200|239ms
00:02:41.325 DEBUG vert.x-eventloop-thread-0 ClientPortalService  : tickle {"session":"c6cbc1f5fb4facdeac74afc497e4230e","ssoExpires":179834,"collission":false,"userId":50301190,"hmds":{"error":"no bridge"},"iserver":{"authStatus":{"authenticated":true,"established":true,"competing":false,"connected":true,"message":"","MAC":"06:A8:C0:D9:D5:E3","serverInfo":{"serverName":"JifS23097","serverVersion":"Build 10.44.1h, Apr 20, 2026 11:22:51 AM"},"hardware_info":"275c5aa2|06:A8:C0:D9:D5:E3"}}}
00:03:11.159 INFO  vert.x-eventloop-thread-0 BaseServiceProxy     : -> GET /v1/api/tickle,200|74ms
00:03:11.161 DEBUG vert.x-eventloop-thread-0 ClientPortalService  : tickle {"session":"c6cbc1f5fb4facdeac74afc497e4230e","ssoExpires":150000,"collission":false,"userId":50301190,"hmds":{"error":"no bridge"},"iserver":{"authStatus":{"authenticated":true,"established":true,"competing":false,"connected":true,"message":"","MAC":"06:A8:C0:D9:D5:E3","serverInfo":{"serverName":"JifS23097","serverVersion":"Build 10.44.1h, Apr 20, 2026 11:22:51 AM"},"hardware_info":"275c5aa2|06:A8:C0:D9:D5:E3"}}}
00:03:41.176 INFO  vert.x-eventloop-thread-0 BaseServiceProxy     : -> GET /v1/api/tickle,200|91ms
00:03:41.177 DEBUG vert.x-eventloop-thread-0 ClientPortalService  : tickle {"session":"c6cbc1f5fb4facdeac74afc497e4230e","ssoExpires":119986,"collission":false,"userId":50301190,"hmds":{"error":"no bridge"},"iserver":{"authStatus":{"authenticated":true,"established":true,"competing":false,"connected":true,"message":"","MAC":"06:A8:C0:D9:D5:E3","serverInfo":{"serverName":"JifS23097","serverVersion":"Build 10.44.1h, Apr 20, 2026 11:22:51 AM"},"hardware_info":"275c5aa2|06:A8:C0:D9:D5:E3"}}}
00:04:11.157 INFO  vert.x-eventloop-thread-0 BaseServiceProxy     : -> GET /v1/api/tickle,200|73ms
00:04:11.158 DEBUG vert.x-eventloop-thread-0 ClientPortalService  : tickle {"session":"c6cbc1f5fb4facdeac74afc497e4230e","ssoExpires":90004,"collission":false,"userId":50301190,"hmds":{"error":"no bridge"},"iserver":{"authStatus":{"authenticated":true,"established":true,"competing":false,"connected":true,"message":"","MAC":"06:A8:C0:D9:D5:E3","serverInfo":{"serverName":"JifS23097","serverVersion":"Build 10.44.1h, Apr 20, 2026 11:22:51 AM"},"hardware_info":"275c5aa2|06:A8:C0:D9:D5:E3"}}}
00:04:41.174 INFO  vert.x-eventloop-thread-0 BaseServiceProxy     : -> GET /v1/api/tickle,200|90ms
00:04:41.175 DEBUG vert.x-eventloop-thread-0 ClientPortalService  : tickle {"session":"c6cbc1f5fb4facdeac74afc497e4230e","ssoExpires":60002,"collission":false,"userId":50301190,"hmds":{"error":"no bridge"},"iserver":{"authStatus":{"authenticated":true,"established":true,"competing":false,"connected":true,"message":"","MAC":"06:A8:C0:D9:D5:E3","serverInfo":{"serverName":"JifS23097","serverVersion":"Build 10.44.1h, Apr 20, 2026 11:22:51 AM"},"hardware_info":"275c5aa2|06:A8:C0:D9:D5:E3"}}}
00:04:56.360 INFO  vert.x-eventloop-thread-0 BaseServiceProxy     : -> GET /v1/api/portfolio/U5799398/summary,200|333ms
00:04:56.513 INFO  vert.x-eventloop-thread-0 BaseServiceProxy     : -> GET /v1/api/iserver/account/orders,200|62ms
00:04:56.528 INFO  vert.x-eventloop-thread-0 BaseServiceProxy     : -> GET /v1/api/portfolio/U5799398/positions/0?direction=a&period=1W&sort=position,200|126ms
00:05:11.160 INFO  vert.x-eventloop-thread-0 BaseServiceProxy     : -> GET /v1/api/tickle,200|76ms
00:05:11.161 DEBUG vert.x-eventloop-thread-0 ClientPortalService  : tickle {"session":"c6cbc1f5fb4facdeac74afc497e4230e","ssoExpires":29998,"collission":false,"userId":50301190,"hmds":{"error":"no bridge"},"iserver":{"authStatus":{"authenticated":true,"established":true,"competing":false,"connected":true,"message":"","MAC":"06:A8:C0:D9:D5:E3","serverInfo":{"serverName":"JifS23097","serverVersion":"Build 10.44.1h, Apr 20, 2026 11:22:51 AM"},"hardware_info":"275c5aa2|06:A8:C0:D9:D5:E3"}}}
00:05:36.442 INFO  vert.x-eventloop-thread-0 BaseServiceProxy     : -> GET /sso/ping,200|439ms
00:05:36.443 INFO  vert.x-eventloop-thread-0 SsoService           : sso ping {"result": "true"}
00:05:41.152 INFO  vert.x-eventloop-thread-0 BaseServiceProxy     : -> GET /v1/api/tickle,200|68ms
00:05:41.152 DEBUG vert.x-eventloop-thread-0 ClientPortalService  : tickle {"session":"c6cbc1f5fb4facdeac74afc497e4230e","ssoExpires":14,"collission":false,"userId":50301190,"hmds":{"error":"no bridge"},"iserver":{"authStatus":{"authenticated":true,"established":true,"competing":false,"connected":true,"message":"","MAC":"06:A8:C0:D9:D5:E3","serverInfo":{"serverName":"JifS23097","serverVersion":"Build 10.44.1h, Apr 20, 2026 11:22:51 AM"},"hardware_info":"275c5aa2|06:A8:C0:D9:D5:E3"}}}
00:05:58.449 INFO  vert.x-eventloop-thread-0 BaseServiceProxy     : -> GET /v1/api/iserver/secdef/search?symbol=U.UN&secType=STK,200|78ms
00:06:11.149 INFO  vert.x-eventloop-thread-0 BaseServiceProxy     : -> GET /v1/api/tickle,200|65ms
00:06:11.150 DEBUG vert.x-eventloop-thread-0 ClientPortalService  : tickle {"session":"c6cbc1f5fb4facdeac74afc497e4230e","ssoExpires":600000,"collission":false,"userId":50301190,"hmds":{"error":"no bridge"},"iserver":{"authStatus":{"authenticated":true,"established":true,"competing":false,"connected":true,"message":"","MAC":"06:A8:C0:D9:D5:E3","serverInfo":{"serverName":"JifS23097","serverVersion":"Build 10.44.1h, Apr 20, 2026 11:22:51 AM"},"hardware_info":"275c5aa2|06:A8:C0:D9:D5:E3"}}}
00:06:17.734 INFO  vert.x-eventloop-thread-0 BaseServiceProxy     : -> GET /v1/api/iserver/secdef/search?symbol=U.UN&secType=STK,200|83ms
00:06:25.541 INFO  vert.x-eventloop-thread-0 BaseServiceProxy     : -> GET /v1/api/portfolio/U5799398/summary,200|145ms
00:06:25.655 INFO  vert.x-eventloop-thread-0 BaseServiceProxy     : -> GET /v1/api/iserver/account/orders,200|86ms
00:06:27.743 INFO  vert.x-eventloop-thread-0 BaseServiceProxy     : -> GET /v1/api/portfolio/U5799398/positions/0?direction=a&period=1W&sort=position,200|2187ms
00:06:41.157 INFO  vert.x-eventloop-thread-0 BaseServiceProxy     : -> GET /v1/api/tickle,200|73ms
00:06:41.158 DEBUG vert.x-eventloop-thread-0 ClientPortalService  : tickle {"session":"c6cbc1f5fb4facdeac74afc497e4230e","ssoExpires":569993,"collission":false,"userId":50301190,"hmds":{"error":"no bridge"},"iserver":{"authStatus":{"authenticated":true,"established":true,"competing":false,"connected":true,"message":"","MAC":"06:A8:C0:D9:D5:E3","serverInfo":{"serverName":"JifS23097","serverVersion":"Build 10.44.1h, Apr 20, 2026 11:22:51 AM"},"hardware_info":"275c5aa2|06:A8:C0:D9:D5:E3"}}}
00:07:11.564 INFO  vert.x-eventloop-thread-0 BaseServiceProxy     : -> GET /v1/api/tickle,200|480ms
00:07:11.565 DEBUG vert.x-eventloop-thread-0 ClientPortalService  : tickle {"session":"c6cbc1f5fb4facdeac74afc497e4230e","ssoExpires":539740,"collission":false,"userId":50301190,"hmds":{"error":"no bridge"},"iserver":{"authStatus":{"authenticated":true,"established":true,"competing":false,"connected":true,"message":"","MAC":"06:A8:C0:D9:D5:E3","serverInfo":{"serverName":"JifS23097","serverVersion":"Build 10.44.1h, Apr 20, 2026 11:22:51 AM"},"hardware_info":"275c5aa2|06:A8:C0:D9:D5:E3"}}}
00:07:12.193 INFO  vert.x-eventloop-thread-0 BaseServiceProxy     : -> GET /v1/api/portfolio/U5799398/summary,200|115ms
00:07:12.274 INFO  vert.x-eventloop-thread-0 BaseServiceProxy     : -> GET /v1/api/portfolio/U5799398/positions/0?direction=a&period=1W&sort=position,200|69ms
00:07:12.456 INFO  vert.x-eventloop-thread-0 BaseServiceProxy     : -> GET /v1/api/iserver/account/orders,200|253ms
00:07:41.166 INFO  vert.x-eventloop-thread-0 BaseServiceProxy     : -> GET /v1/api/tickle,200|82ms
00:07:41.167 DEBUG vert.x-eventloop-thread-0 ClientPortalService  : tickle {"session":"c6cbc1f5fb4facdeac74afc497e4230e","ssoExpires":509986,"collission":false,"userId":50301190,"hmds":{"error":"no bridge"},"iserver":{"authStatus":{"authenticated":true,"established":true,"competing":false,"connected":true,"message":"","MAC":"06:A8:C0:D9:D5:E3","serverInfo":{"serverName":"JifS23097","serverVersion":"Build 10.44.1h, Apr 20, 2026 11:22:51 AM"},"hardware_info":"275c5aa2|06:A8:C0:D9:D5:E3"}}}
00:08:11.160 INFO  vert.x-eventloop-thread-0 BaseServiceProxy     : -> GET /v1/api/tickle,200|76ms
00:08:11.161 DEBUG vert.x-eventloop-thread-0 ClientPortalService  : tickle {"session":"c6cbc1f5fb4facdeac74afc497e4230e","ssoExpires":479990,"collission":false,"userId":50301190,"hmds":{"error":"no bridge"},"iserver":{"authStatus":{"authenticated":true,"established":true,"competing":false,"connected":true,"message":"","MAC":"06:A8:C0:D9:D5:E3","serverInfo":{"serverName":"JifS23097","serverVersion":"Build 10.44.1h, Apr 20, 2026 11:22:51 AM"},"hardware_info":"275c5aa2|06:A8:C0:D9:D5:E3"}}}
00:08:41.173 INFO  vert.x-eventloop-thread-0 BaseServiceProxy     : -> GET /v1/api/tickle,200|89ms
00:08:41.174 DEBUG vert.x-eventloop-thread-0 ClientPortalService  : tickle {"session":"c6cbc1f5fb4facdeac74afc497e4230e","ssoExpires":449976,"collission":false,"userId":50301190,"hmds":{"error":"no bridge"},"iserver":{"authStatus":{"authenticated":true,"established":true,"competing":false,"connected":true,"message":"","MAC":"06:A8:C0:D9:D5:E3","serverInfo":{"serverName":"JifS23097","serverVersion":"Build 10.44.1h, Apr 20, 2026 11:22:51 AM"},"hardware_info":"275c5aa2|06:A8:C0:D9:D5:E3"}}}
00:08:48.129 INFO  vert.x-eventloop-thread-0 BaseServiceProxy     : -> GET /v1/api/iserver/secdef/search?symbol=U&secType=STK,200|344ms
00:08:48.198 INFO  vert.x-eventloop-thread-0 BaseServiceProxy     : -> GET /v1/api/iserver/account/orders,200|66ms
00:08:48.329 INFO  vert.x-eventloop-thread-0 BaseServiceProxy     : -> GET /v1/api/portfolio/U5799398/summary,200|105ms
00:09:11.156 INFO  vert.x-eventloop-thread-0 BaseServiceProxy     : -> GET /v1/api/tickle,200|72ms
00:09:11.157 DEBUG vert.x-eventloop-thread-0 ClientPortalService  : tickle {"session":"c6cbc1f5fb4facdeac74afc497e4230e","ssoExpires":419996,"collission":false,"userId":50301190,"hmds":{"error":"no bridge"},"iserver":{"authStatus":{"authenticated":true,"established":true,"competing":false,"connected":true,"message":"","MAC":"06:A8:C0:D9:D5:E3","serverInfo":{"serverName":"JifS23097","serverVersion":"Build 10.44.1h, Apr 20, 2026 11:22:51 AM"},"hardware_info":"275c5aa2|06:A8:C0:D9:D5:E3"}}}
00:09:41.156 INFO  vert.x-eventloop-thread-0 BaseServiceProxy     : -> GET /v1/api/tickle,200|72ms
00:09:41.158 DEBUG vert.x-eventloop-thread-0 ClientPortalService  : tickle {"session":"c6cbc1f5fb4facdeac74afc497e4230e","ssoExpires":389993,"collission":false,"userId":50301190,"hmds":{"error":"no bridge"},"iserver":{"authStatus":{"authenticated":true,"established":true,"competing":false,"connected":true,"message":"","MAC":"06:A8:C0:D9:D5:E3","serverInfo":{"serverName":"JifS23097","serverVersion":"Build 10.44.1h, Apr 20, 2026 11:22:51 AM"},"hardware_info":"275c5aa2|06:A8:C0:D9:D5:E3"}}}
00:10:11.146 INFO  vert.x-eventloop-thread-0 BaseServiceProxy     : -> GET /v1/api/tickle,200|63ms
00:10:11.147 DEBUG vert.x-eventloop-thread-0 ClientPortalService  : tickle {"session":"c6cbc1f5fb4facdeac74afc497e4230e","ssoExpires":360002,"collission":false,"userId":50301190,"hmds":{"error":"no bridge"},"iserver":{"authStatus":{"authenticated":true,"established":true,"competing":false,"connected":true,"message":"","MAC":"06:A8:C0:D9:D5:E3","serverInfo":{"serverName":"JifS23097","serverVersion":"Build 10.44.1h, Apr 20, 2026 11:22:51 AM"},"hardware_info":"275c5aa2|06:A8:C0:D9:D5:E3"}}}
00:10:36.485 INFO  vert.x-eventloop-thread-0 BaseServiceProxy     : -> GET /sso/ping,200|482ms
00:10:36.486 INFO  vert.x-eventloop-thread-0 SsoService           : sso ping {"result": "true"}
00:10:41.155 INFO  vert.x-eventloop-thread-0 BaseServiceProxy     : -> GET /v1/api/tickle,200|71ms
00:10:41.155 DEBUG vert.x-eventloop-thread-0 ClientPortalService  : tickle {"session":"c6cbc1f5fb4facdeac74afc497e4230e","ssoExpires":329995,"collission":false,"userId":50301190,"hmds":{"error":"no bridge"},"iserver":{"authStatus":{"authenticated":true,"established":true,"competing":false,"connected":true,"message":"","MAC":"06:A8:C0:D9:D5:E3","serverInfo":{"serverName":"JifS23097","serverVersion":"Build 10.44.1h, Apr 20, 2026 11:22:51 AM"},"hardware_info":"275c5aa2|06:A8:C0:D9:D5:E3"}}}
00:11:11.161 INFO  vert.x-eventloop-thread-0 BaseServiceProxy     : -> GET /v1/api/tickle,200|76ms
00:11:11.162 DEBUG vert.x-eventloop-thread-0 ClientPortalService  : tickle {"session":"c6cbc1f5fb4facdeac74afc497e4230e","ssoExpires":299987,"collission":false,"userId":50301190,"hmds":{"error":"no bridge"},"iserver":{"authStatus":{"authenticated":true,"established":true,"competing":false,"connected":true,"message":"","MAC":"06:A8:C0:D9:D5:E3","serverInfo":{"serverName":"JifS23097","serverVersion":"Build 10.44.1h, Apr 20, 2026 11:22:51 AM"},"hardware_info":"275c5aa2|06:A8:C0:D9:D5:E3"}}}
00:11:41.154 INFO  vert.x-eventloop-thread-0 BaseServiceProxy     : -> GET /v1/api/tickle,200|69ms
00:11:41.155 DEBUG vert.x-eventloop-thread-0 ClientPortalService  : tickle {"session":"c6cbc1f5fb4facdeac74afc497e4230e","ssoExpires":269993,"collission":false,"userId":50301190,"hmds":{"error":"no bridge"},"iserver":{"authStatus":{"authenticated":true,"established":true,"competing":false,"connected":true,"message":"","MAC":"06:A8:C0:D9:D5:E3","serverInfo":{"serverName":"JifS23097","serverVersion":"Build 10.44.1h, Apr 20, 2026 11:22:51 AM"},"hardware_info":"275c5aa2|06:A8:C0:D9:D5:E3"}}}
00:12:11.157 INFO  vert.x-eventloop-thread-0 BaseServiceProxy     : -> GET /v1/api/tickle,200|73ms
00:12:11.160 DEBUG vert.x-eventloop-thread-0 ClientPortalService  : tickle {"session":"c6cbc1f5fb4facdeac74afc497e4230e","ssoExpires":239993,"collission":false,"userId":50301190,"hmds":{"error":"no bridge"},"iserver":{"authStatus":{"authenticated":true,"established":true,"competing":false,"connected":true,"message":"","MAC":"06:A8:C0:D9:D5:E3","serverInfo":{"serverName":"JifS23097","serverVersion":"Build 10.44.1h, Apr 20, 2026 11:22:51 AM"},"hardware_info":"275c5aa2|06:A8:C0:D9:D5:E3"}}}
00:12:41.158 INFO  vert.x-eventloop-thread-0 BaseServiceProxy     : -> GET /v1/api/tickle,200|74ms
00:12:41.160 DEBUG vert.x-eventloop-thread-0 ClientPortalService  : tickle {"session":"c6cbc1f5fb4facdeac74afc497e4230e","ssoExpires":209992,"collission":false,"userId":50301190,"hmds":{"error":"no bridge"},"iserver":{"authStatus":{"authenticated":true,"established":true,"competing":false,"connected":true,"message":"","MAC":"06:A8:C0:D9:D5:E3","serverInfo":{"serverName":"JifS23097","serverVersion":"Build 10.44.1h, Apr 20, 2026 11:22:51 AM"},"hardware_info":"275c5aa2|06:A8:C0:D9:D5:E3"}}}
00:12:44.538 INFO  vert.x-eventloop-thread-0 BaseServiceProxy     : -> GET /v1/api/iserver/account/orders,200|59ms
00:12:49.244 INFO  vert.x-eventloop-thread-0 BaseServiceProxy     : -> GET /v1/api/iserver/account/orders,200|68ms
00:13:11.150 INFO  vert.x-eventloop-thread-0 BaseServiceProxy     : -> GET /v1/api/tickle,200|67ms
00:13:11.152 DEBUG vert.x-eventloop-thread-0 ClientPortalService  : tickle {"session":"c6cbc1f5fb4facdeac74afc497e4230e","ssoExpires":179996,"collission":false,"userId":50301190,"hmds":{"error":"no bridge"},"iserver":{"authStatus":{"authenticated":true,"established":true,"competing":false,"connected":true,"message":"","MAC":"06:A8:C0:D9:D5:E3","serverInfo":{"serverName":"JifS23097","serverVersion":"Build 10.44.1h, Apr 20, 2026 11:22:51 AM"},"hardware_info":"275c5aa2|06:A8:C0:D9:D5:E3"}}}
00:13:17.946 INFO  vert.x-eventloop-thread-0 BaseServiceProxy     : -> GET /v1/api/portfolio/U5799398/summary,200|114ms
00:13:18.037 INFO  vert.x-eventloop-thread-0 BaseServiceProxy     : -> GET /v1/api/iserver/account/orders,200|71ms
00:13:18.080 INFO  vert.x-eventloop-thread-0 BaseServiceProxy     : -> GET /v1/api/portfolio/U5799398/positions/0?direction=a&period=1W&sort=position,200|128ms
00:13:41.167 INFO  vert.x-eventloop-thread-0 BaseServiceProxy     : -> GET /v1/api/tickle,200|82ms
00:13:41.169 DEBUG vert.x-eventloop-thread-0 ClientPortalService  : tickle {"session":"c6cbc1f5fb4facdeac74afc497e4230e","ssoExpires":149983,"collission":false,"userId":50301190,"hmds":{"error":"no bridge"},"iserver":{"authStatus":{"authenticated":true,"established":true,"competing":false,"connected":true,"message":"","MAC":"06:A8:C0:D9:D5:E3","serverInfo":{"serverName":"JifS23097","serverVersion":"Build 10.44.1h, Apr 20, 2026 11:22:51 AM"},"hardware_info":"275c5aa2|06:A8:C0:D9:D5:E3"}}}
00:14:11.151 INFO  vert.x-eventloop-thread-0 BaseServiceProxy     : -> GET /v1/api/tickle,200|66ms
00:14:11.152 DEBUG vert.x-eventloop-thread-0 ClientPortalService  : tickle {"session":"c6cbc1f5fb4facdeac74afc497e4230e","ssoExpires":119999,"collission":false,"userId":50301190,"hmds":{"error":"no bridge"},"iserver":{"authStatus":{"authenticated":true,"established":true,"competing":false,"connected":true,"message":"","MAC":"06:A8:C0:D9:D5:E3","serverInfo":{"serverName":"JifS23097","serverVersion":"Build 10.44.1h, Apr 20, 2026 11:22:51 AM"},"hardware_info":"275c5aa2|06:A8:C0:D9:D5:E3"}}}
00:14:14.202 INFO  vert.x-eventloop-thread-0 BaseServiceProxy     : -> GET /v1/api/iserver/secdef/search?symbol=U&secType=STK,200|76ms
00:14:41.151 INFO  vert.x-eventloop-thread-0 BaseServiceProxy     : -> GET /v1/api/tickle,200|68ms
00:14:41.152 DEBUG vert.x-eventloop-thread-0 ClientPortalService  : tickle {"session":"c6cbc1f5fb4facdeac74afc497e4230e","ssoExpires":89997,"collission":false,"userId":50301190,"hmds":{"error":"no bridge"},"iserver":{"authStatus":{"authenticated":true,"established":true,"competing":false,"connected":true,"message":"","MAC":"06:A8:C0:D9:D5:E3","serverInfo":{"serverName":"JifS23097","serverVersion":"Build 10.44.1h, Apr 20, 2026 11:22:51 AM"},"hardware_info":"275c5aa2|06:A8:C0:D9:D5:E3"}}}
00:14:57.373 INFO  vert.x-eventloop-thread-0 BaseServiceProxy     : -> GET /v1/api/iserver/account/orders,200|221ms
00:15:11.157 INFO  vert.x-eventloop-thread-0 BaseServiceProxy     : -> GET /v1/api/tickle,200|73ms
00:15:11.158 DEBUG vert.x-eventloop-thread-0 ClientPortalService  : tickle {"session":"c6cbc1f5fb4facdeac74afc497e4230e","ssoExpires":59999,"collission":false,"userId":50301190,"hmds":{"error":"no bridge"},"iserver":{"authStatus":{"authenticated":true,"established":true,"competing":false,"connected":true,"message":"","MAC":"06:A8:C0:D9:D5:E3","serverInfo":{"serverName":"JifS23097","serverVersion":"Build 10.44.1h, Apr 20, 2026 11:22:51 AM"},"hardware_info":"275c5aa2|06:A8:C0:D9:D5:E3"}}}
00:15:22.380 INFO  vert.x-eventloop-thread-0 BaseServiceProxy     : -> GET /v1/api/portfolio/U5799398/summary,200|109ms
00:15:22.456 INFO  vert.x-eventloop-thread-0 BaseServiceProxy     : -> GET /v1/api/iserver/account/orders,200|57ms
00:15:24.516 INFO  vert.x-eventloop-thread-0 BaseServiceProxy     : -> GET /v1/api/portfolio/U5799398/positions/0?direction=a&period=1W&sort=position,200|2130ms
00:15:34.539 INFO  vert.x-eventloop-thread-0 BaseServiceProxy     : -> GET /v1/api/iserver/secdef/search?symbol=U-UN.TO&secType=STK,200|60ms
00:15:34.672 INFO  vert.x-eventloop-thread-0 BaseServiceProxy     : -> GET /v1/api/iserver/reply/null,400|110ms
00:15:36.497 INFO  vert.x-eventloop-thread-0 BaseServiceProxy     : -> GET /sso/ping,200|494ms
00:15:36.498 INFO  vert.x-eventloop-thread-0 SsoService           : sso ping {"result": "true"}
00:15:37.026 INFO  vert.x-eventloop-thread-0 BaseServiceProxy     : -> GET /v1/api/iserver/reply/null,400|306ms
00:15:41.169 INFO  vert.x-eventloop-thread-0 BaseServiceProxy     : -> GET /v1/api/tickle,200|84ms
00:15:41.170 DEBUG vert.x-eventloop-thread-0 ClientPortalService  : tickle {"session":"c6cbc1f5fb4facdeac74afc497e4230e","ssoExpires":29977,"collission":false,"userId":50301190,"hmds":{"error":"no bridge"},"iserver":{"authStatus":{"authenticated":true,"established":true,"competing":false,"connected":true,"message":"","MAC":"06:A8:C0:D9:D5:E3","serverInfo":{"serverName":"JifS23097","serverVersion":"Build 10.44.1h, Apr 20, 2026 11:22:51 AM"},"hardware_info":"275c5aa2|06:A8:C0:D9:D5:E3"}}}
00:16:11.158 INFO  vert.x-eventloop-thread-0 BaseServiceProxy     : -> GET /v1/api/tickle,200|73ms
00:16:11.161 DEBUG vert.x-eventloop-thread-0 ClientPortalService  : tickle {"session":"c6cbc1f5fb4facdeac74afc497e4230e","ssoExpires":600000,"collission":false,"userId":50301190,"hmds":{"error":"no bridge"},"iserver":{"authStatus":{"authenticated":true,"established":true,"competing":false,"connected":true,"message":"","MAC":"06:A8:C0:D9:D5:E3","serverInfo":{"serverName":"JifS23097","serverVersion":"Build 10.44.1h, Apr 20, 2026 11:22:51 AM"},"hardware_info":"275c5aa2|06:A8:C0:D9:D5:E3"}}}
00:16:41.177 INFO  vert.x-eventloop-thread-0 BaseServiceProxy     : -> GET /v1/api/tickle,200|93ms
00:16:41.178 DEBUG vert.x-eventloop-thread-0 ClientPortalService  : tickle {"session":"c6cbc1f5fb4facdeac74afc497e4230e","ssoExpires":570009,"collission":false,"userId":50301190,"hmds":{"error":"no bridge"},"iserver":{"authStatus":{"authenticated":true,"established":true,"competing":false,"connected":true,"message":"","MAC":"06:A8:C0:D9:D5:E3","serverInfo":{"serverName":"JifS23097","serverVersion":"Build 10.44.1h, Apr 20, 2026 11:22:51 AM"},"hardware_info":"275c5aa2|06:A8:C0:D9:D5:E3"}}}
00:17:11.158 INFO  vert.x-eventloop-thread-0 BaseServiceProxy     : -> GET /v1/api/tickle,200|72ms
00:17:11.163 DEBUG vert.x-eventloop-thread-0 ClientPortalService  : tickle {"session":"c6cbc1f5fb4facdeac74afc497e4230e","ssoExpires":540001,"collission":false,"userId":50301190,"hmds":{"error":"no bridge"},"iserver":{"authStatus":{"authenticated":true,"established":true,"competing":false,"connected":true,"message":"","MAC":"06:A8:C0:D9:D5:E3","serverInfo":{"serverName":"JifS23097","serverVersion":"Build 10.44.1h, Apr 20, 2026 11:22:51 AM"},"hardware_info":"275c5aa2|06:A8:C0:D9:D5:E3"}}}
00:17:41.410 INFO  vert.x-eventloop-thread-0 BaseServiceProxy     : -> GET /v1/api/tickle,200|326ms
00:17:41.410 DEBUG vert.x-eventloop-thread-0 ClientPortalService  : tickle {"session":"c6cbc1f5fb4facdeac74afc497e4230e","ssoExpires":509747,"collission":false,"userId":50301190,"hmds":{"error":"no bridge"},"iserver":{"authStatus":{"authenticated":true,"established":true,"competing":false,"connected":true,"message":"","MAC":"06:A8:C0:D9:D5:E3","serverInfo":{"serverName":"JifS23097","serverVersion":"Build 10.44.1h, Apr 20, 2026 11:22:51 AM"},"hardware_info":"275c5aa2|06:A8:C0:D9:D5:E3"}}}
00:18:11.146 INFO  vert.x-eventloop-thread-0 BaseServiceProxy     : -> GET /v1/api/tickle,200|63ms
00:18:11.147 DEBUG vert.x-eventloop-thread-0 ClientPortalService  : tickle {"session":"c6cbc1f5fb4facdeac74afc497e4230e","ssoExpires":480013,"collission":false,"userId":50301190,"hmds":{"error":"no bridge"},"iserver":{"authStatus":{"authenticated":true,"established":true,"competing":false,"connected":true,"message":"","MAC":"06:A8:C0:D9:D5:E3","serverInfo":{"serverName":"JifS23097","serverVersion":"Build 10.44.1h, Apr 20, 2026 11:22:51 AM"},"hardware_info":"275c5aa2|06:A8:C0:D9:D5:E3"}}}
00:18:41.304 INFO  vert.x-eventloop-thread-0 BaseServiceProxy     : -> GET /v1/api/tickle,200|220ms
00:18:41.307 DEBUG vert.x-eventloop-thread-0 ClientPortalService  : tickle {"session":"c6cbc1f5fb4facdeac74afc497e4230e","ssoExpires":449852,"collission":false,"userId":50301190,"hmds":{"error":"no bridge"},"iserver":{"authStatus":{"authenticated":true,"established":true,"competing":false,"connected":true,"message":"","MAC":"06:A8:C0:D9:D5:E3","serverInfo":{"serverName":"JifS23097","serverVersion":"Build 10.44.1h, Apr 20, 2026 11:22:51 AM"},"hardware_info":"275c5aa2|06:A8:C0:D9:D5:E3"}}}
00:19:11.384 INFO  vert.x-eventloop-thread-0 BaseServiceProxy     : -> GET /v1/api/tickle,200|301ms
00:19:11.386 DEBUG vert.x-eventloop-thread-0 ClientPortalService  : tickle {"session":"c6cbc1f5fb4facdeac74afc497e4230e","ssoExpires":419773,"collission":false,"userId":50301190,"hmds":{"error":"no bridge"},"iserver":{"authStatus":{"authenticated":true,"established":true,"competing":false,"connected":true,"message":"","MAC":"06:A8:C0:D9:D5:E3","serverInfo":{"serverName":"JifS23097","serverVersion":"Build 10.44.1h, Apr 20, 2026 11:22:51 AM"},"hardware_info":"275c5aa2|06:A8:C0:D9:D5:E3"}}}
00:19:41.161 INFO  vert.x-eventloop-thread-0 BaseServiceProxy     : -> GET /v1/api/tickle,200|75ms
00:19:41.163 DEBUG vert.x-eventloop-thread-0 ClientPortalService  : tickle {"session":"c6cbc1f5fb4facdeac74afc497e4230e","ssoExpires":389996,"collission":false,"userId":50301190,"hmds":{"error":"no bridge"},"iserver":{"authStatus":{"authenticated":true,"established":true,"competing":false,"connected":true,"message":"","MAC":"06:A8:C0:D9:D5:E3","serverInfo":{"serverName":"JifS23097","serverVersion":"Build 10.44.1h, Apr 20, 2026 11:22:51 AM"},"hardware_info":"275c5aa2|06:A8:C0:D9:D5:E3"}}}
00:20:11.159 INFO  vert.x-eventloop-thread-0 BaseServiceProxy     : -> GET /v1/api/tickle,200|73ms
00:20:11.165 DEBUG vert.x-eventloop-thread-0 ClientPortalService  : tickle {"session":"c6cbc1f5fb4facdeac74afc497e4230e","ssoExpires":359996,"collission":false,"userId":50301190,"hmds":{"error":"no bridge"},"iserver":{"authStatus":{"authenticated":true,"established":true,"competing":false,"connected":true,"message":"","MAC":"06:A8:C0:D9:D5:E3","serverInfo":{"serverName":"JifS23097","serverVersion":"Build 10.44.1h, Apr 20, 2026 11:22:51 AM"},"hardware_info":"275c5aa2|06:A8:C0:D9:D5:E3"}}}
00:20:36.542 INFO  vert.x-eventloop-thread-0 BaseServiceProxy     : -> GET /sso/ping,200|538ms
00:20:36.545 INFO  vert.x-eventloop-thread-0 SsoService           : sso ping {"result": "true"}
00:20:41.146 INFO  vert.x-eventloop-thread-0 BaseServiceProxy     : -> GET /v1/api/tickle,200|62ms
00:20:41.147 DEBUG vert.x-eventloop-thread-0 ClientPortalService  : tickle {"session":"c6cbc1f5fb4facdeac74afc497e4230e","ssoExpires":330011,"collission":false,"userId":50301190,"hmds":{"error":"no bridge"},"iserver":{"authStatus":{"authenticated":true,"established":true,"competing":false,"connected":true,"message":"","MAC":"06:A8:C0:D9:D5:E3","serverInfo":{"serverName":"JifS23097","serverVersion":"Build 10.44.1h, Apr 20, 2026 11:22:51 AM"},"hardware_info":"275c5aa2|06:A8:C0:D9:D5:E3"}}}
00:21:11.151 INFO  vert.x-eventloop-thread-0 BaseServiceProxy     : -> GET /v1/api/tickle,200|89ms
00:21:11.153 DEBUG vert.x-eventloop-thread-0 ClientPortalService  : tickle {"session":"c6cbc1f5fb4facdeac74afc497e4230e","ssoExpires":299986,"collission":false,"userId":50301190,"hmds":{"error":"no bridge"},"iserver":{"authStatus":{"authenticated":true,"established":true,"competing":false,"connected":true,"message":"","MAC":"06:A8:C0:D9:D5:E3","serverInfo":{"serverName":"JifS23097","serverVersion":"Build 10.44.1h, Apr 20, 2026 11:22:51 AM"},"hardware_info":"275c5aa2|06:A8:C0:D9:D5:E3"}}}
00:21:41.325 INFO  vert.x-eventloop-thread-0 BaseServiceProxy     : -> GET /v1/api/tickle,200|269ms
00:21:41.327 DEBUG vert.x-eventloop-thread-0 ClientPortalService  : tickle {"session":"c6cbc1f5fb4facdeac74afc497e4230e","ssoExpires":269834,"collission":false,"userId":50301190,"hmds":{"error":"no bridge"},"iserver":{"authStatus":{"authenticated":true,"established":true,"competing":false,"connected":true,"message":"","MAC":"06:A8:C0:D9:D5:E3","serverInfo":{"serverName":"JifS23097","serverVersion":"Build 10.44.1h, Apr 20, 2026 11:22:51 AM"},"hardware_info":"275c5aa2|06:A8:C0:D9:D5:E3"}}}
00:22:11.154 INFO  vert.x-eventloop-thread-0 BaseServiceProxy     : -> GET /v1/api/tickle,200|98ms
00:22:11.154 DEBUG vert.x-eventloop-thread-0 ClientPortalService  : tickle {"session":"c6cbc1f5fb4facdeac74afc497e4230e","ssoExpires":240003,"collission":false,"userId":50301190,"hmds":{"error":"no bridge"},"iserver":{"authStatus":{"authenticated":true,"established":true,"competing":false,"connected":true,"message":"","MAC":"06:A8:C0:D9:D5:E3","serverInfo":{"serverName":"JifS23097","serverVersion":"Build 10.44.1h, Apr 20, 2026 11:22:51 AM"},"hardware_info":"275c5aa2|06:A8:C0:D9:D5:E3"}}}
00:22:41.271 INFO  vert.x-eventloop-thread-0 BaseServiceProxy     : -> GET /v1/api/tickle,200|216ms
00:22:41.272 DEBUG vert.x-eventloop-thread-0 ClientPortalService  : tickle {"session":"c6cbc1f5fb4facdeac74afc497e4230e","ssoExpires":209858,"collission":false,"userId":50301190,"hmds":{"error":"no bridge"},"iserver":{"authStatus":{"authenticated":true,"established":true,"competing":false,"connected":true,"message":"","MAC":"06:A8:C0:D9:D5:E3","serverInfo":{"serverName":"JifS23097","serverVersion":"Build 10.44.1h, Apr 20, 2026 11:22:51 AM"},"hardware_info":"275c5aa2|06:A8:C0:D9:D5:E3"}}}
00:22:52.468 INFO  vert.x-eventloop-thread-0 BaseServiceProxy     : -> GET /v1/api/portfolio/U5799398/summary,200|356ms
00:22:52.557 INFO  vert.x-eventloop-thread-0 BaseServiceProxy     : -> GET /v1/api/iserver/account/orders,200|67ms
00:22:52.594 INFO  vert.x-eventloop-thread-0 BaseServiceProxy     : -> GET /v1/api/portfolio/U5799398/positions/0?direction=a&period=1W&sort=position,200|118ms
00:23:01.515 INFO  vert.x-eventloop-thread-0 BaseServiceProxy     : -> GET /v1/api/iserver/secdef/search?symbol=U&secType=STK,200|61ms
00:23:11.127 INFO  vert.x-eventloop-thread-0 BaseServiceProxy     : -> GET /v1/api/tickle,200|71ms
00:23:11.129 DEBUG vert.x-eventloop-thread-0 ClientPortalService  : tickle {"session":"c6cbc1f5fb4facdeac74afc497e4230e","ssoExpires":180003,"collission":false,"userId":50301190,"hmds":{"error":"no bridge"},"iserver":{"authStatus":{"authenticated":true,"established":true,"competing":false,"connected":true,"message":"","MAC":"06:A8:C0:D9:D5:E3","serverInfo":{"serverName":"JifS23097","serverVersion":"Build 10.44.1h, Apr 20, 2026 11:22:51 AM"},"hardware_info":"275c5aa2|06:A8:C0:D9:D5:E3"}}}
00:23:41.126 INFO  vert.x-eventloop-thread-0 BaseServiceProxy     : -> GET /v1/api/tickle,200|70ms
00:23:41.128 DEBUG vert.x-eventloop-thread-0 ClientPortalService  : tickle {"session":"c6cbc1f5fb4facdeac74afc497e4230e","ssoExpires":149999,"collission":false,"userId":50301190,"hmds":{"error":"no bridge"},"iserver":{"authStatus":{"authenticated":true,"established":true,"competing":false,"connected":true,"message":"","MAC":"06:A8:C0:D9:D5:E3","serverInfo":{"serverName":"JifS23097","serverVersion":"Build 10.44.1h, Apr 20, 2026 11:22:51 AM"},"hardware_info":"275c5aa2|06:A8:C0:D9:D5:E3"}}}
00:24:08.292 INFO  vert.x-eventloop-thread-0 BaseServiceProxy     : -> GET /v1/api/portfolio/U5799398/summary,200|124ms
00:24:08.372 INFO  vert.x-eventloop-thread-0 BaseServiceProxy     : -> GET /v1/api/iserver/account/orders,200|59ms
00:24:10.548 INFO  vert.x-eventloop-thread-0 BaseServiceProxy     : -> GET /v1/api/portfolio/U5799398/positions/0?direction=a&period=1W&sort=position,200|2249ms
00:24:11.112 INFO  vert.x-eventloop-thread-0 BaseServiceProxy     : -> GET /v1/api/tickle,200|57ms
00:24:11.112 DEBUG vert.x-eventloop-thread-0 ClientPortalService  : tickle {"session":"c6cbc1f5fb4facdeac74afc497e4230e","ssoExpires":120012,"collission":false,"userId":50301190,"hmds":{"error":"no bridge"},"iserver":{"authStatus":{"authenticated":true,"established":true,"competing":false,"connected":true,"message":"","MAC":"06:A8:C0:D9:D5:E3","serverInfo":{"serverName":"JifS23097","serverVersion":"Build 10.44.1h, Apr 20, 2026 11:22:51 AM"},"hardware_info":"275c5aa2|06:A8:C0:D9:D5:E3"}}}
00:24:14.602 INFO  vert.x-eventloop-thread-0 BaseServiceProxy     : -> GET /v1/api/portfolio/U5799398/summary,200|100ms
00:24:14.668 INFO  vert.x-eventloop-thread-0 BaseServiceProxy     : -> GET /v1/api/iserver/account/orders,200|60ms
00:24:14.679 INFO  vert.x-eventloop-thread-0 BaseServiceProxy     : -> GET /v1/api/portfolio/U5799398/positions/0?direction=a&period=1W&sort=position,200|72ms
00:24:35.636 INFO  vert.x-eventloop-thread-0 BaseServiceProxy     : -> GET /v1/api/iserver/secdef/search?symbol=UUN&secType=STK,200|86ms
00:24:41.116 INFO  vert.x-eventloop-thread-0 BaseServiceProxy     : -> GET /v1/api/tickle,200|61ms
00:24:41.117 DEBUG vert.x-eventloop-thread-0 ClientPortalService  : tickle {"session":"c6cbc1f5fb4facdeac74afc497e4230e","ssoExpires":90010,"collission":false,"userId":50301190,"hmds":{"error":"no bridge"},"iserver":{"authStatus":{"authenticated":true,"established":true,"competing":false,"connected":true,"message":"","MAC":"06:A8:C0:D9:D5:E3","serverInfo":{"serverName":"JifS23097","serverVersion":"Build 10.44.1h, Apr 20, 2026 11:22:51 AM"},"hardware_info":"275c5aa2|06:A8:C0:D9:D5:E3"}}}
00:25:11.274 INFO  vert.x-eventloop-thread-0 BaseServiceProxy     : -> GET /v1/api/tickle,200|219ms
00:25:11.276 DEBUG vert.x-eventloop-thread-0 ClientPortalService  : tickle {"session":"c6cbc1f5fb4facdeac74afc497e4230e","ssoExpires":59851,"collission":false,"userId":50301190,"hmds":{"error":"no bridge"},"iserver":{"authStatus":{"authenticated":true,"established":true,"competing":false,"connected":true,"message":"","MAC":"06:A8:C0:D9:D5:E3","serverInfo":{"serverName":"JifS23097","serverVersion":"Build 10.44.1h, Apr 20, 2026 11:22:51 AM"},"hardware_info":"275c5aa2|06:A8:C0:D9:D5:E3"}}}
00:25:36.330 INFO  vert.x-eventloop-thread-0 BaseServiceProxy     : -> GET /sso/ping,200|356ms
00:25:36.333 INFO  vert.x-eventloop-thread-0 SsoService           : sso ping {"result": "true"}
00:25:41.392 INFO  vert.x-eventloop-thread-0 BaseServiceProxy     : -> GET /v1/api/tickle,200|338ms
00:25:41.393 DEBUG vert.x-eventloop-thread-0 ClientPortalService  : tickle {"session":"c6cbc1f5fb4facdeac74afc497e4230e","ssoExpires":29756,"collission":false,"userId":50301190,"hmds":{"error":"no bridge"},"iserver":{"authStatus":{"authenticated":true,"established":true,"competing":false,"connected":true,"message":"","MAC":"06:A8:C0:D9:D5:E3","serverInfo":{"serverName":"JifS23097","serverVersion":"Build 10.44.1h, Apr 20, 2026 11:22:51 AM"},"hardware_info":"275c5aa2|06:A8:C0:D9:D5:E3"}}}
00:25:46.351 INFO  vert.x-eventloop-thread-0 BaseServiceProxy     : -> GET /v1/api/portfolio/U5799398/summary,200|109ms
00:25:46.430 INFO  vert.x-eventloop-thread-0 BaseServiceProxy     : -> GET /v1/api/iserver/account/orders,200|71ms
00:25:46.453 INFO  vert.x-eventloop-thread-0 BaseServiceProxy     : -> GET /v1/api/portfolio/U5799398/positions/0?direction=a&period=1W&sort=position,200|67ms
00:26:11.141 INFO  vert.x-eventloop-thread-0 BaseServiceProxy     : -> GET /v1/api/tickle,200|86ms
00:26:11.143 DEBUG vert.x-eventloop-thread-0 ClientPortalService  : tickle {"session":"c6cbc1f5fb4facdeac74afc497e4230e","ssoExpires":600000,"collission":false,"userId":50301190,"hmds":{"error":"no bridge"},"iserver":{"authStatus":{"authenticated":true,"established":true,"competing":false,"connected":true,"message":"","MAC":"06:A8:C0:D9:D5:E3","serverInfo":{"serverName":"JifS23097","serverVersion":"Build 10.44.1h, Apr 20, 2026 11:22:51 AM"},"hardware_info":"275c5aa2|06:A8:C0:D9:D5:E3"}}}
00:26:41.120 INFO  vert.x-eventloop-thread-0 BaseServiceProxy     : -> GET /v1/api/tickle,200|66ms
00:26:41.121 DEBUG vert.x-eventloop-thread-0 ClientPortalService  : tickle {"session":"c6cbc1f5fb4facdeac74afc497e4230e","ssoExpires":570021,"collission":false,"userId":50301190,"hmds":{"error":"no bridge"},"iserver":{"authStatus":{"authenticated":true,"established":true,"competing":false,"connected":true,"message":"","MAC":"06:A8:C0:D9:D5:E3","serverInfo":{"serverName":"JifS23097","serverVersion":"Build 10.44.1h, Apr 20, 2026 11:22:51 AM"},"hardware_info":"275c5aa2|06:A8:C0:D9:D5:E3"}}}
00:27:11.353 INFO  vert.x-eventloop-thread-0 BaseServiceProxy     : -> GET /v1/api/tickle,200|298ms
00:27:11.355 DEBUG vert.x-eventloop-thread-0 ClientPortalService  : tickle {"session":"c6cbc1f5fb4facdeac74afc497e4230e","ssoExpires":539788,"collission":false,"userId":50301190,"hmds":{"error":"no bridge"},"iserver":{"authStatus":{"authenticated":true,"established":true,"competing":false,"connected":true,"message":"","MAC":"06:A8:C0:D9:D5:E3","serverInfo":{"serverName":"JifS23097","serverVersion":"Build 10.44.1h, Apr 20, 2026 11:22:51 AM"},"hardware_info":"275c5aa2|06:A8:C0:D9:D5:E3"}}}
00:27:41.331 INFO  vert.x-eventloop-thread-0 BaseServiceProxy     : -> GET /v1/api/tickle,200|277ms
00:27:41.333 DEBUG vert.x-eventloop-thread-0 ClientPortalService  : tickle {"session":"c6cbc1f5fb4facdeac74afc497e4230e","ssoExpires":509812,"collission":false,"userId":50301190,"hmds":{"error":"no bridge"},"iserver":{"authStatus":{"authenticated":true,"established":true,"competing":false,"connected":true,"message":"","MAC":"06:A8:C0:D9:D5:E3","serverInfo":{"serverName":"JifS23097","serverVersion":"Build 10.44.1h, Apr 20, 2026 11:22:51 AM"},"hardware_info":"275c5aa2|06:A8:C0:D9:D5:E3"}}}
00:28:11.463 INFO  vert.x-eventloop-thread-0 BaseServiceProxy     : -> GET /v1/api/tickle,200|410ms
00:28:11.466 DEBUG vert.x-eventloop-thread-0 ClientPortalService  : tickle {"session":"c6cbc1f5fb4facdeac74afc497e4230e","ssoExpires":479758,"collission":false,"userId":50301190,"hmds":{"error":"no bridge"},"iserver":{"authStatus":{"authenticated":true,"established":true,"competing":false,"connected":true,"message":"","MAC":"06:A8:C0:D9:D5:E3","serverInfo":{"serverName":"JifS23097","serverVersion":"Build 10.44.1h, Apr 20, 2026 11:22:51 AM"},"hardware_info":"275c5aa2|06:A8:C0:D9:D5:E3"}}}
00:28:41.154 INFO  vert.x-eventloop-thread-0 BaseServiceProxy     : -> GET /v1/api/tickle,200|99ms
00:28:41.156 DEBUG vert.x-eventloop-thread-0 ClientPortalService  : tickle {"session":"c6cbc1f5fb4facdeac74afc497e4230e","ssoExpires":449985,"collission":false,"userId":50301190,"hmds":{"error":"no bridge"},"iserver":{"authStatus":{"authenticated":true,"established":true,"competing":false,"connected":true,"message":"","MAC":"06:A8:C0:D9:D5:E3","serverInfo":{"serverName":"JifS23097","serverVersion":"Build 10.44.1h, Apr 20, 2026 11:22:51 AM"},"hardware_info":"275c5aa2|06:A8:C0:D9:D5:E3"}}}
00:29:11.375 INFO  vert.x-eventloop-thread-0 BaseServiceProxy     : -> GET /v1/api/tickle,200|321ms
00:29:11.377 DEBUG vert.x-eventloop-thread-0 ClientPortalService  : tickle {"session":"c6cbc1f5fb4facdeac74afc497e4230e","ssoExpires":419857,"collission":false,"userId":50301190,"hmds":{"error":"no bridge"},"iserver":{"authStatus":{"authenticated":true,"established":true,"competing":false,"connected":true,"message":"","MAC":"06:A8:C0:D9:D5:E3","serverInfo":{"serverName":"JifS23097","serverVersion":"Build 10.44.1h, Apr 20, 2026 11:22:51 AM"},"hardware_info":"275c5aa2|06:A8:C0:D9:D5:E3"}}}
00:29:41.153 INFO  vert.x-eventloop-thread-0 BaseServiceProxy     : -> GET /v1/api/tickle,200|99ms
00:29:41.155 DEBUG vert.x-eventloop-thread-0 ClientPortalService  : tickle {"session":"c6cbc1f5fb4facdeac74afc497e4230e","ssoExpires":389987,"collission":false,"userId":50301190,"hmds":{"error":"no bridge"},"iserver":{"authStatus":{"authenticated":true,"established":true,"competing":false,"connected":true,"message":"","MAC":"06:A8:C0:D9:D5:E3","serverInfo":{"serverName":"JifS23097","serverVersion":"Build 10.44.1h, Apr 20, 2026 11:22:51 AM"},"hardware_info":"275c5aa2|06:A8:C0:D9:D5:E3"}}}
00:30:11.277 INFO  vert.x-eventloop-thread-0 BaseServiceProxy     : -> GET /v1/api/tickle,200|222ms
00:30:11.279 DEBUG vert.x-eventloop-thread-0 ClientPortalService  : tickle {"session":"c6cbc1f5fb4facdeac74afc497e4230e","ssoExpires":359861,"collission":false,"userId":50301190,"hmds":{"error":"no bridge"},"iserver":{"authStatus":{"authenticated":true,"established":true,"competing":false,"connected":true,"message":"","MAC":"06:A8:C0:D9:D5:E3","serverInfo":{"serverName":"JifS23097","serverVersion":"Build 10.44.1h, Apr 20, 2026 11:22:51 AM"},"hardware_info":"275c5aa2|06:A8:C0:D9:D5:E3"}}}
00:30:36.563 INFO  vert.x-eventloop-thread-0 BaseServiceProxy     : -> GET /sso/ping,200|590ms
00:30:36.565 INFO  vert.x-eventloop-thread-0 SsoService           : sso ping {"result": "true"}
00:30:41.119 INFO  vert.x-eventloop-thread-0 BaseServiceProxy     : -> GET /v1/api/tickle,200|66ms
00:30:41.120 DEBUG vert.x-eventloop-thread-0 ClientPortalService  : tickle {"session":"c6cbc1f5fb4facdeac74afc497e4230e","ssoExpires":330018,"collission":false,"userId":50301190,"hmds":{"error":"no bridge"},"iserver":{"authStatus":{"authenticated":true,"established":true,"competing":false,"connected":true,"message":"","MAC":"06:A8:C0:D9:D5:E3","serverInfo":{"serverName":"JifS23097","serverVersion":"Build 10.44.1h, Apr 20, 2026 11:22:51 AM"},"hardware_info":"275c5aa2|06:A8:C0:D9:D5:E3"}}}
00:31:11.280 INFO  vert.x-eventloop-thread-0 BaseServiceProxy     : -> GET /v1/api/tickle,200|225ms
00:31:11.283 DEBUG vert.x-eventloop-thread-0 ClientPortalService  : tickle {"session":"c6cbc1f5fb4facdeac74afc497e4230e","ssoExpires":299862,"collission":false,"userId":50301190,"hmds":{"error":"no bridge"},"iserver":{"authStatus":{"authenticated":true,"established":true,"competing":false,"connected":true,"message":"","MAC":"06:A8:C0:D9:D5:E3","serverInfo":{"serverName":"JifS23097","serverVersion":"Build 10.44.1h, Apr 20, 2026 11:22:51 AM"},"hardware_info":"275c5aa2|06:A8:C0:D9:D5:E3"}}}
00:31:41.403 INFO  vert.x-eventloop-thread-0 BaseServiceProxy     : -> GET /v1/api/tickle,200|349ms
00:31:41.412 DEBUG vert.x-eventloop-thread-0 ClientPortalService  : tickle {"session":"c6cbc1f5fb4facdeac74afc497e4230e","ssoExpires":269836,"collission":false,"userId":50301190,"hmds":{"error":"no bridge"},"iserver":{"authStatus":{"authenticated":true,"established":true,"competing":false,"connected":true,"message":"","MAC":"06:A8:C0:D9:D5:E3","serverInfo":{"serverName":"JifS23097","serverVersion":"Build 10.44.1h, Apr 20, 2026 11:22:51 AM"},"hardware_info":"275c5aa2|06:A8:C0:D9:D5:E3"}}}
00:32:11.127 INFO  vert.x-eventloop-thread-0 BaseServiceProxy     : -> GET /v1/api/tickle,200|74ms
00:32:11.128 DEBUG vert.x-eventloop-thread-0 ClientPortalService  : tickle {"session":"c6cbc1f5fb4facdeac74afc497e4230e","ssoExpires":240015,"collission":false,"userId":50301190,"hmds":{"error":"no bridge"},"iserver":{"authStatus":{"authenticated":true,"established":true,"competing":false,"connected":true,"message":"","MAC":"06:A8:C0:D9:D5:E3","serverInfo":{"serverName":"JifS23097","serverVersion":"Build 10.44.1h, Apr 20, 2026 11:22:51 AM"},"hardware_info":"275c5aa2|06:A8:C0:D9:D5:E3"}}}
00:32:41.399 INFO  vert.x-eventloop-thread-0 BaseServiceProxy     : -> GET /v1/api/tickle,200|346ms
00:32:41.401 DEBUG vert.x-eventloop-thread-0 ClientPortalService  : tickle {"session":"c6cbc1f5fb4facdeac74afc497e4230e","ssoExpires":209846,"collission":false,"userId":50301190,"hmds":{"error":"no bridge"},"iserver":{"authStatus":{"authenticated":true,"established":true,"competing":false,"connected":true,"message":"","MAC":"06:A8:C0:D9:D5:E3","serverInfo":{"serverName":"JifS23097","serverVersion":"Build 10.44.1h, Apr 20, 2026 11:22:51 AM"},"hardware_info":"275c5aa2|06:A8:C0:D9:D5:E3"}}}
00:33:11.392 INFO  vert.x-eventloop-thread-0 BaseServiceProxy     : -> GET /v1/api/tickle,200|339ms
00:33:11.395 DEBUG vert.x-eventloop-thread-0 ClientPortalService  : tickle {"session":"c6cbc1f5fb4facdeac74afc497e4230e","ssoExpires":179854,"collission":false,"userId":50301190,"hmds":{"error":"no bridge"},"iserver":{"authStatus":{"authenticated":true,"established":true,"competing":false,"connected":true,"message":"","MAC":"06:A8:C0:D9:D5:E3","serverInfo":{"serverName":"JifS23097","serverVersion":"Build 10.44.1h, Apr 20, 2026 11:22:51 AM"},"hardware_info":"275c5aa2|06:A8:C0:D9:D5:E3"}}}
00:33:39.036 INFO  vert.x-eventloop-thread-0 BaseServiceProxy     : -> GET /v1/api/portfolio/U5799398/summary,200|117ms
00:33:39.117 INFO  vert.x-eventloop-thread-0 BaseServiceProxy     : -> GET /v1/api/iserver/account/orders,200|63ms
00:33:39.146 INFO  vert.x-eventloop-thread-0 BaseServiceProxy     : -> GET /v1/api/portfolio/U5799398/positions/0?direction=a&period=1W&sort=position,200|105ms
00:33:41.113 INFO  vert.x-eventloop-thread-0 BaseServiceProxy     : -> GET /v1/api/tickle,200|60ms
00:33:41.113 DEBUG vert.x-eventloop-thread-0 ClientPortalService  : tickle {"session":"c6cbc1f5fb4facdeac74afc497e4230e","ssoExpires":150024,"collission":false,"userId":50301190,"hmds":{"error":"no bridge"},"iserver":{"authStatus":{"authenticated":true,"established":true,"competing":false,"connected":true,"message":"","MAC":"06:A8:C0:D9:D5:E3","serverInfo":{"serverName":"JifS23097","serverVersion":"Build 10.44.1h, Apr 20, 2026 11:22:51 AM"},"hardware_info":"275c5aa2|06:A8:C0:D9:D5:E3"}}}
00:34:11.275 INFO  vert.x-eventloop-thread-0 BaseServiceProxy     : -> GET /v1/api/tickle,200|223ms
00:34:11.276 DEBUG vert.x-eventloop-thread-0 ClientPortalService  : tickle {"session":"c6cbc1f5fb4facdeac74afc497e4230e","ssoExpires":119864,"collission":false,"userId":50301190,"hmds":{"error":"no bridge"},"iserver":{"authStatus":{"authenticated":true,"established":true,"competing":false,"connected":true,"message":"","MAC":"06:A8:C0:D9:D5:E3","serverInfo":{"serverName":"JifS23097","serverVersion":"Build 10.44.1h, Apr 20, 2026 11:22:51 AM"},"hardware_info":"275c5aa2|06:A8:C0:D9:D5:E3"}}}
00:34:16.654 INFO  vert.x-eventloop-thread-0 BaseServiceProxy     : -> GET /v1/api/iserver/secdef/search?symbol=U-UN.TSE&secType=STK,200|67ms
00:34:41.127 INFO  vert.x-eventloop-thread-0 BaseServiceProxy     : -> GET /v1/api/tickle,200|75ms
00:34:41.128 DEBUG vert.x-eventloop-thread-0 ClientPortalService  : tickle {"session":"c6cbc1f5fb4facdeac74afc497e4230e","ssoExpires":90015,"collission":false,"userId":50301190,"hmds":{"error":"no bridge"},"iserver":{"authStatus":{"authenticated":true,"established":true,"competing":false,"connected":true,"message":"","MAC":"06:A8:C0:D9:D5:E3","serverInfo":{"serverName":"JifS23097","serverVersion":"Build 10.44.1h, Apr 20, 2026 11:22:51 AM"},"hardware_info":"275c5aa2|06:A8:C0:D9:D5:E3"}}}
00:35:01.885 INFO  vert.x-eventloop-thread-0 BaseServiceProxy     : -> GET /v1/api/iserver/secdef/search?symbol=U-UN&secType=STK,200|251ms
00:35:11.110 INFO  vert.x-eventloop-thread-0 BaseServiceProxy     : -> GET /v1/api/tickle,200|59ms
00:35:11.110 DEBUG vert.x-eventloop-thread-0 ClientPortalService  : tickle {"session":"c6cbc1f5fb4facdeac74afc497e4230e","ssoExpires":60026,"collission":false,"userId":50301190,"hmds":{"error":"no bridge"},"iserver":{"authStatus":{"authenticated":true,"established":true,"competing":false,"connected":true,"message":"","MAC":"06:A8:C0:D9:D5:E3","serverInfo":{"serverName":"JifS23097","serverVersion":"Build 10.44.1h, Apr 20, 2026 11:22:51 AM"},"hardware_info":"275c5aa2|06:A8:C0:D9:D5:E3"}}}
00:35:12.812 INFO  vert.x-eventloop-thread-0 BaseServiceProxy     : -> GET /v1/api/portfolio/U5799398/summary,200|119ms
00:35:12.923 INFO  vert.x-eventloop-thread-0 BaseServiceProxy     : -> GET /v1/api/iserver/account/orders,200|86ms
00:35:14.987 INFO  vert.x-eventloop-thread-0 BaseServiceProxy     : -> GET /v1/api/portfolio/U5799398/positions/0?direction=a&period=1W&sort=position,200|2170ms
00:35:19.229 INFO  vert.x-eventloop-thread-0 BaseServiceProxy     : -> GET /v1/api/iserver/secdef/search?symbol=U-UN&secType=STK,200|62ms
00:35:34.386 INFO  vert.x-eventloop-thread-0 BaseServiceProxy     : -> GET /v1/api/iserver/secdef/search?symbol=U.UN&secType=STK,200|222ms
00:35:36.292 INFO  vert.x-eventloop-thread-0 BaseServiceProxy     : -> GET /sso/ping,200|322ms
00:35:36.293 INFO  vert.x-eventloop-thread-0 SsoService           : sso ping {"result": "true"}
00:35:41.127 INFO  vert.x-eventloop-thread-0 BaseServiceProxy     : -> GET /v1/api/tickle,200|75ms
00:35:41.129 DEBUG vert.x-eventloop-thread-0 ClientPortalService  : tickle {"session":"c6cbc1f5fb4facdeac74afc497e4230e","ssoExpires":30018,"collission":false,"userId":50301190,"hmds":{"error":"no bridge"},"iserver":{"authStatus":{"authenticated":true,"established":true,"competing":false,"connected":true,"message":"","MAC":"06:A8:C0:D9:D5:E3","serverInfo":{"serverName":"JifS23097","serverVersion":"Build 10.44.1h, Apr 20, 2026 11:22:51 AM"},"hardware_info":"275c5aa2|06:A8:C0:D9:D5:E3"}}}
00:36:11.121 INFO  vert.x-eventloop-thread-0 BaseServiceProxy     : -> GET /v1/api/tickle,200|69ms
00:36:11.123 DEBUG vert.x-eventloop-thread-0 ClientPortalService  : tickle {"session":"c6cbc1f5fb4facdeac74afc497e4230e","ssoExpires":14,"collission":false,"userId":50301190,"hmds":{"error":"no bridge"},"iserver":{"authStatus":{"authenticated":true,"established":true,"competing":false,"connected":true,"message":"","MAC":"06:A8:C0:D9:D5:E3","serverInfo":{"serverName":"JifS23097","serverVersion":"Build 10.44.1h, Apr 20, 2026 11:22:51 AM"},"hardware_info":"275c5aa2|06:A8:C0:D9:D5:E3"}}}
00:36:19.754 INFO  vert.x-eventloop-thread-0 BaseServiceProxy     : -> GET /v1/api/iserver/account/orders,200|225ms
00:36:41.109 INFO  vert.x-eventloop-thread-0 BaseServiceProxy     : -> GET /v1/api/tickle,200|69ms
00:36:41.111 DEBUG vert.x-eventloop-thread-0 ClientPortalService  : tickle {"session":"c6cbc1f5fb4facdeac74afc497e4230e","ssoExpires":600000,"collission":false,"userId":50301190,"hmds":{"error":"no bridge"},"iserver":{"authStatus":{"authenticated":true,"established":true,"competing":false,"connected":true,"message":"","MAC":"06:A8:C0:D9:D5:E3","serverInfo":{"serverName":"JifS23097","serverVersion":"Build 10.44.1h, Apr 20, 2026 11:22:51 AM"},"hardware_info":"275c5aa2|06:A8:C0:D9:D5:E3"}}}
00:37:03.778 INFO  vert.x-eventloop-thread-0 BaseServiceProxy     : -> GET /v1/api/portfolio/U5799398/summary,200|354ms
00:37:11.097 INFO  vert.x-eventloop-thread-0 BaseServiceProxy     : -> GET /v1/api/tickle,200|61ms
00:37:11.098 DEBUG vert.x-eventloop-thread-0 ClientPortalService  : tickle {"session":"c6cbc1f5fb4facdeac74afc497e4230e","ssoExpires":570008,"collission":false,"userId":50301190,"hmds":{"error":"no bridge"},"iserver":{"authStatus":{"authenticated":true,"established":true,"competing":false,"connected":true,"message":"","MAC":"06:A8:C0:D9:D5:E3","serverInfo":{"serverName":"JifS23097","serverVersion":"Build 10.44.1h, Apr 20, 2026 11:22:51 AM"},"hardware_info":"275c5aa2|06:A8:C0:D9:D5:E3"}}}
00:37:41.213 INFO  vert.x-eventloop-thread-0 BaseServiceProxy     : -> GET /v1/api/tickle,200|177ms
00:37:41.215 DEBUG vert.x-eventloop-thread-0 ClientPortalService  : tickle {"session":"c6cbc1f5fb4facdeac74afc497e4230e","ssoExpires":539960,"collission":false,"userId":50301190,"hmds":{"error":"no bridge"},"iserver":{"authStatus":{"authenticated":true,"established":true,"competing":false,"connected":true,"message":"","MAC":"06:A8:C0:D9:D5:E3","serverInfo":{"serverName":"JifS23097","serverVersion":"Build 10.44.1h, Apr 20, 2026 11:22:51 AM"},"hardware_info":"275c5aa2|06:A8:C0:D9:D5:E3"}}}
00:38:11.265 INFO  vert.x-eventloop-thread-0 BaseServiceProxy     : -> GET /v1/api/tickle,200|229ms
00:38:11.267 DEBUG vert.x-eventloop-thread-0 ClientPortalService  : tickle {"session":"c6cbc1f5fb4facdeac74afc497e4230e","ssoExpires":509846,"collission":false,"userId":50301190,"hmds":{"error":"no bridge"},"iserver":{"authStatus":{"authenticated":true,"established":true,"competing":false,"connected":true,"message":"","MAC":"06:A8:C0:D9:D5:E3","serverInfo":{"serverName":"JifS23097","serverVersion":"Build 10.44.1h, Apr 20, 2026 11:22:51 AM"},"hardware_info":"275c5aa2|06:A8:C0:D9:D5:E3"}}}
00:38:41.412 INFO  vert.x-eventloop-thread-0 BaseServiceProxy     : -> GET /v1/api/tickle,200|376ms
00:38:41.414 DEBUG vert.x-eventloop-thread-0 ClientPortalService  : tickle {"session":"c6cbc1f5fb4facdeac74afc497e4230e","ssoExpires":479719,"collission":false,"userId":50301190,"hmds":{"error":"no bridge"},"iserver":{"authStatus":{"authenticated":true,"established":true,"competing":false,"connected":true,"message":"","MAC":"06:A8:C0:D9:D5:E3","serverInfo":{"serverName":"JifS23097","serverVersion":"Build 10.44.1h, Apr 20, 2026 11:22:51 AM"},"hardware_info":"275c5aa2|06:A8:C0:D9:D5:E3"}}}
00:39:11.113 INFO  vert.x-eventloop-thread-0 BaseServiceProxy     : -> GET /v1/api/tickle,200|76ms
00:39:11.115 DEBUG vert.x-eventloop-thread-0 ClientPortalService  : tickle {"session":"c6cbc1f5fb4facdeac74afc497e4230e","ssoExpires":449991,"collission":false,"userId":50301190,"hmds":{"error":"no bridge"},"iserver":{"authStatus":{"authenticated":true,"established":true,"competing":false,"connected":true,"message":"","MAC":"06:A8:C0:D9:D5:E3","serverInfo":{"serverName":"JifS23097","serverVersion":"Build 10.44.1h, Apr 20, 2026 11:22:51 AM"},"hardware_info":"275c5aa2|06:A8:C0:D9:D5:E3"}}}
00:39:41.252 INFO  vert.x-eventloop-thread-0 BaseServiceProxy     : -> GET /v1/api/tickle,200|218ms
00:39:41.254 DEBUG vert.x-eventloop-thread-0 ClientPortalService  : tickle {"session":"c6cbc1f5fb4facdeac74afc497e4230e","ssoExpires":419852,"collission":false,"userId":50301190,"hmds":{"error":"no bridge"},"iserver":{"authStatus":{"authenticated":true,"established":true,"competing":false,"connected":true,"message":"","MAC":"06:A8:C0:D9:D5:E3","serverInfo":{"serverName":"JifS23097","serverVersion":"Build 10.44.1h, Apr 20, 2026 11:22:51 AM"},"hardware_info":"275c5aa2|06:A8:C0:D9:D5:E3"}}}
00:40:11.278 INFO  vert.x-eventloop-thread-0 BaseServiceProxy     : -> GET /v1/api/tickle,200|243ms
00:40:11.280 DEBUG vert.x-eventloop-thread-0 ClientPortalService  : tickle {"session":"c6cbc1f5fb4facdeac74afc497e4230e","ssoExpires":389829,"collission":false,"userId":50301190,"hmds":{"error":"no bridge"},"iserver":{"authStatus":{"authenticated":true,"established":true,"competing":false,"connected":true,"message":"","MAC":"06:A8:C0:D9:D5:E3","serverInfo":{"serverName":"JifS23097","serverVersion":"Build 10.44.1h, Apr 20, 2026 11:22:51 AM"},"hardware_info":"275c5aa2|06:A8:C0:D9:D5:E3"}}}
00:40:36.292 INFO  vert.x-eventloop-thread-0 BaseServiceProxy     : -> GET /v1/api/iserver/secdef/search?symbol=U-UN&secType=STK,200|78ms
00:40:36.464 INFO  vert.x-eventloop-thread-0 BaseServiceProxy     : -> GET /sso/ping,200|510ms
00:40:36.465 INFO  vert.x-eventloop-thread-0 SsoService           : sso ping {"result": "true"}
00:40:41.113 INFO  vert.x-eventloop-thread-0 BaseServiceProxy     : -> GET /v1/api/tickle,200|79ms
00:40:41.114 DEBUG vert.x-eventloop-thread-0 ClientPortalService  : tickle {"session":"c6cbc1f5fb4facdeac74afc497e4230e","ssoExpires":359997,"collission":false,"userId":50301190,"hmds":{"error":"no bridge"},"iserver":{"authStatus":{"authenticated":true,"established":true,"competing":false,"connected":true,"message":"","MAC":"06:A8:C0:D9:D5:E3","serverInfo":{"serverName":"JifS23097","serverVersion":"Build 10.44.1h, Apr 20, 2026 11:22:51 AM"},"hardware_info":"275c5aa2|06:A8:C0:D9:D5:E3"}}}
00:40:43.564 INFO  vert.x-eventloop-thread-0 BaseServiceProxy     : -> GET /v1/api/portfolio/U5799398/summary,200|109ms
00:40:43.654 INFO  vert.x-eventloop-thread-0 BaseServiceProxy     : -> GET /v1/api/iserver/account/orders,200|69ms
00:40:43.692 INFO  vert.x-eventloop-thread-0 BaseServiceProxy     : -> GET /v1/api/portfolio/U5799398/positions/0?direction=a&period=1W&sort=position,200|122ms
00:40:47.852 INFO  vert.x-eventloop-thread-0 BaseServiceProxy     : -> GET /v1/api/iserver/secdef/search?symbol=U.UN&secType=STK,200|96ms
00:41:11.118 INFO  vert.x-eventloop-thread-0 BaseServiceProxy     : -> GET /v1/api/tickle,200|82ms
00:41:11.121 DEBUG vert.x-eventloop-thread-0 ClientPortalService  : tickle {"session":"c6cbc1f5fb4facdeac74afc497e4230e","ssoExpires":329986,"collission":false,"userId":50301190,"hmds":{"error":"no bridge"},"iserver":{"authStatus":{"authenticated":true,"established":true,"competing":false,"connected":true,"message":"","MAC":"06:A8:C0:D9:D5:E3","serverInfo":{"serverName":"JifS23097","serverVersion":"Build 10.44.1h, Apr 20, 2026 11:22:51 AM"},"hardware_info":"275c5aa2|06:A8:C0:D9:D5:E3"}}}
00:41:41.106 INFO  vert.x-eventloop-thread-0 BaseServiceProxy     : -> GET /v1/api/tickle,200|71ms
00:41:41.107 DEBUG vert.x-eventloop-thread-0 ClientPortalService  : tickle {"session":"c6cbc1f5fb4facdeac74afc497e4230e","ssoExpires":299994,"collission":false,"userId":50301190,"hmds":{"error":"no bridge"},"iserver":{"authStatus":{"authenticated":true,"established":true,"competing":false,"connected":true,"message":"","MAC":"06:A8:C0:D9:D5:E3","serverInfo":{"serverName":"JifS23097","serverVersion":"Build 10.44.1h, Apr 20, 2026 11:22:51 AM"},"hardware_info":"275c5aa2|06:A8:C0:D9:D5:E3"}}}
00:42:11.436 INFO  vert.x-eventloop-thread-0 BaseServiceProxy     : -> GET /v1/api/tickle,200|401ms
00:42:11.439 DEBUG vert.x-eventloop-thread-0 ClientPortalService  : tickle {"session":"c6cbc1f5fb4facdeac74afc497e4230e","ssoExpires":269762,"collission":false,"userId":50301190,"hmds":{"error":"no bridge"},"iserver":{"authStatus":{"authenticated":true,"established":true,"competing":false,"connected":true,"message":"","MAC":"06:A8:C0:D9:D5:E3","serverInfo":{"serverName":"JifS23097","serverVersion":"Build 10.44.1h, Apr 20, 2026 11:22:51 AM"},"hardware_info":"275c5aa2|06:A8:C0:D9:D5:E3"}}}
00:42:28.965 INFO  vert.x-eventloop-thread-0 BaseServiceProxy     : -> GET /v1/api/portfolio/U5799398/summary,200|113ms
00:42:32.757 INFO  vert.x-eventloop-thread-0 BaseServiceProxy     : -> GET /v1/api/iserver/account/orders,200|60ms
00:42:34.881 INFO  vert.x-eventloop-thread-0 BaseServiceProxy     : -> GET /v1/api/portfolio/U5799398/positions/0?direction=a&period=1W&sort=position,200|2196ms
00:42:41.102 INFO  vert.x-eventloop-thread-0 BaseServiceProxy     : -> GET /v1/api/tickle,200|68ms
00:42:41.103 DEBUG vert.x-eventloop-thread-0 ClientPortalService  : tickle {"session":"c6cbc1f5fb4facdeac74afc497e4230e","ssoExpires":239999,"collission":false,"userId":50301190,"hmds":{"error":"no bridge"},"iserver":{"authStatus":{"authenticated":true,"established":true,"competing":false,"connected":true,"message":"","MAC":"06:A8:C0:D9:D5:E3","serverInfo":{"serverName":"JifS23097","serverVersion":"Build 10.44.1h, Apr 20, 2026 11:22:51 AM"},"hardware_info":"275c5aa2|06:A8:C0:D9:D5:E3"}}}
00:43:11.337 INFO  vert.x-eventloop-thread-0 BaseServiceProxy     : -> GET /v1/api/tickle,200|302ms
00:43:11.339 DEBUG vert.x-eventloop-thread-0 ClientPortalService  : tickle {"session":"c6cbc1f5fb4facdeac74afc497e4230e","ssoExpires":209836,"collission":false,"userId":50301190,"hmds":{"error":"no bridge"},"iserver":{"authStatus":{"authenticated":true,"established":true,"competing":false,"connected":true,"message":"","MAC":"06:A8:C0:D9:D5:E3","serverInfo":{"serverName":"JifS23097","serverVersion":"Build 10.44.1h, Apr 20, 2026 11:22:51 AM"},"hardware_info":"275c5aa2|06:A8:C0:D9:D5:E3"}}}
00:43:41.103 INFO  vert.x-eventloop-thread-0 BaseServiceProxy     : -> GET /v1/api/tickle,200|69ms
00:43:41.104 DEBUG vert.x-eventloop-thread-0 ClientPortalService  : tickle {"session":"c6cbc1f5fb4facdeac74afc497e4230e","ssoExpires":179997,"collission":false,"userId":50301190,"hmds":{"error":"no bridge"},"iserver":{"authStatus":{"authenticated":true,"established":true,"competing":false,"connected":true,"message":"","MAC":"06:A8:C0:D9:D5:E3","serverInfo":{"serverName":"JifS23097","serverVersion":"Build 10.44.1h, Apr 20, 2026 11:22:51 AM"},"hardware_info":"275c5aa2|06:A8:C0:D9:D5:E3"}}}
00:44:11.128 INFO  vert.x-eventloop-thread-0 BaseServiceProxy     : -> GET /v1/api/tickle,200|94ms
00:44:11.131 DEBUG vert.x-eventloop-thread-0 ClientPortalService  : tickle {"session":"c6cbc1f5fb4facdeac74afc497e4230e","ssoExpires":149981,"collission":false,"userId":50301190,"hmds":{"error":"no bridge"},"iserver":{"authStatus":{"authenticated":true,"established":true,"competing":false,"connected":true,"message":"","MAC":"06:A8:C0:D9:D5:E3","serverInfo":{"serverName":"JifS23097","serverVersion":"Build 10.44.1h, Apr 20, 2026 11:22:51 AM"},"hardware_info":"275c5aa2|06:A8:C0:D9:D5:E3"}}}
00:44:41.115 INFO  vert.x-eventloop-thread-0 BaseServiceProxy     : -> GET /v1/api/tickle,200|81ms
00:44:41.131 DEBUG vert.x-eventloop-thread-0 ClientPortalService  : tickle {"session":"c6cbc1f5fb4facdeac74afc497e4230e","ssoExpires":119987,"collission":false,"userId":50301190,"hmds":{"error":"no bridge"},"iserver":{"authStatus":{"authenticated":true,"established":true,"competing":false,"connected":true,"message":"","MAC":"06:A8:C0:D9:D5:E3","serverInfo":{"serverName":"JifS23097","serverVersion":"Build 10.44.1h, Apr 20, 2026 11:22:51 AM"},"hardware_info":"275c5aa2|06:A8:C0:D9:D5:E3"}}}
00:44:42.200 INFO  vert.x-eventloop-thread-0 BaseServiceProxy     : -> GET /v1/api/portfolio/U5799398/summary,200|120ms
00:44:42.280 INFO  vert.x-eventloop-thread-0 BaseServiceProxy     : -> GET /v1/api/portfolio/U5799398/positions/0?direction=a&period=1W&sort=position,200|74ms
00:44:42.292 INFO  vert.x-eventloop-thread-0 BaseServiceProxy     : -> GET /v1/api/iserver/account/orders,200|72ms
00:45:10.239 INFO  vert.x-eventloop-thread-0 BaseServiceProxy     : -> GET /v1/api/iserver/secdef/search?symbol=U.UN&secType=STK,200|76ms
00:45:11.099 INFO  vert.x-eventloop-thread-0 BaseServiceProxy     : -> GET /v1/api/tickle,200|66ms
00:45:11.099 DEBUG vert.x-eventloop-thread-0 ClientPortalService  : tickle {"session":"c6cbc1f5fb4facdeac74afc497e4230e","ssoExpires":90000,"collission":false,"userId":50301190,"hmds":{"error":"no bridge"},"iserver":{"authStatus":{"authenticated":true,"established":true,"competing":false,"connected":true,"message":"","MAC":"06:A8:C0:D9:D5:E3","serverInfo":{"serverName":"JifS23097","serverVersion":"Build 10.44.1h, Apr 20, 2026 11:22:51 AM"},"hardware_info":"275c5aa2|06:A8:C0:D9:D5:E3"}}}
00:45:13.813 INFO  vert.x-eventloop-thread-0 BaseServiceProxy     : -> GET /v1/api/iserver/account/orders,200|62ms
00:45:13.939 INFO  vert.x-eventloop-thread-0 BaseServiceProxy     : -> GET /v1/api/portfolio/U5799398/summary,200|106ms
00:45:36.409 INFO  vert.x-eventloop-thread-0 BaseServiceProxy     : -> GET /sso/ping,200|458ms
00:45:36.410 INFO  vert.x-eventloop-thread-0 SsoService           : sso ping {"result": "true"}
00:45:41.272 INFO  vert.x-eventloop-thread-0 BaseServiceProxy     : -> GET /v1/api/tickle,200|238ms
00:45:41.273 DEBUG vert.x-eventloop-thread-0 ClientPortalService  : tickle {"session":"c6cbc1f5fb4facdeac74afc497e4230e","ssoExpires":59837,"collission":false,"userId":50301190,"hmds":{"error":"no bridge"},"iserver":{"authStatus":{"authenticated":true,"established":true,"competing":false,"connected":true,"message":"","MAC":"06:A8:C0:D9:D5:E3","serverInfo":{"serverName":"JifS23097","serverVersion":"Build 10.44.1h, Apr 20, 2026 11:22:51 AM"},"hardware_info":"275c5aa2|06:A8:C0:D9:D5:E3"}}}
00:46:11.122 INFO  vert.x-eventloop-thread-0 BaseServiceProxy     : -> GET /v1/api/tickle,200|88ms
00:46:11.125 DEBUG vert.x-eventloop-thread-0 ClientPortalService  : tickle {"session":"c6cbc1f5fb4facdeac74afc497e4230e","ssoExpires":29979,"collission":false,"userId":50301190,"hmds":{"error":"no bridge"},"iserver":{"authStatus":{"authenticated":true,"established":true,"competing":false,"connected":true,"message":"","MAC":"06:A8:C0:D9:D5:E3","serverInfo":{"serverName":"JifS23097","serverVersion":"Build 10.44.1h, Apr 20, 2026 11:22:51 AM"},"hardware_info":"275c5aa2|06:A8:C0:D9:D5:E3"}}}
00:46:20.221 INFO  vert.x-eventloop-thread-0 BaseServiceProxy     : -> GET /v1/api/iserver/account/U5799398/orders,200|370ms
00:46:20.444 INFO  vert.x-eventloop-thread-0 BaseServiceProxy     : -> GET /v1/api/iserver/reply/7f4f9d0b-a9e1-4b98-bbea-e39648a9f85b,200|218ms
00:46:20.566 INFO  vert.x-eventloop-thread-0 BaseServiceProxy     : -> GET /v1/api/iserver/reply/2949946a-08f3-446f-8341-84668f22e7b4,200|120ms
00:46:20.630 INFO  vert.x-eventloop-thread-0 BaseServiceProxy     : -> GET /v1/api/iserver/reply/f24ab9f8-a02c-4bb8-9bcb-7be571bc797f,200|60ms
00:46:20.691 INFO  vert.x-eventloop-thread-0 BaseServiceProxy     : -> GET /v1/api/iserver/reply/0ab9f41f-5cd2-4a97-b34f-d35e019dc3f1,200|58ms
00:46:20.759 INFO  vert.x-eventloop-thread-0 BaseServiceProxy     : -> GET /v1/api/iserver/reply/59c8c939-39fc-43fb-af56-606efd0d28af,200|66ms
00:46:20.889 INFO  vert.x-eventloop-thread-0 BaseServiceProxy     : -> GET /v1/api/iserver/reply/32c2bd00-2f3f-49f5-b864-1eb4b007e588,200|127ms
00:46:20.954 INFO  vert.x-eventloop-thread-0 BaseServiceProxy     : -> GET /v1/api/iserver/account/orders,200|62ms
00:46:21.046 INFO  vert.x-eventloop-thread-0 BaseServiceProxy     : -> GET /v1/api/iserver/account/orders,200|71ms
00:46:41.118 INFO  vert.x-eventloop-thread-0 BaseServiceProxy     : -> GET /v1/api/tickle,200|86ms
00:46:41.120 DEBUG vert.x-eventloop-thread-0 ClientPortalService  : tickle {"session":"c6cbc1f5fb4facdeac74afc497e4230e","ssoExpires":600000,"collission":false,"userId":50301190,"hmds":{"error":"no bridge"},"iserver":{"authStatus":{"authenticated":true,"established":true,"competing":false,"connected":true,"message":"","MAC":"06:A8:C0:D9:D5:E3","serverInfo":{"serverName":"JifS23097","serverVersion":"Build 10.44.1h, Apr 20, 2026 11:22:51 AM"},"hardware_info":"275c5aa2|06:A8:C0:D9:D5:E3"}}}
00:46:53.645 INFO  vert.x-eventloop-thread-0 BaseServiceProxy     : -> GET /v1/api/iserver/account/orders,200|328ms
00:46:53.965 INFO  vert.x-eventloop-thread-0 BaseServiceProxy     : -> GET /v1/api/iserver/marketdata/history?conid=503299503&period=30d&bar=1d&outsideRth=false,200|298ms
00:46:54.034 INFO  vert.x-eventloop-thread-0 BaseServiceProxy     : -> GET /v1/api/iserver/marketdata/history?conid=503299503&period=30d&bar=1d&outsideRth=false,200|64ms
00:47:11.099 INFO  vert.x-eventloop-thread-0 BaseServiceProxy     : -> GET /v1/api/tickle,200|67ms
00:47:11.100 DEBUG vert.x-eventloop-thread-0 ClientPortalService  : tickle {"session":"c6cbc1f5fb4facdeac74afc497e4230e","ssoExpires":570003,"collission":false,"userId":50301190,"hmds":{"error":"no bridge"},"iserver":{"authStatus":{"authenticated":true,"established":true,"competing":false,"connected":true,"message":"","MAC":"06:A8:C0:D9:D5:E3","serverInfo":{"serverName":"JifS23097","serverVersion":"Build 10.44.1h, Apr 20, 2026 11:22:51 AM"},"hardware_info":"275c5aa2|06:A8:C0:D9:D5:E3"}}}
00:47:22.791 INFO  vert.x-eventloop-thread-0 BaseServiceProxy     : -> GET /v1/api/iserver/account/orders,200|61ms
00:47:23.022 INFO  vert.x-eventloop-thread-0 BaseServiceProxy     : -> GET /v1/api/iserver/account/orders,200|213ms
00:47:23.378 INFO  vert.x-eventloop-thread-0 BaseServiceProxy     : -> GET /v1/api/iserver/account/U5799398/order/930685645,200|333ms
00:47:23.475 INFO  vert.x-eventloop-thread-0 BaseServiceProxy     : -> GET /v1/api/iserver/account/orders,200|94ms
00:47:23.566 INFO  vert.x-eventloop-thread-0 BaseServiceProxy     : -> GET /v1/api/iserver/marketdata/history?conid=503299503&period=30d&bar=1d&outsideRth=false,200|72ms
00:47:23.633 INFO  vert.x-eventloop-thread-0 BaseServiceProxy     : -> GET /v1/api/iserver/marketdata/history?conid=503299503&period=30d&bar=1d&outsideRth=false,200|63ms
00:47:23.760 INFO  vert.x-eventloop-thread-0 BaseServiceProxy     : -> GET /v1/api/iserver/account/orders,200|68ms
00:47:41.117 INFO  vert.x-eventloop-thread-0 BaseServiceProxy     : -> GET /v1/api/tickle,200|86ms
00:47:41.118 DEBUG vert.x-eventloop-thread-0 ClientPortalService  : tickle {"session":"c6cbc1f5fb4facdeac74afc497e4230e","ssoExpires":539998,"collission":false,"userId":50301190,"hmds":{"error":"no bridge"},"iserver":{"authStatus":{"authenticated":true,"established":true,"competing":false,"connected":true,"message":"","MAC":"06:A8:C0:D9:D5:E3","serverInfo":{"serverName":"JifS23097","serverVersion":"Build 10.44.1h, Apr 20, 2026 11:22:51 AM"},"hardware_info":"275c5aa2|06:A8:C0:D9:D5:E3"}}}
00:48:11.284 INFO  vert.x-eventloop-thread-0 BaseServiceProxy     : -> GET /v1/api/tickle,200|252ms
00:48:11.285 DEBUG vert.x-eventloop-thread-0 ClientPortalService  : tickle {"session":"c6cbc1f5fb4facdeac74afc497e4230e","ssoExpires":509820,"collission":false,"userId":50301190,"hmds":{"error":"no bridge"},"iserver":{"authStatus":{"authenticated":true,"established":true,"competing":false,"connected":true,"message":"","MAC":"06:A8:C0:D9:D5:E3","serverInfo":{"serverName":"JifS23097","serverVersion":"Build 10.44.1h, Apr 20, 2026 11:22:51 AM"},"hardware_info":"275c5aa2|06:A8:C0:D9:D5:E3"}}}
00:48:41.119 INFO  vert.x-eventloop-thread-0 BaseServiceProxy     : -> GET /v1/api/tickle,200|88ms
00:48:41.120 DEBUG vert.x-eventloop-thread-0 ClientPortalService  : tickle {"session":"c6cbc1f5fb4facdeac74afc497e4230e","ssoExpires":479980,"collission":false,"userId":50301190,"hmds":{"error":"no bridge"},"iserver":{"authStatus":{"authenticated":true,"established":true,"competing":false,"connected":true,"message":"","MAC":"06:A8:C0:D9:D5:E3","serverInfo":{"serverName":"JifS23097","serverVersion":"Build 10.44.1h, Apr 20, 2026 11:22:51 AM"},"hardware_info":"275c5aa2|06:A8:C0:D9:D5:E3"}}}
00:49:11.340 INFO  vert.x-eventloop-thread-0 BaseServiceProxy     : -> GET /v1/api/tickle,200|307ms
00:49:11.342 DEBUG vert.x-eventloop-thread-0 ClientPortalService  : tickle {"session":"c6cbc1f5fb4facdeac74afc497e4230e","ssoExpires":449762,"collission":false,"userId":50301190,"hmds":{"error":"no bridge"},"iserver":{"authStatus":{"authenticated":true,"established":true,"competing":false,"connected":true,"message":"","MAC":"06:A8:C0:D9:D5:E3","serverInfo":{"serverName":"JifS23097","serverVersion":"Build 10.44.1h, Apr 20, 2026 11:22:51 AM"},"hardware_info":"275c5aa2|06:A8:C0:D9:D5:E3"}}}
00:49:41.277 INFO  vert.x-eventloop-thread-0 BaseServiceProxy     : -> GET /v1/api/tickle,200|244ms
00:49:41.279 DEBUG vert.x-eventloop-thread-0 ClientPortalService  : tickle {"session":"c6cbc1f5fb4facdeac74afc497e4230e","ssoExpires":419833,"collission":false,"userId":50301190,"hmds":{"error":"no bridge"},"iserver":{"authStatus":{"authenticated":true,"established":true,"competing":false,"connected":true,"message":"","MAC":"06:A8:C0:D9:D5:E3","serverInfo":{"serverName":"JifS23097","serverVersion":"Build 10.44.1h, Apr 20, 2026 11:22:51 AM"},"hardware_info":"275c5aa2|06:A8:C0:D9:D5:E3"}}}
00:50:09.356 INFO  vert.x-eventloop-thread-0 BaseServiceProxy     : -> GET /v1/api/iserver/account/orders,200|72ms
00:50:09.434 INFO  vert.x-eventloop-thread-0 BaseServiceProxy     : -> GET /v1/api/iserver/account/orders,200|59ms
00:50:09.780 INFO  vert.x-eventloop-thread-0 BaseServiceProxy     : -> GET /v1/api/iserver/account/U5799398/order/215384062,200|328ms
00:50:09.861 INFO  vert.x-eventloop-thread-0 BaseServiceProxy     : -> GET /v1/api/iserver/reply/1100ed22-d85f-4434-b808-7c5126768e6a,200|79ms
00:50:09.926 INFO  vert.x-eventloop-thread-0 BaseServiceProxy     : -> GET /v1/api/iserver/account/orders,200|63ms
00:50:10.354 INFO  vert.x-eventloop-thread-0 BaseServiceProxy     : -> GET /v1/api/iserver/marketdata/history?conid=196689572&period=30d&bar=1d&outsideRth=false,200|408ms
00:50:10.425 INFO  vert.x-eventloop-thread-0 BaseServiceProxy     : -> GET /v1/api/iserver/marketdata/history?conid=196689572&period=30d&bar=1d&outsideRth=false,200|68ms
00:50:10.547 INFO  vert.x-eventloop-thread-0 BaseServiceProxy     : -> GET /v1/api/iserver/account/orders,200|57ms
00:50:11.097 INFO  vert.x-eventloop-thread-0 BaseServiceProxy     : -> GET /v1/api/tickle,200|67ms
00:50:11.098 DEBUG vert.x-eventloop-thread-0 ClientPortalService  : tickle {"session":"c6cbc1f5fb4facdeac74afc497e4230e","ssoExpires":390002,"collission":false,"userId":50301190,"hmds":{"error":"no bridge"},"iserver":{"authStatus":{"authenticated":true,"established":true,"competing":false,"connected":true,"message":"","MAC":"06:A8:C0:D9:D5:E3","serverInfo":{"serverName":"JifS23097","serverVersion":"Build 10.44.1h, Apr 20, 2026 11:22:51 AM"},"hardware_info":"275c5aa2|06:A8:C0:D9:D5:E3"}}}
00:50:36.369 INFO  vert.x-eventloop-thread-0 BaseServiceProxy     : -> GET /sso/ping,200|417ms
00:50:36.372 INFO  vert.x-eventloop-thread-0 SsoService           : sso ping {"result": "true"}
00:50:41.097 INFO  vert.x-eventloop-thread-0 BaseServiceProxy     : -> GET /v1/api/tickle,200|66ms
00:50:41.098 DEBUG vert.x-eventloop-thread-0 ClientPortalService  : tickle {"session":"c6cbc1f5fb4facdeac74afc497e4230e","ssoExpires":360003,"collission":false,"userId":50301190,"hmds":{"error":"no bridge"},"iserver":{"authStatus":{"authenticated":true,"established":true,"competing":false,"connected":true,"message":"","MAC":"06:A8:C0:D9:D5:E3","serverInfo":{"serverName":"JifS23097","serverVersion":"Build 10.44.1h, Apr 20, 2026 11:22:51 AM"},"hardware_info":"275c5aa2|06:A8:C0:D9:D5:E3"}}}
00:51:11.098 INFO  vert.x-eventloop-thread-0 BaseServiceProxy     : -> GET /v1/api/tickle,200|68ms
00:51:11.099 DEBUG vert.x-eventloop-thread-0 ClientPortalService  : tickle {"session":"c6cbc1f5fb4facdeac74afc497e4230e","ssoExpires":330005,"collission":false,"userId":50301190,"hmds":{"error":"no bridge"},"iserver":{"authStatus":{"authenticated":true,"established":true,"competing":false,"connected":true,"message":"","MAC":"06:A8:C0:D9:D5:E3","serverInfo":{"serverName":"JifS23097","serverVersion":"Build 10.44.1h, Apr 20, 2026 11:22:51 AM"},"hardware_info":"275c5aa2|06:A8:C0:D9:D5:E3"}}}
00:51:12.065 INFO  vert.x-eventloop-thread-0 BaseServiceProxy     : -> GET /v1/api/iserver/account/orders,200|89ms
00:51:12.200 INFO  vert.x-eventloop-thread-0 BaseServiceProxy     : -> GET /v1/api/iserver/account/orders,200|106ms
00:51:12.613 INFO  vert.x-eventloop-thread-0 BaseServiceProxy     : -> GET /v1/api/iserver/account/U5799398/order/177394613,200|396ms
00:51:12.686 INFO  vert.x-eventloop-thread-0 BaseServiceProxy     : -> GET /v1/api/iserver/reply/624b21b7-9846-46dd-aee7-a3fe2c94daa8,200|68ms
00:51:12.774 INFO  vert.x-eventloop-thread-0 BaseServiceProxy     : -> GET /v1/api/iserver/account/orders,200|88ms
00:51:13.127 INFO  vert.x-eventloop-thread-0 BaseServiceProxy     : -> GET /v1/api/iserver/marketdata/history?conid=760229174&period=30d&bar=1d&outsideRth=false,200|336ms
00:51:13.189 INFO  vert.x-eventloop-thread-0 BaseServiceProxy     : -> GET /v1/api/iserver/marketdata/history?conid=760229174&period=30d&bar=1d&outsideRth=false,200|60ms
00:51:13.325 INFO  vert.x-eventloop-thread-0 BaseServiceProxy     : -> GET /v1/api/iserver/account/orders,200|68ms
00:51:41.159 INFO  vert.x-eventloop-thread-0 BaseServiceProxy     : -> GET /v1/api/tickle,200|69ms
00:51:41.160 DEBUG vert.x-eventloop-thread-0 ClientPortalService  : tickle {"session":"c6cbc1f5fb4facdeac74afc497e4230e","ssoExpires":299999,"collission":false,"userId":50301190,"hmds":{"error":"no bridge"},"iserver":{"authStatus":{"authenticated":true,"established":true,"competing":false,"connected":true,"message":"","MAC":"06:A8:C0:D9:D5:E3","serverInfo":{"serverName":"JifS23097","serverVersion":"Build 10.44.1h, Apr 20, 2026 11:22:51 AM"},"hardware_info":"275c5aa2|06:A8:C0:D9:D5:E3"}}}
00:52:11.153 INFO  vert.x-eventloop-thread-0 BaseServiceProxy     : -> GET /v1/api/tickle,200|64ms
00:52:11.155 DEBUG vert.x-eventloop-thread-0 ClientPortalService  : tickle {"session":"c6cbc1f5fb4facdeac74afc497e4230e","ssoExpires":270004,"collission":false,"userId":50301190,"hmds":{"error":"no bridge"},"iserver":{"authStatus":{"authenticated":true,"established":true,"competing":false,"connected":true,"message":"","MAC":"06:A8:C0:D9:D5:E3","serverInfo":{"serverName":"JifS23097","serverVersion":"Build 10.44.1h, Apr 20, 2026 11:22:51 AM"},"hardware_info":"275c5aa2|06:A8:C0:D9:D5:E3"}}}
00:52:41.344 INFO  vert.x-eventloop-thread-0 BaseServiceProxy     : -> GET /v1/api/tickle,200|254ms
00:52:41.345 DEBUG vert.x-eventloop-thread-0 ClientPortalService  : tickle {"session":"c6cbc1f5fb4facdeac74afc497e4230e","ssoExpires":239826,"collission":false,"userId":50301190,"hmds":{"error":"no bridge"},"iserver":{"authStatus":{"authenticated":true,"established":true,"competing":false,"connected":true,"message":"","MAC":"06:A8:C0:D9:D5:E3","serverInfo":{"serverName":"JifS23097","serverVersion":"Build 10.44.1h, Apr 20, 2026 11:22:51 AM"},"hardware_info":"275c5aa2|06:A8:C0:D9:D5:E3"}}}
00:53:11.353 INFO  vert.x-eventloop-thread-0 BaseServiceProxy     : -> GET /v1/api/tickle,200|263ms
00:53:11.355 DEBUG vert.x-eventloop-thread-0 ClientPortalService  : tickle {"session":"c6cbc1f5fb4facdeac74afc497e4230e","ssoExpires":209815,"collission":false,"userId":50301190,"hmds":{"error":"no bridge"},"iserver":{"authStatus":{"authenticated":true,"established":true,"competing":false,"connected":true,"message":"","MAC":"06:A8:C0:D9:D5:E3","serverInfo":{"serverName":"JifS23097","serverVersion":"Build 10.44.1h, Apr 20, 2026 11:22:51 AM"},"hardware_info":"275c5aa2|06:A8:C0:D9:D5:E3"}}}
00:53:41.263 INFO  vert.x-eventloop-thread-0 BaseServiceProxy     : -> GET /v1/api/tickle,200|174ms
00:53:41.265 DEBUG vert.x-eventloop-thread-0 ClientPortalService  : tickle {"session":"c6cbc1f5fb4facdeac74afc497e4230e","ssoExpires":179935,"collission":false,"userId":50301190,"hmds":{"error":"no bridge"},"iserver":{"authStatus":{"authenticated":true,"established":true,"competing":false,"connected":true,"message":"","MAC":"06:A8:C0:D9:D5:E3","serverInfo":{"serverName":"JifS23097","serverVersion":"Build 10.44.1h, Apr 20, 2026 11:22:51 AM"},"hardware_info":"275c5aa2|06:A8:C0:D9:D5:E3"}}}
00:54:11.156 INFO  vert.x-eventloop-thread-0 BaseServiceProxy     : -> GET /v1/api/tickle,200|66ms
00:54:11.158 DEBUG vert.x-eventloop-thread-0 ClientPortalService  : tickle {"session":"c6cbc1f5fb4facdeac74afc497e4230e","ssoExpires":150002,"collission":false,"userId":50301190,"hmds":{"error":"no bridge"},"iserver":{"authStatus":{"authenticated":true,"established":true,"competing":false,"connected":true,"message":"","MAC":"06:A8:C0:D9:D5:E3","serverInfo":{"serverName":"JifS23097","serverVersion":"Build 10.44.1h, Apr 20, 2026 11:22:51 AM"},"hardware_info":"275c5aa2|06:A8:C0:D9:D5:E3"}}}
00:54:41.358 INFO  vert.x-eventloop-thread-0 BaseServiceProxy     : -> GET /v1/api/tickle,200|267ms
00:54:41.363 DEBUG vert.x-eventloop-thread-0 ClientPortalService  : tickle {"session":"c6cbc1f5fb4facdeac74afc497e4230e","ssoExpires":119844,"collission":false,"userId":50301190,"hmds":{"error":"no bridge"},"iserver":{"authStatus":{"authenticated":true,"established":true,"competing":false,"connected":true,"message":"","MAC":"06:A8:C0:D9:D5:E3","serverInfo":{"serverName":"JifS23097","serverVersion":"Build 10.44.1h, Apr 20, 2026 11:22:51 AM"},"hardware_info":"275c5aa2|06:A8:C0:D9:D5:E3"}}}
00:55:11.151 INFO  vert.x-eventloop-thread-0 BaseServiceProxy     : -> GET /v1/api/tickle,200|61ms
00:55:11.153 DEBUG vert.x-eventloop-thread-0 ClientPortalService  : tickle {"session":"c6cbc1f5fb4facdeac74afc497e4230e","ssoExpires":90005,"collission":false,"userId":50301190,"hmds":{"error":"no bridge"},"iserver":{"authStatus":{"authenticated":true,"established":true,"competing":false,"connected":true,"message":"","MAC":"06:A8:C0:D9:D5:E3","serverInfo":{"serverName":"JifS23097","serverVersion":"Build 10.44.1h, Apr 20, 2026 11:22:51 AM"},"hardware_info":"275c5aa2|06:A8:C0:D9:D5:E3"}}}
00:55:36.558 INFO  vert.x-eventloop-thread-0 BaseServiceProxy     : -> GET /sso/ping,200|549ms
00:55:36.560 INFO  vert.x-eventloop-thread-0 SsoService           : sso ping {"result": "true"}
00:55:41.307 INFO  vert.x-eventloop-thread-0 BaseServiceProxy     : -> GET /v1/api/tickle,200|217ms
00:55:41.309 DEBUG vert.x-eventloop-thread-0 ClientPortalService  : tickle {"session":"c6cbc1f5fb4facdeac74afc497e4230e","ssoExpires":59856,"collission":false,"userId":50301190,"hmds":{"error":"no bridge"},"iserver":{"authStatus":{"authenticated":true,"established":true,"competing":false,"connected":true,"message":"","MAC":"06:A8:C0:D9:D5:E3","serverInfo":{"serverName":"JifS23097","serverVersion":"Build 10.44.1h, Apr 20, 2026 11:22:51 AM"},"hardware_info":"275c5aa2|06:A8:C0:D9:D5:E3"}}}
00:56:11.148 INFO  vert.x-eventloop-thread-0 BaseServiceProxy     : -> GET /v1/api/tickle,200|58ms
00:56:11.150 DEBUG vert.x-eventloop-thread-0 ClientPortalService  : tickle {"session":"c6cbc1f5fb4facdeac74afc497e4230e","ssoExpires":30007,"collission":false,"userId":50301190,"hmds":{"error":"no bridge"},"iserver":{"authStatus":{"authenticated":true,"established":true,"competing":false,"connected":true,"message":"","MAC":"06:A8:C0:D9:D5:E3","serverInfo":{"serverName":"JifS23097","serverVersion":"Build 10.44.1h, Apr 20, 2026 11:22:51 AM"},"hardware_info":"275c5aa2|06:A8:C0:D9:D5:E3"}}}
00:56:32.159 INFO  vert.x-eventloop-thread-0 BaseServiceProxy     : -> GET /v1/api/iserver/account/orders,200|61ms
00:56:32.264 INFO  vert.x-eventloop-thread-0 BaseServiceProxy     : -> GET /v1/api/iserver/account/orders,200|88ms
00:56:32.616 INFO  vert.x-eventloop-thread-0 BaseServiceProxy     : -> GET /v1/api/iserver/account/U5799398/order/515644643,200|337ms
00:56:32.694 INFO  vert.x-eventloop-thread-0 BaseServiceProxy     : -> GET /v1/api/iserver/reply/8ac866a2-d3b3-4037-ab81-89d451b4c37a,200|74ms
00:56:32.760 INFO  vert.x-eventloop-thread-0 BaseServiceProxy     : -> GET /v1/api/iserver/account/orders,200|62ms
00:56:33.124 INFO  vert.x-eventloop-thread-0 BaseServiceProxy     : -> GET /v1/api/iserver/marketdata/history?conid=6929&period=30d&bar=1d&outsideRth=false,200|345ms
00:56:33.193 INFO  vert.x-eventloop-thread-0 BaseServiceProxy     : -> GET /v1/api/iserver/marketdata/history?conid=6929&period=30d&bar=1d&outsideRth=false,200|66ms
00:56:33.285 INFO  vert.x-eventloop-thread-0 BaseServiceProxy     : -> GET /v1/api/iserver/account/orders,200|59ms
00:56:41.167 INFO  vert.x-eventloop-thread-0 BaseServiceProxy     : -> GET /v1/api/tickle,200|75ms
00:56:41.169 DEBUG vert.x-eventloop-thread-0 ClientPortalService  : tickle {"session":"c6cbc1f5fb4facdeac74afc497e4230e","ssoExpires":600000,"collission":false,"userId":50301190,"hmds":{"error":"no bridge"},"iserver":{"authStatus":{"authenticated":true,"established":true,"competing":false,"connected":true,"message":"","MAC":"06:A8:C0:D9:D5:E3","serverInfo":{"serverName":"JifS23097","serverVersion":"Build 10.44.1h, Apr 20, 2026 11:22:51 AM"},"hardware_info":"275c5aa2|06:A8:C0:D9:D5:E3"}}}
00:57:11.162 INFO  vert.x-eventloop-thread-0 BaseServiceProxy     : -> GET /v1/api/tickle,200|73ms
00:57:11.163 DEBUG vert.x-eventloop-thread-0 ClientPortalService  : tickle {"session":"c6cbc1f5fb4facdeac74afc497e4230e","ssoExpires":569999,"collission":false,"userId":50301190,"hmds":{"error":"no bridge"},"iserver":{"authStatus":{"authenticated":true,"established":true,"competing":false,"connected":true,"message":"","MAC":"06:A8:C0:D9:D5:E3","serverInfo":{"serverName":"JifS23097","serverVersion":"Build 10.44.1h, Apr 20, 2026 11:22:51 AM"},"hardware_info":"275c5aa2|06:A8:C0:D9:D5:E3"}}}
00:57:28.474 INFO  vert.x-eventloop-thread-0 BaseServiceProxy     : -> GET /v1/api/iserver/account/orders,200|220ms
00:57:28.872 INFO  vert.x-eventloop-thread-0 BaseServiceProxy     : -> GET /v1/api/iserver/marketdata/history?conid=310323321&period=30d&bar=1d&outsideRth=false,200|362ms
00:57:28.947 INFO  vert.x-eventloop-thread-0 BaseServiceProxy     : -> GET /v1/api/iserver/marketdata/history?conid=310323321&period=30d&bar=1d&outsideRth=false,200|71ms
00:57:41.165 INFO  vert.x-eventloop-thread-0 BaseServiceProxy     : -> GET /v1/api/tickle,200|74ms
00:57:41.165 DEBUG vert.x-eventloop-thread-0 ClientPortalService  : tickle {"session":"c6cbc1f5fb4facdeac74afc497e4230e","ssoExpires":539999,"collission":false,"userId":50301190,"hmds":{"error":"no bridge"},"iserver":{"authStatus":{"authenticated":true,"established":true,"competing":false,"connected":true,"message":"","MAC":"06:A8:C0:D9:D5:E3","serverInfo":{"serverName":"JifS23097","serverVersion":"Build 10.44.1h, Apr 20, 2026 11:22:51 AM"},"hardware_info":"275c5aa2|06:A8:C0:D9:D5:E3"}}}
00:57:50.254 INFO  vert.x-eventloop-thread-0 BaseServiceProxy     : -> GET /v1/api/iserver/account/orders,200|60ms
00:58:11.310 INFO  vert.x-eventloop-thread-0 BaseServiceProxy     : -> GET /v1/api/tickle,200|220ms
00:58:11.311 DEBUG vert.x-eventloop-thread-0 ClientPortalService  : tickle {"session":"c6cbc1f5fb4facdeac74afc497e4230e","ssoExpires":509854,"collission":false,"userId":50301190,"hmds":{"error":"no bridge"},"iserver":{"authStatus":{"authenticated":true,"established":true,"competing":false,"connected":true,"message":"","MAC":"06:A8:C0:D9:D5:E3","serverInfo":{"serverName":"JifS23097","serverVersion":"Build 10.44.1h, Apr 20, 2026 11:22:51 AM"},"hardware_info":"275c5aa2|06:A8:C0:D9:D5:E3"}}}
00:58:41.159 INFO  vert.x-eventloop-thread-0 BaseServiceProxy     : -> GET /v1/api/tickle,200|68ms
00:58:41.160 DEBUG vert.x-eventloop-thread-0 ClientPortalService  : tickle {"session":"c6cbc1f5fb4facdeac74afc497e4230e","ssoExpires":480000,"collission":false,"userId":50301190,"hmds":{"error":"no bridge"},"iserver":{"authStatus":{"authenticated":true,"established":true,"competing":false,"connected":true,"message":"","MAC":"06:A8:C0:D9:D5:E3","serverInfo":{"serverName":"JifS23097","serverVersion":"Build 10.44.1h, Apr 20, 2026 11:22:51 AM"},"hardware_info":"275c5aa2|06:A8:C0:D9:D5:E3"}}}
00:59:11.157 INFO  vert.x-eventloop-thread-0 BaseServiceProxy     : -> GET /v1/api/tickle,200|67ms
00:59:11.158 DEBUG vert.x-eventloop-thread-0 ClientPortalService  : tickle {"session":"c6cbc1f5fb4facdeac74afc497e4230e","ssoExpires":450001,"collission":false,"userId":50301190,"hmds":{"error":"no bridge"},"iserver":{"authStatus":{"authenticated":true,"established":true,"competing":false,"connected":true,"message":"","MAC":"06:A8:C0:D9:D5:E3","serverInfo":{"serverName":"JifS23097","serverVersion":"Build 10.44.1h, Apr 20, 2026 11:22:51 AM"},"hardware_info":"275c5aa2|06:A8:C0:D9:D5:E3"}}}
00:59:41.314 INFO  vert.x-eventloop-thread-0 BaseServiceProxy     : -> GET /v1/api/tickle,200|224ms
00:59:41.315 DEBUG vert.x-eventloop-thread-0 ClientPortalService  : tickle {"session":"c6cbc1f5fb4facdeac74afc497e4230e","ssoExpires":419846,"collission":false,"userId":50301190,"hmds":{"error":"no bridge"},"iserver":{"authStatus":{"authenticated":true,"established":true,"competing":false,"connected":true,"message":"","MAC":"06:A8:C0:D9:D5:E3","serverInfo":{"serverName":"JifS23097","serverVersion":"Build 10.44.1h, Apr 20, 2026 11:22:51 AM"},"hardware_info":"275c5aa2|06:A8:C0:D9:D5:E3"}}}
01:00:11.502 INFO  vert.x-eventloop-thread-0 BaseServiceProxy     : -> GET /v1/api/tickle,200|412ms
01:00:11.503 DEBUG vert.x-eventloop-thread-0 ClientPortalService  : tickle {"session":"c6cbc1f5fb4facdeac74afc497e4230e","ssoExpires":389764,"collission":false,"userId":50301190,"hmds":{"error":"no bridge"},"iserver":{"authStatus":{"authenticated":true,"established":true,"competing":false,"connected":true,"message":"","MAC":"06:A8:C0:D9:D5:E3","serverInfo":{"serverName":"JifS23097","serverVersion":"Build 10.44.1h, Apr 20, 2026 11:22:51 AM"},"hardware_info":"275c5aa2|06:A8:C0:D9:D5:E3"}}}
01:00:36.465 INFO  vert.x-eventloop-thread-0 BaseServiceProxy     : -> GET /sso/ping,200|455ms
01:00:36.466 INFO  vert.x-eventloop-thread-0 SsoService           : sso ping {"result": "true"}
01:00:41.171 INFO  vert.x-eventloop-thread-0 BaseServiceProxy     : -> GET /v1/api/tickle,200|80ms
01:00:41.172 DEBUG vert.x-eventloop-thread-0 ClientPortalService  : tickle {"session":"c6cbc1f5fb4facdeac74afc497e4230e","ssoExpires":359988,"collission":false,"userId":50301190,"hmds":{"error":"no bridge"},"iserver":{"authStatus":{"authenticated":true,"established":true,"competing":false,"connected":true,"message":"","MAC":"06:A8:C0:D9:D5:E3","serverInfo":{"serverName":"JifS23097","serverVersion":"Build 10.44.1h, Apr 20, 2026 11:22:51 AM"},"hardware_info":"275c5aa2|06:A8:C0:D9:D5:E3"}}}
01:01:11.154 INFO  vert.x-eventloop-thread-0 BaseServiceProxy     : -> GET /v1/api/tickle,200|64ms
01:01:11.156 DEBUG vert.x-eventloop-thread-0 ClientPortalService  : tickle {"session":"c6cbc1f5fb4facdeac74afc497e4230e","ssoExpires":330004,"collission":false,"userId":50301190,"hmds":{"error":"no bridge"},"iserver":{"authStatus":{"authenticated":true,"established":true,"competing":false,"connected":true,"message":"","MAC":"06:A8:C0:D9:D5:E3","serverInfo":{"serverName":"JifS23097","serverVersion":"Build 10.44.1h, Apr 20, 2026 11:22:51 AM"},"hardware_info":"275c5aa2|06:A8:C0:D9:D5:E3"}}}
01:01:41.159 INFO  vert.x-eventloop-thread-0 BaseServiceProxy     : -> GET /v1/api/tickle,200|67ms
01:01:41.160 DEBUG vert.x-eventloop-thread-0 ClientPortalService  : tickle {"session":"c6cbc1f5fb4facdeac74afc497e4230e","ssoExpires":299999,"collission":false,"userId":50301190,"hmds":{"error":"no bridge"},"iserver":{"authStatus":{"authenticated":true,"established":true,"competing":false,"connected":true,"message":"","MAC":"06:A8:C0:D9:D5:E3","serverInfo":{"serverName":"JifS23097","serverVersion":"Build 10.44.1h, Apr 20, 2026 11:22:51 AM"},"hardware_info":"275c5aa2|06:A8:C0:D9:D5:E3"}}}
01:02:11.158 INFO  vert.x-eventloop-thread-0 BaseServiceProxy     : -> GET /v1/api/tickle,200|67ms
01:02:11.160 DEBUG vert.x-eventloop-thread-0 ClientPortalService  : tickle {"session":"c6cbc1f5fb4facdeac74afc497e4230e","ssoExpires":270002,"collission":false,"userId":50301190,"hmds":{"error":"no bridge"},"iserver":{"authStatus":{"authenticated":true,"established":true,"competing":false,"connected":true,"message":"","MAC":"06:A8:C0:D9:D5:E3","serverInfo":{"serverName":"JifS23097","serverVersion":"Build 10.44.1h, Apr 20, 2026 11:22:51 AM"},"hardware_info":"275c5aa2|06:A8:C0:D9:D5:E3"}}}
01:02:41.307 INFO  vert.x-eventloop-thread-0 BaseServiceProxy     : -> GET /v1/api/tickle,200|216ms
01:02:41.308 DEBUG vert.x-eventloop-thread-0 ClientPortalService  : tickle {"session":"c6cbc1f5fb4facdeac74afc497e4230e","ssoExpires":239852,"collission":false,"userId":50301190,"hmds":{"error":"no bridge"},"iserver":{"authStatus":{"authenticated":true,"established":true,"competing":false,"connected":true,"message":"","MAC":"06:A8:C0:D9:D5:E3","serverInfo":{"serverName":"JifS23097","serverVersion":"Build 10.44.1h, Apr 20, 2026 11:22:51 AM"},"hardware_info":"275c5aa2|06:A8:C0:D9:D5:E3"}}}
01:03:11.156 INFO  vert.x-eventloop-thread-0 BaseServiceProxy     : -> GET /v1/api/tickle,200|66ms
01:03:11.158 DEBUG vert.x-eventloop-thread-0 ClientPortalService  : tickle {"session":"c6cbc1f5fb4facdeac74afc497e4230e","ssoExpires":210001,"collission":false,"userId":50301190,"hmds":{"error":"no bridge"},"iserver":{"authStatus":{"authenticated":true,"established":true,"competing":false,"connected":true,"message":"","MAC":"06:A8:C0:D9:D5:E3","serverInfo":{"serverName":"JifS23097","serverVersion":"Build 10.44.1h, Apr 20, 2026 11:22:51 AM"},"hardware_info":"275c5aa2|06:A8:C0:D9:D5:E3"}}}
01:03:41.425 INFO  vert.x-eventloop-thread-0 BaseServiceProxy     : -> GET /v1/api/tickle,200|333ms
01:03:41.427 DEBUG vert.x-eventloop-thread-0 ClientPortalService  : tickle {"session":"c6cbc1f5fb4facdeac74afc497e4230e","ssoExpires":179797,"collission":false,"userId":50301190,"hmds":{"error":"no bridge"},"iserver":{"authStatus":{"authenticated":true,"established":true,"competing":false,"connected":true,"message":"","MAC":"06:A8:C0:D9:D5:E3","serverInfo":{"serverName":"JifS23097","serverVersion":"Build 10.44.1h, Apr 20, 2026 11:22:51 AM"},"hardware_info":"275c5aa2|06:A8:C0:D9:D5:E3"}}}
01:04:11.189 INFO  vert.x-eventloop-thread-0 BaseServiceProxy     : -> GET /v1/api/tickle,200|99ms
01:04:11.191 DEBUG vert.x-eventloop-thread-0 ClientPortalService  : tickle {"session":"c6cbc1f5fb4facdeac74afc497e4230e","ssoExpires":149988,"collission":false,"userId":50301190,"hmds":{"error":"no bridge"},"iserver":{"authStatus":{"authenticated":true,"established":true,"competing":false,"connected":true,"message":"","MAC":"06:A8:C0:D9:D5:E3","serverInfo":{"serverName":"JifS23097","serverVersion":"Build 10.44.1h, Apr 20, 2026 11:22:51 AM"},"hardware_info":"275c5aa2|06:A8:C0:D9:D5:E3"}}}
01:04:41.159 INFO  vert.x-eventloop-thread-0 BaseServiceProxy     : -> GET /v1/api/tickle,200|68ms
01:04:41.161 DEBUG vert.x-eventloop-thread-0 ClientPortalService  : tickle {"session":"c6cbc1f5fb4facdeac74afc497e4230e","ssoExpires":119998,"collission":false,"userId":50301190,"hmds":{"error":"no bridge"},"iserver":{"authStatus":{"authenticated":true,"established":true,"competing":false,"connected":true,"message":"","MAC":"06:A8:C0:D9:D5:E3","serverInfo":{"serverName":"JifS23097","serverVersion":"Build 10.44.1h, Apr 20, 2026 11:22:51 AM"},"hardware_info":"275c5aa2|06:A8:C0:D9:D5:E3"}}}
01:05:11.166 INFO  vert.x-eventloop-thread-0 BaseServiceProxy     : -> GET /v1/api/tickle,200|74ms
01:05:11.167 DEBUG vert.x-eventloop-thread-0 ClientPortalService  : tickle {"session":"c6cbc1f5fb4facdeac74afc497e4230e","ssoExpires":89990,"collission":false,"userId":50301190,"hmds":{"error":"no bridge"},"iserver":{"authStatus":{"authenticated":true,"established":true,"competing":false,"connected":true,"message":"","MAC":"06:A8:C0:D9:D5:E3","serverInfo":{"serverName":"JifS23097","serverVersion":"Build 10.44.1h, Apr 20, 2026 11:22:51 AM"},"hardware_info":"275c5aa2|06:A8:C0:D9:D5:E3"}}}
01:05:36.624 INFO  vert.x-eventloop-thread-0 BaseServiceProxy     : -> GET /sso/ping,200|614ms
01:05:36.626 INFO  vert.x-eventloop-thread-0 SsoService           : sso ping {"result": "true"}
01:05:41.154 INFO  vert.x-eventloop-thread-0 BaseServiceProxy     : -> GET /v1/api/tickle,200|63ms
01:05:41.155 DEBUG vert.x-eventloop-thread-0 ClientPortalService  : tickle {"session":"c6cbc1f5fb4facdeac74afc497e4230e","ssoExpires":60009,"collission":false,"userId":50301190,"hmds":{"error":"no bridge"},"iserver":{"authStatus":{"authenticated":true,"established":true,"competing":false,"connected":true,"message":"","MAC":"06:A8:C0:D9:D5:E3","serverInfo":{"serverName":"JifS23097","serverVersion":"Build 10.44.1h, Apr 20, 2026 11:22:51 AM"},"hardware_info":"275c5aa2|06:A8:C0:D9:D5:E3"}}}
01:06:11.396 INFO  vert.x-eventloop-thread-0 BaseServiceProxy     : -> GET /v1/api/tickle,200|304ms
01:06:11.399 DEBUG vert.x-eventloop-thread-0 ClientPortalService  : tickle {"session":"c6cbc1f5fb4facdeac74afc497e4230e","ssoExpires":29764,"collission":false,"userId":50301190,"hmds":{"error":"no bridge"},"iserver":{"authStatus":{"authenticated":true,"established":true,"competing":false,"connected":true,"message":"","MAC":"06:A8:C0:D9:D5:E3","serverInfo":{"serverName":"JifS23097","serverVersion":"Build 10.44.1h, Apr 20, 2026 11:22:51 AM"},"hardware_info":"275c5aa2|06:A8:C0:D9:D5:E3"}}}
01:06:41.447 INFO  vert.x-eventloop-thread-0 BaseServiceProxy     : -> GET /v1/api/tickle,200|349ms
01:06:41.448 DEBUG vert.x-eventloop-thread-0 ClientPortalService  : tickle {"session":"c6cbc1f5fb4facdeac74afc497e4230e","ssoExpires":600000,"collission":false,"userId":50301190,"hmds":{"error":"no bridge"},"iserver":{"authStatus":{"authenticated":true,"established":true,"competing":false,"connected":true,"message":"","MAC":"06:A8:C0:D9:D5:E3","serverInfo":{"serverName":"JifS23097","serverVersion":"Build 10.44.1h, Apr 20, 2026 11:22:51 AM"},"hardware_info":"275c5aa2|06:A8:C0:D9:D5:E3"}}}
01:07:11.166 INFO  vert.x-eventloop-thread-0 BaseServiceProxy     : -> GET /v1/api/tickle,200|69ms
01:07:11.168 DEBUG vert.x-eventloop-thread-0 ClientPortalService  : tickle {"session":"c6cbc1f5fb4facdeac74afc497e4230e","ssoExpires":570269,"collission":false,"userId":50301190,"hmds":{"error":"no bridge"},"iserver":{"authStatus":{"authenticated":true,"established":true,"competing":false,"connected":true,"message":"","MAC":"06:A8:C0:D9:D5:E3","serverInfo":{"serverName":"JifS23097","serverVersion":"Build 10.44.1h, Apr 20, 2026 11:22:51 AM"},"hardware_info":"275c5aa2|06:A8:C0:D9:D5:E3"}}}
01:07:41.409 INFO  vert.x-eventloop-thread-0 BaseServiceProxy     : -> GET /v1/api/tickle,200|310ms
01:07:41.410 DEBUG vert.x-eventloop-thread-0 ClientPortalService  : tickle {"session":"c6cbc1f5fb4facdeac74afc497e4230e","ssoExpires":540027,"collission":false,"userId":50301190,"hmds":{"error":"no bridge"},"iserver":{"authStatus":{"authenticated":true,"established":true,"competing":false,"connected":true,"message":"","MAC":"06:A8:C0:D9:D5:E3","serverInfo":{"serverName":"JifS23097","serverVersion":"Build 10.44.1h, Apr 20, 2026 11:22:51 AM"},"hardware_info":"275c5aa2|06:A8:C0:D9:D5:E3"}}}
01:08:11.155 INFO  vert.x-eventloop-thread-0 BaseServiceProxy     : -> GET /v1/api/tickle,200|58ms
01:08:11.156 DEBUG vert.x-eventloop-thread-0 ClientPortalService  : tickle {"session":"c6cbc1f5fb4facdeac74afc497e4230e","ssoExpires":510276,"collission":false,"userId":50301190,"hmds":{"error":"no bridge"},"iserver":{"authStatus":{"authenticated":true,"established":true,"competing":false,"connected":true,"message":"","MAC":"06:A8:C0:D9:D5:E3","serverInfo":{"serverName":"JifS23097","serverVersion":"Build 10.44.1h, Apr 20, 2026 11:22:51 AM"},"hardware_info":"275c5aa2|06:A8:C0:D9:D5:E3"}}}
01:08:41.178 INFO  vert.x-eventloop-thread-0 BaseServiceProxy     : -> GET /v1/api/tickle,200|79ms
01:08:41.179 DEBUG vert.x-eventloop-thread-0 ClientPortalService  : tickle {"session":"c6cbc1f5fb4facdeac74afc497e4230e","ssoExpires":480255,"collission":false,"userId":50301190,"hmds":{"error":"no bridge"},"iserver":{"authStatus":{"authenticated":true,"established":true,"competing":false,"connected":true,"message":"","MAC":"06:A8:C0:D9:D5:E3","serverInfo":{"serverName":"JifS23097","serverVersion":"Build 10.44.1h, Apr 20, 2026 11:22:51 AM"},"hardware_info":"275c5aa2|06:A8:C0:D9:D5:E3"}}}
01:09:11.160 INFO  vert.x-eventloop-thread-0 BaseServiceProxy     : -> GET /v1/api/tickle,200|62ms
01:09:11.161 DEBUG vert.x-eventloop-thread-0 ClientPortalService  : tickle {"session":"c6cbc1f5fb4facdeac74afc497e4230e","ssoExpires":450273,"collission":false,"userId":50301190,"hmds":{"error":"no bridge"},"iserver":{"authStatus":{"authenticated":true,"established":true,"competing":false,"connected":true,"message":"","MAC":"06:A8:C0:D9:D5:E3","serverInfo":{"serverName":"JifS23097","serverVersion":"Build 10.44.1h, Apr 20, 2026 11:22:51 AM"},"hardware_info":"275c5aa2|06:A8:C0:D9:D5:E3"}}}
01:09:41.365 INFO  vert.x-eventloop-thread-0 BaseServiceProxy     : -> GET /v1/api/tickle,200|268ms
01:09:41.367 DEBUG vert.x-eventloop-thread-0 ClientPortalService  : tickle {"session":"c6cbc1f5fb4facdeac74afc497e4230e","ssoExpires":420110,"collission":false,"userId":50301190,"hmds":{"error":"no bridge"},"iserver":{"authStatus":{"authenticated":true,"established":true,"competing":false,"connected":true,"message":"","MAC":"06:A8:C0:D9:D5:E3","serverInfo":{"serverName":"JifS23097","serverVersion":"Build 10.44.1h, Apr 20, 2026 11:22:51 AM"},"hardware_info":"275c5aa2|06:A8:C0:D9:D5:E3"}}}
01:10:11.182 INFO  vert.x-eventloop-thread-0 BaseServiceProxy     : -> GET /v1/api/tickle,200|83ms
01:10:11.183 DEBUG vert.x-eventloop-thread-0 ClientPortalService  : tickle {"session":"c6cbc1f5fb4facdeac74afc497e4230e","ssoExpires":390252,"collission":false,"userId":50301190,"hmds":{"error":"no bridge"},"iserver":{"authStatus":{"authenticated":true,"established":true,"competing":false,"connected":true,"message":"","MAC":"06:A8:C0:D9:D5:E3","serverInfo":{"serverName":"JifS23097","serverVersion":"Build 10.44.1h, Apr 20, 2026 11:22:51 AM"},"hardware_info":"275c5aa2|06:A8:C0:D9:D5:E3"}}}
01:10:36.356 INFO  vert.x-eventloop-thread-0 BaseServiceProxy     : -> GET /sso/ping,200|338ms
01:10:36.357 INFO  vert.x-eventloop-thread-0 SsoService           : sso ping {"result": "true"}
01:10:41.169 INFO  vert.x-eventloop-thread-0 BaseServiceProxy     : -> GET /v1/api/tickle,200|71ms
01:10:41.170 DEBUG vert.x-eventloop-thread-0 ClientPortalService  : tickle {"session":"c6cbc1f5fb4facdeac74afc497e4230e","ssoExpires":360264,"collission":false,"userId":50301190,"hmds":{"error":"no bridge"},"iserver":{"authStatus":{"authenticated":true,"established":true,"competing":false,"connected":true,"message":"","MAC":"06:A8:C0:D9:D5:E3","serverInfo":{"serverName":"JifS23097","serverVersion":"Build 10.44.1h, Apr 20, 2026 11:22:51 AM"},"hardware_info":"275c5aa2|06:A8:C0:D9:D5:E3"}}}
01:11:11.173 INFO  vert.x-eventloop-thread-0 BaseServiceProxy     : -> GET /v1/api/tickle,200|73ms
01:11:11.175 DEBUG vert.x-eventloop-thread-0 ClientPortalService  : tickle {"session":"c6cbc1f5fb4facdeac74afc497e4230e","ssoExpires":330259,"collission":false,"userId":50301190,"hmds":{"error":"no bridge"},"iserver":{"authStatus":{"authenticated":true,"established":true,"competing":false,"connected":true,"message":"","MAC":"06:A8:C0:D9:D5:E3","serverInfo":{"serverName":"JifS23097","serverVersion":"Build 10.44.1h, Apr 20, 2026 11:22:51 AM"},"hardware_info":"275c5aa2|06:A8:C0:D9:D5:E3"}}}
01:11:41.175 INFO  vert.x-eventloop-thread-0 BaseServiceProxy     : -> GET /v1/api/tickle,200|76ms
01:11:41.177 DEBUG vert.x-eventloop-thread-0 ClientPortalService  : tickle {"session":"c6cbc1f5fb4facdeac74afc497e4230e","ssoExpires":300258,"collission":false,"userId":50301190,"hmds":{"error":"no bridge"},"iserver":{"authStatus":{"authenticated":true,"established":true,"competing":false,"connected":true,"message":"","MAC":"06:A8:C0:D9:D5:E3","serverInfo":{"serverName":"JifS23097","serverVersion":"Build 10.44.1h, Apr 20, 2026 11:22:51 AM"},"hardware_info":"275c5aa2|06:A8:C0:D9:D5:E3"}}}
01:12:11.489 INFO  vert.x-eventloop-thread-0 BaseServiceProxy     : -> GET /v1/api/tickle,200|391ms
01:12:11.491 DEBUG vert.x-eventloop-thread-0 ClientPortalService  : tickle {"session":"c6cbc1f5fb4facdeac74afc497e4230e","ssoExpires":270035,"collission":false,"userId":50301190,"hmds":{"error":"no bridge"},"iserver":{"authStatus":{"authenticated":true,"established":true,"competing":false,"connected":true,"message":"","MAC":"06:A8:C0:D9:D5:E3","serverInfo":{"serverName":"JifS23097","serverVersion":"Build 10.44.1h, Apr 20, 2026 11:22:51 AM"},"hardware_info":"275c5aa2|06:A8:C0:D9:D5:E3"}}}
01:12:41.161 INFO  vert.x-eventloop-thread-0 BaseServiceProxy     : -> GET /v1/api/tickle,200|62ms
01:12:41.162 DEBUG vert.x-eventloop-thread-0 ClientPortalService  : tickle {"session":"c6cbc1f5fb4facdeac74afc497e4230e","ssoExpires":240272,"collission":false,"userId":50301190,"hmds":{"error":"no bridge"},"iserver":{"authStatus":{"authenticated":true,"established":true,"competing":false,"connected":true,"message":"","MAC":"06:A8:C0:D9:D5:E3","serverInfo":{"serverName":"JifS23097","serverVersion":"Build 10.44.1h, Apr 20, 2026 11:22:51 AM"},"hardware_info":"275c5aa2|06:A8:C0:D9:D5:E3"}}}
01:13:11.182 INFO  vert.x-eventloop-thread-0 BaseServiceProxy     : -> GET /v1/api/tickle,200|83ms
01:13:11.183 DEBUG vert.x-eventloop-thread-0 ClientPortalService  : tickle {"session":"c6cbc1f5fb4facdeac74afc497e4230e","ssoExpires":210261,"collission":false,"userId":50301190,"hmds":{"error":"no bridge"},"iserver":{"authStatus":{"authenticated":true,"established":true,"competing":false,"connected":true,"message":"","MAC":"06:A8:C0:D9:D5:E3","serverInfo":{"serverName":"JifS23097","serverVersion":"Build 10.44.1h, Apr 20, 2026 11:22:51 AM"},"hardware_info":"275c5aa2|06:A8:C0:D9:D5:E3"}}}
01:13:41.319 INFO  vert.x-eventloop-thread-0 BaseServiceProxy     : -> GET /v1/api/tickle,200|220ms
01:13:41.320 DEBUG vert.x-eventloop-thread-0 ClientPortalService  : tickle {"session":"c6cbc1f5fb4facdeac74afc497e4230e","ssoExpires":180121,"collission":false,"userId":50301190,"hmds":{"error":"no bridge"},"iserver":{"authStatus":{"authenticated":true,"established":true,"competing":false,"connected":true,"message":"","MAC":"06:A8:C0:D9:D5:E3","serverInfo":{"serverName":"JifS23097","serverVersion":"Build 10.44.1h, Apr 20, 2026 11:22:51 AM"},"hardware_info":"275c5aa2|06:A8:C0:D9:D5:E3"}}}
01:14:11.179 INFO  vert.x-eventloop-thread-0 BaseServiceProxy     : -> GET /v1/api/tickle,200|80ms
01:14:11.180 DEBUG vert.x-eventloop-thread-0 ClientPortalService  : tickle {"session":"c6cbc1f5fb4facdeac74afc497e4230e","ssoExpires":150253,"collission":false,"userId":50301190,"hmds":{"error":"no bridge"},"iserver":{"authStatus":{"authenticated":true,"established":true,"competing":false,"connected":true,"message":"","MAC":"06:A8:C0:D9:D5:E3","serverInfo":{"serverName":"JifS23097","serverVersion":"Build 10.44.1h, Apr 20, 2026 11:22:51 AM"},"hardware_info":"275c5aa2|06:A8:C0:D9:D5:E3"}}}
18:26:11.373 INFO  main GatewayStart         : config ../root/conf.yaml !!ibgroup.web.core.clientportal.gw.Config
authDelay: 3000
ccp: false
cors: {origin.allowed: '*', allowCredentials: false}
ip2loc: US
ips:
  allow: [192.*, 131.216.*, 127.0.0.1]
  deny: [212.90.324.10]
listenPort: 8080
listenSsl: true
portalBaseURL: ''
proxyRemoteHost: https://api.ibkr.com
proxyRemoteSsl: true
sslCert: vertx.jks
sslPwd: mywebapi
ssoPing: 5
svcEnvironment: v1
tst: false
twsBaseURL: /tws.proxy
webApps:
- {cache: true, index: index.html, listing: false, name: demo, proxy: ''}

18:26:11.495 INFO  vert.x-eventloop-thread-0 GatewayHttpProxy     :  -> mount demo on /demo
18:26:11.507 INFO  vert.x-eventloop-thread-0 GatewayVerticle      : version: a27ed42161ad96c53e715ca5c5e3e3fa4cff5262 Mon, 24 Apr 2023 15:41:53 -0400
18:26:11.507 INFO  vert.x-eventloop-thread-0 GatewayVerticle      : Java Version: 17.0.10
18:26:11.912 WARN  vert.x-eventloop-thread-0 DefaultChannelPipeline : An exceptionCaught() event was fired, and it reached at the tail of the pipeline. It usually means the last handler in the pipeline did not handle the exception.
io.netty.handler.codec.DecoderException: javax.net.ssl.SSLHandshakeException: Received fatal alert: certificate_unknown
	at io.netty.handler.codec.ByteToMessageDecoder.callDecode(ByteToMessageDecoder.java:459)
	at io.netty.handler.codec.ByteToMessageDecoder.channelRead(ByteToMessageDecoder.java:265)
	at io.netty.channel.AbstractChannelHandlerContext.invokeChannelRead(AbstractChannelHandlerContext.java:362)
	at io.netty.channel.AbstractChannelHandlerContext.invokeChannelRead(AbstractChannelHandlerContext.java:348)
	at io.netty.channel.AbstractChannelHandlerContext.fireChannelRead(AbstractChannelHandlerContext.java:340)
	at io.netty.channel.DefaultChannelPipeline$HeadContext.channelRead(DefaultChannelPipeline.java:1359)
	at io.netty.channel.AbstractChannelHandlerContext.invokeChannelRead(AbstractChannelHandlerContext.java:362)
	at io.netty.channel.AbstractChannelHandlerContext.invokeChannelRead(AbstractChannelHandlerContext.java:348)
	at io.netty.channel.DefaultChannelPipeline.fireChannelRead(DefaultChannelPipeline.java:935)
	at io.netty.channel.nio.AbstractNioByteChannel$NioByteUnsafe.read(AbstractNioByteChannel.java:134)
	at io.netty.channel.nio.NioEventLoop.processSelectedKey(NioEventLoop.java:645)
	at io.netty.channel.nio.NioEventLoop.processSelectedKeysPlain(NioEventLoop.java:545)
	at io.netty.channel.nio.NioEventLoop.processSelectedKeys(NioEventLoop.java:499)
	at io.netty.channel.nio.NioEventLoop.run(NioEventLoop.java:459)
	at io.netty.util.concurrent.SingleThreadEventExecutor$5.run(SingleThreadEventExecutor.java:858)
	at java.base/java.lang.Thread.run(Thread.java:842)
Caused by: javax.net.ssl.SSLHandshakeException: Received fatal alert: certificate_unknown
	at java.base/sun.security.ssl.Alert.createSSLException(Alert.java:131)
	at java.base/sun.security.ssl.Alert.createSSLException(Alert.java:117)
	at java.base/sun.security.ssl.TransportContext.fatal(TransportContext.java:365)
	at java.base/sun.security.ssl.Alert$AlertConsumer.consume(Alert.java:293)
	at java.base/sun.security.ssl.TransportContext.dispatch(TransportContext.java:204)
	at java.base/sun.security.ssl.SSLTransport.decode(SSLTransport.java:172)
	at java.base/sun.security.ssl.SSLEngineImpl.decode(SSLEngineImpl.java:736)
	at java.base/sun.security.ssl.SSLEngineImpl.readRecord(SSLEngineImpl.java:691)
	at java.base/sun.security.ssl.SSLEngineImpl.unwrap(SSLEngineImpl.java:506)
	at java.base/sun.security.ssl.SSLEngineImpl.unwrap(SSLEngineImpl.java:482)
	at java.base/javax.net.ssl.SSLEngine.unwrap(SSLEngine.java:679)
	at io.netty.handler.ssl.SslHandler$SslEngineType$3.unwrap(SslHandler.java:281)
	at io.netty.handler.ssl.SslHandler.unwrap(SslHandler.java:1215)
	at io.netty.handler.ssl.SslHandler.decodeJdkCompatible(SslHandler.java:1127)
	at io.netty.handler.ssl.SslHandler.decode(SslHandler.java:1162)
	at io.netty.handler.codec.ByteToMessageDecoder.decodeRemovalReentryProtection(ByteToMessageDecoder.java:489)
	at io.netty.handler.codec.ByteToMessageDecoder.callDecode(ByteToMessageDecoder.java:428)
	... 15 common frames omitted
18:26:11.925 WARN  vert.x-eventloop-thread-0 DefaultChannelPipeline : An exceptionCaught() event was fired, and it reached at the tail of the pipeline. It usually means the last handler in the pipeline did not handle the exception.
io.netty.handler.codec.DecoderException: javax.net.ssl.SSLHandshakeException: Received fatal alert: certificate_unknown
	at io.netty.handler.codec.ByteToMessageDecoder.callDecode(ByteToMessageDecoder.java:459)
	at io.netty.handler.codec.ByteToMessageDecoder.channelRead(ByteToMessageDecoder.java:265)
	at io.netty.channel.AbstractChannelHandlerContext.invokeChannelRead(AbstractChannelHandlerContext.java:362)
	at io.netty.channel.AbstractChannelHandlerContext.invokeChannelRead(AbstractChannelHandlerContext.java:348)
	at io.netty.channel.AbstractChannelHandlerContext.fireChannelRead(AbstractChannelHandlerContext.java:340)
	at io.netty.channel.DefaultChannelPipeline$HeadContext.channelRead(DefaultChannelPipeline.java:1359)
	at io.netty.channel.AbstractChannelHandlerContext.invokeChannelRead(AbstractChannelHandlerContext.java:362)
	at io.netty.channel.AbstractChannelHandlerContext.invokeChannelRead(AbstractChannelHandlerContext.java:348)
	at io.netty.channel.DefaultChannelPipeline.fireChannelRead(DefaultChannelPipeline.java:935)
	at io.netty.channel.nio.AbstractNioByteChannel$NioByteUnsafe.read(AbstractNioByteChannel.java:134)
	at io.netty.channel.nio.NioEventLoop.processSelectedKey(NioEventLoop.java:645)
	at io.netty.channel.nio.NioEventLoop.processSelectedKeysPlain(NioEventLoop.java:545)
	at io.netty.channel.nio.NioEventLoop.processSelectedKeys(NioEventLoop.java:499)
	at io.netty.channel.nio.NioEventLoop.run(NioEventLoop.java:459)
	at io.netty.util.concurrent.SingleThreadEventExecutor$5.run(SingleThreadEventExecutor.java:858)
	at java.base/java.lang.Thread.run(Thread.java:842)
Caused by: javax.net.ssl.SSLHandshakeException: Received fatal alert: certificate_unknown
	at java.base/sun.security.ssl.Alert.createSSLException(Alert.java:131)
	at java.base/sun.security.ssl.Alert.createSSLException(Alert.java:117)
	at java.base/sun.security.ssl.TransportContext.fatal(TransportContext.java:365)
	at java.base/sun.security.ssl.Alert$AlertConsumer.consume(Alert.java:293)
	at java.base/sun.security.ssl.TransportContext.dispatch(TransportContext.java:204)
	at java.base/sun.security.ssl.SSLTransport.decode(SSLTransport.java:172)
	at java.base/sun.security.ssl.SSLEngineImpl.decode(SSLEngineImpl.java:736)
	at java.base/sun.security.ssl.SSLEngineImpl.readRecord(SSLEngineImpl.java:691)
	at java.base/sun.security.ssl.SSLEngineImpl.unwrap(SSLEngineImpl.java:506)
	at java.base/sun.security.ssl.SSLEngineImpl.unwrap(SSLEngineImpl.java:482)
	at java.base/javax.net.ssl.SSLEngine.unwrap(SSLEngine.java:679)
	at io.netty.handler.ssl.SslHandler$SslEngineType$3.unwrap(SslHandler.java:281)
	at io.netty.handler.ssl.SslHandler.unwrap(SslHandler.java:1215)
	at io.netty.handler.ssl.SslHandler.decodeJdkCompatible(SslHandler.java:1127)
	at io.netty.handler.ssl.SslHandler.decode(SslHandler.java:1162)
	at io.netty.handler.codec.ByteToMessageDecoder.decodeRemovalReentryProtection(ByteToMessageDecoder.java:489)
	at io.netty.handler.codec.ByteToMessageDecoder.callDecode(ByteToMessageDecoder.java:428)
	... 15 common frames omitted
18:26:12.364 INFO  vert.x-eventloop-thread-0 BaseServiceProxy     : -> GET /sso/Login?forwardTo=22&RL=1&ip2loc=US,200|397ms
18:26:12.365 INFO  vert.x-eventloop-thread-0 CookieManager        : set cookies [partnerID=""; Domain=.ibkr.com; Expires=Thu, 01 Jan 1970 00:00:10 GMT; Path=/;Secure;SameSite=None, partnerID=""; Domain=.ibkr.com; Expires=Thu, 01 Jan 1970 00:00:10 GMT; Path=/;Secure;SameSite=None, URL_PARAM=forwardTo%3D22&RL%3D1&ip2loc%3DUS; Domain=.ibkr.com; Path=/;Secure, JSESSIONID=0624F998A24DF4D065C4F89A87D329EE.ny5wwwdam2-internet; Path=/sso; HttpOnly;Secure;SameSite=None, x-sess-uuid=0.5540df6f.1777026372.1b61633; secure; HttpOnly]
18:26:12.365 DEBUG vert.x-eventloop-thread-0 BaseServiceProxy     : Remapping Set-cookies [partnerID=""; Domain=.ibkr.com; Expires=Thu, 01 Jan 1970 00:00:10 GMT; Path=/;Secure;SameSite=None, partnerID=""; Domain=.ibkr.com; Expires=Thu, 01 Jan 1970 00:00:10 GMT; Path=/;Secure;SameSite=None, URL_PARAM=forwardTo%3D22&RL%3D1&ip2loc%3DUS; Domain=.ibkr.com; Path=/;Secure, JSESSIONID=0624F998A24DF4D065C4F89A87D329EE.ny5wwwdam2-internet; Path=/sso; HttpOnly;Secure;SameSite=None, x-sess-uuid=0.5540df6f.1777026372.1b61633; secure; HttpOnly] -> 
18:26:12.429 WARN  vert.x-eventloop-thread-0 DefaultChannelPipeline : An exceptionCaught() event was fired, and it reached at the tail of the pipeline. It usually means the last handler in the pipeline did not handle the exception.
io.netty.handler.codec.DecoderException: javax.net.ssl.SSLHandshakeException: Received fatal alert: certificate_unknown
	at io.netty.handler.codec.ByteToMessageDecoder.callDecode(ByteToMessageDecoder.java:459)
	at io.netty.handler.codec.ByteToMessageDecoder.channelRead(ByteToMessageDecoder.java:265)
	at io.netty.channel.AbstractChannelHandlerContext.invokeChannelRead(AbstractChannelHandlerContext.java:362)
	at io.netty.channel.AbstractChannelHandlerContext.invokeChannelRead(AbstractChannelHandlerContext.java:348)
	at io.netty.channel.AbstractChannelHandlerContext.fireChannelRead(AbstractChannelHandlerContext.java:340)
	at io.netty.channel.DefaultChannelPipeline$HeadContext.channelRead(DefaultChannelPipeline.java:1359)
	at io.netty.channel.AbstractChannelHandlerContext.invokeChannelRead(AbstractChannelHandlerContext.java:362)
	at io.netty.channel.AbstractChannelHandlerContext.invokeChannelRead(AbstractChannelHandlerContext.java:348)
	at io.netty.channel.DefaultChannelPipeline.fireChannelRead(DefaultChannelPipeline.java:935)
	at io.netty.channel.nio.AbstractNioByteChannel$NioByteUnsafe.read(AbstractNioByteChannel.java:134)
	at io.netty.channel.nio.NioEventLoop.processSelectedKey(NioEventLoop.java:645)
	at io.netty.channel.nio.NioEventLoop.processSelectedKeysPlain(NioEventLoop.java:545)
	at io.netty.channel.nio.NioEventLoop.processSelectedKeys(NioEventLoop.java:499)
	at io.netty.channel.nio.NioEventLoop.run(NioEventLoop.java:459)
	at io.netty.util.concurrent.SingleThreadEventExecutor$5.run(SingleThreadEventExecutor.java:858)
	at java.base/java.lang.Thread.run(Thread.java:842)
Caused by: javax.net.ssl.SSLHandshakeException: Received fatal alert: certificate_unknown
	at java.base/sun.security.ssl.Alert.createSSLException(Alert.java:131)
	at java.base/sun.security.ssl.Alert.createSSLException(Alert.java:117)
	at java.base/sun.security.ssl.TransportContext.fatal(TransportContext.java:365)
	at java.base/sun.security.ssl.Alert$AlertConsumer.consume(Alert.java:293)
	at java.base/sun.security.ssl.TransportContext.dispatch(TransportContext.java:204)
	at java.base/sun.security.ssl.SSLTransport.decode(SSLTransport.java:172)
	at java.base/sun.security.ssl.SSLEngineImpl.decode(SSLEngineImpl.java:736)
	at java.base/sun.security.ssl.SSLEngineImpl.readRecord(SSLEngineImpl.java:691)
	at java.base/sun.security.ssl.SSLEngineImpl.unwrap(SSLEngineImpl.java:506)
	at java.base/sun.security.ssl.SSLEngineImpl.unwrap(SSLEngineImpl.java:482)
	at java.base/javax.net.ssl.SSLEngine.unwrap(SSLEngine.java:679)
	at io.netty.handler.ssl.SslHandler$SslEngineType$3.unwrap(SslHandler.java:281)
	at io.netty.handler.ssl.SslHandler.unwrap(SslHandler.java:1215)
	at io.netty.handler.ssl.SslHandler.decodeJdkCompatible(SslHandler.java:1127)
	at io.netty.handler.ssl.SslHandler.decode(SslHandler.java:1162)
	at io.netty.handler.codec.ByteToMessageDecoder.decodeRemovalReentryProtection(ByteToMessageDecoder.java:489)
	at io.netty.handler.codec.ByteToMessageDecoder.callDecode(ByteToMessageDecoder.java:428)
	... 15 common frames omitted
18:26:12.430 WARN  vert.x-eventloop-thread-0 DefaultChannelPipeline : An exceptionCaught() event was fired, and it reached at the tail of the pipeline. It usually means the last handler in the pipeline did not handle the exception.
io.netty.handler.codec.DecoderException: javax.net.ssl.SSLHandshakeException: Received fatal alert: certificate_unknown
	at io.netty.handler.codec.ByteToMessageDecoder.callDecode(ByteToMessageDecoder.java:459)
	at io.netty.handler.codec.ByteToMessageDecoder.channelRead(ByteToMessageDecoder.java:265)
	at io.netty.channel.AbstractChannelHandlerContext.invokeChannelRead(AbstractChannelHandlerContext.java:362)
	at io.netty.channel.AbstractChannelHandlerContext.invokeChannelRead(AbstractChannelHandlerContext.java:348)
	at io.netty.channel.AbstractChannelHandlerContext.fireChannelRead(AbstractChannelHandlerContext.java:340)
	at io.netty.channel.DefaultChannelPipeline$HeadContext.channelRead(DefaultChannelPipeline.java:1359)
	at io.netty.channel.AbstractChannelHandlerContext.invokeChannelRead(AbstractChannelHandlerContext.java:362)
	at io.netty.channel.AbstractChannelHandlerContext.invokeChannelRead(AbstractChannelHandlerContext.java:348)
	at io.netty.channel.DefaultChannelPipeline.fireChannelRead(DefaultChannelPipeline.java:935)
	at io.netty.channel.nio.AbstractNioByteChannel$NioByteUnsafe.read(AbstractNioByteChannel.java:134)
	at io.netty.channel.nio.NioEventLoop.processSelectedKey(NioEventLoop.java:645)
	at io.netty.channel.nio.NioEventLoop.processSelectedKeysPlain(NioEventLoop.java:545)
	at io.netty.channel.nio.NioEventLoop.processSelectedKeys(NioEventLoop.java:499)
	at io.netty.channel.nio.NioEventLoop.run(NioEventLoop.java:459)
	at io.netty.util.concurrent.SingleThreadEventExecutor$5.run(SingleThreadEventExecutor.java:858)
	at java.base/java.lang.Thread.run(Thread.java:842)
Caused by: javax.net.ssl.SSLHandshakeException: Received fatal alert: certificate_unknown
	at java.base/sun.security.ssl.Alert.createSSLException(Alert.java:131)
	at java.base/sun.security.ssl.Alert.createSSLException(Alert.java:117)
	at java.base/sun.security.ssl.TransportContext.fatal(TransportContext.java:365)
	at java.base/sun.security.ssl.Alert$AlertConsumer.consume(Alert.java:293)
	at java.base/sun.security.ssl.TransportContext.dispatch(TransportContext.java:204)
	at java.base/sun.security.ssl.SSLTransport.decode(SSLTransport.java:172)
	at java.base/sun.security.ssl.SSLEngineImpl.decode(SSLEngineImpl.java:736)
	at java.base/sun.security.ssl.SSLEngineImpl.readRecord(SSLEngineImpl.java:691)
	at java.base/sun.security.ssl.SSLEngineImpl.unwrap(SSLEngineImpl.java:506)
	at java.base/sun.security.ssl.SSLEngineImpl.unwrap(SSLEngineImpl.java:482)
	at java.base/javax.net.ssl.SSLEngine.unwrap(SSLEngine.java:679)
	at io.netty.handler.ssl.SslHandler$SslEngineType$3.unwrap(SslHandler.java:281)
	at io.netty.handler.ssl.SslHandler.unwrap(SslHandler.java:1215)
	at io.netty.handler.ssl.SslHandler.decodeJdkCompatible(SslHandler.java:1127)
	at io.netty.handler.ssl.SslHandler.decode(SslHandler.java:1162)
	at io.netty.handler.codec.ByteToMessageDecoder.decodeRemovalReentryProtection(ByteToMessageDecoder.java:489)
	at io.netty.handler.codec.ByteToMessageDecoder.callDecode(ByteToMessageDecoder.java:428)
	... 15 common frames omitted
18:26:12.435 WARN  vert.x-eventloop-thread-0 DefaultChannelPipeline : An exceptionCaught() event was fired, and it reached at the tail of the pipeline. It usually means the last handler in the pipeline did not handle the exception.
io.netty.handler.codec.DecoderException: javax.net.ssl.SSLHandshakeException: Received fatal alert: certificate_unknown
	at io.netty.handler.codec.ByteToMessageDecoder.callDecode(ByteToMessageDecoder.java:459)
	at io.netty.handler.codec.ByteToMessageDecoder.channelRead(ByteToMessageDecoder.java:265)
	at io.netty.channel.AbstractChannelHandlerContext.invokeChannelRead(AbstractChannelHandlerContext.java:362)
	at io.netty.channel.AbstractChannelHandlerContext.invokeChannelRead(AbstractChannelHandlerContext.java:348)
	at io.netty.channel.AbstractChannelHandlerContext.fireChannelRead(AbstractChannelHandlerContext.java:340)
	at io.netty.channel.DefaultChannelPipeline$HeadContext.channelRead(DefaultChannelPipeline.java:1359)
	at io.netty.channel.AbstractChannelHandlerContext.invokeChannelRead(AbstractChannelHandlerContext.java:362)
	at io.netty.channel.AbstractChannelHandlerContext.invokeChannelRead(AbstractChannelHandlerContext.java:348)
	at io.netty.channel.DefaultChannelPipeline.fireChannelRead(DefaultChannelPipeline.java:935)
	at io.netty.channel.nio.AbstractNioByteChannel$NioByteUnsafe.read(AbstractNioByteChannel.java:134)
	at io.netty.channel.nio.NioEventLoop.processSelectedKey(NioEventLoop.java:645)
	at io.netty.channel.nio.NioEventLoop.processSelectedKeysPlain(NioEventLoop.java:545)
	at io.netty.channel.nio.NioEventLoop.processSelectedKeys(NioEventLoop.java:499)
	at io.netty.channel.nio.NioEventLoop.run(NioEventLoop.java:459)
	at io.netty.util.concurrent.SingleThreadEventExecutor$5.run(SingleThreadEventExecutor.java:858)
	at java.base/java.lang.Thread.run(Thread.java:842)
Caused by: javax.net.ssl.SSLHandshakeException: Received fatal alert: certificate_unknown
	at java.base/sun.security.ssl.Alert.createSSLException(Alert.java:131)
	at java.base/sun.security.ssl.Alert.createSSLException(Alert.java:117)
	at java.base/sun.security.ssl.TransportContext.fatal(TransportContext.java:365)
	at java.base/sun.security.ssl.Alert$AlertConsumer.consume(Alert.java:293)
	at java.base/sun.security.ssl.TransportContext.dispatch(TransportContext.java:204)
	at java.base/sun.security.ssl.SSLTransport.decode(SSLTransport.java:172)
	at java.base/sun.security.ssl.SSLEngineImpl.decode(SSLEngineImpl.java:736)
	at java.base/sun.security.ssl.SSLEngineImpl.readRecord(SSLEngineImpl.java:691)
	at java.base/sun.security.ssl.SSLEngineImpl.unwrap(SSLEngineImpl.java:506)
	at java.base/sun.security.ssl.SSLEngineImpl.unwrap(SSLEngineImpl.java:482)
	at java.base/javax.net.ssl.SSLEngine.unwrap(SSLEngine.java:679)
	at io.netty.handler.ssl.SslHandler$SslEngineType$3.unwrap(SslHandler.java:281)
	at io.netty.handler.ssl.SslHandler.unwrap(SslHandler.java:1215)
	at io.netty.handler.ssl.SslHandler.decodeJdkCompatible(SslHandler.java:1127)
	at io.netty.handler.ssl.SslHandler.decode(SslHandler.java:1162)
	at io.netty.handler.codec.ByteToMessageDecoder.decodeRemovalReentryProtection(ByteToMessageDecoder.java:489)
	at io.netty.handler.codec.ByteToMessageDecoder.callDecode(ByteToMessageDecoder.java:428)
	... 15 common frames omitted
18:26:12.436 WARN  vert.x-eventloop-thread-0 DefaultChannelPipeline : An exceptionCaught() event was fired, and it reached at the tail of the pipeline. It usually means the last handler in the pipeline did not handle the exception.
io.netty.handler.codec.DecoderException: javax.net.ssl.SSLHandshakeException: Received fatal alert: certificate_unknown
	at io.netty.handler.codec.ByteToMessageDecoder.callDecode(ByteToMessageDecoder.java:459)
	at io.netty.handler.codec.ByteToMessageDecoder.channelRead(ByteToMessageDecoder.java:265)
	at io.netty.channel.AbstractChannelHandlerContext.invokeChannelRead(AbstractChannelHandlerContext.java:362)
	at io.netty.channel.AbstractChannelHandlerContext.invokeChannelRead(AbstractChannelHandlerContext.java:348)
	at io.netty.channel.AbstractChannelHandlerContext.fireChannelRead(AbstractChannelHandlerContext.java:340)
	at io.netty.channel.DefaultChannelPipeline$HeadContext.channelRead(DefaultChannelPipeline.java:1359)
	at io.netty.channel.AbstractChannelHandlerContext.invokeChannelRead(AbstractChannelHandlerContext.java:362)
	at io.netty.channel.AbstractChannelHandlerContext.invokeChannelRead(AbstractChannelHandlerContext.java:348)
	at io.netty.channel.DefaultChannelPipeline.fireChannelRead(DefaultChannelPipeline.java:935)
	at io.netty.channel.nio.AbstractNioByteChannel$NioByteUnsafe.read(AbstractNioByteChannel.java:134)
	at io.netty.channel.nio.NioEventLoop.processSelectedKey(NioEventLoop.java:645)
	at io.netty.channel.nio.NioEventLoop.processSelectedKeysPlain(NioEventLoop.java:545)
	at io.netty.channel.nio.NioEventLoop.processSelectedKeys(NioEventLoop.java:499)
	at io.netty.channel.nio.NioEventLoop.run(NioEventLoop.java:459)
	at io.netty.util.concurrent.SingleThreadEventExecutor$5.run(SingleThreadEventExecutor.java:858)
	at java.base/java.lang.Thread.run(Thread.java:842)
Caused by: javax.net.ssl.SSLHandshakeException: Received fatal alert: certificate_unknown
	at java.base/sun.security.ssl.Alert.createSSLException(Alert.java:131)
	at java.base/sun.security.ssl.Alert.createSSLException(Alert.java:117)
	at java.base/sun.security.ssl.TransportContext.fatal(TransportContext.java:365)
	at java.base/sun.security.ssl.Alert$AlertConsumer.consume(Alert.java:293)
	at java.base/sun.security.ssl.TransportContext.dispatch(TransportContext.java:204)
	at java.base/sun.security.ssl.SSLTransport.decode(SSLTransport.java:172)
	at java.base/sun.security.ssl.SSLEngineImpl.decode(SSLEngineImpl.java:736)
	at java.base/sun.security.ssl.SSLEngineImpl.readRecord(SSLEngineImpl.java:691)
	at java.base/sun.security.ssl.SSLEngineImpl.unwrap(SSLEngineImpl.java:506)
	at java.base/sun.security.ssl.SSLEngineImpl.unwrap(SSLEngineImpl.java:482)
	at java.base/javax.net.ssl.SSLEngine.unwrap(SSLEngine.java:679)
	at io.netty.handler.ssl.SslHandler$SslEngineType$3.unwrap(SslHandler.java:281)
	at io.netty.handler.ssl.SslHandler.unwrap(SslHandler.java:1215)
	at io.netty.handler.ssl.SslHandler.decodeJdkCompatible(SslHandler.java:1127)
	at io.netty.handler.ssl.SslHandler.decode(SslHandler.java:1162)
	at io.netty.handler.codec.ByteToMessageDecoder.decodeRemovalReentryProtection(ByteToMessageDecoder.java:489)
	at io.netty.handler.codec.ByteToMessageDecoder.callDecode(ByteToMessageDecoder.java:428)
	... 15 common frames omitted
18:26:12.441 WARN  vert.x-eventloop-thread-0 DefaultChannelPipeline : An exceptionCaught() event was fired, and it reached at the tail of the pipeline. It usually means the last handler in the pipeline did not handle the exception.
io.netty.handler.codec.DecoderException: javax.net.ssl.SSLHandshakeException: Received fatal alert: certificate_unknown
	at io.netty.handler.codec.ByteToMessageDecoder.callDecode(ByteToMessageDecoder.java:459)
	at io.netty.handler.codec.ByteToMessageDecoder.channelRead(ByteToMessageDecoder.java:265)
	at io.netty.channel.AbstractChannelHandlerContext.invokeChannelRead(AbstractChannelHandlerContext.java:362)
	at io.netty.channel.AbstractChannelHandlerContext.invokeChannelRead(AbstractChannelHandlerContext.java:348)
	at io.netty.channel.AbstractChannelHandlerContext.fireChannelRead(AbstractChannelHandlerContext.java:340)
	at io.netty.channel.DefaultChannelPipeline$HeadContext.channelRead(DefaultChannelPipeline.java:1359)
	at io.netty.channel.AbstractChannelHandlerContext.invokeChannelRead(AbstractChannelHandlerContext.java:362)
	at io.netty.channel.AbstractChannelHandlerContext.invokeChannelRead(AbstractChannelHandlerContext.java:348)
	at io.netty.channel.DefaultChannelPipeline.fireChannelRead(DefaultChannelPipeline.java:935)
	at io.netty.channel.nio.AbstractNioByteChannel$NioByteUnsafe.read(AbstractNioByteChannel.java:134)
	at io.netty.channel.nio.NioEventLoop.processSelectedKey(NioEventLoop.java:645)
	at io.netty.channel.nio.NioEventLoop.processSelectedKeysPlain(NioEventLoop.java:545)
	at io.netty.channel.nio.NioEventLoop.processSelectedKeys(NioEventLoop.java:499)
	at io.netty.channel.nio.NioEventLoop.run(NioEventLoop.java:459)
	at io.netty.util.concurrent.SingleThreadEventExecutor$5.run(SingleThreadEventExecutor.java:858)
	at java.base/java.lang.Thread.run(Thread.java:842)
Caused by: javax.net.ssl.SSLHandshakeException: Received fatal alert: certificate_unknown
	at java.base/sun.security.ssl.Alert.createSSLException(Alert.java:131)
	at java.base/sun.security.ssl.Alert.createSSLException(Alert.java:117)
	at java.base/sun.security.ssl.TransportContext.fatal(TransportContext.java:365)
	at java.base/sun.security.ssl.Alert$AlertConsumer.consume(Alert.java:293)
	at java.base/sun.security.ssl.TransportContext.dispatch(TransportContext.java:204)
	at java.base/sun.security.ssl.SSLTransport.decode(SSLTransport.java:172)
	at java.base/sun.security.ssl.SSLEngineImpl.decode(SSLEngineImpl.java:736)
	at java.base/sun.security.ssl.SSLEngineImpl.readRecord(SSLEngineImpl.java:691)
	at java.base/sun.security.ssl.SSLEngineImpl.unwrap(SSLEngineImpl.java:506)
	at java.base/sun.security.ssl.SSLEngineImpl.unwrap(SSLEngineImpl.java:482)
	at java.base/javax.net.ssl.SSLEngine.unwrap(SSLEngine.java:679)
	at io.netty.handler.ssl.SslHandler$SslEngineType$3.unwrap(SslHandler.java:281)
	at io.netty.handler.ssl.SslHandler.unwrap(SslHandler.java:1215)
	at io.netty.handler.ssl.SslHandler.decodeJdkCompatible(SslHandler.java:1127)
	at io.netty.handler.ssl.SslHandler.decode(SslHandler.java:1162)
	at io.netty.handler.codec.ByteToMessageDecoder.decodeRemovalReentryProtection(ByteToMessageDecoder.java:489)
	at io.netty.handler.codec.ByteToMessageDecoder.callDecode(ByteToMessageDecoder.java:428)
	... 15 common frames omitted
18:26:12.443 WARN  vert.x-eventloop-thread-0 DefaultChannelPipeline : An exceptionCaught() event was fired, and it reached at the tail of the pipeline. It usually means the last handler in the pipeline did not handle the exception.
io.netty.handler.codec.DecoderException: javax.net.ssl.SSLHandshakeException: Received fatal alert: certificate_unknown
	at io.netty.handler.codec.ByteToMessageDecoder.callDecode(ByteToMessageDecoder.java:459)
	at io.netty.handler.codec.ByteToMessageDecoder.channelRead(ByteToMessageDecoder.java:265)
	at io.netty.channel.AbstractChannelHandlerContext.invokeChannelRead(AbstractChannelHandlerContext.java:362)
	at io.netty.channel.AbstractChannelHandlerContext.invokeChannelRead(AbstractChannelHandlerContext.java:348)
	at io.netty.channel.AbstractChannelHandlerContext.fireChannelRead(AbstractChannelHandlerContext.java:340)
	at io.netty.channel.DefaultChannelPipeline$HeadContext.channelRead(DefaultChannelPipeline.java:1359)
	at io.netty.channel.AbstractChannelHandlerContext.invokeChannelRead(AbstractChannelHandlerContext.java:362)
	at io.netty.channel.AbstractChannelHandlerContext.invokeChannelRead(AbstractChannelHandlerContext.java:348)
	at io.netty.channel.DefaultChannelPipeline.fireChannelRead(DefaultChannelPipeline.java:935)
	at io.netty.channel.nio.AbstractNioByteChannel$NioByteUnsafe.read(AbstractNioByteChannel.java:134)
	at io.netty.channel.nio.NioEventLoop.processSelectedKey(NioEventLoop.java:645)
	at io.netty.channel.nio.NioEventLoop.processSelectedKeysPlain(NioEventLoop.java:545)
	at io.netty.channel.nio.NioEventLoop.processSelectedKeys(NioEventLoop.java:499)
	at io.netty.channel.nio.NioEventLoop.run(NioEventLoop.java:459)
	at io.netty.util.concurrent.SingleThreadEventExecutor$5.run(SingleThreadEventExecutor.java:858)
	at java.base/java.lang.Thread.run(Thread.java:842)
Caused by: javax.net.ssl.SSLHandshakeException: Received fatal alert: certificate_unknown
	at java.base/sun.security.ssl.Alert.createSSLException(Alert.java:131)
	at java.base/sun.security.ssl.Alert.createSSLException(Alert.java:117)
	at java.base/sun.security.ssl.TransportContext.fatal(TransportContext.java:365)
	at java.base/sun.security.ssl.Alert$AlertConsumer.consume(Alert.java:293)
	at java.base/sun.security.ssl.TransportContext.dispatch(TransportContext.java:204)
	at java.base/sun.security.ssl.SSLTransport.decode(SSLTransport.java:172)
	at java.base/sun.security.ssl.SSLEngineImpl.decode(SSLEngineImpl.java:736)
	at java.base/sun.security.ssl.SSLEngineImpl.readRecord(SSLEngineImpl.java:691)
	at java.base/sun.security.ssl.SSLEngineImpl.unwrap(SSLEngineImpl.java:506)
	at java.base/sun.security.ssl.SSLEngineImpl.unwrap(SSLEngineImpl.java:482)
	at java.base/javax.net.ssl.SSLEngine.unwrap(SSLEngine.java:679)
	at io.netty.handler.ssl.SslHandler$SslEngineType$3.unwrap(SslHandler.java:281)
	at io.netty.handler.ssl.SslHandler.unwrap(SslHandler.java:1215)
	at io.netty.handler.ssl.SslHandler.decodeJdkCompatible(SslHandler.java:1127)
	at io.netty.handler.ssl.SslHandler.decode(SslHandler.java:1162)
	at io.netty.handler.codec.ByteToMessageDecoder.decodeRemovalReentryProtection(ByteToMessageDecoder.java:489)
	at io.netty.handler.codec.ByteToMessageDecoder.callDecode(ByteToMessageDecoder.java:428)
	... 15 common frames omitted
18:26:12.448 WARN  vert.x-eventloop-thread-0 DefaultChannelPipeline : An exceptionCaught() event was fired, and it reached at the tail of the pipeline. It usually means the last handler in the pipeline did not handle the exception.
io.netty.handler.codec.DecoderException: javax.net.ssl.SSLHandshakeException: Received fatal alert: certificate_unknown
	at io.netty.handler.codec.ByteToMessageDecoder.callDecode(ByteToMessageDecoder.java:459)
	at io.netty.handler.codec.ByteToMessageDecoder.channelRead(ByteToMessageDecoder.java:265)
	at io.netty.channel.AbstractChannelHandlerContext.invokeChannelRead(AbstractChannelHandlerContext.java:362)
	at io.netty.channel.AbstractChannelHandlerContext.invokeChannelRead(AbstractChannelHandlerContext.java:348)
	at io.netty.channel.AbstractChannelHandlerContext.fireChannelRead(AbstractChannelHandlerContext.java:340)
	at io.netty.channel.DefaultChannelPipeline$HeadContext.channelRead(DefaultChannelPipeline.java:1359)
	at io.netty.channel.AbstractChannelHandlerContext.invokeChannelRead(AbstractChannelHandlerContext.java:362)
	at io.netty.channel.AbstractChannelHandlerContext.invokeChannelRead(AbstractChannelHandlerContext.java:348)
	at io.netty.channel.DefaultChannelPipeline.fireChannelRead(DefaultChannelPipeline.java:935)
	at io.netty.channel.nio.AbstractNioByteChannel$NioByteUnsafe.read(AbstractNioByteChannel.java:134)
	at io.netty.channel.nio.NioEventLoop.processSelectedKey(NioEventLoop.java:645)
	at io.netty.channel.nio.NioEventLoop.processSelectedKeysPlain(NioEventLoop.java:545)
	at io.netty.channel.nio.NioEventLoop.processSelectedKeys(NioEventLoop.java:499)
	at io.netty.channel.nio.NioEventLoop.run(NioEventLoop.java:459)
	at io.netty.util.concurrent.SingleThreadEventExecutor$5.run(SingleThreadEventExecutor.java:858)
	at java.base/java.lang.Thread.run(Thread.java:842)
Caused by: javax.net.ssl.SSLHandshakeException: Received fatal alert: certificate_unknown
	at java.base/sun.security.ssl.Alert.createSSLException(Alert.java:131)
	at java.base/sun.security.ssl.Alert.createSSLException(Alert.java:117)
	at java.base/sun.security.ssl.TransportContext.fatal(TransportContext.java:365)
	at java.base/sun.security.ssl.Alert$AlertConsumer.consume(Alert.java:293)
	at java.base/sun.security.ssl.TransportContext.dispatch(TransportContext.java:204)
	at java.base/sun.security.ssl.SSLTransport.decode(SSLTransport.java:172)
	at java.base/sun.security.ssl.SSLEngineImpl.decode(SSLEngineImpl.java:736)
	at java.base/sun.security.ssl.SSLEngineImpl.readRecord(SSLEngineImpl.java:691)
	at java.base/sun.security.ssl.SSLEngineImpl.unwrap(SSLEngineImpl.java:506)
	at java.base/sun.security.ssl.SSLEngineImpl.unwrap(SSLEngineImpl.java:482)
	at java.base/javax.net.ssl.SSLEngine.unwrap(SSLEngine.java:679)
	at io.netty.handler.ssl.SslHandler$SslEngineType$3.unwrap(SslHandler.java:281)
	at io.netty.handler.ssl.SslHandler.unwrap(SslHandler.java:1215)
	at io.netty.handler.ssl.SslHandler.decodeJdkCompatible(SslHandler.java:1127)
	at io.netty.handler.ssl.SslHandler.decode(SslHandler.java:1162)
	at io.netty.handler.codec.ByteToMessageDecoder.decodeRemovalReentryProtection(ByteToMessageDecoder.java:489)
	at io.netty.handler.codec.ByteToMessageDecoder.callDecode(ByteToMessageDecoder.java:428)
	... 15 common frames omitted
18:26:12.450 WARN  vert.x-eventloop-thread-0 DefaultChannelPipeline : An exceptionCaught() event was fired, and it reached at the tail of the pipeline. It usually means the last handler in the pipeline did not handle the exception.
io.netty.handler.codec.DecoderException: javax.net.ssl.SSLHandshakeException: Received fatal alert: certificate_unknown
	at io.netty.handler.codec.ByteToMessageDecoder.callDecode(ByteToMessageDecoder.java:459)
	at io.netty.handler.codec.ByteToMessageDecoder.channelRead(ByteToMessageDecoder.java:265)
	at io.netty.channel.AbstractChannelHandlerContext.invokeChannelRead(AbstractChannelHandlerContext.java:362)
	at io.netty.channel.AbstractChannelHandlerContext.invokeChannelRead(AbstractChannelHandlerContext.java:348)
	at io.netty.channel.AbstractChannelHandlerContext.fireChannelRead(AbstractChannelHandlerContext.java:340)
	at io.netty.channel.DefaultChannelPipeline$HeadContext.channelRead(DefaultChannelPipeline.java:1359)
	at io.netty.channel.AbstractChannelHandlerContext.invokeChannelRead(AbstractChannelHandlerContext.java:362)
	at io.netty.channel.AbstractChannelHandlerContext.invokeChannelRead(AbstractChannelHandlerContext.java:348)
	at io.netty.channel.DefaultChannelPipeline.fireChannelRead(DefaultChannelPipeline.java:935)
	at io.netty.channel.nio.AbstractNioByteChannel$NioByteUnsafe.read(AbstractNioByteChannel.java:134)
	at io.netty.channel.nio.NioEventLoop.processSelectedKey(NioEventLoop.java:645)
	at io.netty.channel.nio.NioEventLoop.processSelectedKeysPlain(NioEventLoop.java:545)
	at io.netty.channel.nio.NioEventLoop.processSelectedKeys(NioEventLoop.java:499)
	at io.netty.channel.nio.NioEventLoop.run(NioEventLoop.java:459)
	at io.netty.util.concurrent.SingleThreadEventExecutor$5.run(SingleThreadEventExecutor.java:858)
	at java.base/java.lang.Thread.run(Thread.java:842)
Caused by: javax.net.ssl.SSLHandshakeException: Received fatal alert: certificate_unknown
	at java.base/sun.security.ssl.Alert.createSSLException(Alert.java:131)
	at java.base/sun.security.ssl.Alert.createSSLException(Alert.java:117)
	at java.base/sun.security.ssl.TransportContext.fatal(TransportContext.java:365)
	at java.base/sun.security.ssl.Alert$AlertConsumer.consume(Alert.java:293)
	at java.base/sun.security.ssl.TransportContext.dispatch(TransportContext.java:204)
	at java.base/sun.security.ssl.SSLTransport.decode(SSLTransport.java:172)
	at java.base/sun.security.ssl.SSLEngineImpl.decode(SSLEngineImpl.java:736)
	at java.base/sun.security.ssl.SSLEngineImpl.readRecord(SSLEngineImpl.java:691)
	at java.base/sun.security.ssl.SSLEngineImpl.unwrap(SSLEngineImpl.java:506)
	at java.base/sun.security.ssl.SSLEngineImpl.unwrap(SSLEngineImpl.java:482)
	at java.base/javax.net.ssl.SSLEngine.unwrap(SSLEngine.java:679)
	at io.netty.handler.ssl.SslHandler$SslEngineType$3.unwrap(SslHandler.java:281)
	at io.netty.handler.ssl.SslHandler.unwrap(SslHandler.java:1215)
	at io.netty.handler.ssl.SslHandler.decodeJdkCompatible(SslHandler.java:1127)
	at io.netty.handler.ssl.SslHandler.decode(SslHandler.java:1162)
	at io.netty.handler.codec.ByteToMessageDecoder.decodeRemovalReentryProtection(ByteToMessageDecoder.java:489)
	at io.netty.handler.codec.ByteToMessageDecoder.callDecode(ByteToMessageDecoder.java:428)
	... 15 common frames omitted
18:26:12.526 INFO  vert.x-eventloop-thread-0 BaseServiceProxy     : -> GET /css/bootstrap-5.2.2/bootstrap.min.css,200|120ms
18:26:12.586 INFO  vert.x-eventloop-thread-0 BaseServiceProxy     : -> GET /css/fontawesome-6.4.2/all.min.css,200|130ms
18:26:12.590 INFO  vert.x-eventloop-thread-0 BaseServiceProxy     : -> GET /css/bootstrap-switch-3.3.2/bootstrap-switch.min.css,200|136ms
18:26:12.593 INFO  vert.x-eventloop-thread-0 BaseServiceProxy     : -> GET /css/ibkr/theme-ibkr-portal.min.css,200|137ms
18:26:12.601 INFO  vert.x-eventloop-thread-0 BaseServiceProxy     : -> GET /scripts/common/js/jquery-3.7.0/jquery.min.js,200|143ms
18:26:12.632 INFO  vert.x-eventloop-thread-0 BaseServiceProxy     : -> GET /css/reg-am/login.min.css,200|187ms
18:26:12.650 INFO  vert.x-eventloop-thread-0 BaseServiceProxy     : -> GET /sso/lib/xyz.bundle.min.js,200|58ms
18:26:12.650 INFO  vert.x-eventloop-thread-0 CookieManager        : set cookies [x-sess-uuid=0.5540df6f.1777026372.1b6186b; secure; HttpOnly]
18:26:12.650 DEBUG vert.x-eventloop-thread-0 BaseServiceProxy     : Remapping Set-cookies [x-sess-uuid=0.5540df6f.1777026372.1b6186b; secure; HttpOnly] -> 
18:26:12.692 INFO  vert.x-eventloop-thread-0 BaseServiceProxy     : -> GET /scripts/common/js/bootstrap-5.2.2/bootstrap.bundle.min.js,200|136ms
18:26:12.770 INFO  vert.x-eventloop-thread-0 BaseServiceProxy     : -> GET /images/common/logos/ibkr/interactive-brokers.svg,200|25ms
18:26:12.790 INFO  vert.x-eventloop-thread-0 BaseServiceProxy     : -> GET /fonts/fontawesome-6.4.2/webfonts/fa-solid-900.woff2,200|24ms
18:26:12.802 INFO  vert.x-eventloop-thread-0 BaseServiceProxy     : -> GET /fonts/proxima-nova/Proxima-Nova-Regular.woff2,200|39ms
18:26:12.819 INFO  vert.x-eventloop-thread-0 BaseServiceProxy     : -> GET /fonts/fontawesome-6.4.2/webfonts/fa-brands-400.woff2,200|51ms
18:26:12.870 INFO  vert.x-eventloop-thread-0 BaseServiceProxy     : -> GET /portal.proxy/v1/gstat/bulletins,200|81ms
18:26:12.875 INFO  vert.x-eventloop-thread-0 BaseServiceProxy     : -> GET /images/web/favicons/home-screen-icon-128x128.png,200|21ms
18:26:13.145 INFO  vert.x-eventloop-thread-0 BaseServiceProxy     : -> GET /sso/report,200|358ms
18:26:13.145 INFO  vert.x-eventloop-thread-0 CookieManager        : set cookies [x-sess-uuid=0.4f40df6f.1777026372.2632d1; secure; HttpOnly]
18:26:13.145 DEBUG vert.x-eventloop-thread-0 BaseServiceProxy     : Remapping Set-cookies [x-sess-uuid=0.4f40df6f.1777026372.2632d1; secure; HttpOnly] -> 
18:26:16.718 INFO  vert.x-eventloop-thread-0 BaseServiceProxy     : -> GET /sso/Authenticator,200|380ms
18:26:16.719 INFO  vert.x-eventloop-thread-0 CookieManager        : set cookies [x-sess-uuid=0.4f40df6f.1777026376.263389; secure; HttpOnly]
18:26:16.719 DEBUG vert.x-eventloop-thread-0 BaseServiceProxy     : Remapping Set-cookies [x-sess-uuid=0.4f40df6f.1777026376.263389; secure; HttpOnly] -> 
18:26:17.054 INFO  vert.x-eventloop-thread-0 BaseServiceProxy     : -> GET /sso/Authenticator,200|322ms
18:26:17.054 INFO  vert.x-eventloop-thread-0 CookieManager        : set cookies [web=3343352782; Domain=.ibkr.com; Expires=Sat, 24 Apr 2027 10:26:16 GMT; Path=/; Secure;Secure;SameSite=None, x-sess-uuid=0.4f40df6f.1777026376.2633a4; secure; HttpOnly]
18:26:17.055 DEBUG vert.x-eventloop-thread-0 BaseServiceProxy     : Remapping Set-cookies [web=3343352782; Domain=.ibkr.com; Expires=Sat, 24 Apr 2027 10:26:16 GMT; Path=/; Secure;Secure;SameSite=None, x-sess-uuid=0.4f40df6f.1777026376.2633a4; secure; HttpOnly] -> 
18:26:17.372 INFO  vert.x-eventloop-thread-0 BaseServiceProxy     : -> GET /sso/Authenticator,200|306ms
18:26:17.372 INFO  vert.x-eventloop-thread-0 CookieManager        : set cookies [x-sess-uuid=0.5540df6f.1777026377.1b619c8; secure; HttpOnly]
18:26:17.373 DEBUG vert.x-eventloop-thread-0 BaseServiceProxy     : Remapping Set-cookies [x-sess-uuid=0.5540df6f.1777026377.1b619c8; secure; HttpOnly] -> 
18:26:20.703 INFO  vert.x-eventloop-thread-0 BaseServiceProxy     : -> GET /sso/Authenticator,200|315ms
18:26:20.704 INFO  vert.x-eventloop-thread-0 CookieManager        : set cookies [x-sess-uuid=0.5540df6f.1777026380.1b619d8; secure; HttpOnly]
18:26:20.704 DEBUG vert.x-eventloop-thread-0 BaseServiceProxy     : Remapping Set-cookies [x-sess-uuid=0.5540df6f.1777026380.1b619d8; secure; HttpOnly] -> 
18:26:23.716 INFO  vert.x-eventloop-thread-0 BaseServiceProxy     : -> GET /sso/Authenticator,200|330ms
18:26:23.716 INFO  vert.x-eventloop-thread-0 CookieManager        : set cookies [x-sess-uuid=0.4f40df6f.1777026383.2635c3; secure; HttpOnly]
18:26:23.716 DEBUG vert.x-eventloop-thread-0 BaseServiceProxy     : Remapping Set-cookies [x-sess-uuid=0.4f40df6f.1777026383.2635c3; secure; HttpOnly] -> 
18:26:26.749 INFO  vert.x-eventloop-thread-0 BaseServiceProxy     : -> GET /sso/Authenticator,200|363ms
18:26:26.750 INFO  vert.x-eventloop-thread-0 CookieManager        : set cookies [x-sess-uuid=0.4f40df6f.1777026386.264d7e; secure; HttpOnly]
18:26:26.751 DEBUG vert.x-eventloop-thread-0 BaseServiceProxy     : Remapping Set-cookies [x-sess-uuid=0.4f40df6f.1777026386.264d7e; secure; HttpOnly] -> 
18:26:27.195 INFO  vert.x-eventloop-thread-0 BaseServiceProxy     : -> GET /sso/Dispatcher,302|414ms
18:26:27.196 INFO  vert.x-eventloop-thread-0 CookieManager        : set cookies [USERID=50301190; Domain=.ibkr.com; Path=/;Secure;SameSite=None, x-sess-uuid=0.4f40df6f.1777026386.264f56; secure; HttpOnly]
18:26:27.197 DEBUG vert.x-eventloop-thread-0 BaseServiceProxy     : Remapping Set-cookies [USERID=50301190; Domain=.ibkr.com; Path=/;Secure;SameSite=None, x-sess-uuid=0.4f40df6f.1777026386.264f56; secure; HttpOnly] -> 
18:26:27.198 INFO  vert.x-eventloop-thread-0 GatewayHttpProxy     : Client login succeeds
18:26:27.551 INFO  vert.x-eventloop-thread-0 BaseServiceProxy     : -> GET /v1/api/sso/validate?gw=1,200|349ms
18:26:27.556 DEBUG vert.x-eventloop-thread-0 ClientPortalService  : portal validate response: {"SFT":"5.2a","IS_PENDING_APPLICANT":false,"SF_ENABLED":true,"HARDWARE_INFO":"","UNIQUE_LOGIN_ID":"50301190-1777026384464","AUTH_TIME":1777026384513,"SF_CONFIG":"5.2a","USER_NAME":"pragu1020","CREDENTIAL_TYPE":0,"IS_FREE_TRIAL":false,"LOGIN_TYPE":1,"LANDING_APP":"PORTAL","CREDENTIAL":"pragu1020","ANOMALOUS_LOGIN":false,"RESULT":true,"IP":"116.88.81.189","USER_ID":50301190,"EXPIRES":1777026387595,"TOKEN":"b3d0f8464673cf0d4cbf601e59305523a91bee56","took":254,"IS_MASTER":false,"features":{"env":"PROD","wlms":true,"realtime":true,"bond":true,"optionChains":true,"calendar":true,"newMf":true},"region":"SG"}
18:26:27.659 INFO  vert.x-eventloop-thread-0 GatewayHttpProxy     : authenticated to cp
18:26:27.659 DEBUG vert.x-eventloop-thread-0 BaseServiceProxy     : cancel timer SsoService 0
18:26:27.659 DEBUG vert.x-eventloop-thread-0 BaseServiceProxy     : start timer 300000 SsoService
18:26:27.661 DEBUG vert.x-eventloop-thread-0 BaseServiceProxy     : forward event ON_SSO_VALIDATION, payload 50301190
18:26:27.995 INFO  vert.x-eventloop-thread-0 BaseServiceProxy     : -> GET /v1/api/one/user,200|336ms
18:26:27.996 INFO  vert.x-eventloop-thread-0 ClientPortalService  : get user reply {"username":"pragu1020","features":{"env":"PROD","wlms":true,"realtime":true,"bond":true,"optionChains":true,"calendar":true,"newMf":true},"wbId":"","uar":{"portfolioAnalyst":true,"userInfo":true,"messageCenter":true,"accountDetails":true,"tradingRestrictions":false,"tws":true,"fyi":true,"voting":true,"forum":true,"recentTransactions":true},"props":{"isIBAMClient":false,"ReadOnlySession":null},"firstApprovedDate":1592755200000,"accts":{"U5799398F":{"isIBAMClient":false,"clearingStatus":"O","openDate":1667577600000,"isFAClient":false,"isFunded":true,"tradingPermissions":["CMDTY"]},"U5799398":{"isIBAMClient":false,"clearingStatus":"O","openDate":1592150400000,"isFAClient":false,"isFunded":true,"tradingPermissions":["OPT","IOPT","WAR","STK","CASH","FOP"]}},"hasBrokerageAccessInd":true,"hfcipEligibleInd":false,"fa":false,"has2fa":false,"islite":false,"ispaper":false,"applicants":[{"id":6062329,"type":"INDIVIDUAL","businessType":"INDEPENDENT","nlcode":"en_US","legalCountry":{"name":"Singapore","alpha3":"SGP"}}]}
18:26:29.243 INFO  vert.x-eventloop-thread-0 SsoService           : sso init status=200, url=https://api.ibkr.com/v1/api/ssodh/init
18:26:29.306 DEBUG vert.x-eventloop-thread-0 SsoService           : K 2552c440cc936187fb1fba259d73e7189caffa8f
18:26:29.307 DEBUG vert.x-eventloop-thread-0 BaseServiceProxy     : forward event ON_SSODH_COMPLETED, payload none
18:26:29.307 DEBUG vert.x-eventloop-thread-0 GatewayHttpProxy     : delaying authentication for 3000
18:26:29.316 ERROR vert.x-eventloop-thread-0 ContextImpl          : Unhandled exception
java.lang.NullPointerException: Cannot read the array length because "mac" is null
	at ibgroup.web.core.clientportal.gw.utils.TstTokenUtils.getMacAddress(TstTokenUtils.java:22)
	at ibgroup.web.core.clientportal.gw.services.SsoService.getMac(SsoService.java:81)
	at ibgroup.web.core.clientportal.gw.services.SsoService.getDeviceId(SsoService.java:70)
	at ibgroup.web.core.clientportal.gw.services.SsoService.setTstToken(SsoService.java:88)
	at ibgroup.web.core.clientportal.gw.http.GatewayHttpProxy.onEvent(GatewayHttpProxy.java:213)
	at ibgroup.web.core.clientportal.gw.http.GatewayHttpProxy.lambda$new$1(GatewayHttpProxy.java:56)
	at ibgroup.web.core.clientportal.gw.services.BaseServiceProxy.lambda$null$0(BaseServiceProxy.java:67)
	at java.base/java.util.ArrayList.forEach(ArrayList.java:1511)
	at ibgroup.web.core.clientportal.gw.services.BaseServiceProxy.lambda$on$1(BaseServiceProxy.java:67)
	at io.vertx.core.impl.ContextImpl.lambda$wrapTask$2(ContextImpl.java:344)
	at io.netty.util.concurrent.AbstractEventExecutor.safeExecute(AbstractEventExecutor.java:163)
	at io.netty.util.concurrent.SingleThreadEventExecutor.runAllTasks(SingleThreadEventExecutor.java:403)
	at io.netty.channel.nio.NioEventLoop.run(NioEventLoop.java:463)
	at io.netty.util.concurrent.SingleThreadEventExecutor$5.run(SingleThreadEventExecutor.java:858)
	at java.base/java.lang.Thread.run(Thread.java:842)
18:26:32.363 INFO  vert.x-eventloop-thread-0 BaseServiceProxy     : -> GET /v1/api/iserver/auth/status,200|53ms
18:26:32.364 DEBUG vert.x-eventloop-thread-0 ClientPortalService  : status {"authenticated":false,"established":false,"competing":false,"connected":false,"MAC":"06:A8:C0:D9:D5:E3"}
18:26:32.364 INFO  vert.x-eventloop-thread-0 ClientPortalService  : process auth status {"authenticated":false,"established":false,"competing":false,"connected":false,"MAC":"06:A8:C0:D9:D5:E3"}
18:26:32.386 DEBUG vert.x-eventloop-thread-0 ClientPortalService  : auth brokerage, k=2552c440cc936187fb1fba259d73e7189caffa8f, post={"username":"pragu1020","machineId":"1c120e0f","compete":true}
18:26:32.845 INFO  vert.x-eventloop-thread-0 BaseServiceProxy     : -> GET /v1/api/iserver/auth/ssodh/init?publish=true&compete=true,200|264ms
18:26:32.846 INFO  vert.x-eventloop-thread-0 BaseServiceProxy     : -> POST https://api.ibkr.com/v1/api/iserver/auth/ssodh/init,200|460ms
18:26:32.847 DEBUG vert.x-eventloop-thread-0 ClientPortalService  : iserver init : {"passed":true,"authenticated":true,"connected":true,"established":false,"competing":false,"hardware_info":"275c5aa2|06:A8:C0:D9:D5:E3"}
18:26:32.847 INFO  vert.x-eventloop-thread-0 ClientPortalService  : process auth status {"passed":true,"authenticated":true,"connected":true,"established":false,"competing":false,"hardware_info":"275c5aa2|06:A8:C0:D9:D5:E3"}
18:26:32.848 DEBUG vert.x-eventloop-thread-0 BaseServiceProxy     : start timer 30000 ClientPortalService
18:26:32.899 INFO  vert.x-eventloop-thread-0 BaseServiceProxy     : -> GET /v1/api/iserver/accounts,200|51ms
18:26:32.900 DEBUG vert.x-eventloop-thread-0 ClientPortalService  : iserver accounts {}
18:26:34.251 INFO  vert.x-eventloop-thread-0 BaseServiceProxy     : -> GET /v1/api/iserver/auth/ssodh/init?publish=true&compete=true,200|343ms
18:26:34.463 INFO  vert.x-eventloop-thread-0 BaseServiceProxy     : -> GET /v1/api/iserver/account/orders,200|168ms
18:26:34.563 INFO  vert.x-eventloop-thread-0 BaseServiceProxy     : -> GET /v1/api/tickle,200|74ms
18:26:38.860 INFO  vert.x-eventloop-thread-0 BaseServiceProxy     : -> GET /v1/api/iserver/account/orders,200|67ms
18:26:39.153 INFO  vert.x-eventloop-thread-0 BaseServiceProxy     : -> GET /v1/api/portfolio/U5799398/positions/0?direction=a&period=1W&sort=position,200|351ms
18:27:02.931 INFO  vert.x-eventloop-thread-0 BaseServiceProxy     : -> GET /v1/api/tickle,200|77ms
18:27:02.932 DEBUG vert.x-eventloop-thread-0 ClientPortalService  : tickle {"session":"074fd67db450dc2e2f772e28ca2bb745","ssoExpires":564582,"collission":false,"userId":50301190,"hmds":{"error":"no bridge"},"iserver":{"authStatus":{"authenticated":true,"established":true,"competing":false,"connected":true,"message":"","MAC":"06:A8:C0:D9:D5:E3","serverInfo":{"serverName":"JifS04092","serverVersion":"Build 10.44.1h, Apr 20, 2026 11:22:51 AM"},"hardware_info":"275c5aa2|06:A8:C0:D9:D5:E3"}}}
18:27:22.193 INFO  vert.x-eventloop-thread-0 BaseServiceProxy     : -> GET /v1/api/iserver/account/orders,200|86ms
18:27:22.262 INFO  vert.x-eventloop-thread-0 BaseServiceProxy     : -> GET /v1/api/iserver/account/orders,200|59ms
18:27:22.594 INFO  vert.x-eventloop-thread-0 BaseServiceProxy     : -> GET /v1/api/iserver/account/U5799398/order/2114802825,200|320ms
18:27:22.670 INFO  vert.x-eventloop-thread-0 BaseServiceProxy     : -> GET /v1/api/iserver/reply/de56a84a-a2a1-4ef8-9ab0-fa3863cbf8af,200|72ms
18:27:22.744 INFO  vert.x-eventloop-thread-0 BaseServiceProxy     : -> GET /v1/api/iserver/account/orders,200|72ms
18:27:23.167 INFO  vert.x-eventloop-thread-0 BaseServiceProxy     : -> GET /v1/api/iserver/marketdata/history?conid=12460&period=30d&bar=1d&outsideRth=false,200|407ms
18:27:23.230 INFO  vert.x-eventloop-thread-0 BaseServiceProxy     : -> GET /v1/api/iserver/marketdata/history?conid=12460&period=30d&bar=1d&outsideRth=false,200|58ms
18:27:23.342 INFO  vert.x-eventloop-thread-0 BaseServiceProxy     : -> GET /v1/api/iserver/account/orders,200|53ms
18:27:32.910 INFO  vert.x-eventloop-thread-0 BaseServiceProxy     : -> GET /v1/api/tickle,200|61ms
18:27:32.912 DEBUG vert.x-eventloop-thread-0 ClientPortalService  : tickle {"session":"074fd67db450dc2e2f772e28ca2bb745","ssoExpires":534602,"collission":false,"userId":50301190,"hmds":{"error":"no bridge"},"iserver":{"authStatus":{"authenticated":true,"established":true,"competing":false,"connected":true,"message":"","MAC":"06:A8:C0:D9:D5:E3","serverInfo":{"serverName":"JifS04092","serverVersion":"Build 10.44.1h, Apr 20, 2026 11:22:51 AM"},"hardware_info":"275c5aa2|06:A8:C0:D9:D5:E3"}}}
18:28:02.943 INFO  vert.x-eventloop-thread-0 BaseServiceProxy     : -> GET /v1/api/tickle,200|92ms
18:28:02.945 DEBUG vert.x-eventloop-thread-0 ClientPortalService  : tickle {"session":"074fd67db450dc2e2f772e28ca2bb745","ssoExpires":504574,"collission":false,"userId":50301190,"hmds":{"error":"no bridge"},"iserver":{"authStatus":{"authenticated":true,"established":true,"competing":false,"connected":true,"message":"","MAC":"06:A8:C0:D9:D5:E3","serverInfo":{"serverName":"JifS04092","serverVersion":"Build 10.44.1h, Apr 20, 2026 11:22:51 AM"},"hardware_info":"275c5aa2|06:A8:C0:D9:D5:E3"}}}
18:28:32.951 INFO  vert.x-eventloop-thread-0 BaseServiceProxy     : -> GET /v1/api/tickle,200|102ms
18:28:32.953 DEBUG vert.x-eventloop-thread-0 ClientPortalService  : tickle {"session":"074fd67db450dc2e2f772e28ca2bb745","ssoExpires":474588,"collission":false,"userId":50301190,"hmds":{"error":"no bridge"},"iserver":{"authStatus":{"authenticated":true,"established":true,"competing":false,"connected":true,"message":"","MAC":"06:A8:C0:D9:D5:E3","serverInfo":{"serverName":"JifS04092","serverVersion":"Build 10.44.1h, Apr 20, 2026 11:22:51 AM"},"hardware_info":"275c5aa2|06:A8:C0:D9:D5:E3"}}}
18:29:02.903 INFO  vert.x-eventloop-thread-0 BaseServiceProxy     : -> GET /v1/api/tickle,200|54ms
18:29:02.905 DEBUG vert.x-eventloop-thread-0 ClientPortalService  : tickle {"session":"074fd67db450dc2e2f772e28ca2bb745","ssoExpires":444611,"collission":false,"userId":50301190,"hmds":{"error":"no bridge"},"iserver":{"authStatus":{"authenticated":true,"established":true,"competing":false,"connected":true,"message":"","MAC":"06:A8:C0:D9:D5:E3","serverInfo":{"serverName":"JifS04092","serverVersion":"Build 10.44.1h, Apr 20, 2026 11:22:51 AM"},"hardware_info":"275c5aa2|06:A8:C0:D9:D5:E3"}}}
18:29:32.921 INFO  vert.x-eventloop-thread-0 BaseServiceProxy     : -> GET /v1/api/tickle,200|72ms
18:29:32.924 DEBUG vert.x-eventloop-thread-0 ClientPortalService  : tickle {"session":"074fd67db450dc2e2f772e28ca2bb745","ssoExpires":414592,"collission":false,"userId":50301190,"hmds":{"error":"no bridge"},"iserver":{"authStatus":{"authenticated":true,"established":true,"competing":false,"connected":true,"message":"","MAC":"06:A8:C0:D9:D5:E3","serverInfo":{"serverName":"JifS04092","serverVersion":"Build 10.44.1h, Apr 20, 2026 11:22:51 AM"},"hardware_info":"275c5aa2|06:A8:C0:D9:D5:E3"}}}
18:29:34.740 INFO  vert.x-eventloop-thread-0 BaseServiceProxy     : -> GET /v1/api/tickle,200|58ms
18:30:03.155 INFO  vert.x-eventloop-thread-0 BaseServiceProxy     : -> GET /v1/api/tickle,200|305ms
18:30:03.159 DEBUG vert.x-eventloop-thread-0 ClientPortalService  : tickle {"session":"074fd67db450dc2e2f772e28ca2bb745","ssoExpires":384358,"collission":false,"userId":50301190,"hmds":{"error":"no bridge"},"iserver":{"authStatus":{"authenticated":true,"established":true,"competing":false,"connected":true,"message":"","MAC":"06:A8:C0:D9:D5:E3","serverInfo":{"serverName":"JifS04092","serverVersion":"Build 10.44.1h, Apr 20, 2026 11:22:51 AM"},"hardware_info":"275c5aa2|06:A8:C0:D9:D5:E3"}}}
18:30:32.908 INFO  vert.x-eventloop-thread-0 BaseServiceProxy     : -> GET /v1/api/tickle,200|59ms
18:30:32.909 DEBUG vert.x-eventloop-thread-0 ClientPortalService  : tickle {"session":"074fd67db450dc2e2f772e28ca2bb745","ssoExpires":354608,"collission":false,"userId":50301190,"hmds":{"error":"no bridge"},"iserver":{"authStatus":{"authenticated":true,"established":true,"competing":false,"connected":true,"message":"","MAC":"06:A8:C0:D9:D5:E3","serverInfo":{"serverName":"JifS04092","serverVersion":"Build 10.44.1h, Apr 20, 2026 11:22:51 AM"},"hardware_info":"275c5aa2|06:A8:C0:D9:D5:E3"}}}
18:31:02.913 INFO  vert.x-eventloop-thread-0 BaseServiceProxy     : -> GET /v1/api/tickle,200|64ms
18:31:02.915 DEBUG vert.x-eventloop-thread-0 ClientPortalService  : tickle {"session":"074fd67db450dc2e2f772e28ca2bb745","ssoExpires":324601,"collission":false,"userId":50301190,"hmds":{"error":"no bridge"},"iserver":{"authStatus":{"authenticated":true,"established":true,"competing":false,"connected":true,"message":"","MAC":"06:A8:C0:D9:D5:E3","serverInfo":{"serverName":"JifS04092","serverVersion":"Build 10.44.1h, Apr 20, 2026 11:22:51 AM"},"hardware_info":"275c5aa2|06:A8:C0:D9:D5:E3"}}}
18:31:27.946 INFO  vert.x-eventloop-thread-0 BaseServiceProxy     : -> GET /sso/ping,200|282ms
18:31:27.948 INFO  vert.x-eventloop-thread-0 SsoService           : sso ping {"result": "true"}
18:31:32.926 INFO  vert.x-eventloop-thread-0 BaseServiceProxy     : -> GET /v1/api/tickle,200|78ms
18:31:32.927 DEBUG vert.x-eventloop-thread-0 ClientPortalService  : tickle {"session":"074fd67db450dc2e2f772e28ca2bb745","ssoExpires":294601,"collission":false,"userId":50301190,"hmds":{"error":"no bridge"},"iserver":{"authStatus":{"authenticated":true,"established":true,"competing":false,"connected":true,"message":"","MAC":"06:A8:C0:D9:D5:E3","serverInfo":{"serverName":"JifS04092","serverVersion":"Build 10.44.1h, Apr 20, 2026 11:22:51 AM"},"hardware_info":"275c5aa2|06:A8:C0:D9:D5:E3"}}}
18:32:02.906 INFO  vert.x-eventloop-thread-0 BaseServiceProxy     : -> GET /v1/api/tickle,200|58ms
18:32:02.908 DEBUG vert.x-eventloop-thread-0 ClientPortalService  : tickle {"session":"074fd67db450dc2e2f772e28ca2bb745","ssoExpires":264608,"collission":false,"userId":50301190,"hmds":{"error":"no bridge"},"iserver":{"authStatus":{"authenticated":true,"established":true,"competing":false,"connected":true,"message":"","MAC":"06:A8:C0:D9:D5:E3","serverInfo":{"serverName":"JifS04092","serverVersion":"Build 10.44.1h, Apr 20, 2026 11:22:51 AM"},"hardware_info":"275c5aa2|06:A8:C0:D9:D5:E3"}}}
18:32:32.914 INFO  vert.x-eventloop-thread-0 BaseServiceProxy     : -> GET /v1/api/tickle,200|66ms
18:32:32.915 DEBUG vert.x-eventloop-thread-0 ClientPortalService  : tickle {"session":"074fd67db450dc2e2f772e28ca2bb745","ssoExpires":234601,"collission":false,"userId":50301190,"hmds":{"error":"no bridge"},"iserver":{"authStatus":{"authenticated":true,"established":true,"competing":false,"connected":true,"message":"","MAC":"06:A8:C0:D9:D5:E3","serverInfo":{"serverName":"JifS04092","serverVersion":"Build 10.44.1h, Apr 20, 2026 11:22:51 AM"},"hardware_info":"275c5aa2|06:A8:C0:D9:D5:E3"}}}
18:32:35.130 INFO  vert.x-eventloop-thread-0 BaseServiceProxy     : -> GET /v1/api/tickle,200|298ms
18:33:02.922 INFO  vert.x-eventloop-thread-0 BaseServiceProxy     : -> GET /v1/api/tickle,200|74ms
18:33:02.923 DEBUG vert.x-eventloop-thread-0 ClientPortalService  : tickle {"session":"074fd67db450dc2e2f772e28ca2bb745","ssoExpires":204589,"collission":false,"userId":50301190,"hmds":{"error":"no bridge"},"iserver":{"authStatus":{"authenticated":true,"established":true,"competing":false,"connected":true,"message":"","MAC":"06:A8:C0:D9:D5:E3","serverInfo":{"serverName":"JifS04092","serverVersion":"Build 10.44.1h, Apr 20, 2026 11:22:51 AM"},"hardware_info":"275c5aa2|06:A8:C0:D9:D5:E3"}}}
18:33:32.909 INFO  vert.x-eventloop-thread-0 BaseServiceProxy     : -> GET /v1/api/tickle,200|61ms
18:33:32.911 DEBUG vert.x-eventloop-thread-0 ClientPortalService  : tickle {"session":"074fd67db450dc2e2f772e28ca2bb745","ssoExpires":174603,"collission":false,"userId":50301190,"hmds":{"error":"no bridge"},"iserver":{"authStatus":{"authenticated":true,"established":true,"competing":false,"connected":true,"message":"","MAC":"06:A8:C0:D9:D5:E3","serverInfo":{"serverName":"JifS04092","serverVersion":"Build 10.44.1h, Apr 20, 2026 11:22:51 AM"},"hardware_info":"275c5aa2|06:A8:C0:D9:D5:E3"}}}
18:34:02.910 INFO  vert.x-eventloop-thread-0 BaseServiceProxy     : -> GET /v1/api/tickle,200|62ms
18:34:02.911 DEBUG vert.x-eventloop-thread-0 ClientPortalService  : tickle {"session":"074fd67db450dc2e2f772e28ca2bb745","ssoExpires":144604,"collission":false,"userId":50301190,"hmds":{"error":"no bridge"},"iserver":{"authStatus":{"authenticated":true,"established":true,"competing":false,"connected":true,"message":"","MAC":"06:A8:C0:D9:D5:E3","serverInfo":{"serverName":"JifS04092","serverVersion":"Build 10.44.1h, Apr 20, 2026 11:22:51 AM"},"hardware_info":"275c5aa2|06:A8:C0:D9:D5:E3"}}}
18:34:32.912 INFO  vert.x-eventloop-thread-0 BaseServiceProxy     : -> GET /v1/api/tickle,200|64ms
18:34:32.915 DEBUG vert.x-eventloop-thread-0 ClientPortalService  : tickle {"session":"074fd67db450dc2e2f772e28ca2bb745","ssoExpires":114609,"collission":false,"userId":50301190,"hmds":{"error":"no bridge"},"iserver":{"authStatus":{"authenticated":true,"established":true,"competing":false,"connected":true,"message":"","MAC":"06:A8:C0:D9:D5:E3","serverInfo":{"serverName":"JifS04092","serverVersion":"Build 10.44.1h, Apr 20, 2026 11:22:51 AM"},"hardware_info":"275c5aa2|06:A8:C0:D9:D5:E3"}}}
18:35:03.150 INFO  vert.x-eventloop-thread-0 BaseServiceProxy     : -> GET /v1/api/tickle,200|301ms
18:35:03.152 DEBUG vert.x-eventloop-thread-0 ClientPortalService  : tickle {"session":"074fd67db450dc2e2f772e28ca2bb745","ssoExpires":84371,"collission":false,"userId":50301190,"hmds":{"error":"no bridge"},"iserver":{"authStatus":{"authenticated":true,"established":true,"competing":false,"connected":true,"message":"","MAC":"06:A8:C0:D9:D5:E3","serverInfo":{"serverName":"JifS04092","serverVersion":"Build 10.44.1h, Apr 20, 2026 11:22:51 AM"},"hardware_info":"275c5aa2|06:A8:C0:D9:D5:E3"}}}
18:35:32.933 INFO  vert.x-eventloop-thread-0 BaseServiceProxy     : -> GET /v1/api/tickle,200|85ms
18:35:32.934 DEBUG vert.x-eventloop-thread-0 ClientPortalService  : tickle {"session":"074fd67db450dc2e2f772e28ca2bb745","ssoExpires":54587,"collission":false,"userId":50301190,"hmds":{"error":"no bridge"},"iserver":{"authStatus":{"authenticated":true,"established":true,"competing":false,"connected":true,"message":"","MAC":"06:A8:C0:D9:D5:E3","serverInfo":{"serverName":"JifS04092","serverVersion":"Build 10.44.1h, Apr 20, 2026 11:22:51 AM"},"hardware_info":"275c5aa2|06:A8:C0:D9:D5:E3"}}}
18:35:35.335 INFO  vert.x-eventloop-thread-0 BaseServiceProxy     : -> GET /v1/api/tickle,200|72ms
18:36:02.901 INFO  vert.x-eventloop-thread-0 BaseServiceProxy     : -> GET /v1/api/tickle,200|52ms
18:36:02.903 DEBUG vert.x-eventloop-thread-0 ClientPortalService  : tickle {"session":"074fd67db450dc2e2f772e28ca2bb745","ssoExpires":24610,"collission":false,"userId":50301190,"hmds":{"error":"no bridge"},"iserver":{"authStatus":{"authenticated":true,"established":true,"competing":false,"connected":true,"message":"","MAC":"06:A8:C0:D9:D5:E3","serverInfo":{"serverName":"JifS04092","serverVersion":"Build 10.44.1h, Apr 20, 2026 11:22:51 AM"},"hardware_info":"275c5aa2|06:A8:C0:D9:D5:E3"}}}
18:36:27.940 INFO  vert.x-eventloop-thread-0 BaseServiceProxy     : -> GET /sso/ping,200|279ms
18:36:27.942 INFO  vert.x-eventloop-thread-0 SsoService           : sso ping {"result": "true"}
18:36:33.137 INFO  vert.x-eventloop-thread-0 BaseServiceProxy     : -> GET /v1/api/tickle,200|288ms
18:36:33.138 DEBUG vert.x-eventloop-thread-0 ClientPortalService  : tickle {"session":"074fd67db450dc2e2f772e28ca2bb745","ssoExpires":600000,"collission":false,"userId":50301190,"hmds":{"error":"no bridge"},"iserver":{"authStatus":{"authenticated":true,"established":true,"competing":false,"connected":true,"message":"","MAC":"06:A8:C0:D9:D5:E3","serverInfo":{"serverName":"JifS04092","serverVersion":"Build 10.44.1h, Apr 20, 2026 11:22:51 AM"},"hardware_info":"275c5aa2|06:A8:C0:D9:D5:E3"}}}
18:37:02.918 INFO  vert.x-eventloop-thread-0 BaseServiceProxy     : -> GET /v1/api/tickle,200|69ms
18:37:02.920 DEBUG vert.x-eventloop-thread-0 ClientPortalService  : tickle {"session":"074fd67db450dc2e2f772e28ca2bb745","ssoExpires":570226,"collission":false,"userId":50301190,"hmds":{"error":"no bridge"},"iserver":{"authStatus":{"authenticated":true,"established":true,"competing":false,"connected":true,"message":"","MAC":"06:A8:C0:D9:D5:E3","serverInfo":{"serverName":"JifS04092","serverVersion":"Build 10.44.1h, Apr 20, 2026 11:22:51 AM"},"hardware_info":"275c5aa2|06:A8:C0:D9:D5:E3"}}}
18:37:33.167 INFO  vert.x-eventloop-thread-0 BaseServiceProxy     : -> GET /v1/api/tickle,200|319ms
18:37:33.168 DEBUG vert.x-eventloop-thread-0 ClientPortalService  : tickle {"session":"074fd67db450dc2e2f772e28ca2bb745","ssoExpires":539969,"collission":false,"userId":50301190,"hmds":{"error":"no bridge"},"iserver":{"authStatus":{"authenticated":true,"established":true,"competing":false,"connected":true,"message":"","MAC":"06:A8:C0:D9:D5:E3","serverInfo":{"serverName":"JifS04092","serverVersion":"Build 10.44.1h, Apr 20, 2026 11:22:51 AM"},"hardware_info":"275c5aa2|06:A8:C0:D9:D5:E3"}}}
18:38:02.922 INFO  vert.x-eventloop-thread-0 BaseServiceProxy     : -> GET /v1/api/tickle,200|73ms
18:38:02.923 DEBUG vert.x-eventloop-thread-0 ClientPortalService  : tickle {"session":"074fd67db450dc2e2f772e28ca2bb745","ssoExpires":510213,"collission":false,"userId":50301190,"hmds":{"error":"no bridge"},"iserver":{"authStatus":{"authenticated":true,"established":true,"competing":false,"connected":true,"message":"","MAC":"06:A8:C0:D9:D5:E3","serverInfo":{"serverName":"JifS04092","serverVersion":"Build 10.44.1h, Apr 20, 2026 11:22:51 AM"},"hardware_info":"275c5aa2|06:A8:C0:D9:D5:E3"}}}
18:38:33.169 INFO  vert.x-eventloop-thread-0 BaseServiceProxy     : -> GET /v1/api/tickle,200|320ms
18:38:33.171 DEBUG vert.x-eventloop-thread-0 ClientPortalService  : tickle {"session":"074fd67db450dc2e2f772e28ca2bb745","ssoExpires":479987,"collission":false,"userId":50301190,"hmds":{"error":"no bridge"},"iserver":{"authStatus":{"authenticated":true,"established":true,"competing":false,"connected":true,"message":"","MAC":"06:A8:C0:D9:D5:E3","serverInfo":{"serverName":"JifS04092","serverVersion":"Build 10.44.1h, Apr 20, 2026 11:22:51 AM"},"hardware_info":"275c5aa2|06:A8:C0:D9:D5:E3"}}}
18:38:35.726 INFO  vert.x-eventloop-thread-0 BaseServiceProxy     : -> GET /v1/api/tickle,200|301ms
18:39:02.910 INFO  vert.x-eventloop-thread-0 BaseServiceProxy     : -> GET /v1/api/tickle,200|61ms
18:39:02.912 DEBUG vert.x-eventloop-thread-0 ClientPortalService  : tickle {"session":"074fd67db450dc2e2f772e28ca2bb745","ssoExpires":450226,"collission":false,"userId":50301190,"hmds":{"error":"no bridge"},"iserver":{"authStatus":{"authenticated":true,"established":true,"competing":false,"connected":true,"message":"","MAC":"06:A8:C0:D9:D5:E3","serverInfo":{"serverName":"JifS04092","serverVersion":"Build 10.44.1h, Apr 20, 2026 11:22:51 AM"},"hardware_info":"275c5aa2|06:A8:C0:D9:D5:E3"}}}
18:39:32.917 INFO  vert.x-eventloop-thread-0 BaseServiceProxy     : -> GET /v1/api/tickle,200|69ms
18:39:32.919 DEBUG vert.x-eventloop-thread-0 ClientPortalService  : tickle {"session":"074fd67db450dc2e2f772e28ca2bb745","ssoExpires":420219,"collission":false,"userId":50301190,"hmds":{"error":"no bridge"},"iserver":{"authStatus":{"authenticated":true,"established":true,"competing":false,"connected":true,"message":"","MAC":"06:A8:C0:D9:D5:E3","serverInfo":{"serverName":"JifS04092","serverVersion":"Build 10.44.1h, Apr 20, 2026 11:22:51 AM"},"hardware_info":"275c5aa2|06:A8:C0:D9:D5:E3"}}}
18:40:02.913 INFO  vert.x-eventloop-thread-0 BaseServiceProxy     : -> GET /v1/api/tickle,200|64ms
18:40:02.915 DEBUG vert.x-eventloop-thread-0 ClientPortalService  : tickle {"session":"074fd67db450dc2e2f772e28ca2bb745","ssoExpires":390225,"collission":false,"userId":50301190,"hmds":{"error":"no bridge"},"iserver":{"authStatus":{"authenticated":true,"established":true,"competing":false,"connected":true,"message":"","MAC":"06:A8:C0:D9:D5:E3","serverInfo":{"serverName":"JifS04092","serverVersion":"Build 10.44.1h, Apr 20, 2026 11:22:51 AM"},"hardware_info":"275c5aa2|06:A8:C0:D9:D5:E3"}}}
18:40:32.909 INFO  vert.x-eventloop-thread-0 BaseServiceProxy     : -> GET /v1/api/tickle,200|57ms
18:40:32.911 DEBUG vert.x-eventloop-thread-0 ClientPortalService  : tickle {"session":"074fd67db450dc2e2f772e28ca2bb745","ssoExpires":360226,"collission":false,"userId":50301190,"hmds":{"error":"no bridge"},"iserver":{"authStatus":{"authenticated":true,"established":true,"competing":false,"connected":true,"message":"","MAC":"06:A8:C0:D9:D5:E3","serverInfo":{"serverName":"JifS04092","serverVersion":"Build 10.44.1h, Apr 20, 2026 11:22:51 AM"},"hardware_info":"275c5aa2|06:A8:C0:D9:D5:E3"}}}
18:41:03.184 INFO  vert.x-eventloop-thread-0 BaseServiceProxy     : -> GET /v1/api/tickle,200|336ms
18:41:03.185 DEBUG vert.x-eventloop-thread-0 ClientPortalService  : tickle {"session":"074fd67db450dc2e2f772e28ca2bb745","ssoExpires":329995,"collission":false,"userId":50301190,"hmds":{"error":"no bridge"},"iserver":{"authStatus":{"authenticated":true,"established":true,"competing":false,"connected":true,"message":"","MAC":"06:A8:C0:D9:D5:E3","serverInfo":{"serverName":"JifS04092","serverVersion":"Build 10.44.1h, Apr 20, 2026 11:22:51 AM"},"hardware_info":"275c5aa2|06:A8:C0:D9:D5:E3"}}}
18:41:28.379 INFO  vert.x-eventloop-thread-0 BaseServiceProxy     : -> GET /sso/ping,200|719ms
18:41:28.381 INFO  vert.x-eventloop-thread-0 SsoService           : sso ping {"result": "true"}
18:41:33.187 INFO  vert.x-eventloop-thread-0 BaseServiceProxy     : -> GET /v1/api/tickle,200|339ms
18:41:33.188 DEBUG vert.x-eventloop-thread-0 ClientPortalService  : tickle {"session":"074fd67db450dc2e2f772e28ca2bb745","ssoExpires":299989,"collission":false,"userId":50301190,"hmds":{"error":"no bridge"},"iserver":{"authStatus":{"authenticated":true,"established":true,"competing":false,"connected":true,"message":"","MAC":"06:A8:C0:D9:D5:E3","serverInfo":{"serverName":"JifS04092","serverVersion":"Build 10.44.1h, Apr 20, 2026 11:22:51 AM"},"hardware_info":"275c5aa2|06:A8:C0:D9:D5:E3"}}}
18:41:35.906 INFO  vert.x-eventloop-thread-0 BaseServiceProxy     : -> GET /v1/api/tickle,200|56ms
18:42:02.904 INFO  vert.x-eventloop-thread-0 BaseServiceProxy     : -> GET /v1/api/tickle,200|56ms
18:42:02.905 DEBUG vert.x-eventloop-thread-0 ClientPortalService  : tickle {"session":"074fd67db450dc2e2f772e28ca2bb745","ssoExpires":270234,"collission":false,"userId":50301190,"hmds":{"error":"no bridge"},"iserver":{"authStatus":{"authenticated":true,"established":true,"competing":false,"connected":true,"message":"","MAC":"06:A8:C0:D9:D5:E3","serverInfo":{"serverName":"JifS04092","serverVersion":"Build 10.44.1h, Apr 20, 2026 11:22:51 AM"},"hardware_info":"275c5aa2|06:A8:C0:D9:D5:E3"}}}
18:42:33.192 INFO  vert.x-eventloop-thread-0 BaseServiceProxy     : -> GET /v1/api/tickle,200|344ms
18:42:33.193 DEBUG vert.x-eventloop-thread-0 ClientPortalService  : tickle {"session":"074fd67db450dc2e2f772e28ca2bb745","ssoExpires":239975,"collission":false,"userId":50301190,"hmds":{"error":"no bridge"},"iserver":{"authStatus":{"authenticated":true,"established":true,"competing":false,"connected":true,"message":"","MAC":"06:A8:C0:D9:D5:E3","serverInfo":{"serverName":"JifS04092","serverVersion":"Build 10.44.1h, Apr 20, 2026 11:22:51 AM"},"hardware_info":"275c5aa2|06:A8:C0:D9:D5:E3"}}}
18:43:02.912 INFO  vert.x-eventloop-thread-0 BaseServiceProxy     : -> GET /v1/api/tickle,200|63ms
18:43:02.916 DEBUG vert.x-eventloop-thread-0 ClientPortalService  : tickle {"session":"074fd67db450dc2e2f772e28ca2bb745","ssoExpires":210222,"collission":false,"userId":50301190,"hmds":{"error":"no bridge"},"iserver":{"authStatus":{"authenticated":true,"established":true,"competing":false,"connected":true,"message":"","MAC":"06:A8:C0:D9:D5:E3","serverInfo":{"serverName":"JifS04092","serverVersion":"Build 10.44.1h, Apr 20, 2026 11:22:51 AM"},"hardware_info":"275c5aa2|06:A8:C0:D9:D5:E3"}}}
18:43:32.915 INFO  vert.x-eventloop-thread-0 BaseServiceProxy     : -> GET /v1/api/tickle,200|68ms
18:43:32.916 DEBUG vert.x-eventloop-thread-0 ClientPortalService  : tickle {"session":"074fd67db450dc2e2f772e28ca2bb745","ssoExpires":180222,"collission":false,"userId":50301190,"hmds":{"error":"no bridge"},"iserver":{"authStatus":{"authenticated":true,"established":true,"competing":false,"connected":true,"message":"","MAC":"06:A8:C0:D9:D5:E3","serverInfo":{"serverName":"JifS04092","serverVersion":"Build 10.44.1h, Apr 20, 2026 11:22:51 AM"},"hardware_info":"275c5aa2|06:A8:C0:D9:D5:E3"}}}
18:44:02.907 INFO  vert.x-eventloop-thread-0 BaseServiceProxy     : -> GET /v1/api/tickle,200|59ms
18:44:02.910 DEBUG vert.x-eventloop-thread-0 ClientPortalService  : tickle {"session":"074fd67db450dc2e2f772e28ca2bb745","ssoExpires":150228,"collission":false,"userId":50301190,"hmds":{"error":"no bridge"},"iserver":{"authStatus":{"authenticated":true,"established":true,"competing":false,"connected":true,"message":"","MAC":"06:A8:C0:D9:D5:E3","serverInfo":{"serverName":"JifS04092","serverVersion":"Build 10.44.1h, Apr 20, 2026 11:22:51 AM"},"hardware_info":"275c5aa2|06:A8:C0:D9:D5:E3"}}}
18:44:33.205 INFO  vert.x-eventloop-thread-0 BaseServiceProxy     : -> GET /v1/api/tickle,200|358ms
18:44:33.207 DEBUG vert.x-eventloop-thread-0 ClientPortalService  : tickle {"session":"074fd67db450dc2e2f772e28ca2bb745","ssoExpires":119993,"collission":false,"userId":50301190,"hmds":{"error":"no bridge"},"iserver":{"authStatus":{"authenticated":true,"established":true,"competing":false,"connected":true,"message":"","MAC":"06:A8:C0:D9:D5:E3","serverInfo":{"serverName":"JifS04092","serverVersion":"Build 10.44.1h, Apr 20, 2026 11:22:51 AM"},"hardware_info":"275c5aa2|06:A8:C0:D9:D5:E3"}}}
18:44:36.216 INFO  vert.x-eventloop-thread-0 BaseServiceProxy     : -> GET /v1/api/tickle,200|221ms
18:45:02.993 INFO  vert.x-eventloop-thread-0 BaseServiceProxy     : -> GET /v1/api/tickle,200|140ms
18:45:03.000 DEBUG vert.x-eventloop-thread-0 ClientPortalService  : tickle {"session":"074fd67db450dc2e2f772e28ca2bb745","ssoExpires":90144,"collission":false,"userId":50301190,"hmds":{"error":"no bridge"},"iserver":{"authStatus":{"authenticated":true,"established":true,"competing":false,"connected":true,"message":"","MAC":"06:A8:C0:D9:D5:E3","serverInfo":{"serverName":"JifS04092","serverVersion":"Build 10.44.1h, Apr 20, 2026 11:22:51 AM"},"hardware_info":"275c5aa2|06:A8:C0:D9:D5:E3"}}}
18:45:32.905 INFO  vert.x-eventloop-thread-0 BaseServiceProxy     : -> GET /v1/api/tickle,200|57ms
18:45:32.906 DEBUG vert.x-eventloop-thread-0 ClientPortalService  : tickle {"session":"074fd67db450dc2e2f772e28ca2bb745","ssoExpires":60228,"collission":false,"userId":50301190,"hmds":{"error":"no bridge"},"iserver":{"authStatus":{"authenticated":true,"established":true,"competing":false,"connected":true,"message":"","MAC":"06:A8:C0:D9:D5:E3","serverInfo":{"serverName":"JifS04092","serverVersion":"Build 10.44.1h, Apr 20, 2026 11:22:51 AM"},"hardware_info":"275c5aa2|06:A8:C0:D9:D5:E3"}}}
18:46:02.913 INFO  vert.x-eventloop-thread-0 BaseServiceProxy     : -> GET /v1/api/tickle,200|66ms
18:46:02.915 DEBUG vert.x-eventloop-thread-0 ClientPortalService  : tickle {"session":"074fd67db450dc2e2f772e28ca2bb745","ssoExpires":30220,"collission":false,"userId":50301190,"hmds":{"error":"no bridge"},"iserver":{"authStatus":{"authenticated":true,"established":true,"competing":false,"connected":true,"message":"","MAC":"06:A8:C0:D9:D5:E3","serverInfo":{"serverName":"JifS04092","serverVersion":"Build 10.44.1h, Apr 20, 2026 11:22:51 AM"},"hardware_info":"275c5aa2|06:A8:C0:D9:D5:E3"}}}
18:46:28.180 INFO  vert.x-eventloop-thread-0 BaseServiceProxy     : -> GET /sso/ping,200|521ms
18:46:28.182 INFO  vert.x-eventloop-thread-0 SsoService           : sso ping {"result": "true"}
18:46:32.907 INFO  vert.x-eventloop-thread-0 BaseServiceProxy     : -> GET /v1/api/tickle,200|60ms
18:46:32.907 DEBUG vert.x-eventloop-thread-0 ClientPortalService  : tickle {"session":"074fd67db450dc2e2f772e28ca2bb745","ssoExpires":228,"collission":false,"userId":50301190,"hmds":{"error":"no bridge"},"iserver":{"authStatus":{"authenticated":true,"established":true,"competing":false,"connected":true,"message":"","MAC":"06:A8:C0:D9:D5:E3","serverInfo":{"serverName":"JifS04092","serverVersion":"Build 10.44.1h, Apr 20, 2026 11:22:51 AM"},"hardware_info":"275c5aa2|06:A8:C0:D9:D5:E3"}}}
18:47:02.901 INFO  vert.x-eventloop-thread-0 BaseServiceProxy     : -> GET /v1/api/tickle,200|55ms
18:47:02.901 DEBUG vert.x-eventloop-thread-0 ClientPortalService  : tickle {"session":"074fd67db450dc2e2f772e28ca2bb745","ssoExpires":600000,"collission":false,"userId":50301190,"hmds":{"error":"no bridge"},"iserver":{"authStatus":{"authenticated":true,"established":true,"competing":false,"connected":true,"message":"","MAC":"06:A8:C0:D9:D5:E3","serverInfo":{"serverName":"JifS04092","serverVersion":"Build 10.44.1h, Apr 20, 2026 11:22:51 AM"},"hardware_info":"275c5aa2|06:A8:C0:D9:D5:E3"}}}
18:47:33.058 INFO  vert.x-eventloop-thread-0 BaseServiceProxy     : -> GET /v1/api/tickle,200|211ms
18:47:33.059 DEBUG vert.x-eventloop-thread-0 ClientPortalService  : tickle {"session":"074fd67db450dc2e2f772e28ca2bb745","ssoExpires":569846,"collission":false,"userId":50301190,"hmds":{"error":"no bridge"},"iserver":{"authStatus":{"authenticated":true,"established":true,"competing":false,"connected":true,"message":"","MAC":"06:A8:C0:D9:D5:E3","serverInfo":{"serverName":"JifS04092","serverVersion":"Build 10.44.1h, Apr 20, 2026 11:22:51 AM"},"hardware_info":"275c5aa2|06:A8:C0:D9:D5:E3"}}}
18:47:36.634 INFO  vert.x-eventloop-thread-0 BaseServiceProxy     : -> GET /v1/api/tickle,200|321ms
18:48:02.934 INFO  vert.x-eventloop-thread-0 BaseServiceProxy     : -> GET /v1/api/tickle,200|87ms
18:48:02.934 DEBUG vert.x-eventloop-thread-0 ClientPortalService  : tickle {"session":"074fd67db450dc2e2f772e28ca2bb745","ssoExpires":539999,"collission":false,"userId":50301190,"hmds":{"error":"no bridge"},"iserver":{"authStatus":{"authenticated":true,"established":true,"competing":false,"connected":true,"message":"","MAC":"06:A8:C0:D9:D5:E3","serverInfo":{"serverName":"JifS04092","serverVersion":"Build 10.44.1h, Apr 20, 2026 11:22:51 AM"},"hardware_info":"275c5aa2|06:A8:C0:D9:D5:E3"}}}
18:48:33.234 INFO  vert.x-eventloop-thread-0 BaseServiceProxy     : -> GET /v1/api/tickle,200|388ms
18:48:33.235 DEBUG vert.x-eventloop-thread-0 ClientPortalService  : tickle {"session":"074fd67db450dc2e2f772e28ca2bb745","ssoExpires":509768,"collission":false,"userId":50301190,"hmds":{"error":"no bridge"},"iserver":{"authStatus":{"authenticated":true,"established":true,"competing":false,"connected":true,"message":"","MAC":"06:A8:C0:D9:D5:E3","serverInfo":{"serverName":"JifS04092","serverVersion":"Build 10.44.1h, Apr 20, 2026 11:22:51 AM"},"hardware_info":"275c5aa2|06:A8:C0:D9:D5:E3"}}}
18:49:02.897 INFO  vert.x-eventloop-thread-0 BaseServiceProxy     : -> GET /v1/api/tickle,200|51ms
18:49:02.901 DEBUG vert.x-eventloop-thread-0 ClientPortalService  : tickle {"session":"074fd67db450dc2e2f772e28ca2bb745","ssoExpires":480001,"collission":false,"userId":50301190,"hmds":{"error":"no bridge"},"iserver":{"authStatus":{"authenticated":true,"established":true,"competing":false,"connected":true,"message":"","MAC":"06:A8:C0:D9:D5:E3","serverInfo":{"serverName":"JifS04092","serverVersion":"Build 10.44.1h, Apr 20, 2026 11:22:51 AM"},"hardware_info":"275c5aa2|06:A8:C0:D9:D5:E3"}}}
18:49:15.838 INFO  vert.x-eventloop-thread-0 BaseServiceProxy     : -> GET /v1/api/iserver/account/orders,200|54ms
18:49:15.909 INFO  vert.x-eventloop-thread-0 BaseServiceProxy     : -> GET /v1/api/iserver/account/orders,200|57ms
18:49:16.343 INFO  vert.x-eventloop-thread-0 BaseServiceProxy     : -> GET /v1/api/iserver/account/U5799398/order/758547498,200|422ms
18:49:16.411 INFO  vert.x-eventloop-thread-0 BaseServiceProxy     : -> GET /v1/api/iserver/reply/a026765a-3108-47a5-9d33-632a4ffa5212,200|65ms
18:49:16.471 INFO  vert.x-eventloop-thread-0 BaseServiceProxy     : -> GET /v1/api/iserver/account/orders,200|58ms
18:49:16.772 INFO  vert.x-eventloop-thread-0 BaseServiceProxy     : -> GET /v1/api/iserver/marketdata/history?conid=391048323&period=30d&bar=1d&outsideRth=false,200|285ms
18:49:16.852 INFO  vert.x-eventloop-thread-0 BaseServiceProxy     : -> GET /v1/api/iserver/marketdata/history?conid=391048323&period=30d&bar=1d&outsideRth=false,200|77ms
18:49:16.987 INFO  vert.x-eventloop-thread-0 BaseServiceProxy     : -> GET /v1/api/iserver/account/orders,200|55ms
18:49:32.935 INFO  vert.x-eventloop-thread-0 BaseServiceProxy     : -> GET /v1/api/tickle,200|87ms
18:49:32.938 DEBUG vert.x-eventloop-thread-0 ClientPortalService  : tickle {"session":"074fd67db450dc2e2f772e28ca2bb745","ssoExpires":449980,"collission":false,"userId":50301190,"hmds":{"error":"no bridge"},"iserver":{"authStatus":{"authenticated":true,"established":true,"competing":false,"connected":true,"message":"","MAC":"06:A8:C0:D9:D5:E3","serverInfo":{"serverName":"JifS04092","serverVersion":"Build 10.44.1h, Apr 20, 2026 11:22:51 AM"},"hardware_info":"275c5aa2|06:A8:C0:D9:D5:E3"}}}
18:49:58.635 INFO  vert.x-eventloop-thread-0 BaseServiceProxy     : -> GET /v1/api/iserver/account/orders,200|309ms
18:49:58.711 INFO  vert.x-eventloop-thread-0 BaseServiceProxy     : -> GET /v1/api/iserver/account/orders,200|61ms
18:49:59.040 INFO  vert.x-eventloop-thread-0 BaseServiceProxy     : -> GET /v1/api/iserver/account/U5799398/order/1848206539,200|318ms
18:49:59.102 INFO  vert.x-eventloop-thread-0 BaseServiceProxy     : -> GET /v1/api/iserver/reply/d5e2fd56-883a-4e1b-aee9-0382545ecdc8,200|59ms
18:49:59.159 INFO  vert.x-eventloop-thread-0 BaseServiceProxy     : -> GET /v1/api/iserver/account/orders,200|56ms
18:49:59.554 INFO  vert.x-eventloop-thread-0 BaseServiceProxy     : -> GET /v1/api/iserver/marketdata/history?conid=334909224&period=30d&bar=1d&outsideRth=false,200|384ms
18:49:59.613 INFO  vert.x-eventloop-thread-0 BaseServiceProxy     : -> GET /v1/api/iserver/marketdata/history?conid=334909224&period=30d&bar=1d&outsideRth=false,200|56ms
18:49:59.735 INFO  vert.x-eventloop-thread-0 BaseServiceProxy     : -> GET /v1/api/iserver/account/orders,200|68ms
18:50:02.915 INFO  vert.x-eventloop-thread-0 BaseServiceProxy     : -> GET /v1/api/tickle,200|68ms
18:50:02.917 DEBUG vert.x-eventloop-thread-0 ClientPortalService  : tickle {"session":"074fd67db450dc2e2f772e28ca2bb745","ssoExpires":419984,"collission":false,"userId":50301190,"hmds":{"error":"no bridge"},"iserver":{"authStatus":{"authenticated":true,"established":true,"competing":false,"connected":true,"message":"","MAC":"06:A8:C0:D9:D5:E3","serverInfo":{"serverName":"JifS04092","serverVersion":"Build 10.44.1h, Apr 20, 2026 11:22:51 AM"},"hardware_info":"275c5aa2|06:A8:C0:D9:D5:E3"}}}
18:50:32.913 INFO  vert.x-eventloop-thread-0 BaseServiceProxy     : -> GET /v1/api/tickle,200|67ms
18:50:32.915 DEBUG vert.x-eventloop-thread-0 ClientPortalService  : tickle {"session":"074fd67db450dc2e2f772e28ca2bb745","ssoExpires":389987,"collission":false,"userId":50301190,"hmds":{"error":"no bridge"},"iserver":{"authStatus":{"authenticated":true,"established":true,"competing":false,"connected":true,"message":"","MAC":"06:A8:C0:D9:D5:E3","serverInfo":{"serverName":"JifS04092","serverVersion":"Build 10.44.1h, Apr 20, 2026 11:22:51 AM"},"hardware_info":"275c5aa2|06:A8:C0:D9:D5:E3"}}}
18:50:36.813 INFO  vert.x-eventloop-thread-0 BaseServiceProxy     : -> GET /v1/api/tickle,200|60ms
18:51:03.140 INFO  vert.x-eventloop-thread-0 BaseServiceProxy     : -> GET /v1/api/tickle,200|283ms
18:51:03.141 DEBUG vert.x-eventloop-thread-0 ClientPortalService  : tickle {"session":"074fd67db450dc2e2f772e28ca2bb745","ssoExpires":359771,"collission":false,"userId":50301190,"hmds":{"error":"no bridge"},"iserver":{"authStatus":{"authenticated":true,"established":true,"competing":false,"connected":true,"message":"","MAC":"06:A8:C0:D9:D5:E3","serverInfo":{"serverName":"JifS04092","serverVersion":"Build 10.44.1h, Apr 20, 2026 11:22:51 AM"},"hardware_info":"275c5aa2|06:A8:C0:D9:D5:E3"}}}
18:51:28.190 INFO  vert.x-eventloop-thread-0 BaseServiceProxy     : -> GET /sso/ping,200|519ms
18:51:28.193 INFO  vert.x-eventloop-thread-0 SsoService           : sso ping {"result": "true"}
18:51:32.932 INFO  vert.x-eventloop-thread-0 BaseServiceProxy     : -> GET /v1/api/tickle,200|73ms
18:51:32.932 DEBUG vert.x-eventloop-thread-0 ClientPortalService  : tickle {"session":"074fd67db450dc2e2f772e28ca2bb745","ssoExpires":329981,"collission":false,"userId":50301190,"hmds":{"error":"no bridge"},"iserver":{"authStatus":{"authenticated":true,"established":true,"competing":false,"connected":true,"message":"","MAC":"06:A8:C0:D9:D5:E3","serverInfo":{"serverName":"JifS04092","serverVersion":"Build 10.44.1h, Apr 20, 2026 11:22:51 AM"},"hardware_info":"275c5aa2|06:A8:C0:D9:D5:E3"}}}
18:51:49.633 INFO  vert.x-eventloop-thread-0 BaseServiceProxy     : -> GET /v1/api/iserver/account/trades,200|289ms
18:51:51.740 INFO  vert.x-eventloop-thread-0 BaseServiceProxy     : -> GET /v1/api/iserver/account/trades,200|52ms
18:52:02.935 INFO  vert.x-eventloop-thread-0 BaseServiceProxy     : -> GET /v1/api/tickle,200|77ms
18:52:02.940 DEBUG vert.x-eventloop-thread-0 ClientPortalService  : tickle {"session":"074fd67db450dc2e2f772e28ca2bb745","ssoExpires":299979,"collission":false,"userId":50301190,"hmds":{"error":"no bridge"},"iserver":{"authStatus":{"authenticated":true,"established":true,"competing":false,"connected":true,"message":"","MAC":"06:A8:C0:D9:D5:E3","serverInfo":{"serverName":"JifS04092","serverVersion":"Build 10.44.1h, Apr 20, 2026 11:22:51 AM"},"hardware_info":"275c5aa2|06:A8:C0:D9:D5:E3"}}}
18:52:32.933 INFO  vert.x-eventloop-thread-0 BaseServiceProxy     : -> GET /v1/api/tickle,200|73ms
18:52:32.935 DEBUG vert.x-eventloop-thread-0 ClientPortalService  : tickle {"session":"074fd67db450dc2e2f772e28ca2bb745","ssoExpires":269983,"collission":false,"userId":50301190,"hmds":{"error":"no bridge"},"iserver":{"authStatus":{"authenticated":true,"established":true,"competing":false,"connected":true,"message":"","MAC":"06:A8:C0:D9:D5:E3","serverInfo":{"serverName":"JifS04092","serverVersion":"Build 10.44.1h, Apr 20, 2026 11:22:51 AM"},"hardware_info":"275c5aa2|06:A8:C0:D9:D5:E3"}}}
18:53:02.937 INFO  vert.x-eventloop-thread-0 BaseServiceProxy     : -> GET /v1/api/tickle,200|78ms
18:53:02.940 DEBUG vert.x-eventloop-thread-0 ClientPortalService  : tickle {"session":"074fd67db450dc2e2f772e28ca2bb745","ssoExpires":239975,"collission":false,"userId":50301190,"hmds":{"error":"no bridge"},"iserver":{"authStatus":{"authenticated":true,"established":true,"competing":false,"connected":true,"message":"","MAC":"06:A8:C0:D9:D5:E3","serverInfo":{"serverName":"JifS04092","serverVersion":"Build 10.44.1h, Apr 20, 2026 11:22:51 AM"},"hardware_info":"275c5aa2|06:A8:C0:D9:D5:E3"}}}
18:53:33.173 INFO  vert.x-eventloop-thread-0 BaseServiceProxy     : -> GET /v1/api/tickle,200|314ms
18:53:33.174 DEBUG vert.x-eventloop-thread-0 ClientPortalService  : tickle {"session":"074fd67db450dc2e2f772e28ca2bb745","ssoExpires":209759,"collission":false,"userId":50301190,"hmds":{"error":"no bridge"},"iserver":{"authStatus":{"authenticated":true,"established":true,"competing":false,"connected":true,"message":"","MAC":"06:A8:C0:D9:D5:E3","serverInfo":{"serverName":"JifS04092","serverVersion":"Build 10.44.1h, Apr 20, 2026 11:22:51 AM"},"hardware_info":"275c5aa2|06:A8:C0:D9:D5:E3"}}}
18:53:37.021 INFO  vert.x-eventloop-thread-0 BaseServiceProxy     : -> GET /v1/api/tickle,200|64ms
18:54:03.153 INFO  vert.x-eventloop-thread-0 BaseServiceProxy     : -> GET /v1/api/tickle,200|294ms
18:54:03.153 DEBUG vert.x-eventloop-thread-0 ClientPortalService  : tickle {"session":"074fd67db450dc2e2f772e28ca2bb745","ssoExpires":179763,"collission":false,"userId":50301190,"hmds":{"error":"no bridge"},"iserver":{"authStatus":{"authenticated":true,"established":true,"competing":false,"connected":true,"message":"","MAC":"06:A8:C0:D9:D5:E3","serverInfo":{"serverName":"JifS04092","serverVersion":"Build 10.44.1h, Apr 20, 2026 11:22:51 AM"},"hardware_info":"275c5aa2|06:A8:C0:D9:D5:E3"}}}
18:54:32.923 INFO  vert.x-eventloop-thread-0 BaseServiceProxy     : -> GET /v1/api/tickle,200|63ms
18:54:32.925 DEBUG vert.x-eventloop-thread-0 ClientPortalService  : tickle {"session":"074fd67db450dc2e2f772e28ca2bb745","ssoExpires":149988,"collission":false,"userId":50301190,"hmds":{"error":"no bridge"},"iserver":{"authStatus":{"authenticated":true,"established":true,"competing":false,"connected":true,"message":"","MAC":"06:A8:C0:D9:D5:E3","serverInfo":{"serverName":"JifS04092","serverVersion":"Build 10.44.1h, Apr 20, 2026 11:22:51 AM"},"hardware_info":"275c5aa2|06:A8:C0:D9:D5:E3"}}}
18:55:02.925 INFO  vert.x-eventloop-thread-0 BaseServiceProxy     : -> GET /v1/api/tickle,200|66ms
18:55:02.927 DEBUG vert.x-eventloop-thread-0 ClientPortalService  : tickle {"session":"074fd67db450dc2e2f772e28ca2bb745","ssoExpires":119986,"collission":false,"userId":50301190,"hmds":{"error":"no bridge"},"iserver":{"authStatus":{"authenticated":true,"established":true,"competing":false,"connected":true,"message":"","MAC":"06:A8:C0:D9:D5:E3","serverInfo":{"serverName":"JifS04092","serverVersion":"Build 10.44.1h, Apr 20, 2026 11:22:51 AM"},"hardware_info":"275c5aa2|06:A8:C0:D9:D5:E3"}}}
18:55:33.161 INFO  vert.x-eventloop-thread-0 BaseServiceProxy     : -> GET /v1/api/tickle,200|302ms
18:55:33.163 DEBUG vert.x-eventloop-thread-0 ClientPortalService  : tickle {"session":"074fd67db450dc2e2f772e28ca2bb745","ssoExpires":89755,"collission":false,"userId":50301190,"hmds":{"error":"no bridge"},"iserver":{"authStatus":{"authenticated":true,"established":true,"competing":false,"connected":true,"message":"","MAC":"06:A8:C0:D9:D5:E3","serverInfo":{"serverName":"JifS04092","serverVersion":"Build 10.44.1h, Apr 20, 2026 11:22:51 AM"},"hardware_info":"275c5aa2|06:A8:C0:D9:D5:E3"}}}
18:56:02.952 INFO  vert.x-eventloop-thread-0 BaseServiceProxy     : -> GET /v1/api/tickle,200|92ms
18:56:02.955 DEBUG vert.x-eventloop-thread-0 ClientPortalService  : tickle {"session":"074fd67db450dc2e2f772e28ca2bb745","ssoExpires":59977,"collission":false,"userId":50301190,"hmds":{"error":"no bridge"},"iserver":{"authStatus":{"authenticated":true,"established":true,"competing":false,"connected":true,"message":"","MAC":"06:A8:C0:D9:D5:E3","serverInfo":{"serverName":"JifS04092","serverVersion":"Build 10.44.1h, Apr 20, 2026 11:22:51 AM"},"hardware_info":"275c5aa2|06:A8:C0:D9:D5:E3"}}}
18:56:27.957 INFO  vert.x-eventloop-thread-0 BaseServiceProxy     : -> GET /sso/ping,200|286ms
18:56:27.958 INFO  vert.x-eventloop-thread-0 SsoService           : sso ping {"result": "true"}
18:56:33.197 INFO  vert.x-eventloop-thread-0 BaseServiceProxy     : -> GET /v1/api/tickle,200|339ms
18:56:33.198 DEBUG vert.x-eventloop-thread-0 ClientPortalService  : tickle {"session":"074fd67db450dc2e2f772e28ca2bb745","ssoExpires":29817,"collission":false,"userId":50301190,"hmds":{"error":"no bridge"},"iserver":{"authStatus":{"authenticated":true,"established":true,"competing":false,"connected":true,"message":"","MAC":"06:A8:C0:D9:D5:E3","serverInfo":{"serverName":"JifS04092","serverVersion":"Build 10.44.1h, Apr 20, 2026 11:22:51 AM"},"hardware_info":"275c5aa2|06:A8:C0:D9:D5:E3"}}}
18:56:37.198 INFO  vert.x-eventloop-thread-0 BaseServiceProxy     : -> GET /v1/api/tickle,200|61ms
18:57:02.919 INFO  vert.x-eventloop-thread-0 BaseServiceProxy     : -> GET /v1/api/tickle,200|60ms
18:57:02.922 DEBUG vert.x-eventloop-thread-0 ClientPortalService  : tickle {"session":"074fd67db450dc2e2f772e28ca2bb745","ssoExpires":600000,"collission":false,"userId":50301190,"hmds":{"error":"no bridge"},"iserver":{"authStatus":{"authenticated":true,"established":true,"competing":false,"connected":true,"message":"","MAC":"06:A8:C0:D9:D5:E3","serverInfo":{"serverName":"JifS04092","serverVersion":"Build 10.44.1h, Apr 20, 2026 11:22:51 AM"},"hardware_info":"275c5aa2|06:A8:C0:D9:D5:E3"}}}
18:57:32.930 INFO  vert.x-eventloop-thread-0 BaseServiceProxy     : -> GET /v1/api/tickle,200|67ms
18:57:32.931 DEBUG vert.x-eventloop-thread-0 ClientPortalService  : tickle {"session":"074fd67db450dc2e2f772e28ca2bb745","ssoExpires":569989,"collission":false,"userId":50301190,"hmds":{"error":"no bridge"},"iserver":{"authStatus":{"authenticated":true,"established":true,"competing":false,"connected":true,"message":"","MAC":"06:A8:C0:D9:D5:E3","serverInfo":{"serverName":"JifS04092","serverVersion":"Build 10.44.1h, Apr 20, 2026 11:22:51 AM"},"hardware_info":"275c5aa2|06:A8:C0:D9:D5:E3"}}}
18:58:03.209 INFO  vert.x-eventloop-thread-0 BaseServiceProxy     : -> GET /v1/api/tickle,200|350ms
18:58:03.212 DEBUG vert.x-eventloop-thread-0 ClientPortalService  : tickle {"session":"074fd67db450dc2e2f772e28ca2bb745","ssoExpires":539758,"collission":false,"userId":50301190,"hmds":{"error":"no bridge"},"iserver":{"authStatus":{"authenticated":true,"established":true,"competing":false,"connected":true,"message":"","MAC":"06:A8:C0:D9:D5:E3","serverInfo":{"serverName":"JifS04092","serverVersion":"Build 10.44.1h, Apr 20, 2026 11:22:51 AM"},"hardware_info":"275c5aa2|06:A8:C0:D9:D5:E3"}}}
18:58:32.922 INFO  vert.x-eventloop-thread-0 BaseServiceProxy     : -> GET /v1/api/tickle,200|63ms
18:58:32.926 DEBUG vert.x-eventloop-thread-0 ClientPortalService  : tickle {"session":"074fd67db450dc2e2f772e28ca2bb745","ssoExpires":509997,"collission":false,"userId":50301190,"hmds":{"error":"no bridge"},"iserver":{"authStatus":{"authenticated":true,"established":true,"competing":false,"connected":true,"message":"","MAC":"06:A8:C0:D9:D5:E3","serverInfo":{"serverName":"JifS04092","serverVersion":"Build 10.44.1h, Apr 20, 2026 11:22:51 AM"},"hardware_info":"275c5aa2|06:A8:C0:D9:D5:E3"}}}
18:59:02.928 INFO  vert.x-eventloop-thread-0 BaseServiceProxy     : -> GET /v1/api/tickle,200|69ms
18:59:02.931 DEBUG vert.x-eventloop-thread-0 ClientPortalService  : tickle {"session":"074fd67db450dc2e2f772e28ca2bb745","ssoExpires":479995,"collission":false,"userId":50301190,"hmds":{"error":"no bridge"},"iserver":{"authStatus":{"authenticated":true,"established":true,"competing":false,"connected":true,"message":"","MAC":"06:A8:C0:D9:D5:E3","serverInfo":{"serverName":"JifS04092","serverVersion":"Build 10.44.1h, Apr 20, 2026 11:22:51 AM"},"hardware_info":"275c5aa2|06:A8:C0:D9:D5:E3"}}}
18:59:32.915 INFO  vert.x-eventloop-thread-0 BaseServiceProxy     : -> GET /v1/api/tickle,200|57ms
18:59:32.916 DEBUG vert.x-eventloop-thread-0 ClientPortalService  : tickle {"session":"074fd67db450dc2e2f772e28ca2bb745","ssoExpires":450003,"collission":false,"userId":50301190,"hmds":{"error":"no bridge"},"iserver":{"authStatus":{"authenticated":true,"established":true,"competing":false,"connected":true,"message":"","MAC":"06:A8:C0:D9:D5:E3","serverInfo":{"serverName":"JifS04092","serverVersion":"Build 10.44.1h, Apr 20, 2026 11:22:51 AM"},"hardware_info":"275c5aa2|06:A8:C0:D9:D5:E3"}}}
18:59:37.446 INFO  vert.x-eventloop-thread-0 BaseServiceProxy     : -> GET /v1/api/tickle,200|119ms
19:00:03.419 INFO  vert.x-eventloop-thread-0 BaseServiceProxy     : -> GET /v1/api/tickle,200|561ms
19:00:03.421 DEBUG vert.x-eventloop-thread-0 ClientPortalService  : tickle {"session":"074fd67db450dc2e2f772e28ca2bb745","ssoExpires":419517,"collission":false,"userId":50301190,"hmds":{"error":"no bridge"},"iserver":{"authStatus":{"authenticated":true,"established":true,"competing":false,"connected":true,"message":"","MAC":"06:A8:C0:D9:D5:E3","serverInfo":{"serverName":"JifS04092","serverVersion":"Build 10.44.1h, Apr 20, 2026 11:22:51 AM"},"hardware_info":"275c5aa2|06:A8:C0:D9:D5:E3"}}}
19:00:32.917 INFO  vert.x-eventloop-thread-0 BaseServiceProxy     : -> GET /v1/api/tickle,200|59ms
19:00:32.919 DEBUG vert.x-eventloop-thread-0 ClientPortalService  : tickle {"session":"074fd67db450dc2e2f772e28ca2bb745","ssoExpires":390001,"collission":false,"userId":50301190,"hmds":{"error":"no bridge"},"iserver":{"authStatus":{"authenticated":true,"established":true,"competing":false,"connected":true,"message":"","MAC":"06:A8:C0:D9:D5:E3","serverInfo":{"serverName":"JifS04092","serverVersion":"Build 10.44.1h, Apr 20, 2026 11:22:51 AM"},"hardware_info":"275c5aa2|06:A8:C0:D9:D5:E3"}}}
19:01:02.917 INFO  vert.x-eventloop-thread-0 BaseServiceProxy     : -> GET /v1/api/tickle,200|59ms
19:01:02.919 DEBUG vert.x-eventloop-thread-0 ClientPortalService  : tickle {"session":"074fd67db450dc2e2f772e28ca2bb745","ssoExpires":360003,"collission":false,"userId":50301190,"hmds":{"error":"no bridge"},"iserver":{"authStatus":{"authenticated":true,"established":true,"competing":false,"connected":true,"message":"","MAC":"06:A8:C0:D9:D5:E3","serverInfo":{"serverName":"JifS04092","serverVersion":"Build 10.44.1h, Apr 20, 2026 11:22:51 AM"},"hardware_info":"275c5aa2|06:A8:C0:D9:D5:E3"}}}
19:01:28.206 INFO  vert.x-eventloop-thread-0 BaseServiceProxy     : -> GET /sso/ping,200|536ms
19:01:28.207 INFO  vert.x-eventloop-thread-0 SsoService           : sso ping {"result": "true"}
19:01:32.920 INFO  vert.x-eventloop-thread-0 BaseServiceProxy     : -> GET /v1/api/tickle,200|63ms
19:01:32.920 DEBUG vert.x-eventloop-thread-0 ClientPortalService  : tickle {"session":"074fd67db450dc2e2f772e28ca2bb745","ssoExpires":330000,"collission":false,"userId":50301190,"hmds":{"error":"no bridge"},"iserver":{"authStatus":{"authenticated":true,"established":true,"competing":false,"connected":true,"message":"","MAC":"06:A8:C0:D9:D5:E3","serverInfo":{"serverName":"JifS04092","serverVersion":"Build 10.44.1h, Apr 20, 2026 11:22:51 AM"},"hardware_info":"275c5aa2|06:A8:C0:D9:D5:E3"}}}
19:02:03.164 INFO  vert.x-eventloop-thread-0 BaseServiceProxy     : -> GET /v1/api/tickle,200|306ms
19:02:03.166 DEBUG vert.x-eventloop-thread-0 ClientPortalService  : tickle {"session":"074fd67db450dc2e2f772e28ca2bb745","ssoExpires":299758,"collission":false,"userId":50301190,"hmds":{"error":"no bridge"},"iserver":{"authStatus":{"authenticated":true,"established":true,"competing":false,"connected":true,"message":"","MAC":"06:A8:C0:D9:D5:E3","serverInfo":{"serverName":"JifS04092","serverVersion":"Build 10.44.1h, Apr 20, 2026 11:22:51 AM"},"hardware_info":"275c5aa2|06:A8:C0:D9:D5:E3"}}}
19:02:32.916 INFO  vert.x-eventloop-thread-0 BaseServiceProxy     : -> GET /v1/api/tickle,200|58ms
19:02:32.918 DEBUG vert.x-eventloop-thread-0 ClientPortalService  : tickle {"session":"074fd67db450dc2e2f772e28ca2bb745","ssoExpires":270004,"collission":false,"userId":50301190,"hmds":{"error":"no bridge"},"iserver":{"authStatus":{"authenticated":true,"established":true,"competing":false,"connected":true,"message":"","MAC":"06:A8:C0:D9:D5:E3","serverInfo":{"serverName":"JifS04092","serverVersion":"Build 10.44.1h, Apr 20, 2026 11:22:51 AM"},"hardware_info":"275c5aa2|06:A8:C0:D9:D5:E3"}}}
19:02:37.617 INFO  vert.x-eventloop-thread-0 BaseServiceProxy     : -> GET /v1/api/tickle,200|61ms
19:03:03.235 INFO  vert.x-eventloop-thread-0 BaseServiceProxy     : -> GET /v1/api/tickle,200|377ms
19:03:03.237 DEBUG vert.x-eventloop-thread-0 ClientPortalService  : tickle {"session":"074fd67db450dc2e2f772e28ca2bb745","ssoExpires":239760,"collission":false,"userId":50301190,"hmds":{"error":"no bridge"},"iserver":{"authStatus":{"authenticated":true,"established":true,"competing":false,"connected":true,"message":"","MAC":"06:A8:C0:D9:D5:E3","serverInfo":{"serverName":"JifS04092","serverVersion":"Build 10.44.1h, Apr 20, 2026 11:22:51 AM"},"hardware_info":"275c5aa2|06:A8:C0:D9:D5:E3"}}}
19:03:32.922 INFO  vert.x-eventloop-thread-0 BaseServiceProxy     : -> GET /v1/api/tickle,200|64ms
19:03:32.924 DEBUG vert.x-eventloop-thread-0 ClientPortalService  : tickle {"session":"074fd67db450dc2e2f772e28ca2bb745","ssoExpires":209995,"collission":false,"userId":50301190,"hmds":{"error":"no bridge"},"iserver":{"authStatus":{"authenticated":true,"established":true,"competing":false,"connected":true,"message":"","MAC":"06:A8:C0:D9:D5:E3","serverInfo":{"serverName":"JifS04092","serverVersion":"Build 10.44.1h, Apr 20, 2026 11:22:51 AM"},"hardware_info":"275c5aa2|06:A8:C0:D9:D5:E3"}}}
19:04:03.156 INFO  vert.x-eventloop-thread-0 BaseServiceProxy     : -> GET /v1/api/tickle,200|299ms
19:04:03.158 DEBUG vert.x-eventloop-thread-0 ClientPortalService  : tickle {"session":"074fd67db450dc2e2f772e28ca2bb745","ssoExpires":179763,"collission":false,"userId":50301190,"hmds":{"error":"no bridge"},"iserver":{"authStatus":{"authenticated":true,"established":true,"competing":false,"connected":true,"message":"","MAC":"06:A8:C0:D9:D5:E3","serverInfo":{"serverName":"JifS04092","serverVersion":"Build 10.44.1h, Apr 20, 2026 11:22:51 AM"},"hardware_info":"275c5aa2|06:A8:C0:D9:D5:E3"}}}
19:04:32.928 INFO  vert.x-eventloop-thread-0 BaseServiceProxy     : -> GET /v1/api/tickle,200|70ms
19:04:32.928 DEBUG vert.x-eventloop-thread-0 ClientPortalService  : tickle {"session":"074fd67db450dc2e2f772e28ca2bb745","ssoExpires":149993,"collission":false,"userId":50301190,"hmds":{"error":"no bridge"},"iserver":{"authStatus":{"authenticated":true,"established":true,"competing":false,"connected":true,"message":"","MAC":"06:A8:C0:D9:D5:E3","serverInfo":{"serverName":"JifS04092","serverVersion":"Build 10.44.1h, Apr 20, 2026 11:22:51 AM"},"hardware_info":"275c5aa2|06:A8:C0:D9:D5:E3"}}}
19:05:02.926 INFO  vert.x-eventloop-thread-0 BaseServiceProxy     : -> GET /v1/api/tickle,200|68ms
19:05:02.928 DEBUG vert.x-eventloop-thread-0 ClientPortalService  : tickle {"session":"074fd67db450dc2e2f772e28ca2bb745","ssoExpires":119995,"collission":false,"userId":50301190,"hmds":{"error":"no bridge"},"iserver":{"authStatus":{"authenticated":true,"established":true,"competing":false,"connected":true,"message":"","MAC":"06:A8:C0:D9:D5:E3","serverInfo":{"serverName":"JifS04092","serverVersion":"Build 10.44.1h, Apr 20, 2026 11:22:51 AM"},"hardware_info":"275c5aa2|06:A8:C0:D9:D5:E3"}}}
19:05:32.923 INFO  vert.x-eventloop-thread-0 BaseServiceProxy     : -> GET /v1/api/tickle,200|65ms
19:05:32.924 DEBUG vert.x-eventloop-thread-0 ClientPortalService  : tickle {"session":"074fd67db450dc2e2f772e28ca2bb745","ssoExpires":90001,"collission":false,"userId":50301190,"hmds":{"error":"no bridge"},"iserver":{"authStatus":{"authenticated":true,"established":true,"competing":false,"connected":true,"message":"","MAC":"06:A8:C0:D9:D5:E3","serverInfo":{"serverName":"JifS04092","serverVersion":"Build 10.44.1h, Apr 20, 2026 11:22:51 AM"},"hardware_info":"275c5aa2|06:A8:C0:D9:D5:E3"}}}
19:05:37.846 INFO  vert.x-eventloop-thread-0 BaseServiceProxy     : -> GET /v1/api/tickle,200|117ms
19:06:03.266 INFO  vert.x-eventloop-thread-0 BaseServiceProxy     : -> GET /v1/api/tickle,200|397ms
19:06:03.267 DEBUG vert.x-eventloop-thread-0 ClientPortalService  : tickle {"session":"074fd67db450dc2e2f772e28ca2bb745","ssoExpires":59768,"collission":false,"userId":50301190,"hmds":{"error":"no bridge"},"iserver":{"authStatus":{"authenticated":true,"established":true,"competing":false,"connected":true,"message":"","MAC":"06:A8:C0:D9:D5:E3","serverInfo":{"serverName":"JifS04092","serverVersion":"Build 10.44.1h, Apr 20, 2026 11:22:51 AM"},"hardware_info":"275c5aa2|06:A8:C0:D9:D5:E3"}}}
19:06:28.189 INFO  vert.x-eventloop-thread-0 BaseServiceProxy     : -> GET /sso/ping,200|506ms
19:06:28.191 INFO  vert.x-eventloop-thread-0 SsoService           : sso ping {"result": "false"}
19:06:32.956 INFO  vert.x-eventloop-thread-0 BaseServiceProxy     : -> GET /v1/api/tickle,200|84ms
19:06:32.957 DEBUG vert.x-eventloop-thread-0 ClientPortalService  : tickle {"session":"074fd67db450dc2e2f772e28ca2bb745","ssoExpires":29980,"collission":false,"userId":50301190,"hmds":{"error":"no bridge"},"iserver":{"authStatus":{"authenticated":true,"established":true,"competing":false,"connected":true,"message":"","MAC":"06:A8:C0:D9:D5:E3","serverInfo":{"serverName":"JifS04092","serverVersion":"Build 10.44.1h, Apr 20, 2026 11:22:51 AM"},"hardware_info":"275c5aa2|06:A8:C0:D9:D5:E3"}}}
19:07:02.934 INFO  vert.x-eventloop-thread-0 BaseServiceProxy     : -> GET /v1/api/tickle,200|62ms
19:07:02.935 DEBUG vert.x-eventloop-thread-0 ClientPortalService  : tickle {"session":"074fd67db450dc2e2f772e28ca2bb745","ssoExpires":600000,"collission":false,"userId":50301190,"hmds":{"error":"no bridge"},"iserver":{"authStatus":{"authenticated":true,"established":true,"competing":false,"connected":true,"message":"","MAC":"06:A8:C0:D9:D5:E3","serverInfo":{"serverName":"JifS04092","serverVersion":"Build 10.44.1h, Apr 20, 2026 11:22:51 AM"},"hardware_info":"275c5aa2|06:A8:C0:D9:D5:E3"}}}
19:07:32.939 INFO  vert.x-eventloop-thread-0 BaseServiceProxy     : -> GET /v1/api/tickle,200|66ms
19:07:32.940 DEBUG vert.x-eventloop-thread-0 ClientPortalService  : tickle {"session":"074fd67db450dc2e2f772e28ca2bb745","ssoExpires":570009,"collission":false,"userId":50301190,"hmds":{"error":"no bridge"},"iserver":{"authStatus":{"authenticated":true,"established":true,"competing":false,"connected":true,"message":"","MAC":"06:A8:C0:D9:D5:E3","serverInfo":{"serverName":"JifS04092","serverVersion":"Build 10.44.1h, Apr 20, 2026 11:22:51 AM"},"hardware_info":"275c5aa2|06:A8:C0:D9:D5:E3"}}}
19:08:03.093 INFO  vert.x-eventloop-thread-0 BaseServiceProxy     : -> GET /v1/api/tickle,200|221ms
19:08:03.095 DEBUG vert.x-eventloop-thread-0 ClientPortalService  : tickle {"session":"074fd67db450dc2e2f772e28ca2bb745","ssoExpires":539847,"collission":false,"userId":50301190,"hmds":{"error":"no bridge"},"iserver":{"authStatus":{"authenticated":true,"established":true,"competing":false,"connected":true,"message":"","MAC":"06:A8:C0:D9:D5:E3","serverInfo":{"serverName":"JifS04092","serverVersion":"Build 10.44.1h, Apr 20, 2026 11:22:51 AM"},"hardware_info":"275c5aa2|06:A8:C0:D9:D5:E3"}}}
19:08:32.946 INFO  vert.x-eventloop-thread-0 BaseServiceProxy     : -> GET /v1/api/tickle,200|73ms
19:08:32.949 DEBUG vert.x-eventloop-thread-0 ClientPortalService  : tickle {"session":"074fd67db450dc2e2f772e28ca2bb745","ssoExpires":509993,"collission":false,"userId":50301190,"hmds":{"error":"no bridge"},"iserver":{"authStatus":{"authenticated":true,"established":true,"competing":false,"connected":true,"message":"","MAC":"06:A8:C0:D9:D5:E3","serverInfo":{"serverName":"JifS04092","serverVersion":"Build 10.44.1h, Apr 20, 2026 11:22:51 AM"},"hardware_info":"275c5aa2|06:A8:C0:D9:D5:E3"}}}
19:08:38.042 INFO  vert.x-eventloop-thread-0 BaseServiceProxy     : -> GET /v1/api/tickle,200|57ms
19:09:03.172 INFO  vert.x-eventloop-thread-0 BaseServiceProxy     : -> GET /v1/api/tickle,200|299ms
19:09:03.173 DEBUG vert.x-eventloop-thread-0 ClientPortalService  : tickle {"session":"074fd67db450dc2e2f772e28ca2bb745","ssoExpires":479764,"collission":false,"userId":50301190,"hmds":{"error":"no bridge"},"iserver":{"authStatus":{"authenticated":true,"established":true,"competing":false,"connected":true,"message":"","MAC":"06:A8:C0:D9:D5:E3","serverInfo":{"serverName":"JifS04092","serverVersion":"Build 10.44.1h, Apr 20, 2026 11:22:51 AM"},"hardware_info":"275c5aa2|06:A8:C0:D9:D5:E3"}}}
19:09:32.929 INFO  vert.x-eventloop-thread-0 BaseServiceProxy     : -> GET /v1/api/tickle,200|56ms
19:09:32.931 DEBUG vert.x-eventloop-thread-0 ClientPortalService  : tickle {"session":"074fd67db450dc2e2f772e28ca2bb745","ssoExpires":450007,"collission":false,"userId":50301190,"hmds":{"error":"no bridge"},"iserver":{"authStatus":{"authenticated":true,"established":true,"competing":false,"connected":true,"message":"","MAC":"06:A8:C0:D9:D5:E3","serverInfo":{"serverName":"JifS04092","serverVersion":"Build 10.44.1h, Apr 20, 2026 11:22:51 AM"},"hardware_info":"275c5aa2|06:A8:C0:D9:D5:E3"}}}
19:10:03.193 INFO  vert.x-eventloop-thread-0 BaseServiceProxy     : -> GET /v1/api/tickle,200|321ms
19:10:03.195 DEBUG vert.x-eventloop-thread-0 ClientPortalService  : tickle {"session":"074fd67db450dc2e2f772e28ca2bb745","ssoExpires":419778,"collission":false,"userId":50301190,"hmds":{"error":"no bridge"},"iserver":{"authStatus":{"authenticated":true,"established":true,"competing":false,"connected":true,"message":"","MAC":"06:A8:C0:D9:D5:E3","serverInfo":{"serverName":"JifS04092","serverVersion":"Build 10.44.1h, Apr 20, 2026 11:22:51 AM"},"hardware_info":"275c5aa2|06:A8:C0:D9:D5:E3"}}}
19:10:33.210 INFO  vert.x-eventloop-thread-0 BaseServiceProxy     : -> GET /v1/api/tickle,200|336ms
19:10:33.213 DEBUG vert.x-eventloop-thread-0 ClientPortalService  : tickle {"session":"074fd67db450dc2e2f772e28ca2bb745","ssoExpires":389730,"collission":false,"userId":50301190,"hmds":{"error":"no bridge"},"iserver":{"authStatus":{"authenticated":true,"established":true,"competing":false,"connected":true,"message":"","MAC":"06:A8:C0:D9:D5:E3","serverInfo":{"serverName":"JifS04092","serverVersion":"Build 10.44.1h, Apr 20, 2026 11:22:51 AM"},"hardware_info":"275c5aa2|06:A8:C0:D9:D5:E3"}}}
19:11:02.938 INFO  vert.x-eventloop-thread-0 BaseServiceProxy     : -> GET /v1/api/tickle,200|66ms
19:11:02.940 DEBUG vert.x-eventloop-thread-0 ClientPortalService  : tickle {"session":"074fd67db450dc2e2f772e28ca2bb745","ssoExpires":360001,"collission":false,"userId":50301190,"hmds":{"error":"no bridge"},"iserver":{"authStatus":{"authenticated":true,"established":true,"competing":false,"connected":true,"message":"","MAC":"06:A8:C0:D9:D5:E3","serverInfo":{"serverName":"JifS04092","serverVersion":"Build 10.44.1h, Apr 20, 2026 11:22:51 AM"},"hardware_info":"275c5aa2|06:A8:C0:D9:D5:E3"}}}
19:11:28.084 INFO  vert.x-eventloop-thread-0 BaseServiceProxy     : -> GET /sso/ping,200|399ms
19:11:28.086 INFO  vert.x-eventloop-thread-0 SsoService           : sso ping {"result": "true"}
19:11:32.928 INFO  vert.x-eventloop-thread-0 BaseServiceProxy     : -> GET /v1/api/tickle,200|55ms
19:11:32.929 DEBUG vert.x-eventloop-thread-0 ClientPortalService  : tickle {"session":"074fd67db450dc2e2f772e28ca2bb745","ssoExpires":330007,"collission":false,"userId":50301190,"hmds":{"error":"no bridge"},"iserver":{"authStatus":{"authenticated":true,"established":true,"competing":false,"connected":true,"message":"","MAC":"06:A8:C0:D9:D5:E3","serverInfo":{"serverName":"JifS04092","serverVersion":"Build 10.44.1h, Apr 20, 2026 11:22:51 AM"},"hardware_info":"275c5aa2|06:A8:C0:D9:D5:E3"}}}
19:11:38.210 INFO  vert.x-eventloop-thread-0 BaseServiceProxy     : -> GET /v1/api/tickle,200|60ms
19:12:02.937 INFO  vert.x-eventloop-thread-0 BaseServiceProxy     : -> GET /v1/api/tickle,200|64ms
19:12:02.940 DEBUG vert.x-eventloop-thread-0 ClientPortalService  : tickle {"session":"074fd67db450dc2e2f772e28ca2bb745","ssoExpires":300001,"collission":false,"userId":50301190,"hmds":{"error":"no bridge"},"iserver":{"authStatus":{"authenticated":true,"established":true,"competing":false,"connected":true,"message":"","MAC":"06:A8:C0:D9:D5:E3","serverInfo":{"serverName":"JifS04092","serverVersion":"Build 10.44.1h, Apr 20, 2026 11:22:51 AM"},"hardware_info":"275c5aa2|06:A8:C0:D9:D5:E3"}}}
19:12:32.942 INFO  vert.x-eventloop-thread-0 BaseServiceProxy     : -> GET /v1/api/tickle,200|68ms
19:12:32.944 DEBUG vert.x-eventloop-thread-0 ClientPortalService  : tickle {"session":"074fd67db450dc2e2f772e28ca2bb745","ssoExpires":269994,"collission":false,"userId":50301190,"hmds":{"error":"no bridge"},"iserver":{"authStatus":{"authenticated":true,"established":true,"competing":false,"connected":true,"message":"","MAC":"06:A8:C0:D9:D5:E3","serverInfo":{"serverName":"JifS04092","serverVersion":"Build 10.44.1h, Apr 20, 2026 11:22:51 AM"},"hardware_info":"275c5aa2|06:A8:C0:D9:D5:E3"}}}
19:13:02.926 INFO  vert.x-eventloop-thread-0 BaseServiceProxy     : -> GET /v1/api/tickle,200|54ms
19:13:02.928 DEBUG vert.x-eventloop-thread-0 ClientPortalService  : tickle {"session":"074fd67db450dc2e2f772e28ca2bb745","ssoExpires":240009,"collission":false,"userId":50301190,"hmds":{"error":"no bridge"},"iserver":{"authStatus":{"authenticated":true,"established":true,"competing":false,"connected":true,"message":"","MAC":"06:A8:C0:D9:D5:E3","serverInfo":{"serverName":"JifS04092","serverVersion":"Build 10.44.1h, Apr 20, 2026 11:22:51 AM"},"hardware_info":"275c5aa2|06:A8:C0:D9:D5:E3"}}}
19:13:32.938 INFO  vert.x-eventloop-thread-0 BaseServiceProxy     : -> GET /v1/api/tickle,200|65ms
19:13:32.940 DEBUG vert.x-eventloop-thread-0 ClientPortalService  : tickle {"session":"074fd67db450dc2e2f772e28ca2bb745","ssoExpires":210006,"collission":false,"userId":50301190,"hmds":{"error":"no bridge"},"iserver":{"authStatus":{"authenticated":true,"established":true,"competing":false,"connected":true,"message":"","MAC":"06:A8:C0:D9:D5:E3","serverInfo":{"serverName":"JifS04092","serverVersion":"Build 10.44.1h, Apr 20, 2026 11:22:51 AM"},"hardware_info":"275c5aa2|06:A8:C0:D9:D5:E3"}}}
19:14:03.118 INFO  vert.x-eventloop-thread-0 BaseServiceProxy     : -> GET /v1/api/tickle,200|245ms
19:14:03.120 DEBUG vert.x-eventloop-thread-0 ClientPortalService  : tickle {"session":"074fd67db450dc2e2f772e28ca2bb745","ssoExpires":179844,"collission":false,"userId":50301190,"hmds":{"error":"no bridge"},"iserver":{"authStatus":{"authenticated":true,"established":true,"competing":false,"connected":true,"message":"","MAC":"06:A8:C0:D9:D5:E3","serverInfo":{"serverName":"JifS04092","serverVersion":"Build 10.44.1h, Apr 20, 2026 11:22:51 AM"},"hardware_info":"275c5aa2|06:A8:C0:D9:D5:E3"}}}
19:14:32.944 INFO  vert.x-eventloop-thread-0 BaseServiceProxy     : -> GET /v1/api/tickle,200|71ms
19:14:32.946 DEBUG vert.x-eventloop-thread-0 ClientPortalService  : tickle {"session":"074fd67db450dc2e2f772e28ca2bb745","ssoExpires":149999,"collission":false,"userId":50301190,"hmds":{"error":"no bridge"},"iserver":{"authStatus":{"authenticated":true,"established":true,"competing":false,"connected":true,"message":"","MAC":"06:A8:C0:D9:D5:E3","serverInfo":{"serverName":"JifS04092","serverVersion":"Build 10.44.1h, Apr 20, 2026 11:22:51 AM"},"hardware_info":"275c5aa2|06:A8:C0:D9:D5:E3"}}}
19:14:38.406 INFO  vert.x-eventloop-thread-0 BaseServiceProxy     : -> GET /v1/api/tickle,200|58ms
19:15:02.928 INFO  vert.x-eventloop-thread-0 BaseServiceProxy     : -> GET /v1/api/tickle,200|55ms
19:15:02.929 DEBUG vert.x-eventloop-thread-0 ClientPortalService  : tickle {"session":"074fd67db450dc2e2f772e28ca2bb745","ssoExpires":120008,"collission":false,"userId":50301190,"hmds":{"error":"no bridge"},"iserver":{"authStatus":{"authenticated":true,"established":true,"competing":false,"connected":true,"message":"","MAC":"06:A8:C0:D9:D5:E3","serverInfo":{"serverName":"JifS04092","serverVersion":"Build 10.44.1h, Apr 20, 2026 11:22:51 AM"},"hardware_info":"275c5aa2|06:A8:C0:D9:D5:E3"}}}
19:15:32.943 INFO  vert.x-eventloop-thread-0 BaseServiceProxy     : -> GET /v1/api/tickle,200|69ms
19:15:32.945 DEBUG vert.x-eventloop-thread-0 ClientPortalService  : tickle {"session":"074fd67db450dc2e2f772e28ca2bb745","ssoExpires":89999,"collission":false,"userId":50301190,"hmds":{"error":"no bridge"},"iserver":{"authStatus":{"authenticated":true,"established":true,"competing":false,"connected":true,"message":"","MAC":"06:A8:C0:D9:D5:E3","serverInfo":{"serverName":"JifS04092","serverVersion":"Build 10.44.1h, Apr 20, 2026 11:22:51 AM"},"hardware_info":"275c5aa2|06:A8:C0:D9:D5:E3"}}}
19:16:02.935 INFO  vert.x-eventloop-thread-0 BaseServiceProxy     : -> GET /v1/api/tickle,200|63ms
19:16:02.936 DEBUG vert.x-eventloop-thread-0 ClientPortalService  : tickle {"session":"074fd67db450dc2e2f772e28ca2bb745","ssoExpires":60000,"collission":false,"userId":50301190,"hmds":{"error":"no bridge"},"iserver":{"authStatus":{"authenticated":true,"established":true,"competing":false,"connected":true,"message":"","MAC":"06:A8:C0:D9:D5:E3","serverInfo":{"serverName":"JifS04092","serverVersion":"Build 10.44.1h, Apr 20, 2026 11:22:51 AM"},"hardware_info":"275c5aa2|06:A8:C0:D9:D5:E3"}}}
19:16:27.969 INFO  vert.x-eventloop-thread-0 BaseServiceProxy     : -> GET /sso/ping,200|283ms
19:16:27.970 INFO  vert.x-eventloop-thread-0 SsoService           : sso ping {"result": "true"}
19:16:33.239 INFO  vert.x-eventloop-thread-0 BaseServiceProxy     : -> GET /v1/api/tickle,200|366ms
19:16:33.240 DEBUG vert.x-eventloop-thread-0 ClientPortalService  : tickle {"session":"074fd67db450dc2e2f772e28ca2bb745","ssoExpires":29827,"collission":false,"userId":50301190,"hmds":{"error":"no bridge"},"iserver":{"authStatus":{"authenticated":true,"established":true,"competing":false,"connected":true,"message":"","MAC":"06:A8:C0:D9:D5:E3","serverInfo":{"serverName":"JifS04092","serverVersion":"Build 10.44.1h, Apr 20, 2026 11:22:51 AM"},"hardware_info":"275c5aa2|06:A8:C0:D9:D5:E3"}}}
19:17:02.944 INFO  vert.x-eventloop-thread-0 BaseServiceProxy     : -> GET /v1/api/tickle,200|69ms
19:17:02.946 DEBUG vert.x-eventloop-thread-0 ClientPortalService  : tickle {"session":"074fd67db450dc2e2f772e28ca2bb745","ssoExpires":600000,"collission":false,"userId":50301190,"hmds":{"error":"no bridge"},"iserver":{"authStatus":{"authenticated":true,"established":true,"competing":false,"connected":true,"message":"","MAC":"06:A8:C0:D9:D5:E3","serverInfo":{"serverName":"JifS04092","serverVersion":"Build 10.44.1h, Apr 20, 2026 11:22:51 AM"},"hardware_info":"275c5aa2|06:A8:C0:D9:D5:E3"}}}
19:17:33.091 INFO  vert.x-eventloop-thread-0 BaseServiceProxy     : -> GET /v1/api/tickle,200|218ms
19:17:33.093 DEBUG vert.x-eventloop-thread-0 ClientPortalService  : tickle {"session":"074fd67db450dc2e2f772e28ca2bb745","ssoExpires":569857,"collission":false,"userId":50301190,"hmds":{"error":"no bridge"},"iserver":{"authStatus":{"authenticated":true,"established":true,"competing":false,"connected":true,"message":"","MAC":"06:A8:C0:D9:D5:E3","serverInfo":{"serverName":"JifS04092","serverVersion":"Build 10.44.1h, Apr 20, 2026 11:22:51 AM"},"hardware_info":"275c5aa2|06:A8:C0:D9:D5:E3"}}}
19:17:38.660 INFO  vert.x-eventloop-thread-0 BaseServiceProxy     : -> GET /v1/api/tickle,200|109ms
19:18:02.954 INFO  vert.x-eventloop-thread-0 BaseServiceProxy     : -> GET /v1/api/tickle,200|80ms
19:18:02.957 DEBUG vert.x-eventloop-thread-0 ClientPortalService  : tickle {"session":"074fd67db450dc2e2f772e28ca2bb745","ssoExpires":539998,"collission":false,"userId":50301190,"hmds":{"error":"no bridge"},"iserver":{"authStatus":{"authenticated":true,"established":true,"competing":false,"connected":true,"message":"","MAC":"06:A8:C0:D9:D5:E3","serverInfo":{"serverName":"JifS04092","serverVersion":"Build 10.44.1h, Apr 20, 2026 11:22:51 AM"},"hardware_info":"275c5aa2|06:A8:C0:D9:D5:E3"}}}
19:18:32.943 INFO  vert.x-eventloop-thread-0 BaseServiceProxy     : -> GET /v1/api/tickle,200|70ms
19:18:32.944 DEBUG vert.x-eventloop-thread-0 ClientPortalService  : tickle {"session":"074fd67db450dc2e2f772e28ca2bb745","ssoExpires":510014,"collission":false,"userId":50301190,"hmds":{"error":"no bridge"},"iserver":{"authStatus":{"authenticated":true,"established":true,"competing":false,"connected":true,"message":"","MAC":"06:A8:C0:D9:D5:E3","serverInfo":{"serverName":"JifS04092","serverVersion":"Build 10.44.1h, Apr 20, 2026 11:22:51 AM"},"hardware_info":"275c5aa2|06:A8:C0:D9:D5:E3"}}}
19:19:02.937 INFO  vert.x-eventloop-thread-0 BaseServiceProxy     : -> GET /v1/api/tickle,200|64ms
19:19:02.938 DEBUG vert.x-eventloop-thread-0 ClientPortalService  : tickle {"session":"074fd67db450dc2e2f772e28ca2bb745","ssoExpires":480009,"collission":false,"userId":50301190,"hmds":{"error":"no bridge"},"iserver":{"authStatus":{"authenticated":true,"established":true,"competing":false,"connected":true,"message":"","MAC":"06:A8:C0:D9:D5:E3","serverInfo":{"serverName":"JifS04092","serverVersion":"Build 10.44.1h, Apr 20, 2026 11:22:51 AM"},"hardware_info":"275c5aa2|06:A8:C0:D9:D5:E3"}}}
19:19:32.965 INFO  vert.x-eventloop-thread-0 BaseServiceProxy     : -> GET /v1/api/tickle,200|91ms
19:19:32.966 DEBUG vert.x-eventloop-thread-0 ClientPortalService  : tickle {"session":"074fd67db450dc2e2f772e28ca2bb745","ssoExpires":449980,"collission":false,"userId":50301190,"hmds":{"error":"no bridge"},"iserver":{"authStatus":{"authenticated":true,"established":true,"competing":false,"connected":true,"message":"","MAC":"06:A8:C0:D9:D5:E3","serverInfo":{"serverName":"JifS04092","serverVersion":"Build 10.44.1h, Apr 20, 2026 11:22:51 AM"},"hardware_info":"275c5aa2|06:A8:C0:D9:D5:E3"}}}
19:20:03.173 INFO  vert.x-eventloop-thread-0 BaseServiceProxy     : -> GET /v1/api/tickle,200|300ms
19:20:03.174 DEBUG vert.x-eventloop-thread-0 ClientPortalService  : tickle {"session":"074fd67db450dc2e2f772e28ca2bb745","ssoExpires":419776,"collission":false,"userId":50301190,"hmds":{"error":"no bridge"},"iserver":{"authStatus":{"authenticated":true,"established":true,"competing":false,"connected":true,"message":"","MAC":"06:A8:C0:D9:D5:E3","serverInfo":{"serverName":"JifS04092","serverVersion":"Build 10.44.1h, Apr 20, 2026 11:22:51 AM"},"hardware_info":"275c5aa2|06:A8:C0:D9:D5:E3"}}}
19:20:32.949 INFO  vert.x-eventloop-thread-0 BaseServiceProxy     : -> GET /v1/api/tickle,200|75ms
19:20:32.951 DEBUG vert.x-eventloop-thread-0 ClientPortalService  : tickle {"session":"074fd67db450dc2e2f772e28ca2bb745","ssoExpires":390002,"collission":false,"userId":50301190,"hmds":{"error":"no bridge"},"iserver":{"authStatus":{"authenticated":true,"established":true,"competing":false,"connected":true,"message":"","MAC":"06:A8:C0:D9:D5:E3","serverInfo":{"serverName":"JifS04092","serverVersion":"Build 10.44.1h, Apr 20, 2026 11:22:51 AM"},"hardware_info":"275c5aa2|06:A8:C0:D9:D5:E3"}}}
19:21:03.192 INFO  vert.x-eventloop-thread-0 BaseServiceProxy     : -> GET /v1/api/tickle,200|319ms
19:21:03.193 DEBUG vert.x-eventloop-thread-0 ClientPortalService  : tickle {"session":"074fd67db450dc2e2f772e28ca2bb745","ssoExpires":359751,"collission":false,"userId":50301190,"hmds":{"error":"no bridge"},"iserver":{"authStatus":{"authenticated":true,"established":true,"competing":false,"connected":true,"message":"","MAC":"06:A8:C0:D9:D5:E3","serverInfo":{"serverName":"JifS04092","serverVersion":"Build 10.44.1h, Apr 20, 2026 11:22:51 AM"},"hardware_info":"275c5aa2|06:A8:C0:D9:D5:E3"}}}
19:21:27.962 INFO  vert.x-eventloop-thread-0 BaseServiceProxy     : -> GET /sso/ping,200|277ms
19:21:27.963 INFO  vert.x-eventloop-thread-0 SsoService           : sso ping {"result": "true"}
19:21:32.937 INFO  vert.x-eventloop-thread-0 BaseServiceProxy     : -> GET /v1/api/tickle,200|64ms
19:21:32.937 DEBUG vert.x-eventloop-thread-0 ClientPortalService  : tickle {"session":"074fd67db450dc2e2f772e28ca2bb745","ssoExpires":330006,"collission":false,"userId":50301190,"hmds":{"error":"no bridge"},"iserver":{"authStatus":{"authenticated":true,"established":true,"competing":false,"connected":true,"message":"","MAC":"06:A8:C0:D9:D5:E3","serverInfo":{"serverName":"JifS04092","serverVersion":"Build 10.44.1h, Apr 20, 2026 11:22:51 AM"},"hardware_info":"275c5aa2|06:A8:C0:D9:D5:E3"}}}
19:22:02.925 INFO  vert.x-eventloop-thread-0 BaseServiceProxy     : -> GET /v1/api/tickle,200|52ms
19:22:02.926 DEBUG vert.x-eventloop-thread-0 ClientPortalService  : tickle {"session":"074fd67db450dc2e2f772e28ca2bb745","ssoExpires":300017,"collission":false,"userId":50301190,"hmds":{"error":"no bridge"},"iserver":{"authStatus":{"authenticated":true,"established":true,"competing":false,"connected":true,"message":"","MAC":"06:A8:C0:D9:D5:E3","serverInfo":{"serverName":"JifS04092","serverVersion":"Build 10.44.1h, Apr 20, 2026 11:22:51 AM"},"hardware_info":"275c5aa2|06:A8:C0:D9:D5:E3"}}}
19:22:32.967 INFO  vert.x-eventloop-thread-0 BaseServiceProxy     : -> GET /v1/api/tickle,200|92ms
19:22:32.969 DEBUG vert.x-eventloop-thread-0 ClientPortalService  : tickle {"session":"074fd67db450dc2e2f772e28ca2bb745","ssoExpires":269983,"collission":false,"userId":50301190,"hmds":{"error":"no bridge"},"iserver":{"authStatus":{"authenticated":true,"established":true,"competing":false,"connected":true,"message":"","MAC":"06:A8:C0:D9:D5:E3","serverInfo":{"serverName":"JifS04092","serverVersion":"Build 10.44.1h, Apr 20, 2026 11:22:51 AM"},"hardware_info":"275c5aa2|06:A8:C0:D9:D5:E3"}}}
19:23:02.944 INFO  vert.x-eventloop-thread-0 BaseServiceProxy     : -> GET /v1/api/tickle,200|71ms
19:23:02.945 DEBUG vert.x-eventloop-thread-0 ClientPortalService  : tickle {"session":"074fd67db450dc2e2f772e28ca2bb745","ssoExpires":240015,"collission":false,"userId":50301190,"hmds":{"error":"no bridge"},"iserver":{"authStatus":{"authenticated":true,"established":true,"competing":false,"connected":true,"message":"","MAC":"06:A8:C0:D9:D5:E3","serverInfo":{"serverName":"JifS04092","serverVersion":"Build 10.44.1h, Apr 20, 2026 11:22:51 AM"},"hardware_info":"275c5aa2|06:A8:C0:D9:D5:E3"}}}
19:23:33.181 INFO  vert.x-eventloop-thread-0 BaseServiceProxy     : -> GET /v1/api/tickle,200|307ms
19:23:33.182 DEBUG vert.x-eventloop-thread-0 ClientPortalService  : tickle {"session":"074fd67db450dc2e2f772e28ca2bb745","ssoExpires":209765,"collission":false,"userId":50301190,"hmds":{"error":"no bridge"},"iserver":{"authStatus":{"authenticated":true,"established":true,"competing":false,"connected":true,"message":"","MAC":"06:A8:C0:D9:D5:E3","serverInfo":{"serverName":"JifS04092","serverVersion":"Build 10.44.1h, Apr 20, 2026 11:22:51 AM"},"hardware_info":"275c5aa2|06:A8:C0:D9:D5:E3"}}}
19:24:02.922 INFO  vert.x-eventloop-thread-0 BaseServiceProxy     : -> GET /v1/api/tickle,200|49ms
19:24:02.923 DEBUG vert.x-eventloop-thread-0 ClientPortalService  : tickle {"session":"074fd67db450dc2e2f772e28ca2bb745","ssoExpires":180020,"collission":false,"userId":50301190,"hmds":{"error":"no bridge"},"iserver":{"authStatus":{"authenticated":true,"established":true,"competing":false,"connected":true,"message":"","MAC":"06:A8:C0:D9:D5:E3","serverInfo":{"serverName":"JifS04092","serverVersion":"Build 10.44.1h, Apr 20, 2026 11:22:51 AM"},"hardware_info":"275c5aa2|06:A8:C0:D9:D5:E3"}}}
19:24:32.954 INFO  vert.x-eventloop-thread-0 BaseServiceProxy     : -> GET /v1/api/tickle,200|80ms
19:24:32.956 DEBUG vert.x-eventloop-thread-0 ClientPortalService  : tickle {"session":"074fd67db450dc2e2f772e28ca2bb745","ssoExpires":149989,"collission":false,"userId":50301190,"hmds":{"error":"no bridge"},"iserver":{"authStatus":{"authenticated":true,"established":true,"competing":false,"connected":true,"message":"","MAC":"06:A8:C0:D9:D5:E3","serverInfo":{"serverName":"JifS04092","serverVersion":"Build 10.44.1h, Apr 20, 2026 11:22:51 AM"},"hardware_info":"275c5aa2|06:A8:C0:D9:D5:E3"}}}
19:25:02.936 INFO  vert.x-eventloop-thread-0 BaseServiceProxy     : -> GET /v1/api/tickle,200|63ms
19:25:02.937 DEBUG vert.x-eventloop-thread-0 ClientPortalService  : tickle {"session":"074fd67db450dc2e2f772e28ca2bb745","ssoExpires":120011,"collission":false,"userId":50301190,"hmds":{"error":"no bridge"},"iserver":{"authStatus":{"authenticated":true,"established":true,"competing":false,"connected":true,"message":"","MAC":"06:A8:C0:D9:D5:E3","serverInfo":{"serverName":"JifS04092","serverVersion":"Build 10.44.1h, Apr 20, 2026 11:22:51 AM"},"hardware_info":"275c5aa2|06:A8:C0:D9:D5:E3"}}}
19:25:32.939 INFO  vert.x-eventloop-thread-0 BaseServiceProxy     : -> GET /v1/api/tickle,200|67ms
19:25:32.941 DEBUG vert.x-eventloop-thread-0 ClientPortalService  : tickle {"session":"074fd67db450dc2e2f772e28ca2bb745","ssoExpires":90004,"collission":false,"userId":50301190,"hmds":{"error":"no bridge"},"iserver":{"authStatus":{"authenticated":true,"established":true,"competing":false,"connected":true,"message":"","MAC":"06:A8:C0:D9:D5:E3","serverInfo":{"serverName":"JifS04092","serverVersion":"Build 10.44.1h, Apr 20, 2026 11:22:51 AM"},"hardware_info":"275c5aa2|06:A8:C0:D9:D5:E3"}}}
19:26:02.934 INFO  vert.x-eventloop-thread-0 BaseServiceProxy     : -> GET /v1/api/tickle,200|60ms
19:26:02.935 DEBUG vert.x-eventloop-thread-0 ClientPortalService  : tickle {"session":"074fd67db450dc2e2f772e28ca2bb745","ssoExpires":60012,"collission":false,"userId":50301190,"hmds":{"error":"no bridge"},"iserver":{"authStatus":{"authenticated":true,"established":true,"competing":false,"connected":true,"message":"","MAC":"06:A8:C0:D9:D5:E3","serverInfo":{"serverName":"JifS04092","serverVersion":"Build 10.44.1h, Apr 20, 2026 11:22:51 AM"},"hardware_info":"275c5aa2|06:A8:C0:D9:D5:E3"}}}
19:26:27.968 INFO  vert.x-eventloop-thread-0 BaseServiceProxy     : -> GET /sso/ping,200|283ms
19:26:27.969 INFO  vert.x-eventloop-thread-0 SsoService           : sso ping {"result": "true"}
19:26:33.081 INFO  vert.x-eventloop-thread-0 BaseServiceProxy     : -> GET /v1/api/tickle,200|208ms
19:26:33.081 DEBUG vert.x-eventloop-thread-0 ClientPortalService  : tickle {"session":"074fd67db450dc2e2f772e28ca2bb745","ssoExpires":29862,"collission":false,"userId":50301190,"hmds":{"error":"no bridge"},"iserver":{"authStatus":{"authenticated":true,"established":true,"competing":false,"connected":true,"message":"","MAC":"06:A8:C0:D9:D5:E3","serverInfo":{"serverName":"JifS04092","serverVersion":"Build 10.44.1h, Apr 20, 2026 11:22:51 AM"},"hardware_info":"275c5aa2|06:A8:C0:D9:D5:E3"}}}
19:27:02.929 INFO  vert.x-eventloop-thread-0 BaseServiceProxy     : -> GET /v1/api/tickle,200|55ms
19:27:02.930 DEBUG vert.x-eventloop-thread-0 ClientPortalService  : tickle {"session":"074fd67db450dc2e2f772e28ca2bb745","ssoExpires":14,"collission":false,"userId":50301190,"hmds":{"error":"no bridge"},"iserver":{"authStatus":{"authenticated":true,"established":true,"competing":false,"connected":true,"message":"","MAC":"06:A8:C0:D9:D5:E3","serverInfo":{"serverName":"JifS04092","serverVersion":"Build 10.44.1h, Apr 20, 2026 11:22:51 AM"},"hardware_info":"275c5aa2|06:A8:C0:D9:D5:E3"}}}
19:27:12.934 INFO  vert.x-eventloop-thread-0 BaseServiceProxy     : -> GET /v1/api/logout,200|62ms
22:35:02.541 INFO  main GatewayStart         : config ../root/conf.yaml !!ibgroup.web.core.clientportal.gw.Config
authDelay: 3000
ccp: false
cors: {origin.allowed: '*', allowCredentials: false}
ip2loc: US
ips:
  allow: [192.*, 131.216.*, 127.0.0.1]
  deny: [212.90.324.10]
listenPort: 8080
listenSsl: true
portalBaseURL: ''
proxyRemoteHost: https://api.ibkr.com
proxyRemoteSsl: true
sslCert: vertx.jks
sslPwd: mywebapi
ssoPing: 5
svcEnvironment: v1
tst: false
twsBaseURL: /tws.proxy
webApps:
- {cache: true, index: index.html, listing: false, name: demo, proxy: ''}

22:35:02.667 INFO  vert.x-eventloop-thread-0 GatewayHttpProxy     :  -> mount demo on /demo
22:35:02.681 INFO  vert.x-eventloop-thread-0 GatewayVerticle      : version: a27ed42161ad96c53e715ca5c5e3e3fa4cff5262 Mon, 24 Apr 2023 15:41:53 -0400
22:35:02.681 INFO  vert.x-eventloop-thread-0 GatewayVerticle      : Java Version: 17.0.10
22:35:03.165 WARN  vert.x-eventloop-thread-0 DefaultChannelPipeline : An exceptionCaught() event was fired, and it reached at the tail of the pipeline. It usually means the last handler in the pipeline did not handle the exception.
io.netty.handler.codec.DecoderException: javax.net.ssl.SSLHandshakeException: Received fatal alert: certificate_unknown
	at io.netty.handler.codec.ByteToMessageDecoder.callDecode(ByteToMessageDecoder.java:459)
	at io.netty.handler.codec.ByteToMessageDecoder.channelRead(ByteToMessageDecoder.java:265)
	at io.netty.channel.AbstractChannelHandlerContext.invokeChannelRead(AbstractChannelHandlerContext.java:362)
	at io.netty.channel.AbstractChannelHandlerContext.invokeChannelRead(AbstractChannelHandlerContext.java:348)
	at io.netty.channel.AbstractChannelHandlerContext.fireChannelRead(AbstractChannelHandlerContext.java:340)
	at io.netty.channel.DefaultChannelPipeline$HeadContext.channelRead(DefaultChannelPipeline.java:1359)
	at io.netty.channel.AbstractChannelHandlerContext.invokeChannelRead(AbstractChannelHandlerContext.java:362)
	at io.netty.channel.AbstractChannelHandlerContext.invokeChannelRead(AbstractChannelHandlerContext.java:348)
	at io.netty.channel.DefaultChannelPipeline.fireChannelRead(DefaultChannelPipeline.java:935)
	at io.netty.channel.nio.AbstractNioByteChannel$NioByteUnsafe.read(AbstractNioByteChannel.java:134)
	at io.netty.channel.nio.NioEventLoop.processSelectedKey(NioEventLoop.java:645)
	at io.netty.channel.nio.NioEventLoop.processSelectedKeysPlain(NioEventLoop.java:545)
	at io.netty.channel.nio.NioEventLoop.processSelectedKeys(NioEventLoop.java:499)
	at io.netty.channel.nio.NioEventLoop.run(NioEventLoop.java:459)
	at io.netty.util.concurrent.SingleThreadEventExecutor$5.run(SingleThreadEventExecutor.java:858)
	at java.base/java.lang.Thread.run(Thread.java:842)
Caused by: javax.net.ssl.SSLHandshakeException: Received fatal alert: certificate_unknown
	at java.base/sun.security.ssl.Alert.createSSLException(Alert.java:131)
	at java.base/sun.security.ssl.Alert.createSSLException(Alert.java:117)
	at java.base/sun.security.ssl.TransportContext.fatal(TransportContext.java:365)
	at java.base/sun.security.ssl.Alert$AlertConsumer.consume(Alert.java:293)
	at java.base/sun.security.ssl.TransportContext.dispatch(TransportContext.java:204)
	at java.base/sun.security.ssl.SSLTransport.decode(SSLTransport.java:172)
	at java.base/sun.security.ssl.SSLEngineImpl.decode(SSLEngineImpl.java:736)
	at java.base/sun.security.ssl.SSLEngineImpl.readRecord(SSLEngineImpl.java:691)
	at java.base/sun.security.ssl.SSLEngineImpl.unwrap(SSLEngineImpl.java:506)
	at java.base/sun.security.ssl.SSLEngineImpl.unwrap(SSLEngineImpl.java:482)
	at java.base/javax.net.ssl.SSLEngine.unwrap(SSLEngine.java:679)
	at io.netty.handler.ssl.SslHandler$SslEngineType$3.unwrap(SslHandler.java:281)
	at io.netty.handler.ssl.SslHandler.unwrap(SslHandler.java:1215)
	at io.netty.handler.ssl.SslHandler.decodeJdkCompatible(SslHandler.java:1127)
	at io.netty.handler.ssl.SslHandler.decode(SslHandler.java:1162)
	at io.netty.handler.codec.ByteToMessageDecoder.decodeRemovalReentryProtection(ByteToMessageDecoder.java:489)
	at io.netty.handler.codec.ByteToMessageDecoder.callDecode(ByteToMessageDecoder.java:428)
	... 15 common frames omitted
22:35:03.166 WARN  vert.x-eventloop-thread-0 DefaultChannelPipeline : An exceptionCaught() event was fired, and it reached at the tail of the pipeline. It usually means the last handler in the pipeline did not handle the exception.
io.netty.handler.codec.DecoderException: javax.net.ssl.SSLHandshakeException: Received fatal alert: certificate_unknown
	at io.netty.handler.codec.ByteToMessageDecoder.callDecode(ByteToMessageDecoder.java:459)
	at io.netty.handler.codec.ByteToMessageDecoder.channelRead(ByteToMessageDecoder.java:265)
	at io.netty.channel.AbstractChannelHandlerContext.invokeChannelRead(AbstractChannelHandlerContext.java:362)
	at io.netty.channel.AbstractChannelHandlerContext.invokeChannelRead(AbstractChannelHandlerContext.java:348)
	at io.netty.channel.AbstractChannelHandlerContext.fireChannelRead(AbstractChannelHandlerContext.java:340)
	at io.netty.channel.DefaultChannelPipeline$HeadContext.channelRead(DefaultChannelPipeline.java:1359)
	at io.netty.channel.AbstractChannelHandlerContext.invokeChannelRead(AbstractChannelHandlerContext.java:362)
	at io.netty.channel.AbstractChannelHandlerContext.invokeChannelRead(AbstractChannelHandlerContext.java:348)
	at io.netty.channel.DefaultChannelPipeline.fireChannelRead(DefaultChannelPipeline.java:935)
	at io.netty.channel.nio.AbstractNioByteChannel$NioByteUnsafe.read(AbstractNioByteChannel.java:134)
	at io.netty.channel.nio.NioEventLoop.processSelectedKey(NioEventLoop.java:645)
	at io.netty.channel.nio.NioEventLoop.processSelectedKeysPlain(NioEventLoop.java:545)
	at io.netty.channel.nio.NioEventLoop.processSelectedKeys(NioEventLoop.java:499)
	at io.netty.channel.nio.NioEventLoop.run(NioEventLoop.java:459)
	at io.netty.util.concurrent.SingleThreadEventExecutor$5.run(SingleThreadEventExecutor.java:858)
	at java.base/java.lang.Thread.run(Thread.java:842)
Caused by: javax.net.ssl.SSLHandshakeException: Received fatal alert: certificate_unknown
	at java.base/sun.security.ssl.Alert.createSSLException(Alert.java:131)
	at java.base/sun.security.ssl.Alert.createSSLException(Alert.java:117)
	at java.base/sun.security.ssl.TransportContext.fatal(TransportContext.java:365)
	at java.base/sun.security.ssl.Alert$AlertConsumer.consume(Alert.java:293)
	at java.base/sun.security.ssl.TransportContext.dispatch(TransportContext.java:204)
	at java.base/sun.security.ssl.SSLTransport.decode(SSLTransport.java:172)
	at java.base/sun.security.ssl.SSLEngineImpl.decode(SSLEngineImpl.java:736)
	at java.base/sun.security.ssl.SSLEngineImpl.readRecord(SSLEngineImpl.java:691)
	at java.base/sun.security.ssl.SSLEngineImpl.unwrap(SSLEngineImpl.java:506)
	at java.base/sun.security.ssl.SSLEngineImpl.unwrap(SSLEngineImpl.java:482)
	at java.base/javax.net.ssl.SSLEngine.unwrap(SSLEngine.java:679)
	at io.netty.handler.ssl.SslHandler$SslEngineType$3.unwrap(SslHandler.java:281)
	at io.netty.handler.ssl.SslHandler.unwrap(SslHandler.java:1215)
	at io.netty.handler.ssl.SslHandler.decodeJdkCompatible(SslHandler.java:1127)
	at io.netty.handler.ssl.SslHandler.decode(SslHandler.java:1162)
	at io.netty.handler.codec.ByteToMessageDecoder.decodeRemovalReentryProtection(ByteToMessageDecoder.java:489)
	at io.netty.handler.codec.ByteToMessageDecoder.callDecode(ByteToMessageDecoder.java:428)
	... 15 common frames omitted
22:35:03.833 INFO  vert.x-eventloop-thread-0 BaseServiceProxy     : -> GET /sso/Login?forwardTo=22&RL=1&ip2loc=US,200|616ms
22:35:03.834 INFO  vert.x-eventloop-thread-0 CookieManager        : set cookies [partnerID=""; Domain=.ibkr.com; Expires=Thu, 01 Jan 1970 00:00:10 GMT; Path=/;Secure;SameSite=None, partnerID=""; Domain=.ibkr.com; Expires=Thu, 01 Jan 1970 00:00:10 GMT; Path=/;Secure;SameSite=None, URL_PARAM=forwardTo%3D22&RL%3D1&ip2loc%3DUS; Domain=.ibkr.com; Path=/;Secure, JSESSIONID=41F3C712D6A9E525EBE9BAA2893FF4CB.ny5wwwdam2-internet; Path=/sso; HttpOnly;Secure;SameSite=None, x-sess-uuid=0.cdd0dd17.1777041303.9671094; secure; HttpOnly]
22:35:03.835 DEBUG vert.x-eventloop-thread-0 BaseServiceProxy     : Remapping Set-cookies [partnerID=""; Domain=.ibkr.com; Expires=Thu, 01 Jan 1970 00:00:10 GMT; Path=/;Secure;SameSite=None, partnerID=""; Domain=.ibkr.com; Expires=Thu, 01 Jan 1970 00:00:10 GMT; Path=/;Secure;SameSite=None, URL_PARAM=forwardTo%3D22&RL%3D1&ip2loc%3DUS; Domain=.ibkr.com; Path=/;Secure, JSESSIONID=41F3C712D6A9E525EBE9BAA2893FF4CB.ny5wwwdam2-internet; Path=/sso; HttpOnly;Secure;SameSite=None, x-sess-uuid=0.cdd0dd17.1777041303.9671094; secure; HttpOnly] -> 
22:35:03.900 WARN  vert.x-eventloop-thread-0 DefaultChannelPipeline : An exceptionCaught() event was fired, and it reached at the tail of the pipeline. It usually means the last handler in the pipeline did not handle the exception.
io.netty.handler.codec.DecoderException: javax.net.ssl.SSLHandshakeException: Received fatal alert: certificate_unknown
	at io.netty.handler.codec.ByteToMessageDecoder.callDecode(ByteToMessageDecoder.java:459)
	at io.netty.handler.codec.ByteToMessageDecoder.channelRead(ByteToMessageDecoder.java:265)
	at io.netty.channel.AbstractChannelHandlerContext.invokeChannelRead(AbstractChannelHandlerContext.java:362)
	at io.netty.channel.AbstractChannelHandlerContext.invokeChannelRead(AbstractChannelHandlerContext.java:348)
	at io.netty.channel.AbstractChannelHandlerContext.fireChannelRead(AbstractChannelHandlerContext.java:340)
	at io.netty.channel.DefaultChannelPipeline$HeadContext.channelRead(DefaultChannelPipeline.java:1359)
	at io.netty.channel.AbstractChannelHandlerContext.invokeChannelRead(AbstractChannelHandlerContext.java:362)
	at io.netty.channel.AbstractChannelHandlerContext.invokeChannelRead(AbstractChannelHandlerContext.java:348)
	at io.netty.channel.DefaultChannelPipeline.fireChannelRead(DefaultChannelPipeline.java:935)
	at io.netty.channel.nio.AbstractNioByteChannel$NioByteUnsafe.read(AbstractNioByteChannel.java:134)
	at io.netty.channel.nio.NioEventLoop.processSelectedKey(NioEventLoop.java:645)
	at io.netty.channel.nio.NioEventLoop.processSelectedKeysPlain(NioEventLoop.java:545)
	at io.netty.channel.nio.NioEventLoop.processSelectedKeys(NioEventLoop.java:499)
	at io.netty.channel.nio.NioEventLoop.run(NioEventLoop.java:459)
	at io.netty.util.concurrent.SingleThreadEventExecutor$5.run(SingleThreadEventExecutor.java:858)
	at java.base/java.lang.Thread.run(Thread.java:842)
Caused by: javax.net.ssl.SSLHandshakeException: Received fatal alert: certificate_unknown
	at java.base/sun.security.ssl.Alert.createSSLException(Alert.java:131)
	at java.base/sun.security.ssl.Alert.createSSLException(Alert.java:117)
	at java.base/sun.security.ssl.TransportContext.fatal(TransportContext.java:365)
	at java.base/sun.security.ssl.Alert$AlertConsumer.consume(Alert.java:293)
	at java.base/sun.security.ssl.TransportContext.dispatch(TransportContext.java:204)
	at java.base/sun.security.ssl.SSLTransport.decode(SSLTransport.java:172)
	at java.base/sun.security.ssl.SSLEngineImpl.decode(SSLEngineImpl.java:736)
	at java.base/sun.security.ssl.SSLEngineImpl.readRecord(SSLEngineImpl.java:691)
	at java.base/sun.security.ssl.SSLEngineImpl.unwrap(SSLEngineImpl.java:506)
	at java.base/sun.security.ssl.SSLEngineImpl.unwrap(SSLEngineImpl.java:482)
	at java.base/javax.net.ssl.SSLEngine.unwrap(SSLEngine.java:679)
	at io.netty.handler.ssl.SslHandler$SslEngineType$3.unwrap(SslHandler.java:281)
	at io.netty.handler.ssl.SslHandler.unwrap(SslHandler.java:1215)
	at io.netty.handler.ssl.SslHandler.decodeJdkCompatible(SslHandler.java:1127)
	at io.netty.handler.ssl.SslHandler.decode(SslHandler.java:1162)
	at io.netty.handler.codec.ByteToMessageDecoder.decodeRemovalReentryProtection(ByteToMessageDecoder.java:489)
	at io.netty.handler.codec.ByteToMessageDecoder.callDecode(ByteToMessageDecoder.java:428)
	... 15 common frames omitted
22:35:03.903 WARN  vert.x-eventloop-thread-0 DefaultChannelPipeline : An exceptionCaught() event was fired, and it reached at the tail of the pipeline. It usually means the last handler in the pipeline did not handle the exception.
io.netty.handler.codec.DecoderException: javax.net.ssl.SSLHandshakeException: Received fatal alert: certificate_unknown
	at io.netty.handler.codec.ByteToMessageDecoder.callDecode(ByteToMessageDecoder.java:459)
	at io.netty.handler.codec.ByteToMessageDecoder.channelRead(ByteToMessageDecoder.java:265)
	at io.netty.channel.AbstractChannelHandlerContext.invokeChannelRead(AbstractChannelHandlerContext.java:362)
	at io.netty.channel.AbstractChannelHandlerContext.invokeChannelRead(AbstractChannelHandlerContext.java:348)
	at io.netty.channel.AbstractChannelHandlerContext.fireChannelRead(AbstractChannelHandlerContext.java:340)
	at io.netty.channel.DefaultChannelPipeline$HeadContext.channelRead(DefaultChannelPipeline.java:1359)
	at io.netty.channel.AbstractChannelHandlerContext.invokeChannelRead(AbstractChannelHandlerContext.java:362)
	at io.netty.channel.AbstractChannelHandlerContext.invokeChannelRead(AbstractChannelHandlerContext.java:348)
	at io.netty.channel.DefaultChannelPipeline.fireChannelRead(DefaultChannelPipeline.java:935)
	at io.netty.channel.nio.AbstractNioByteChannel$NioByteUnsafe.read(AbstractNioByteChannel.java:134)
	at io.netty.channel.nio.NioEventLoop.processSelectedKey(NioEventLoop.java:645)
	at io.netty.channel.nio.NioEventLoop.processSelectedKeysPlain(NioEventLoop.java:545)
	at io.netty.channel.nio.NioEventLoop.processSelectedKeys(NioEventLoop.java:499)
	at io.netty.channel.nio.NioEventLoop.run(NioEventLoop.java:459)
	at io.netty.util.concurrent.SingleThreadEventExecutor$5.run(SingleThreadEventExecutor.java:858)
	at java.base/java.lang.Thread.run(Thread.java:842)
Caused by: javax.net.ssl.SSLHandshakeException: Received fatal alert: certificate_unknown
	at java.base/sun.security.ssl.Alert.createSSLException(Alert.java:131)
	at java.base/sun.security.ssl.Alert.createSSLException(Alert.java:117)
	at java.base/sun.security.ssl.TransportContext.fatal(TransportContext.java:365)
	at java.base/sun.security.ssl.Alert$AlertConsumer.consume(Alert.java:293)
	at java.base/sun.security.ssl.TransportContext.dispatch(TransportContext.java:204)
	at java.base/sun.security.ssl.SSLTransport.decode(SSLTransport.java:172)
	at java.base/sun.security.ssl.SSLEngineImpl.decode(SSLEngineImpl.java:736)
	at java.base/sun.security.ssl.SSLEngineImpl.readRecord(SSLEngineImpl.java:691)
	at java.base/sun.security.ssl.SSLEngineImpl.unwrap(SSLEngineImpl.java:506)
	at java.base/sun.security.ssl.SSLEngineImpl.unwrap(SSLEngineImpl.java:482)
	at java.base/javax.net.ssl.SSLEngine.unwrap(SSLEngine.java:679)
	at io.netty.handler.ssl.SslHandler$SslEngineType$3.unwrap(SslHandler.java:281)
	at io.netty.handler.ssl.SslHandler.unwrap(SslHandler.java:1215)
	at io.netty.handler.ssl.SslHandler.decodeJdkCompatible(SslHandler.java:1127)
	at io.netty.handler.ssl.SslHandler.decode(SslHandler.java:1162)
	at io.netty.handler.codec.ByteToMessageDecoder.decodeRemovalReentryProtection(ByteToMessageDecoder.java:489)
	at io.netty.handler.codec.ByteToMessageDecoder.callDecode(ByteToMessageDecoder.java:428)
	... 15 common frames omitted
22:35:03.903 WARN  vert.x-eventloop-thread-0 DefaultChannelPipeline : An exceptionCaught() event was fired, and it reached at the tail of the pipeline. It usually means the last handler in the pipeline did not handle the exception.
io.netty.handler.codec.DecoderException: javax.net.ssl.SSLHandshakeException: Received fatal alert: certificate_unknown
	at io.netty.handler.codec.ByteToMessageDecoder.callDecode(ByteToMessageDecoder.java:459)
	at io.netty.handler.codec.ByteToMessageDecoder.channelRead(ByteToMessageDecoder.java:265)
	at io.netty.channel.AbstractChannelHandlerContext.invokeChannelRead(AbstractChannelHandlerContext.java:362)
	at io.netty.channel.AbstractChannelHandlerContext.invokeChannelRead(AbstractChannelHandlerContext.java:348)
	at io.netty.channel.AbstractChannelHandlerContext.fireChannelRead(AbstractChannelHandlerContext.java:340)
	at io.netty.channel.DefaultChannelPipeline$HeadContext.channelRead(DefaultChannelPipeline.java:1359)
	at io.netty.channel.AbstractChannelHandlerContext.invokeChannelRead(AbstractChannelHandlerContext.java:362)
	at io.netty.channel.AbstractChannelHandlerContext.invokeChannelRead(AbstractChannelHandlerContext.java:348)
	at io.netty.channel.DefaultChannelPipeline.fireChannelRead(DefaultChannelPipeline.java:935)
	at io.netty.channel.nio.AbstractNioByteChannel$NioByteUnsafe.read(AbstractNioByteChannel.java:134)
	at io.netty.channel.nio.NioEventLoop.processSelectedKey(NioEventLoop.java:645)
	at io.netty.channel.nio.NioEventLoop.processSelectedKeysPlain(NioEventLoop.java:545)
	at io.netty.channel.nio.NioEventLoop.processSelectedKeys(NioEventLoop.java:499)
	at io.netty.channel.nio.NioEventLoop.run(NioEventLoop.java:459)
	at io.netty.util.concurrent.SingleThreadEventExecutor$5.run(SingleThreadEventExecutor.java:858)
	at java.base/java.lang.Thread.run(Thread.java:842)
Caused by: javax.net.ssl.SSLHandshakeException: Received fatal alert: certificate_unknown
	at java.base/sun.security.ssl.Alert.createSSLException(Alert.java:131)
	at java.base/sun.security.ssl.Alert.createSSLException(Alert.java:117)
	at java.base/sun.security.ssl.TransportContext.fatal(TransportContext.java:365)
	at java.base/sun.security.ssl.Alert$AlertConsumer.consume(Alert.java:293)
	at java.base/sun.security.ssl.TransportContext.dispatch(TransportContext.java:204)
	at java.base/sun.security.ssl.SSLTransport.decode(SSLTransport.java:172)
	at java.base/sun.security.ssl.SSLEngineImpl.decode(SSLEngineImpl.java:736)
	at java.base/sun.security.ssl.SSLEngineImpl.readRecord(SSLEngineImpl.java:691)
	at java.base/sun.security.ssl.SSLEngineImpl.unwrap(SSLEngineImpl.java:506)
	at java.base/sun.security.ssl.SSLEngineImpl.unwrap(SSLEngineImpl.java:482)
	at java.base/javax.net.ssl.SSLEngine.unwrap(SSLEngine.java:679)
	at io.netty.handler.ssl.SslHandler$SslEngineType$3.unwrap(SslHandler.java:281)
	at io.netty.handler.ssl.SslHandler.unwrap(SslHandler.java:1215)
	at io.netty.handler.ssl.SslHandler.decodeJdkCompatible(SslHandler.java:1127)
	at io.netty.handler.ssl.SslHandler.decode(SslHandler.java:1162)
	at io.netty.handler.codec.ByteToMessageDecoder.decodeRemovalReentryProtection(ByteToMessageDecoder.java:489)
	at io.netty.handler.codec.ByteToMessageDecoder.callDecode(ByteToMessageDecoder.java:428)
	... 15 common frames omitted
22:35:03.907 WARN  vert.x-eventloop-thread-0 DefaultChannelPipeline : An exceptionCaught() event was fired, and it reached at the tail of the pipeline. It usually means the last handler in the pipeline did not handle the exception.
io.netty.handler.codec.DecoderException: javax.net.ssl.SSLHandshakeException: Received fatal alert: certificate_unknown
	at io.netty.handler.codec.ByteToMessageDecoder.callDecode(ByteToMessageDecoder.java:459)
	at io.netty.handler.codec.ByteToMessageDecoder.channelRead(ByteToMessageDecoder.java:265)
	at io.netty.channel.AbstractChannelHandlerContext.invokeChannelRead(AbstractChannelHandlerContext.java:362)
	at io.netty.channel.AbstractChannelHandlerContext.invokeChannelRead(AbstractChannelHandlerContext.java:348)
	at io.netty.channel.AbstractChannelHandlerContext.fireChannelRead(AbstractChannelHandlerContext.java:340)
	at io.netty.channel.DefaultChannelPipeline$HeadContext.channelRead(DefaultChannelPipeline.java:1359)
	at io.netty.channel.AbstractChannelHandlerContext.invokeChannelRead(AbstractChannelHandlerContext.java:362)
	at io.netty.channel.AbstractChannelHandlerContext.invokeChannelRead(AbstractChannelHandlerContext.java:348)
	at io.netty.channel.DefaultChannelPipeline.fireChannelRead(DefaultChannelPipeline.java:935)
	at io.netty.channel.nio.AbstractNioByteChannel$NioByteUnsafe.read(AbstractNioByteChannel.java:134)
	at io.netty.channel.nio.NioEventLoop.processSelectedKey(NioEventLoop.java:645)
	at io.netty.channel.nio.NioEventLoop.processSelectedKeysPlain(NioEventLoop.java:545)
	at io.netty.channel.nio.NioEventLoop.processSelectedKeys(NioEventLoop.java:499)
	at io.netty.channel.nio.NioEventLoop.run(NioEventLoop.java:459)
	at io.netty.util.concurrent.SingleThreadEventExecutor$5.run(SingleThreadEventExecutor.java:858)
	at java.base/java.lang.Thread.run(Thread.java:842)
Caused by: javax.net.ssl.SSLHandshakeException: Received fatal alert: certificate_unknown
	at java.base/sun.security.ssl.Alert.createSSLException(Alert.java:131)
	at java.base/sun.security.ssl.Alert.createSSLException(Alert.java:117)
	at java.base/sun.security.ssl.TransportContext.fatal(TransportContext.java:365)
	at java.base/sun.security.ssl.Alert$AlertConsumer.consume(Alert.java:293)
	at java.base/sun.security.ssl.TransportContext.dispatch(TransportContext.java:204)
	at java.base/sun.security.ssl.SSLTransport.decode(SSLTransport.java:172)
	at java.base/sun.security.ssl.SSLEngineImpl.decode(SSLEngineImpl.java:736)
	at java.base/sun.security.ssl.SSLEngineImpl.readRecord(SSLEngineImpl.java:691)
	at java.base/sun.security.ssl.SSLEngineImpl.unwrap(SSLEngineImpl.java:506)
	at java.base/sun.security.ssl.SSLEngineImpl.unwrap(SSLEngineImpl.java:482)
	at java.base/javax.net.ssl.SSLEngine.unwrap(SSLEngine.java:679)
	at io.netty.handler.ssl.SslHandler$SslEngineType$3.unwrap(SslHandler.java:281)
	at io.netty.handler.ssl.SslHandler.unwrap(SslHandler.java:1215)
	at io.netty.handler.ssl.SslHandler.decodeJdkCompatible(SslHandler.java:1127)
	at io.netty.handler.ssl.SslHandler.decode(SslHandler.java:1162)
	at io.netty.handler.codec.ByteToMessageDecoder.decodeRemovalReentryProtection(ByteToMessageDecoder.java:489)
	at io.netty.handler.codec.ByteToMessageDecoder.callDecode(ByteToMessageDecoder.java:428)
	... 15 common frames omitted
22:35:03.907 WARN  vert.x-eventloop-thread-0 DefaultChannelPipeline : An exceptionCaught() event was fired, and it reached at the tail of the pipeline. It usually means the last handler in the pipeline did not handle the exception.
io.netty.handler.codec.DecoderException: javax.net.ssl.SSLHandshakeException: Received fatal alert: certificate_unknown
	at io.netty.handler.codec.ByteToMessageDecoder.callDecode(ByteToMessageDecoder.java:459)
	at io.netty.handler.codec.ByteToMessageDecoder.channelRead(ByteToMessageDecoder.java:265)
	at io.netty.channel.AbstractChannelHandlerContext.invokeChannelRead(AbstractChannelHandlerContext.java:362)
	at io.netty.channel.AbstractChannelHandlerContext.invokeChannelRead(AbstractChannelHandlerContext.java:348)
	at io.netty.channel.AbstractChannelHandlerContext.fireChannelRead(AbstractChannelHandlerContext.java:340)
	at io.netty.channel.DefaultChannelPipeline$HeadContext.channelRead(DefaultChannelPipeline.java:1359)
	at io.netty.channel.AbstractChannelHandlerContext.invokeChannelRead(AbstractChannelHandlerContext.java:362)
	at io.netty.channel.AbstractChannelHandlerContext.invokeChannelRead(AbstractChannelHandlerContext.java:348)
	at io.netty.channel.DefaultChannelPipeline.fireChannelRead(DefaultChannelPipeline.java:935)
	at io.netty.channel.nio.AbstractNioByteChannel$NioByteUnsafe.read(AbstractNioByteChannel.java:134)
	at io.netty.channel.nio.NioEventLoop.processSelectedKey(NioEventLoop.java:645)
	at io.netty.channel.nio.NioEventLoop.processSelectedKeysPlain(NioEventLoop.java:545)
	at io.netty.channel.nio.NioEventLoop.processSelectedKeys(NioEventLoop.java:499)
	at io.netty.channel.nio.NioEventLoop.run(NioEventLoop.java:459)
	at io.netty.util.concurrent.SingleThreadEventExecutor$5.run(SingleThreadEventExecutor.java:858)
	at java.base/java.lang.Thread.run(Thread.java:842)
Caused by: javax.net.ssl.SSLHandshakeException: Received fatal alert: certificate_unknown
	at java.base/sun.security.ssl.Alert.createSSLException(Alert.java:131)
	at java.base/sun.security.ssl.Alert.createSSLException(Alert.java:117)
	at java.base/sun.security.ssl.TransportContext.fatal(TransportContext.java:365)
	at java.base/sun.security.ssl.Alert$AlertConsumer.consume(Alert.java:293)
	at java.base/sun.security.ssl.TransportContext.dispatch(TransportContext.java:204)
	at java.base/sun.security.ssl.SSLTransport.decode(SSLTransport.java:172)
	at java.base/sun.security.ssl.SSLEngineImpl.decode(SSLEngineImpl.java:736)
	at java.base/sun.security.ssl.SSLEngineImpl.readRecord(SSLEngineImpl.java:691)
	at java.base/sun.security.ssl.SSLEngineImpl.unwrap(SSLEngineImpl.java:506)
	at java.base/sun.security.ssl.SSLEngineImpl.unwrap(SSLEngineImpl.java:482)
	at java.base/javax.net.ssl.SSLEngine.unwrap(SSLEngine.java:679)
	at io.netty.handler.ssl.SslHandler$SslEngineType$3.unwrap(SslHandler.java:281)
	at io.netty.handler.ssl.SslHandler.unwrap(SslHandler.java:1215)
	at io.netty.handler.ssl.SslHandler.decodeJdkCompatible(SslHandler.java:1127)
	at io.netty.handler.ssl.SslHandler.decode(SslHandler.java:1162)
	at io.netty.handler.codec.ByteToMessageDecoder.decodeRemovalReentryProtection(ByteToMessageDecoder.java:489)
	at io.netty.handler.codec.ByteToMessageDecoder.callDecode(ByteToMessageDecoder.java:428)
	... 15 common frames omitted
22:35:03.911 WARN  vert.x-eventloop-thread-0 DefaultChannelPipeline : An exceptionCaught() event was fired, and it reached at the tail of the pipeline. It usually means the last handler in the pipeline did not handle the exception.
io.netty.handler.codec.DecoderException: javax.net.ssl.SSLHandshakeException: Received fatal alert: certificate_unknown
	at io.netty.handler.codec.ByteToMessageDecoder.callDecode(ByteToMessageDecoder.java:459)
	at io.netty.handler.codec.ByteToMessageDecoder.channelRead(ByteToMessageDecoder.java:265)
	at io.netty.channel.AbstractChannelHandlerContext.invokeChannelRead(AbstractChannelHandlerContext.java:362)
	at io.netty.channel.AbstractChannelHandlerContext.invokeChannelRead(AbstractChannelHandlerContext.java:348)
	at io.netty.channel.AbstractChannelHandlerContext.fireChannelRead(AbstractChannelHandlerContext.java:340)
	at io.netty.channel.DefaultChannelPipeline$HeadContext.channelRead(DefaultChannelPipeline.java:1359)
	at io.netty.channel.AbstractChannelHandlerContext.invokeChannelRead(AbstractChannelHandlerContext.java:362)
	at io.netty.channel.AbstractChannelHandlerContext.invokeChannelRead(AbstractChannelHandlerContext.java:348)
	at io.netty.channel.DefaultChannelPipeline.fireChannelRead(DefaultChannelPipeline.java:935)
	at io.netty.channel.nio.AbstractNioByteChannel$NioByteUnsafe.read(AbstractNioByteChannel.java:134)
	at io.netty.channel.nio.NioEventLoop.processSelectedKey(NioEventLoop.java:645)
	at io.netty.channel.nio.NioEventLoop.processSelectedKeysPlain(NioEventLoop.java:545)
	at io.netty.channel.nio.NioEventLoop.processSelectedKeys(NioEventLoop.java:499)
	at io.netty.channel.nio.NioEventLoop.run(NioEventLoop.java:459)
	at io.netty.util.concurrent.SingleThreadEventExecutor$5.run(SingleThreadEventExecutor.java:858)
	at java.base/java.lang.Thread.run(Thread.java:842)
Caused by: javax.net.ssl.SSLHandshakeException: Received fatal alert: certificate_unknown
	at java.base/sun.security.ssl.Alert.createSSLException(Alert.java:131)
	at java.base/sun.security.ssl.Alert.createSSLException(Alert.java:117)
	at java.base/sun.security.ssl.TransportContext.fatal(TransportContext.java:365)
	at java.base/sun.security.ssl.Alert$AlertConsumer.consume(Alert.java:293)
	at java.base/sun.security.ssl.TransportContext.dispatch(TransportContext.java:204)
	at java.base/sun.security.ssl.SSLTransport.decode(SSLTransport.java:172)
	at java.base/sun.security.ssl.SSLEngineImpl.decode(SSLEngineImpl.java:736)
	at java.base/sun.security.ssl.SSLEngineImpl.readRecord(SSLEngineImpl.java:691)
	at java.base/sun.security.ssl.SSLEngineImpl.unwrap(SSLEngineImpl.java:506)
	at java.base/sun.security.ssl.SSLEngineImpl.unwrap(SSLEngineImpl.java:482)
	at java.base/javax.net.ssl.SSLEngine.unwrap(SSLEngine.java:679)
	at io.netty.handler.ssl.SslHandler$SslEngineType$3.unwrap(SslHandler.java:281)
	at io.netty.handler.ssl.SslHandler.unwrap(SslHandler.java:1215)
	at io.netty.handler.ssl.SslHandler.decodeJdkCompatible(SslHandler.java:1127)
	at io.netty.handler.ssl.SslHandler.decode(SslHandler.java:1162)
	at io.netty.handler.codec.ByteToMessageDecoder.decodeRemovalReentryProtection(ByteToMessageDecoder.java:489)
	at io.netty.handler.codec.ByteToMessageDecoder.callDecode(ByteToMessageDecoder.java:428)
	... 15 common frames omitted
22:35:03.912 WARN  vert.x-eventloop-thread-0 DefaultChannelPipeline : An exceptionCaught() event was fired, and it reached at the tail of the pipeline. It usually means the last handler in the pipeline did not handle the exception.
io.netty.handler.codec.DecoderException: javax.net.ssl.SSLHandshakeException: Received fatal alert: certificate_unknown
	at io.netty.handler.codec.ByteToMessageDecoder.callDecode(ByteToMessageDecoder.java:459)
	at io.netty.handler.codec.ByteToMessageDecoder.channelRead(ByteToMessageDecoder.java:265)
	at io.netty.channel.AbstractChannelHandlerContext.invokeChannelRead(AbstractChannelHandlerContext.java:362)
	at io.netty.channel.AbstractChannelHandlerContext.invokeChannelRead(AbstractChannelHandlerContext.java:348)
	at io.netty.channel.AbstractChannelHandlerContext.fireChannelRead(AbstractChannelHandlerContext.java:340)
	at io.netty.channel.DefaultChannelPipeline$HeadContext.channelRead(DefaultChannelPipeline.java:1359)
	at io.netty.channel.AbstractChannelHandlerContext.invokeChannelRead(AbstractChannelHandlerContext.java:362)
	at io.netty.channel.AbstractChannelHandlerContext.invokeChannelRead(AbstractChannelHandlerContext.java:348)
	at io.netty.channel.DefaultChannelPipeline.fireChannelRead(DefaultChannelPipeline.java:935)
	at io.netty.channel.nio.AbstractNioByteChannel$NioByteUnsafe.read(AbstractNioByteChannel.java:134)
	at io.netty.channel.nio.NioEventLoop.processSelectedKey(NioEventLoop.java:645)
	at io.netty.channel.nio.NioEventLoop.processSelectedKeysPlain(NioEventLoop.java:545)
	at io.netty.channel.nio.NioEventLoop.processSelectedKeys(NioEventLoop.java:499)
	at io.netty.channel.nio.NioEventLoop.run(NioEventLoop.java:459)
	at io.netty.util.concurrent.SingleThreadEventExecutor$5.run(SingleThreadEventExecutor.java:858)
	at java.base/java.lang.Thread.run(Thread.java:842)
Caused by: javax.net.ssl.SSLHandshakeException: Received fatal alert: certificate_unknown
	at java.base/sun.security.ssl.Alert.createSSLException(Alert.java:131)
	at java.base/sun.security.ssl.Alert.createSSLException(Alert.java:117)
	at java.base/sun.security.ssl.TransportContext.fatal(TransportContext.java:365)
	at java.base/sun.security.ssl.Alert$AlertConsumer.consume(Alert.java:293)
	at java.base/sun.security.ssl.TransportContext.dispatch(TransportContext.java:204)
	at java.base/sun.security.ssl.SSLTransport.decode(SSLTransport.java:172)
	at java.base/sun.security.ssl.SSLEngineImpl.decode(SSLEngineImpl.java:736)
	at java.base/sun.security.ssl.SSLEngineImpl.readRecord(SSLEngineImpl.java:691)
	at java.base/sun.security.ssl.SSLEngineImpl.unwrap(SSLEngineImpl.java:506)
	at java.base/sun.security.ssl.SSLEngineImpl.unwrap(SSLEngineImpl.java:482)
	at java.base/javax.net.ssl.SSLEngine.unwrap(SSLEngine.java:679)
	at io.netty.handler.ssl.SslHandler$SslEngineType$3.unwrap(SslHandler.java:281)
	at io.netty.handler.ssl.SslHandler.unwrap(SslHandler.java:1215)
	at io.netty.handler.ssl.SslHandler.decodeJdkCompatible(SslHandler.java:1127)
	at io.netty.handler.ssl.SslHandler.decode(SslHandler.java:1162)
	at io.netty.handler.codec.ByteToMessageDecoder.decodeRemovalReentryProtection(ByteToMessageDecoder.java:489)
	at io.netty.handler.codec.ByteToMessageDecoder.callDecode(ByteToMessageDecoder.java:428)
	... 15 common frames omitted
22:35:03.918 WARN  vert.x-eventloop-thread-0 DefaultChannelPipeline : An exceptionCaught() event was fired, and it reached at the tail of the pipeline. It usually means the last handler in the pipeline did not handle the exception.
io.netty.handler.codec.DecoderException: javax.net.ssl.SSLHandshakeException: Received fatal alert: certificate_unknown
	at io.netty.handler.codec.ByteToMessageDecoder.callDecode(ByteToMessageDecoder.java:459)
	at io.netty.handler.codec.ByteToMessageDecoder.channelRead(ByteToMessageDecoder.java:265)
	at io.netty.channel.AbstractChannelHandlerContext.invokeChannelRead(AbstractChannelHandlerContext.java:362)
	at io.netty.channel.AbstractChannelHandlerContext.invokeChannelRead(AbstractChannelHandlerContext.java:348)
	at io.netty.channel.AbstractChannelHandlerContext.fireChannelRead(AbstractChannelHandlerContext.java:340)
	at io.netty.channel.DefaultChannelPipeline$HeadContext.channelRead(DefaultChannelPipeline.java:1359)
	at io.netty.channel.AbstractChannelHandlerContext.invokeChannelRead(AbstractChannelHandlerContext.java:362)
	at io.netty.channel.AbstractChannelHandlerContext.invokeChannelRead(AbstractChannelHandlerContext.java:348)
	at io.netty.channel.DefaultChannelPipeline.fireChannelRead(DefaultChannelPipeline.java:935)
	at io.netty.channel.nio.AbstractNioByteChannel$NioByteUnsafe.read(AbstractNioByteChannel.java:134)
	at io.netty.channel.nio.NioEventLoop.processSelectedKey(NioEventLoop.java:645)
	at io.netty.channel.nio.NioEventLoop.processSelectedKeysPlain(NioEventLoop.java:545)
	at io.netty.channel.nio.NioEventLoop.processSelectedKeys(NioEventLoop.java:499)
	at io.netty.channel.nio.NioEventLoop.run(NioEventLoop.java:459)
	at io.netty.util.concurrent.SingleThreadEventExecutor$5.run(SingleThreadEventExecutor.java:858)
	at java.base/java.lang.Thread.run(Thread.java:842)
Caused by: javax.net.ssl.SSLHandshakeException: Received fatal alert: certificate_unknown
	at java.base/sun.security.ssl.Alert.createSSLException(Alert.java:131)
	at java.base/sun.security.ssl.Alert.createSSLException(Alert.java:117)
	at java.base/sun.security.ssl.TransportContext.fatal(TransportContext.java:365)
	at java.base/sun.security.ssl.Alert$AlertConsumer.consume(Alert.java:293)
	at java.base/sun.security.ssl.TransportContext.dispatch(TransportContext.java:204)
	at java.base/sun.security.ssl.SSLTransport.decode(SSLTransport.java:172)
	at java.base/sun.security.ssl.SSLEngineImpl.decode(SSLEngineImpl.java:736)
	at java.base/sun.security.ssl.SSLEngineImpl.readRecord(SSLEngineImpl.java:691)
	at java.base/sun.security.ssl.SSLEngineImpl.unwrap(SSLEngineImpl.java:506)
	at java.base/sun.security.ssl.SSLEngineImpl.unwrap(SSLEngineImpl.java:482)
	at java.base/javax.net.ssl.SSLEngine.unwrap(SSLEngine.java:679)
	at io.netty.handler.ssl.SslHandler$SslEngineType$3.unwrap(SslHandler.java:281)
	at io.netty.handler.ssl.SslHandler.unwrap(SslHandler.java:1215)
	at io.netty.handler.ssl.SslHandler.decodeJdkCompatible(SslHandler.java:1127)
	at io.netty.handler.ssl.SslHandler.decode(SslHandler.java:1162)
	at io.netty.handler.codec.ByteToMessageDecoder.decodeRemovalReentryProtection(ByteToMessageDecoder.java:489)
	at io.netty.handler.codec.ByteToMessageDecoder.callDecode(ByteToMessageDecoder.java:428)
	... 15 common frames omitted
22:35:03.979 INFO  vert.x-eventloop-thread-0 BaseServiceProxy     : -> GET /css/reg-am/login.min.css,200|59ms
22:35:03.990 INFO  vert.x-eventloop-thread-0 BaseServiceProxy     : -> GET /css/bootstrap-5.2.2/bootstrap.min.css,200|108ms
22:35:03.995 INFO  vert.x-eventloop-thread-0 BaseServiceProxy     : -> GET /css/ibkr/theme-ibkr-portal.min.css,200|79ms
22:35:04.050 INFO  vert.x-eventloop-thread-0 BaseServiceProxy     : -> GET /css/fontawesome-6.4.2/all.min.css,200|129ms
22:35:04.064 INFO  vert.x-eventloop-thread-0 BaseServiceProxy     : -> GET /scripts/common/js/jquery-3.7.0/jquery.min.js,200|142ms
22:35:04.068 INFO  vert.x-eventloop-thread-0 BaseServiceProxy     : -> GET /scripts/common/js/bootstrap-5.2.2/bootstrap.bundle.min.js,200|38ms
22:35:04.076 INFO  vert.x-eventloop-thread-0 BaseServiceProxy     : -> GET /sso/lib/xyz.bundle.min.js,200|27ms
22:35:04.076 INFO  vert.x-eventloop-thread-0 CookieManager        : set cookies [x-sess-uuid=0.d3d0dd17.1777041304.24cef1ef; secure; HttpOnly]
22:35:04.076 DEBUG vert.x-eventloop-thread-0 BaseServiceProxy     : Remapping Set-cookies [x-sess-uuid=0.d3d0dd17.1777041304.24cef1ef; secure; HttpOnly] -> 
22:35:04.119 INFO  vert.x-eventloop-thread-0 BaseServiceProxy     : -> GET /css/bootstrap-switch-3.3.2/bootstrap-switch.min.css,200|200ms
22:35:04.165 INFO  vert.x-eventloop-thread-0 BaseServiceProxy     : -> GET /images/common/logos/ibkr/interactive-brokers.svg,200|25ms
22:35:04.181 INFO  vert.x-eventloop-thread-0 BaseServiceProxy     : -> GET /fonts/proxima-nova/Proxima-Nova-Regular.woff2,200|23ms
22:35:04.184 INFO  vert.x-eventloop-thread-0 BaseServiceProxy     : -> GET /fonts/fontawesome-6.4.2/webfonts/fa-brands-400.woff2,200|23ms
22:35:04.187 INFO  vert.x-eventloop-thread-0 BaseServiceProxy     : -> GET /fonts/fontawesome-6.4.2/webfonts/fa-solid-900.woff2,200|24ms
22:35:04.233 INFO  vert.x-eventloop-thread-0 BaseServiceProxy     : -> GET /images/web/favicons/home-screen-icon-128x128.png,200|21ms
22:35:04.281 INFO  vert.x-eventloop-thread-0 BaseServiceProxy     : -> GET /portal.proxy/v1/gstat/bulletins,200|101ms
22:35:04.459 INFO  vert.x-eventloop-thread-0 BaseServiceProxy     : -> GET /sso/report,200|280ms
22:35:04.460 INFO  vert.x-eventloop-thread-0 CookieManager        : set cookies [x-sess-uuid=0.d3d0dd17.1777041304.24cef381; secure; HttpOnly]
22:35:04.460 DEBUG vert.x-eventloop-thread-0 BaseServiceProxy     : Remapping Set-cookies [x-sess-uuid=0.d3d0dd17.1777041304.24cef381; secure; HttpOnly] -> 
22:35:06.387 INFO  vert.x-eventloop-thread-0 BaseServiceProxy     : -> GET /sso/Authenticator,200|391ms
22:35:06.388 INFO  vert.x-eventloop-thread-0 CookieManager        : set cookies [x-sess-uuid=0.d3d0dd17.1777041306.24cef4b2; secure; HttpOnly]
22:35:06.388 DEBUG vert.x-eventloop-thread-0 BaseServiceProxy     : Remapping Set-cookies [x-sess-uuid=0.d3d0dd17.1777041306.24cef4b2; secure; HttpOnly] -> 
22:35:06.726 INFO  vert.x-eventloop-thread-0 BaseServiceProxy     : -> GET /sso/Authenticator,200|311ms
22:35:06.726 INFO  vert.x-eventloop-thread-0 CookieManager        : set cookies [web=3343352782; Domain=.ibkr.com; Expires=Sat, 24 Apr 2027 14:35:06 GMT; Path=/; Secure;Secure;SameSite=None, x-sess-uuid=0.cdd0dd17.1777041306.9672333; secure; HttpOnly]
22:35:06.727 DEBUG vert.x-eventloop-thread-0 BaseServiceProxy     : Remapping Set-cookies [web=3343352782; Domain=.ibkr.com; Expires=Sat, 24 Apr 2027 14:35:06 GMT; Path=/; Secure;Secure;SameSite=None, x-sess-uuid=0.cdd0dd17.1777041306.9672333; secure; HttpOnly] -> 
22:35:07.053 INFO  vert.x-eventloop-thread-0 BaseServiceProxy     : -> GET /sso/Authenticator,200|316ms
22:35:07.054 INFO  vert.x-eventloop-thread-0 CookieManager        : set cookies [x-sess-uuid=0.cdd0dd17.1777041306.9672446; secure; HttpOnly]
22:35:07.055 DEBUG vert.x-eventloop-thread-0 BaseServiceProxy     : Remapping Set-cookies [x-sess-uuid=0.cdd0dd17.1777041306.9672446; secure; HttpOnly] -> 
22:35:10.358 INFO  vert.x-eventloop-thread-0 BaseServiceProxy     : -> GET /sso/Authenticator,200|288ms
22:35:10.359 INFO  vert.x-eventloop-thread-0 CookieManager        : set cookies [x-sess-uuid=0.cdd0dd17.1777041310.9672598; secure; HttpOnly]
22:35:10.359 DEBUG vert.x-eventloop-thread-0 BaseServiceProxy     : Remapping Set-cookies [x-sess-uuid=0.cdd0dd17.1777041310.9672598; secure; HttpOnly] -> 
22:35:13.556 INFO  vert.x-eventloop-thread-0 BaseServiceProxy     : -> GET /sso/Authenticator,200|485ms
22:35:13.557 INFO  vert.x-eventloop-thread-0 CookieManager        : set cookies [x-sess-uuid=0.d3d0dd17.1777041313.24cef947; secure; HttpOnly]
22:35:13.557 DEBUG vert.x-eventloop-thread-0 BaseServiceProxy     : Remapping Set-cookies [x-sess-uuid=0.d3d0dd17.1777041313.24cef947; secure; HttpOnly] -> 
22:35:16.420 INFO  vert.x-eventloop-thread-0 BaseServiceProxy     : -> GET /sso/Authenticator,200|350ms
22:35:16.421 INFO  vert.x-eventloop-thread-0 CookieManager        : set cookies [x-sess-uuid=0.d3d0dd17.1777041316.24cf19d0; secure; HttpOnly]
22:35:16.422 DEBUG vert.x-eventloop-thread-0 BaseServiceProxy     : Remapping Set-cookies [x-sess-uuid=0.d3d0dd17.1777041316.24cf19d0; secure; HttpOnly] -> 
22:35:16.827 INFO  vert.x-eventloop-thread-0 BaseServiceProxy     : -> GET /sso/Dispatcher,302|380ms
22:35:16.827 INFO  vert.x-eventloop-thread-0 CookieManager        : set cookies [USERID=50301190; Domain=.ibkr.com; Path=/;Secure;SameSite=None, x-sess-uuid=0.cdd0dd17.1777041316.9675b9f; secure; HttpOnly]
22:35:16.827 DEBUG vert.x-eventloop-thread-0 BaseServiceProxy     : Remapping Set-cookies [USERID=50301190; Domain=.ibkr.com; Path=/;Secure;SameSite=None, x-sess-uuid=0.cdd0dd17.1777041316.9675b9f; secure; HttpOnly] -> 
22:35:16.829 INFO  vert.x-eventloop-thread-0 GatewayHttpProxy     : Client login succeeds
22:35:17.150 INFO  vert.x-eventloop-thread-0 BaseServiceProxy     : -> GET /v1/api/sso/validate?gw=1,200|320ms
22:35:17.155 DEBUG vert.x-eventloop-thread-0 ClientPortalService  : portal validate response: {"SFT":"5.2a","IS_PENDING_APPLICANT":false,"SF_ENABLED":true,"HARDWARE_INFO":"","UNIQUE_LOGIN_ID":"50301190-1777041314478","AUTH_TIME":1777041314525,"SF_CONFIG":"5.2a","USER_NAME":"pragu1020","CREDENTIAL_TYPE":0,"IS_FREE_TRIAL":false,"LOGIN_TYPE":1,"LANDING_APP":"PORTAL","CREDENTIAL":"pragu1020","ANOMALOUS_LOGIN":false,"RESULT":true,"IP":"116.88.81.189","USER_ID":50301190,"EXPIRES":1777041317206,"TOKEN":"dbfadb6be79ec8bd58acab336ac69b5a3fedaa6f","took":261,"IS_MASTER":false,"features":{"env":"PROD","wlms":true,"realtime":true,"bond":true,"optionChains":true,"calendar":true,"newMf":true},"region":"SG"}
22:35:17.258 INFO  vert.x-eventloop-thread-0 GatewayHttpProxy     : authenticated to cp
22:35:17.259 DEBUG vert.x-eventloop-thread-0 BaseServiceProxy     : cancel timer SsoService 0
22:35:17.259 DEBUG vert.x-eventloop-thread-0 BaseServiceProxy     : start timer 300000 SsoService
22:35:17.260 DEBUG vert.x-eventloop-thread-0 BaseServiceProxy     : forward event ON_SSO_VALIDATION, payload 50301190
22:35:17.590 INFO  vert.x-eventloop-thread-0 BaseServiceProxy     : -> GET /v1/api/one/user,200|332ms
22:35:17.592 INFO  vert.x-eventloop-thread-0 ClientPortalService  : get user reply {"username":"pragu1020","features":{"env":"PROD","wlms":true,"realtime":true,"bond":true,"optionChains":true,"calendar":true,"newMf":true},"wbId":"","uar":{"portfolioAnalyst":true,"userInfo":true,"messageCenter":true,"accountDetails":true,"tradingRestrictions":false,"tws":true,"fyi":true,"voting":true,"forum":true,"recentTransactions":true},"props":{"isIBAMClient":false,"ReadOnlySession":null},"firstApprovedDate":1592755200000,"accts":{"U5799398F":{"isIBAMClient":false,"clearingStatus":"O","openDate":1667577600000,"isFAClient":false,"isFunded":true,"tradingPermissions":["CMDTY"]},"U5799398":{"isIBAMClient":false,"clearingStatus":"O","openDate":1592150400000,"isFAClient":false,"isFunded":true,"tradingPermissions":["OPT","IOPT","WAR","STK","CASH","FOP"]}},"hasBrokerageAccessInd":true,"hfcipEligibleInd":false,"fa":false,"has2fa":false,"islite":false,"ispaper":false,"applicants":[{"id":6062329,"type":"INDIVIDUAL","businessType":"INDEPENDENT","nlcode":"en_US","legalCountry":{"name":"Singapore","alpha3":"SGP"}}]}
22:35:18.819 INFO  vert.x-eventloop-thread-0 SsoService           : sso init status=200, url=https://api.ibkr.com/v1/api/ssodh/init
22:35:18.897 DEBUG vert.x-eventloop-thread-0 SsoService           : K b63ff88c72736f74583f16f6ada25dd68dab5704
22:35:18.897 DEBUG vert.x-eventloop-thread-0 BaseServiceProxy     : forward event ON_SSODH_COMPLETED, payload none
22:35:18.897 DEBUG vert.x-eventloop-thread-0 GatewayHttpProxy     : delaying authentication for 3000
22:35:18.902 ERROR vert.x-eventloop-thread-0 ContextImpl          : Unhandled exception
java.lang.NullPointerException: Cannot read the array length because "mac" is null
	at ibgroup.web.core.clientportal.gw.utils.TstTokenUtils.getMacAddress(TstTokenUtils.java:22)
	at ibgroup.web.core.clientportal.gw.services.SsoService.getMac(SsoService.java:81)
	at ibgroup.web.core.clientportal.gw.services.SsoService.getDeviceId(SsoService.java:70)
	at ibgroup.web.core.clientportal.gw.services.SsoService.setTstToken(SsoService.java:88)
	at ibgroup.web.core.clientportal.gw.http.GatewayHttpProxy.onEvent(GatewayHttpProxy.java:213)
	at ibgroup.web.core.clientportal.gw.http.GatewayHttpProxy.lambda$new$1(GatewayHttpProxy.java:56)
	at ibgroup.web.core.clientportal.gw.services.BaseServiceProxy.lambda$null$0(BaseServiceProxy.java:67)
	at java.base/java.util.ArrayList.forEach(ArrayList.java:1511)
	at ibgroup.web.core.clientportal.gw.services.BaseServiceProxy.lambda$on$1(BaseServiceProxy.java:67)
	at io.vertx.core.impl.ContextImpl.lambda$wrapTask$2(ContextImpl.java:344)
	at io.netty.util.concurrent.AbstractEventExecutor.safeExecute(AbstractEventExecutor.java:163)
	at io.netty.util.concurrent.SingleThreadEventExecutor.runAllTasks(SingleThreadEventExecutor.java:403)
	at io.netty.channel.nio.NioEventLoop.run(NioEventLoop.java:463)
	at io.netty.util.concurrent.SingleThreadEventExecutor$5.run(SingleThreadEventExecutor.java:858)
	at java.base/java.lang.Thread.run(Thread.java:842)
22:35:21.949 INFO  vert.x-eventloop-thread-0 BaseServiceProxy     : -> GET /v1/api/iserver/auth/status,200|50ms
22:35:21.950 DEBUG vert.x-eventloop-thread-0 ClientPortalService  : status {"authenticated":false,"established":false,"competing":false,"connected":false,"MAC":"06:A8:C0:D9:D5:E3"}
22:35:21.950 INFO  vert.x-eventloop-thread-0 ClientPortalService  : process auth status {"authenticated":false,"established":false,"competing":false,"connected":false,"MAC":"06:A8:C0:D9:D5:E3"}
22:35:21.964 DEBUG vert.x-eventloop-thread-0 ClientPortalService  : auth brokerage, k=b63ff88c72736f74583f16f6ada25dd68dab5704, post={"username":"pragu1020","machineId":"36f75e47","compete":true}
22:35:22.258 INFO  vert.x-eventloop-thread-0 BaseServiceProxy     : -> POST https://api.ibkr.com/v1/api/iserver/auth/ssodh/init,200|294ms
22:35:22.262 DEBUG vert.x-eventloop-thread-0 ClientPortalService  : iserver init : {"wait":true}
22:35:22.262 INFO  vert.x-eventloop-thread-0 ClientPortalService  : waiting
22:35:22.263 INFO  vert.x-eventloop-thread-0 BaseServiceProxy     : -> GET /v1/api/iserver/auth/ssodh/init?publish=true&compete=true,200|393ms
22:35:22.362 INFO  vert.x-eventloop-thread-0 BaseServiceProxy     : -> GET /v1/api/iserver/account/orders,500|50ms
22:35:22.451 INFO  vert.x-eventloop-thread-0 BaseServiceProxy     : -> GET /v1/api/tickle,200|67ms
22:35:27.263 INFO  vert.x-eventloop-thread-0 ClientPortalService  : chanllenge already sent true
22:36:12.792 INFO  vert.x-eventloop-thread-0 BaseServiceProxy     : -> GET /v1/api/iserver/secdef/search?symbol=KMRN&secType=STK,200|54ms
22:36:17.138 INFO  vert.x-eventloop-thread-0 BaseServiceProxy     : -> GET /v1/api/iserver/secdef/search?symbol=KMRN&secType=STK,200|85ms
22:36:22.566 INFO  vert.x-eventloop-thread-0 BaseServiceProxy     : -> GET /v1/api/iserver/secdef/search?symbol=KMRN&secType=STK,200|68ms
22:36:35.468 INFO  vert.x-eventloop-thread-0 BaseServiceProxy     : -> GET /v1/api/iserver/secdef/search?symbol=KRMN&secType=STK,200|80ms
22:36:55.673 INFO  vert.x-eventloop-thread-0 BaseServiceProxy     : -> GET /v1/api/iserver/secdef/search?symbol=KMRN&secType=STK,200|72ms
22:37:52.230 INFO  vert.x-eventloop-thread-0 BaseServiceProxy     : -> GET /v1/api/iserver/secdef/search?symbol=KMRN&secType=STK,200|72ms
22:38:22.603 INFO  vert.x-eventloop-thread-0 BaseServiceProxy     : -> GET /v1/api/tickle,200|55ms
22:39:28.977 INFO  vert.x-eventloop-thread-0 BaseServiceProxy     : -> GET /v1/api/portfolio/U5799398/summary,200|511ms
22:39:29.046 INFO  vert.x-eventloop-thread-0 BaseServiceProxy     : -> GET /v1/api/iserver/account/orders,200|64ms
22:39:29.087 INFO  vert.x-eventloop-thread-0 BaseServiceProxy     : -> GET /v1/api/portfolio/U5799398/positions/0?direction=a&period=1W&sort=position,200|95ms
22:39:30.695 INFO  vert.x-eventloop-thread-0 BaseServiceProxy     : -> GET /v1/api/iserver/secdef/search?symbol=KRMN&secType=STK,200|61ms
22:39:30.774 INFO  vert.x-eventloop-thread-0 BaseServiceProxy     : -> GET /v1/api/iserver/account/orders,200|77ms
22:39:30.894 INFO  vert.x-eventloop-thread-0 BaseServiceProxy     : -> GET /v1/api/portfolio/U5799398/summary,200|96ms
22:39:31.317 INFO  vert.x-eventloop-thread-0 BaseServiceProxy     : -> GET /v1/api/iserver/account/U5799398/orders,200|417ms
22:39:31.393 INFO  vert.x-eventloop-thread-0 BaseServiceProxy     : -> GET /v1/api/iserver/reply/896eecdb-8b51-45dc-a99d-9e23306d907f,200|74ms
22:39:31.453 INFO  vert.x-eventloop-thread-0 BaseServiceProxy     : -> GET /v1/api/iserver/reply/47a97e88-4f47-4c18-b9fb-86c4964e2082,200|57ms
22:39:31.532 INFO  vert.x-eventloop-thread-0 BaseServiceProxy     : -> GET /v1/api/iserver/reply/fea2e4ca-cf89-43e0-9d7b-ab34311d01a0,200|75ms
22:39:31.630 INFO  vert.x-eventloop-thread-0 BaseServiceProxy     : -> GET /v1/api/iserver/reply/b181b831-4d7c-4414-a3da-12c69dae8545,200|96ms
22:39:31.695 INFO  vert.x-eventloop-thread-0 BaseServiceProxy     : -> GET /v1/api/iserver/account/orders,200|63ms
22:39:32.113 INFO  vert.x-eventloop-thread-0 BaseServiceProxy     : -> GET /v1/api/iserver/marketdata/history?conid=760582932&period=30d&bar=1d&outsideRth=false,200|403ms
22:39:32.201 INFO  vert.x-eventloop-thread-0 BaseServiceProxy     : -> GET /v1/api/iserver/account/orders,200|61ms
22:39:32.269 INFO  vert.x-eventloop-thread-0 BaseServiceProxy     : -> GET /v1/api/iserver/marketdata/history?conid=760582932&period=30d&bar=1d&outsideRth=false,200|57ms
22:40:17.579 INFO  vert.x-eventloop-thread-0 BaseServiceProxy     : -> GET /sso/ping,200|316ms
22:40:17.581 INFO  vert.x-eventloop-thread-0 SsoService           : sso ping {"result": "true"}
22:40:19.800 INFO  vert.x-eventloop-thread-0 BaseServiceProxy     : -> GET /v1/api/iserver/account/orders,200|83ms
22:41:22.191 INFO  vert.x-eventloop-thread-0 BaseServiceProxy     : -> GET /v1/api/portfolio/U5799398/summary,200|97ms
22:41:22.246 INFO  vert.x-eventloop-thread-0 BaseServiceProxy     : -> GET /v1/api/iserver/account/orders,200|52ms
22:41:22.731 INFO  vert.x-eventloop-thread-0 BaseServiceProxy     : -> GET /v1/api/tickle,200|60ms
22:41:24.351 INFO  vert.x-eventloop-thread-0 BaseServiceProxy     : -> GET /v1/api/portfolio/U5799398/positions/0?direction=a&period=1W&sort=position,200|2148ms
22:42:03.878 INFO  vert.x-eventloop-thread-0 BaseServiceProxy     : -> GET /v1/api/iserver/secdef/search?symbol=ONON&secType=STK,200|79ms
22:42:03.932 INFO  vert.x-eventloop-thread-0 BaseServiceProxy     : -> GET /v1/api/iserver/account/orders,200|51ms
22:42:04.083 INFO  vert.x-eventloop-thread-0 BaseServiceProxy     : -> GET /v1/api/portfolio/U5799398/summary,200|137ms
22:42:04.479 INFO  vert.x-eventloop-thread-0 BaseServiceProxy     : -> GET /v1/api/iserver/account/U5799398/orders,200|391ms
22:42:04.540 INFO  vert.x-eventloop-thread-0 BaseServiceProxy     : -> GET /v1/api/iserver/reply/2b487be3-974f-4766-98ee-8195dd6ce40b,200|58ms
22:42:04.600 INFO  vert.x-eventloop-thread-0 BaseServiceProxy     : -> GET /v1/api/iserver/reply/70a2fa41-f0ce-46ae-9e3f-e9c3e65823f7,200|57ms
22:42:04.663 INFO  vert.x-eventloop-thread-0 BaseServiceProxy     : -> GET /v1/api/iserver/reply/c9b70f2c-7a00-4d0a-8dbd-c5e446ec62b6,200|59ms
22:42:04.736 INFO  vert.x-eventloop-thread-0 BaseServiceProxy     : -> GET /v1/api/iserver/reply/91fcc591-9da5-4aa3-b758-7782e0ef8ee0,200|70ms
22:42:04.789 INFO  vert.x-eventloop-thread-0 BaseServiceProxy     : -> GET /v1/api/iserver/account/orders,200|51ms
22:42:05.096 INFO  vert.x-eventloop-thread-0 BaseServiceProxy     : -> GET /v1/api/iserver/marketdata/history?conid=513880603&period=30d&bar=1d&outsideRth=false,200|294ms
22:42:05.168 INFO  vert.x-eventloop-thread-0 BaseServiceProxy     : -> GET /v1/api/iserver/account/orders,200|57ms
22:42:05.244 INFO  vert.x-eventloop-thread-0 BaseServiceProxy     : -> GET /v1/api/iserver/marketdata/history?conid=513880603&period=30d&bar=1d&outsideRth=false,200|56ms
22:44:22.934 INFO  vert.x-eventloop-thread-0 BaseServiceProxy     : -> GET /v1/api/tickle,200|88ms
22:45:17.561 INFO  vert.x-eventloop-thread-0 BaseServiceProxy     : -> GET /sso/ping,200|303ms
22:45:17.564 INFO  vert.x-eventloop-thread-0 SsoService           : sso ping {"result": "true"}
22:47:23.184 INFO  vert.x-eventloop-thread-0 BaseServiceProxy     : -> GET /v1/api/tickle,200|85ms
22:49:03.670 INFO  vert.x-eventloop-thread-0 BaseServiceProxy     : -> GET /v1/api/iserver/account/orders,200|72ms
22:50:17.548 INFO  vert.x-eventloop-thread-0 BaseServiceProxy     : -> GET /sso/ping,200|291ms
22:50:17.550 INFO  vert.x-eventloop-thread-0 SsoService           : sso ping {"result": "true"}
22:50:23.370 INFO  vert.x-eventloop-thread-0 BaseServiceProxy     : -> GET /v1/api/tickle,200|59ms
22:53:23.807 INFO  vert.x-eventloop-thread-0 BaseServiceProxy     : -> GET /v1/api/tickle,200|316ms
22:53:24.552 INFO  vert.x-eventloop-thread-0 BaseServiceProxy     : -> GET /v1/api/iserver/account/trades,200|63ms
22:53:26.668 INFO  vert.x-eventloop-thread-0 BaseServiceProxy     : -> GET /v1/api/iserver/account/trades,200|62ms
22:55:17.513 INFO  vert.x-eventloop-thread-0 BaseServiceProxy     : -> GET /sso/ping,200|279ms
22:55:17.514 INFO  vert.x-eventloop-thread-0 SsoService           : sso ping {"result": "true"}
22:56:24.026 INFO  vert.x-eventloop-thread-0 BaseServiceProxy     : -> GET /v1/api/tickle,200|93ms
22:59:24.230 INFO  vert.x-eventloop-thread-0 BaseServiceProxy     : -> GET /v1/api/tickle,200|73ms
23:00:17.583 INFO  vert.x-eventloop-thread-0 BaseServiceProxy     : -> GET /sso/ping,200|352ms
23:00:17.585 INFO  vert.x-eventloop-thread-0 SsoService           : sso ping {"result": "true"}
23:02:24.468 INFO  vert.x-eventloop-thread-0 BaseServiceProxy     : -> GET /v1/api/tickle,200|60ms
23:05:17.717 INFO  vert.x-eventloop-thread-0 BaseServiceProxy     : -> GET /sso/ping,200|487ms
23:05:17.719 INFO  vert.x-eventloop-thread-0 SsoService           : sso ping {"result": "true"}
23:05:25.672 INFO  vert.x-eventloop-thread-0 BaseServiceProxy     : -> GET /v1/api/tickle,200|1062ms
23:08:25.913 INFO  vert.x-eventloop-thread-0 BaseServiceProxy     : -> GET /v1/api/tickle,200|103ms
23:10:17.520 INFO  vert.x-eventloop-thread-0 BaseServiceProxy     : -> GET /sso/ping,200|288ms
23:10:17.524 INFO  vert.x-eventloop-thread-0 SsoService           : sso ping {"result": "true"}
23:11:26.143 INFO  vert.x-eventloop-thread-0 BaseServiceProxy     : -> GET /v1/api/tickle,200|102ms
23:14:26.584 INFO  vert.x-eventloop-thread-0 BaseServiceProxy     : -> GET /v1/api/tickle,200|303ms
23:15:17.516 INFO  vert.x-eventloop-thread-0 BaseServiceProxy     : -> GET /sso/ping,200|287ms
23:15:17.517 INFO  vert.x-eventloop-thread-0 SsoService           : sso ping {"result": "true"}
23:17:27.032 INFO  vert.x-eventloop-thread-0 BaseServiceProxy     : -> GET /v1/api/tickle,200|347ms
23:20:17.525 INFO  vert.x-eventloop-thread-0 BaseServiceProxy     : -> GET /sso/ping,200|297ms
23:20:17.527 INFO  vert.x-eventloop-thread-0 SsoService           : sso ping {"result": "true"}
23:20:27.236 INFO  vert.x-eventloop-thread-0 BaseServiceProxy     : -> GET /v1/api/tickle,200|106ms
23:21:00.459 INFO  vert.x-eventloop-thread-0 BaseServiceProxy     : -> GET /v1/api/iserver/secdef/search?symbol=FET&secType=STK,200|114ms
23:21:11.053 INFO  vert.x-eventloop-thread-0 BaseServiceProxy     : -> GET /v1/api/portfolio/U5799398/summary,200|150ms
23:21:11.146 INFO  vert.x-eventloop-thread-0 BaseServiceProxy     : -> GET /v1/api/iserver/account/orders,200|80ms
23:21:11.178 INFO  vert.x-eventloop-thread-0 BaseServiceProxy     : -> GET /v1/api/portfolio/U5799398/positions/0?direction=a&period=1W&sort=position,200|120ms
23:21:26.059 INFO  vert.x-eventloop-thread-0 BaseServiceProxy     : -> GET /v1/api/iserver/secdef/search?symbol=FET&secType=STK,200|103ms
23:21:26.406 INFO  vert.x-eventloop-thread-0 BaseServiceProxy     : -> GET /v1/api/iserver/account/orders,200|344ms
23:21:27.859 INFO  vert.x-eventloop-thread-0 BaseServiceProxy     : -> GET /v1/api/portfolio/U5799398/summary,200|1221ms
23:21:28.236 INFO  vert.x-eventloop-thread-0 BaseServiceProxy     : -> GET /v1/api/iserver/account/U5799398/orders,200|371ms
23:21:28.294 INFO  vert.x-eventloop-thread-0 BaseServiceProxy     : -> GET /v1/api/iserver/reply/5ec0c28f-b22f-4d16-9b40-b9ecf62c7a2b,200|55ms
23:21:28.385 INFO  vert.x-eventloop-thread-0 BaseServiceProxy     : -> GET /v1/api/iserver/reply/bad1ba91-b4f8-41cc-a06e-174034400d21,200|90ms
23:21:28.453 INFO  vert.x-eventloop-thread-0 BaseServiceProxy     : -> GET /v1/api/iserver/reply/7a3116b7-ba47-4302-89a8-90efadb74c26,200|66ms
23:21:28.521 INFO  vert.x-eventloop-thread-0 BaseServiceProxy     : -> GET /v1/api/iserver/reply/c8155ea9-620d-4180-8b2f-4e2d4ad88439,200|66ms
23:21:28.612 INFO  vert.x-eventloop-thread-0 BaseServiceProxy     : -> GET /v1/api/iserver/reply/5511f7bf-e9a4-44d5-9db8-3dd65341f88a,200|89ms
23:21:28.702 INFO  vert.x-eventloop-thread-0 BaseServiceProxy     : -> GET /v1/api/iserver/account/orders,200|88ms
23:21:29.111 INFO  vert.x-eventloop-thread-0 BaseServiceProxy     : -> GET /v1/api/iserver/marketdata/history?conid=453020818&period=30d&bar=1d&outsideRth=false,200|328ms
23:21:29.211 INFO  vert.x-eventloop-thread-0 BaseServiceProxy     : -> GET /v1/api/iserver/marketdata/history?conid=453020818&period=30d&bar=1d&outsideRth=false,200|98ms
23:21:35.106 INFO  vert.x-eventloop-thread-0 BaseServiceProxy     : -> GET /v1/api/iserver/account/orders,200|98ms
23:21:35.538 INFO  vert.x-eventloop-thread-0 BaseServiceProxy     : -> GET /v1/api/iserver/marketdata/history?conid=453020818&period=30d&bar=1d&outsideRth=false,200|96ms
23:21:35.606 INFO  vert.x-eventloop-thread-0 BaseServiceProxy     : -> GET /v1/api/iserver/marketdata/history?conid=453020818&period=30d&bar=1d&outsideRth=false,200|66ms
23:21:35.714 INFO  vert.x-eventloop-thread-0 BaseServiceProxy     : -> GET /v1/api/iserver/account/orders,200|75ms
23:21:35.783 INFO  vert.x-eventloop-thread-0 BaseServiceProxy     : -> GET /v1/api/iserver/account/orders,200|53ms
23:21:36.150 INFO  vert.x-eventloop-thread-0 BaseServiceProxy     : -> GET /v1/api/iserver/account/U5799398/order/90547667,200|347ms
23:21:36.212 INFO  vert.x-eventloop-thread-0 BaseServiceProxy     : -> GET /v1/api/iserver/account/orders,200|60ms
23:21:36.289 INFO  vert.x-eventloop-thread-0 BaseServiceProxy     : -> GET /v1/api/iserver/marketdata/history?conid=453020818&period=30d&bar=1d&outsideRth=false,200|62ms
23:21:36.345 INFO  vert.x-eventloop-thread-0 BaseServiceProxy     : -> GET /v1/api/iserver/marketdata/history?conid=453020818&period=30d&bar=1d&outsideRth=false,200|52ms
23:21:36.518 INFO  vert.x-eventloop-thread-0 BaseServiceProxy     : -> GET /v1/api/iserver/account/orders,200|95ms
23:23:27.385 INFO  vert.x-eventloop-thread-0 BaseServiceProxy     : -> GET /v1/api/tickle,200|63ms
23:24:18.946 INFO  vert.x-eventloop-thread-0 BaseServiceProxy     : -> GET /v1/api/iserver/account/orders,200|64ms
23:24:19.359 INFO  vert.x-eventloop-thread-0 BaseServiceProxy     : -> GET /v1/api/iserver/account/U5799398/order/520721153,200|405ms
23:24:19.768 INFO  vert.x-eventloop-thread-0 BaseServiceProxy     : -> GET /v1/api/iserver/account/U5799398/order/520721152,200|407ms
23:24:20.177 INFO  vert.x-eventloop-thread-0 BaseServiceProxy     : -> GET /v1/api/iserver/account/U5799398/order/520721154,400|406ms
23:25:17.494 INFO  vert.x-eventloop-thread-0 BaseServiceProxy     : -> GET /sso/ping,200|284ms
23:25:17.496 INFO  vert.x-eventloop-thread-0 SsoService           : sso ping {"result": "true"}
23:26:27.547 INFO  vert.x-eventloop-thread-0 BaseServiceProxy     : -> GET /v1/api/tickle,200|62ms
23:29:27.731 INFO  vert.x-eventloop-thread-0 BaseServiceProxy     : -> GET /v1/api/tickle,200|55ms
23:30:17.553 INFO  vert.x-eventloop-thread-0 BaseServiceProxy     : -> GET /sso/ping,200|346ms
23:30:17.555 INFO  vert.x-eventloop-thread-0 SsoService           : sso ping {"result": "true"}
23:32:27.991 INFO  vert.x-eventloop-thread-0 BaseServiceProxy     : -> GET /v1/api/tickle,200|57ms
23:35:17.691 INFO  vert.x-eventloop-thread-0 BaseServiceProxy     : -> GET /sso/ping,200|485ms
23:35:17.692 INFO  vert.x-eventloop-thread-0 SsoService           : sso ping {"result": "true"}
23:35:28.540 INFO  vert.x-eventloop-thread-0 BaseServiceProxy     : -> GET /v1/api/tickle,200|419ms
23:37:40.688 INFO  vert.x-eventloop-thread-0 BaseServiceProxy     : -> GET /v1/api/iserver/account/orders,200|66ms
23:37:40.753 INFO  vert.x-eventloop-thread-0 BaseServiceProxy     : -> GET /v1/api/iserver/account/orders,200|58ms
23:37:41.098 INFO  vert.x-eventloop-thread-0 BaseServiceProxy     : -> GET /v1/api/iserver/account/U5799398/order/2114802825,200|315ms
23:37:41.165 INFO  vert.x-eventloop-thread-0 BaseServiceProxy     : -> GET /v1/api/iserver/reply/41711790-b954-43c1-b0bc-9acd20454899,200|63ms
23:37:41.229 INFO  vert.x-eventloop-thread-0 BaseServiceProxy     : -> GET /v1/api/iserver/account/orders,200|61ms
23:37:41.634 INFO  vert.x-eventloop-thread-0 BaseServiceProxy     : -> GET /v1/api/iserver/marketdata/history?conid=12460&period=30d&bar=1d&outsideRth=false,200|387ms
23:37:41.724 INFO  vert.x-eventloop-thread-0 BaseServiceProxy     : -> GET /v1/api/iserver/marketdata/history?conid=12460&period=30d&bar=1d&outsideRth=false,200|87ms
23:37:41.855 INFO  vert.x-eventloop-thread-0 BaseServiceProxy     : -> GET /v1/api/iserver/account/orders,200|72ms
23:40:17.480 INFO  vert.x-eventloop-thread-0 BaseServiceProxy     : -> GET /sso/ping,200|278ms
23:40:17.483 INFO  vert.x-eventloop-thread-0 SsoService           : sso ping {"result": "true"}
23:42:44.465 INFO  vert.x-eventloop-thread-0 BaseServiceProxy     : -> GET /v1/api/iserver/account/orders,400|52ms
23:42:44.577 INFO  vert.x-eventloop-thread-0 BaseServiceProxy     : -> GET /v1/api/iserver/account/orders,400|62ms
23:42:51.899 INFO  vert.x-eventloop-thread-0 BaseServiceProxy     : -> GET /v1/api/iserver/auth/ssodh/init?publish=true&compete=true,200|2539ms
23:42:51.986 INFO  vert.x-eventloop-thread-0 BaseServiceProxy     : -> GET /v1/api/iserver/account/orders,500|46ms
23:42:52.068 INFO  vert.x-eventloop-thread-0 BaseServiceProxy     : -> GET /v1/api/tickle,200|51ms
23:42:54.791 INFO  vert.x-eventloop-thread-0 BaseServiceProxy     : -> GET /v1/api/iserver/account/orders,200|48ms
23:42:54.894 INFO  vert.x-eventloop-thread-0 BaseServiceProxy     : -> GET /v1/api/iserver/account/orders,200|54ms
23:43:01.658 INFO  vert.x-eventloop-thread-0 BaseServiceProxy     : -> GET /v1/api/iserver/account/orders,200|53ms
23:43:01.747 INFO  vert.x-eventloop-thread-0 BaseServiceProxy     : -> GET /v1/api/iserver/account/orders,200|79ms
23:43:02.100 INFO  vert.x-eventloop-thread-0 BaseServiceProxy     : -> GET /v1/api/iserver/account/U5799398/order/974920093,200|338ms
23:43:02.163 INFO  vert.x-eventloop-thread-0 BaseServiceProxy     : -> GET /v1/api/iserver/reply/2c03fc73-0b4c-4dd8-969a-a1895a6f6cf7,200|60ms
23:43:02.227 INFO  vert.x-eventloop-thread-0 BaseServiceProxy     : -> GET /v1/api/iserver/account/orders,200|61ms
23:43:02.663 INFO  vert.x-eventloop-thread-0 BaseServiceProxy     : -> GET /v1/api/iserver/marketdata/history?conid=31832526&period=30d&bar=1d&outsideRth=false,200|417ms
23:43:02.724 INFO  vert.x-eventloop-thread-0 BaseServiceProxy     : -> GET /v1/api/iserver/marketdata/history?conid=31832526&period=30d&bar=1d&outsideRth=false,200|57ms
23:43:02.834 INFO  vert.x-eventloop-thread-0 BaseServiceProxy     : -> GET /v1/api/iserver/account/orders,200|53ms
23:45:17.478 INFO  vert.x-eventloop-thread-0 BaseServiceProxy     : -> GET /sso/ping,200|279ms
23:45:17.480 INFO  vert.x-eventloop-thread-0 SsoService           : sso ping {"result": "true"}
23:45:52.560 INFO  vert.x-eventloop-thread-0 BaseServiceProxy     : -> GET /v1/api/tickle,200|359ms
23:48:52.823 INFO  vert.x-eventloop-thread-0 BaseServiceProxy     : -> GET /v1/api/tickle,200|57ms
23:50:17.684 INFO  vert.x-eventloop-thread-0 BaseServiceProxy     : -> GET /sso/ping,200|454ms
23:50:17.686 INFO  vert.x-eventloop-thread-0 SsoService           : sso ping {"result": "true"}
23:51:53.003 INFO  vert.x-eventloop-thread-0 BaseServiceProxy     : -> GET /v1/api/tickle,200|72ms
23:54:53.567 INFO  vert.x-eventloop-thread-0 BaseServiceProxy     : -> GET /v1/api/tickle,200|410ms
23:55:17.508 INFO  vert.x-eventloop-thread-0 BaseServiceProxy     : -> GET /sso/ping,200|280ms
23:55:17.509 INFO  vert.x-eventloop-thread-0 SsoService           : sso ping {"result": "true"}
23:57:53.803 INFO  vert.x-eventloop-thread-0 BaseServiceProxy     : -> GET /v1/api/tickle,200|61ms
23:58:48.626 INFO  vert.x-eventloop-thread-0 BaseServiceProxy     : -> GET /v1/api/iserver/account/orders,200|55ms
23:58:48.692 INFO  vert.x-eventloop-thread-0 BaseServiceProxy     : -> GET /v1/api/iserver/account/orders,200|53ms
23:58:49.083 INFO  vert.x-eventloop-thread-0 BaseServiceProxy     : -> GET /v1/api/iserver/account/U5799398/order/1272000591,200|380ms
23:58:49.165 INFO  vert.x-eventloop-thread-0 BaseServiceProxy     : -> GET /v1/api/iserver/reply/f15cb805-1464-4594-925c-e4e5645b6b9b,200|80ms
23:58:49.225 INFO  vert.x-eventloop-thread-0 BaseServiceProxy     : -> GET /v1/api/iserver/account/orders,200|58ms
23:58:49.595 INFO  vert.x-eventloop-thread-0 BaseServiceProxy     : -> GET /v1/api/iserver/marketdata/history?conid=9939&period=30d&bar=1d&outsideRth=false,200|364ms
23:58:49.660 INFO  vert.x-eventloop-thread-0 BaseServiceProxy     : -> GET /v1/api/iserver/marketdata/history?conid=9939&period=30d&bar=1d&outsideRth=false,200|57ms
23:58:49.809 INFO  vert.x-eventloop-thread-0 BaseServiceProxy     : -> GET /v1/api/iserver/account/orders,200|71ms
