00:31:54.923 INFO  main GatewayStart         : config ../root/conf.yaml !!ibgroup.web.core.clientportal.gw.Config
authDelay: 3000
ccp: false
cors: {origin.allowed: '*', allowCredentials: false}
ip2loc: US
ips:
  allow: [192.*, 131.216.*, 127.0.0.1]
  deny: [212.90.324.10]
listenPort: 8080
listenSsl: true
portalBaseURL: ''
proxyRemoteHost: https://api.ibkr.com
proxyRemoteSsl: true
sslCert: vertx.jks
sslPwd: mywebapi
ssoPing: 5
svcEnvironment: v1
tst: false
twsBaseURL: /tws.proxy
webApps:
- {cache: true, index: index.html, listing: false, name: demo, proxy: ''}

00:31:55.047 INFO  vert.x-eventloop-thread-0 GatewayHttpProxy     :  -> mount demo on /demo
00:31:55.057 INFO  vert.x-eventloop-thread-0 GatewayVerticle      : version: a27ed42161ad96c53e715ca5c5e3e3fa4cff5262 Mon, 24 Apr 2023 15:41:53 -0400
00:31:55.057 INFO  vert.x-eventloop-thread-0 GatewayVerticle      : Java Version: 17.0.10
00:31:55.603 WARN  vert.x-eventloop-thread-0 DefaultChannelPipeline : An exceptionCaught() event was fired, and it reached at the tail of the pipeline. It usually means the last handler in the pipeline did not handle the exception.
io.netty.handler.codec.DecoderException: javax.net.ssl.SSLHandshakeException: Received fatal alert: certificate_unknown
	at io.netty.handler.codec.ByteToMessageDecoder.callDecode(ByteToMessageDecoder.java:459)
	at io.netty.handler.codec.ByteToMessageDecoder.channelRead(ByteToMessageDecoder.java:265)
	at io.netty.channel.AbstractChannelHandlerContext.invokeChannelRead(AbstractChannelHandlerContext.java:362)
	at io.netty.channel.AbstractChannelHandlerContext.invokeChannelRead(AbstractChannelHandlerContext.java:348)
	at io.netty.channel.AbstractChannelHandlerContext.fireChannelRead(AbstractChannelHandlerContext.java:340)
	at io.netty.channel.DefaultChannelPipeline$HeadContext.channelRead(DefaultChannelPipeline.java:1359)
	at io.netty.channel.AbstractChannelHandlerContext.invokeChannelRead(AbstractChannelHandlerContext.java:362)
	at io.netty.channel.AbstractChannelHandlerContext.invokeChannelRead(AbstractChannelHandlerContext.java:348)
	at io.netty.channel.DefaultChannelPipeline.fireChannelRead(DefaultChannelPipeline.java:935)
	at io.netty.channel.nio.AbstractNioByteChannel$NioByteUnsafe.read(AbstractNioByteChannel.java:134)
	at io.netty.channel.nio.NioEventLoop.processSelectedKey(NioEventLoop.java:645)
	at io.netty.channel.nio.NioEventLoop.processSelectedKeysPlain(NioEventLoop.java:545)
	at io.netty.channel.nio.NioEventLoop.processSelectedKeys(NioEventLoop.java:499)
	at io.netty.channel.nio.NioEventLoop.run(NioEventLoop.java:459)
	at io.netty.util.concurrent.SingleThreadEventExecutor$5.run(SingleThreadEventExecutor.java:858)
	at java.base/java.lang.Thread.run(Thread.java:842)
Caused by: javax.net.ssl.SSLHandshakeException: Received fatal alert: certificate_unknown
	at java.base/sun.security.ssl.Alert.createSSLException(Alert.java:131)
	at java.base/sun.security.ssl.Alert.createSSLException(Alert.java:117)
	at java.base/sun.security.ssl.TransportContext.fatal(TransportContext.java:365)
	at java.base/sun.security.ssl.Alert$AlertConsumer.consume(Alert.java:293)
	at java.base/sun.security.ssl.TransportContext.dispatch(TransportContext.java:204)
	at java.base/sun.security.ssl.SSLTransport.decode(SSLTransport.java:172)
	at java.base/sun.security.ssl.SSLEngineImpl.decode(SSLEngineImpl.java:736)
	at java.base/sun.security.ssl.SSLEngineImpl.readRecord(SSLEngineImpl.java:691)
	at java.base/sun.security.ssl.SSLEngineImpl.unwrap(SSLEngineImpl.java:506)
	at java.base/sun.security.ssl.SSLEngineImpl.unwrap(SSLEngineImpl.java:482)
	at java.base/javax.net.ssl.SSLEngine.unwrap(SSLEngine.java:679)
	at io.netty.handler.ssl.SslHandler$SslEngineType$3.unwrap(SslHandler.java:281)
	at io.netty.handler.ssl.SslHandler.unwrap(SslHandler.java:1215)
	at io.netty.handler.ssl.SslHandler.decodeJdkCompatible(SslHandler.java:1127)
	at io.netty.handler.ssl.SslHandler.decode(SslHandler.java:1162)
	at io.netty.handler.codec.ByteToMessageDecoder.decodeRemovalReentryProtection(ByteToMessageDecoder.java:489)
	at io.netty.handler.codec.ByteToMessageDecoder.callDecode(ByteToMessageDecoder.java:428)
	... 15 common frames omitted
00:31:55.621 WARN  vert.x-eventloop-thread-0 DefaultChannelPipeline : An exceptionCaught() event was fired, and it reached at the tail of the pipeline. It usually means the last handler in the pipeline did not handle the exception.
io.netty.handler.codec.DecoderException: javax.net.ssl.SSLHandshakeException: Received fatal alert: certificate_unknown
	at io.netty.handler.codec.ByteToMessageDecoder.callDecode(ByteToMessageDecoder.java:459)
	at io.netty.handler.codec.ByteToMessageDecoder.channelRead(ByteToMessageDecoder.java:265)
	at io.netty.channel.AbstractChannelHandlerContext.invokeChannelRead(AbstractChannelHandlerContext.java:362)
	at io.netty.channel.AbstractChannelHandlerContext.invokeChannelRead(AbstractChannelHandlerContext.java:348)
	at io.netty.channel.AbstractChannelHandlerContext.fireChannelRead(AbstractChannelHandlerContext.java:340)
	at io.netty.channel.DefaultChannelPipeline$HeadContext.channelRead(DefaultChannelPipeline.java:1359)
	at io.netty.channel.AbstractChannelHandlerContext.invokeChannelRead(AbstractChannelHandlerContext.java:362)
	at io.netty.channel.AbstractChannelHandlerContext.invokeChannelRead(AbstractChannelHandlerContext.java:348)
	at io.netty.channel.DefaultChannelPipeline.fireChannelRead(DefaultChannelPipeline.java:935)
	at io.netty.channel.nio.AbstractNioByteChannel$NioByteUnsafe.read(AbstractNioByteChannel.java:134)
	at io.netty.channel.nio.NioEventLoop.processSelectedKey(NioEventLoop.java:645)
	at io.netty.channel.nio.NioEventLoop.processSelectedKeysPlain(NioEventLoop.java:545)
	at io.netty.channel.nio.NioEventLoop.processSelectedKeys(NioEventLoop.java:499)
	at io.netty.channel.nio.NioEventLoop.run(NioEventLoop.java:459)
	at io.netty.util.concurrent.SingleThreadEventExecutor$5.run(SingleThreadEventExecutor.java:858)
	at java.base/java.lang.Thread.run(Thread.java:842)
Caused by: javax.net.ssl.SSLHandshakeException: Received fatal alert: certificate_unknown
	at java.base/sun.security.ssl.Alert.createSSLException(Alert.java:131)
	at java.base/sun.security.ssl.Alert.createSSLException(Alert.java:117)
	at java.base/sun.security.ssl.TransportContext.fatal(TransportContext.java:365)
	at java.base/sun.security.ssl.Alert$AlertConsumer.consume(Alert.java:293)
	at java.base/sun.security.ssl.TransportContext.dispatch(TransportContext.java:204)
	at java.base/sun.security.ssl.SSLTransport.decode(SSLTransport.java:172)
	at java.base/sun.security.ssl.SSLEngineImpl.decode(SSLEngineImpl.java:736)
	at java.base/sun.security.ssl.SSLEngineImpl.readRecord(SSLEngineImpl.java:691)
	at java.base/sun.security.ssl.SSLEngineImpl.unwrap(SSLEngineImpl.java:506)
	at java.base/sun.security.ssl.SSLEngineImpl.unwrap(SSLEngineImpl.java:482)
	at java.base/javax.net.ssl.SSLEngine.unwrap(SSLEngine.java:679)
	at io.netty.handler.ssl.SslHandler$SslEngineType$3.unwrap(SslHandler.java:281)
	at io.netty.handler.ssl.SslHandler.unwrap(SslHandler.java:1215)
	at io.netty.handler.ssl.SslHandler.decodeJdkCompatible(SslHandler.java:1127)
	at io.netty.handler.ssl.SslHandler.decode(SslHandler.java:1162)
	at io.netty.handler.codec.ByteToMessageDecoder.decodeRemovalReentryProtection(ByteToMessageDecoder.java:489)
	at io.netty.handler.codec.ByteToMessageDecoder.callDecode(ByteToMessageDecoder.java:428)
	... 15 common frames omitted
00:31:56.229 INFO  vert.x-eventloop-thread-0 BaseServiceProxy     : -> GET /sso/Login?forwardTo=22&RL=1&ip2loc=US,200|570ms
00:31:56.230 INFO  vert.x-eventloop-thread-0 CookieManager        : set cookies [partnerID=""; Domain=.ibkr.com; Expires=Thu, 01 Jan 1970 00:00:10 GMT; Path=/;Secure;SameSite=None, partnerID=""; Domain=.ibkr.com; Expires=Thu, 01 Jan 1970 00:00:10 GMT; Path=/;Secure;SameSite=None, URL_PARAM=forwardTo%3D22&RL%3D1&ip2loc%3DUS; Domain=.ibkr.com; Path=/;Secure, JSESSIONID=A6A48E1BC1DB65A63C1453814EB50543.ny5wwwdam3-internet; Path=/sso; HttpOnly;Secure;SameSite=None, x-sess-uuid=0.57de9b7c.1776443515.158b2ff2; secure; HttpOnly]
00:31:56.231 DEBUG vert.x-eventloop-thread-0 BaseServiceProxy     : Remapping Set-cookies [partnerID=""; Domain=.ibkr.com; Expires=Thu, 01 Jan 1970 00:00:10 GMT; Path=/;Secure;SameSite=None, partnerID=""; Domain=.ibkr.com; Expires=Thu, 01 Jan 1970 00:00:10 GMT; Path=/;Secure;SameSite=None, URL_PARAM=forwardTo%3D22&RL%3D1&ip2loc%3DUS; Domain=.ibkr.com; Path=/;Secure, JSESSIONID=A6A48E1BC1DB65A63C1453814EB50543.ny5wwwdam3-internet; Path=/sso; HttpOnly;Secure;SameSite=None, x-sess-uuid=0.57de9b7c.1776443515.158b2ff2; secure; HttpOnly] -> 
00:31:56.305 WARN  vert.x-eventloop-thread-0 DefaultChannelPipeline : An exceptionCaught() event was fired, and it reached at the tail of the pipeline. It usually means the last handler in the pipeline did not handle the exception.
io.netty.handler.codec.DecoderException: javax.net.ssl.SSLHandshakeException: Received fatal alert: certificate_unknown
	at io.netty.handler.codec.ByteToMessageDecoder.callDecode(ByteToMessageDecoder.java:459)
	at io.netty.handler.codec.ByteToMessageDecoder.channelRead(ByteToMessageDecoder.java:265)
	at io.netty.channel.AbstractChannelHandlerContext.invokeChannelRead(AbstractChannelHandlerContext.java:362)
	at io.netty.channel.AbstractChannelHandlerContext.invokeChannelRead(AbstractChannelHandlerContext.java:348)
	at io.netty.channel.AbstractChannelHandlerContext.fireChannelRead(AbstractChannelHandlerContext.java:340)
	at io.netty.channel.DefaultChannelPipeline$HeadContext.channelRead(DefaultChannelPipeline.java:1359)
	at io.netty.channel.AbstractChannelHandlerContext.invokeChannelRead(AbstractChannelHandlerContext.java:362)
	at io.netty.channel.AbstractChannelHandlerContext.invokeChannelRead(AbstractChannelHandlerContext.java:348)
	at io.netty.channel.DefaultChannelPipeline.fireChannelRead(DefaultChannelPipeline.java:935)
	at io.netty.channel.nio.AbstractNioByteChannel$NioByteUnsafe.read(AbstractNioByteChannel.java:134)
	at io.netty.channel.nio.NioEventLoop.processSelectedKey(NioEventLoop.java:645)
	at io.netty.channel.nio.NioEventLoop.processSelectedKeysPlain(NioEventLoop.java:545)
	at io.netty.channel.nio.NioEventLoop.processSelectedKeys(NioEventLoop.java:499)
	at io.netty.channel.nio.NioEventLoop.run(NioEventLoop.java:459)
	at io.netty.util.concurrent.SingleThreadEventExecutor$5.run(SingleThreadEventExecutor.java:858)
	at java.base/java.lang.Thread.run(Thread.java:842)
Caused by: javax.net.ssl.SSLHandshakeException: Received fatal alert: certificate_unknown
	at java.base/sun.security.ssl.Alert.createSSLException(Alert.java:131)
	at java.base/sun.security.ssl.Alert.createSSLException(Alert.java:117)
	at java.base/sun.security.ssl.TransportContext.fatal(TransportContext.java:365)
	at java.base/sun.security.ssl.Alert$AlertConsumer.consume(Alert.java:293)
	at java.base/sun.security.ssl.TransportContext.dispatch(TransportContext.java:204)
	at java.base/sun.security.ssl.SSLTransport.decode(SSLTransport.java:172)
	at java.base/sun.security.ssl.SSLEngineImpl.decode(SSLEngineImpl.java:736)
	at java.base/sun.security.ssl.SSLEngineImpl.readRecord(SSLEngineImpl.java:691)
	at java.base/sun.security.ssl.SSLEngineImpl.unwrap(SSLEngineImpl.java:506)
	at java.base/sun.security.ssl.SSLEngineImpl.unwrap(SSLEngineImpl.java:482)
	at java.base/javax.net.ssl.SSLEngine.unwrap(SSLEngine.java:679)
	at io.netty.handler.ssl.SslHandler$SslEngineType$3.unwrap(SslHandler.java:281)
	at io.netty.handler.ssl.SslHandler.unwrap(SslHandler.java:1215)
	at io.netty.handler.ssl.SslHandler.decodeJdkCompatible(SslHandler.java:1127)
	at io.netty.handler.ssl.SslHandler.decode(SslHandler.java:1162)
	at io.netty.handler.codec.ByteToMessageDecoder.decodeRemovalReentryProtection(ByteToMessageDecoder.java:489)
	at io.netty.handler.codec.ByteToMessageDecoder.callDecode(ByteToMessageDecoder.java:428)
	... 15 common frames omitted
00:31:56.307 WARN  vert.x-eventloop-thread-0 DefaultChannelPipeline : An exceptionCaught() event was fired, and it reached at the tail of the pipeline. It usually means the last handler in the pipeline did not handle the exception.
io.netty.handler.codec.DecoderException: javax.net.ssl.SSLHandshakeException: Received fatal alert: certificate_unknown
	at io.netty.handler.codec.ByteToMessageDecoder.callDecode(ByteToMessageDecoder.java:459)
	at io.netty.handler.codec.ByteToMessageDecoder.channelRead(ByteToMessageDecoder.java:265)
	at io.netty.channel.AbstractChannelHandlerContext.invokeChannelRead(AbstractChannelHandlerContext.java:362)
	at io.netty.channel.AbstractChannelHandlerContext.invokeChannelRead(AbstractChannelHandlerContext.java:348)
	at io.netty.channel.AbstractChannelHandlerContext.fireChannelRead(AbstractChannelHandlerContext.java:340)
	at io.netty.channel.DefaultChannelPipeline$HeadContext.channelRead(DefaultChannelPipeline.java:1359)
	at io.netty.channel.AbstractChannelHandlerContext.invokeChannelRead(AbstractChannelHandlerContext.java:362)
	at io.netty.channel.AbstractChannelHandlerContext.invokeChannelRead(AbstractChannelHandlerContext.java:348)
	at io.netty.channel.DefaultChannelPipeline.fireChannelRead(DefaultChannelPipeline.java:935)
	at io.netty.channel.nio.AbstractNioByteChannel$NioByteUnsafe.read(AbstractNioByteChannel.java:134)
	at io.netty.channel.nio.NioEventLoop.processSelectedKey(NioEventLoop.java:645)
	at io.netty.channel.nio.NioEventLoop.processSelectedKeysPlain(NioEventLoop.java:545)
	at io.netty.channel.nio.NioEventLoop.processSelectedKeys(NioEventLoop.java:499)
	at io.netty.channel.nio.NioEventLoop.run(NioEventLoop.java:459)
	at io.netty.util.concurrent.SingleThreadEventExecutor$5.run(SingleThreadEventExecutor.java:858)
	at java.base/java.lang.Thread.run(Thread.java:842)
Caused by: javax.net.ssl.SSLHandshakeException: Received fatal alert: certificate_unknown
	at java.base/sun.security.ssl.Alert.createSSLException(Alert.java:131)
	at java.base/sun.security.ssl.Alert.createSSLException(Alert.java:117)
	at java.base/sun.security.ssl.TransportContext.fatal(TransportContext.java:365)
	at java.base/sun.security.ssl.Alert$AlertConsumer.consume(Alert.java:293)
	at java.base/sun.security.ssl.TransportContext.dispatch(TransportContext.java:204)
	at java.base/sun.security.ssl.SSLTransport.decode(SSLTransport.java:172)
	at java.base/sun.security.ssl.SSLEngineImpl.decode(SSLEngineImpl.java:736)
	at java.base/sun.security.ssl.SSLEngineImpl.readRecord(SSLEngineImpl.java:691)
	at java.base/sun.security.ssl.SSLEngineImpl.unwrap(SSLEngineImpl.java:506)
	at java.base/sun.security.ssl.SSLEngineImpl.unwrap(SSLEngineImpl.java:482)
	at java.base/javax.net.ssl.SSLEngine.unwrap(SSLEngine.java:679)
	at io.netty.handler.ssl.SslHandler$SslEngineType$3.unwrap(SslHandler.java:281)
	at io.netty.handler.ssl.SslHandler.unwrap(SslHandler.java:1215)
	at io.netty.handler.ssl.SslHandler.decodeJdkCompatible(SslHandler.java:1127)
	at io.netty.handler.ssl.SslHandler.decode(SslHandler.java:1162)
	at io.netty.handler.codec.ByteToMessageDecoder.decodeRemovalReentryProtection(ByteToMessageDecoder.java:489)
	at io.netty.handler.codec.ByteToMessageDecoder.callDecode(ByteToMessageDecoder.java:428)
	... 15 common frames omitted
00:31:56.308 WARN  vert.x-eventloop-thread-0 DefaultChannelPipeline : An exceptionCaught() event was fired, and it reached at the tail of the pipeline. It usually means the last handler in the pipeline did not handle the exception.
io.netty.handler.codec.DecoderException: javax.net.ssl.SSLHandshakeException: Received fatal alert: certificate_unknown
	at io.netty.handler.codec.ByteToMessageDecoder.callDecode(ByteToMessageDecoder.java:459)
	at io.netty.handler.codec.ByteToMessageDecoder.channelRead(ByteToMessageDecoder.java:265)
	at io.netty.channel.AbstractChannelHandlerContext.invokeChannelRead(AbstractChannelHandlerContext.java:362)
	at io.netty.channel.AbstractChannelHandlerContext.invokeChannelRead(AbstractChannelHandlerContext.java:348)
	at io.netty.channel.AbstractChannelHandlerContext.fireChannelRead(AbstractChannelHandlerContext.java:340)
	at io.netty.channel.DefaultChannelPipeline$HeadContext.channelRead(DefaultChannelPipeline.java:1359)
	at io.netty.channel.AbstractChannelHandlerContext.invokeChannelRead(AbstractChannelHandlerContext.java:362)
	at io.netty.channel.AbstractChannelHandlerContext.invokeChannelRead(AbstractChannelHandlerContext.java:348)
	at io.netty.channel.DefaultChannelPipeline.fireChannelRead(DefaultChannelPipeline.java:935)
	at io.netty.channel.nio.AbstractNioByteChannel$NioByteUnsafe.read(AbstractNioByteChannel.java:134)
	at io.netty.channel.nio.NioEventLoop.processSelectedKey(NioEventLoop.java:645)
	at io.netty.channel.nio.NioEventLoop.processSelectedKeysPlain(NioEventLoop.java:545)
	at io.netty.channel.nio.NioEventLoop.processSelectedKeys(NioEventLoop.java:499)
	at io.netty.channel.nio.NioEventLoop.run(NioEventLoop.java:459)
	at io.netty.util.concurrent.SingleThreadEventExecutor$5.run(SingleThreadEventExecutor.java:858)
	at java.base/java.lang.Thread.run(Thread.java:842)
Caused by: javax.net.ssl.SSLHandshakeException: Received fatal alert: certificate_unknown
	at java.base/sun.security.ssl.Alert.createSSLException(Alert.java:131)
	at java.base/sun.security.ssl.Alert.createSSLException(Alert.java:117)
	at java.base/sun.security.ssl.TransportContext.fatal(TransportContext.java:365)
	at java.base/sun.security.ssl.Alert$AlertConsumer.consume(Alert.java:293)
	at java.base/sun.security.ssl.TransportContext.dispatch(TransportContext.java:204)
	at java.base/sun.security.ssl.SSLTransport.decode(SSLTransport.java:172)
	at java.base/sun.security.ssl.SSLEngineImpl.decode(SSLEngineImpl.java:736)
	at java.base/sun.security.ssl.SSLEngineImpl.readRecord(SSLEngineImpl.java:691)
	at java.base/sun.security.ssl.SSLEngineImpl.unwrap(SSLEngineImpl.java:506)
	at java.base/sun.security.ssl.SSLEngineImpl.unwrap(SSLEngineImpl.java:482)
	at java.base/javax.net.ssl.SSLEngine.unwrap(SSLEngine.java:679)
	at io.netty.handler.ssl.SslHandler$SslEngineType$3.unwrap(SslHandler.java:281)
	at io.netty.handler.ssl.SslHandler.unwrap(SslHandler.java:1215)
	at io.netty.handler.ssl.SslHandler.decodeJdkCompatible(SslHandler.java:1127)
	at io.netty.handler.ssl.SslHandler.decode(SslHandler.java:1162)
	at io.netty.handler.codec.ByteToMessageDecoder.decodeRemovalReentryProtection(ByteToMessageDecoder.java:489)
	at io.netty.handler.codec.ByteToMessageDecoder.callDecode(ByteToMessageDecoder.java:428)
	... 15 common frames omitted
00:31:56.310 WARN  vert.x-eventloop-thread-0 DefaultChannelPipeline : An exceptionCaught() event was fired, and it reached at the tail of the pipeline. It usually means the last handler in the pipeline did not handle the exception.
io.netty.handler.codec.DecoderException: javax.net.ssl.SSLHandshakeException: Received fatal alert: certificate_unknown
	at io.netty.handler.codec.ByteToMessageDecoder.callDecode(ByteToMessageDecoder.java:459)
	at io.netty.handler.codec.ByteToMessageDecoder.channelRead(ByteToMessageDecoder.java:265)
	at io.netty.channel.AbstractChannelHandlerContext.invokeChannelRead(AbstractChannelHandlerContext.java:362)
	at io.netty.channel.AbstractChannelHandlerContext.invokeChannelRead(AbstractChannelHandlerContext.java:348)
	at io.netty.channel.AbstractChannelHandlerContext.fireChannelRead(AbstractChannelHandlerContext.java:340)
	at io.netty.channel.DefaultChannelPipeline$HeadContext.channelRead(DefaultChannelPipeline.java:1359)
	at io.netty.channel.AbstractChannelHandlerContext.invokeChannelRead(AbstractChannelHandlerContext.java:362)
	at io.netty.channel.AbstractChannelHandlerContext.invokeChannelRead(AbstractChannelHandlerContext.java:348)
	at io.netty.channel.DefaultChannelPipeline.fireChannelRead(DefaultChannelPipeline.java:935)
	at io.netty.channel.nio.AbstractNioByteChannel$NioByteUnsafe.read(AbstractNioByteChannel.java:134)
	at io.netty.channel.nio.NioEventLoop.processSelectedKey(NioEventLoop.java:645)
	at io.netty.channel.nio.NioEventLoop.processSelectedKeysPlain(NioEventLoop.java:545)
	at io.netty.channel.nio.NioEventLoop.processSelectedKeys(NioEventLoop.java:499)
	at io.netty.channel.nio.NioEventLoop.run(NioEventLoop.java:459)
	at io.netty.util.concurrent.SingleThreadEventExecutor$5.run(SingleThreadEventExecutor.java:858)
	at java.base/java.lang.Thread.run(Thread.java:842)
Caused by: javax.net.ssl.SSLHandshakeException: Received fatal alert: certificate_unknown
	at java.base/sun.security.ssl.Alert.createSSLException(Alert.java:131)
	at java.base/sun.security.ssl.Alert.createSSLException(Alert.java:117)
	at java.base/sun.security.ssl.TransportContext.fatal(TransportContext.java:365)
	at java.base/sun.security.ssl.Alert$AlertConsumer.consume(Alert.java:293)
	at java.base/sun.security.ssl.TransportContext.dispatch(TransportContext.java:204)
	at java.base/sun.security.ssl.SSLTransport.decode(SSLTransport.java:172)
	at java.base/sun.security.ssl.SSLEngineImpl.decode(SSLEngineImpl.java:736)
	at java.base/sun.security.ssl.SSLEngineImpl.readRecord(SSLEngineImpl.java:691)
	at java.base/sun.security.ssl.SSLEngineImpl.unwrap(SSLEngineImpl.java:506)
	at java.base/sun.security.ssl.SSLEngineImpl.unwrap(SSLEngineImpl.java:482)
	at java.base/javax.net.ssl.SSLEngine.unwrap(SSLEngine.java:679)
	at io.netty.handler.ssl.SslHandler$SslEngineType$3.unwrap(SslHandler.java:281)
	at io.netty.handler.ssl.SslHandler.unwrap(SslHandler.java:1215)
	at io.netty.handler.ssl.SslHandler.decodeJdkCompatible(SslHandler.java:1127)
	at io.netty.handler.ssl.SslHandler.decode(SslHandler.java:1162)
	at io.netty.handler.codec.ByteToMessageDecoder.decodeRemovalReentryProtection(ByteToMessageDecoder.java:489)
	at io.netty.handler.codec.ByteToMessageDecoder.callDecode(ByteToMessageDecoder.java:428)
	... 15 common frames omitted
00:31:56.313 WARN  vert.x-eventloop-thread-0 DefaultChannelPipeline : An exceptionCaught() event was fired, and it reached at the tail of the pipeline. It usually means the last handler in the pipeline did not handle the exception.
io.netty.handler.codec.DecoderException: javax.net.ssl.SSLHandshakeException: Received fatal alert: certificate_unknown
	at io.netty.handler.codec.ByteToMessageDecoder.callDecode(ByteToMessageDecoder.java:459)
	at io.netty.handler.codec.ByteToMessageDecoder.channelRead(ByteToMessageDecoder.java:265)
	at io.netty.channel.AbstractChannelHandlerContext.invokeChannelRead(AbstractChannelHandlerContext.java:362)
	at io.netty.channel.AbstractChannelHandlerContext.invokeChannelRead(AbstractChannelHandlerContext.java:348)
	at io.netty.channel.AbstractChannelHandlerContext.fireChannelRead(AbstractChannelHandlerContext.java:340)
	at io.netty.channel.DefaultChannelPipeline$HeadContext.channelRead(DefaultChannelPipeline.java:1359)
	at io.netty.channel.AbstractChannelHandlerContext.invokeChannelRead(AbstractChannelHandlerContext.java:362)
	at io.netty.channel.AbstractChannelHandlerContext.invokeChannelRead(AbstractChannelHandlerContext.java:348)
	at io.netty.channel.DefaultChannelPipeline.fireChannelRead(DefaultChannelPipeline.java:935)
	at io.netty.channel.nio.AbstractNioByteChannel$NioByteUnsafe.read(AbstractNioByteChannel.java:134)
	at io.netty.channel.nio.NioEventLoop.processSelectedKey(NioEventLoop.java:645)
	at io.netty.channel.nio.NioEventLoop.processSelectedKeysPlain(NioEventLoop.java:545)
	at io.netty.channel.nio.NioEventLoop.processSelectedKeys(NioEventLoop.java:499)
	at io.netty.channel.nio.NioEventLoop.run(NioEventLoop.java:459)
	at io.netty.util.concurrent.SingleThreadEventExecutor$5.run(SingleThreadEventExecutor.java:858)
	at java.base/java.lang.Thread.run(Thread.java:842)
Caused by: javax.net.ssl.SSLHandshakeException: Received fatal alert: certificate_unknown
	at java.base/sun.security.ssl.Alert.createSSLException(Alert.java:131)
	at java.base/sun.security.ssl.Alert.createSSLException(Alert.java:117)
	at java.base/sun.security.ssl.TransportContext.fatal(TransportContext.java:365)
	at java.base/sun.security.ssl.Alert$AlertConsumer.consume(Alert.java:293)
	at java.base/sun.security.ssl.TransportContext.dispatch(TransportContext.java:204)
	at java.base/sun.security.ssl.SSLTransport.decode(SSLTransport.java:172)
	at java.base/sun.security.ssl.SSLEngineImpl.decode(SSLEngineImpl.java:736)
	at java.base/sun.security.ssl.SSLEngineImpl.readRecord(SSLEngineImpl.java:691)
	at java.base/sun.security.ssl.SSLEngineImpl.unwrap(SSLEngineImpl.java:506)
	at java.base/sun.security.ssl.SSLEngineImpl.unwrap(SSLEngineImpl.java:482)
	at java.base/javax.net.ssl.SSLEngine.unwrap(SSLEngine.java:679)
	at io.netty.handler.ssl.SslHandler$SslEngineType$3.unwrap(SslHandler.java:281)
	at io.netty.handler.ssl.SslHandler.unwrap(SslHandler.java:1215)
	at io.netty.handler.ssl.SslHandler.decodeJdkCompatible(SslHandler.java:1127)
	at io.netty.handler.ssl.SslHandler.decode(SslHandler.java:1162)
	at io.netty.handler.codec.ByteToMessageDecoder.decodeRemovalReentryProtection(ByteToMessageDecoder.java:489)
	at io.netty.handler.codec.ByteToMessageDecoder.callDecode(ByteToMessageDecoder.java:428)
	... 15 common frames omitted
00:31:56.314 WARN  vert.x-eventloop-thread-0 DefaultChannelPipeline : An exceptionCaught() event was fired, and it reached at the tail of the pipeline. It usually means the last handler in the pipeline did not handle the exception.
io.netty.handler.codec.DecoderException: javax.net.ssl.SSLHandshakeException: Received fatal alert: certificate_unknown
	at io.netty.handler.codec.ByteToMessageDecoder.callDecode(ByteToMessageDecoder.java:459)
	at io.netty.handler.codec.ByteToMessageDecoder.channelRead(ByteToMessageDecoder.java:265)
	at io.netty.channel.AbstractChannelHandlerContext.invokeChannelRead(AbstractChannelHandlerContext.java:362)
	at io.netty.channel.AbstractChannelHandlerContext.invokeChannelRead(AbstractChannelHandlerContext.java:348)
	at io.netty.channel.AbstractChannelHandlerContext.fireChannelRead(AbstractChannelHandlerContext.java:340)
	at io.netty.channel.DefaultChannelPipeline$HeadContext.channelRead(DefaultChannelPipeline.java:1359)
	at io.netty.channel.AbstractChannelHandlerContext.invokeChannelRead(AbstractChannelHandlerContext.java:362)
	at io.netty.channel.AbstractChannelHandlerContext.invokeChannelRead(AbstractChannelHandlerContext.java:348)
	at io.netty.channel.DefaultChannelPipeline.fireChannelRead(DefaultChannelPipeline.java:935)
	at io.netty.channel.nio.AbstractNioByteChannel$NioByteUnsafe.read(AbstractNioByteChannel.java:134)
	at io.netty.channel.nio.NioEventLoop.processSelectedKey(NioEventLoop.java:645)
	at io.netty.channel.nio.NioEventLoop.processSelectedKeysPlain(NioEventLoop.java:545)
	at io.netty.channel.nio.NioEventLoop.processSelectedKeys(NioEventLoop.java:499)
	at io.netty.channel.nio.NioEventLoop.run(NioEventLoop.java:459)
	at io.netty.util.concurrent.SingleThreadEventExecutor$5.run(SingleThreadEventExecutor.java:858)
	at java.base/java.lang.Thread.run(Thread.java:842)
Caused by: javax.net.ssl.SSLHandshakeException: Received fatal alert: certificate_unknown
	at java.base/sun.security.ssl.Alert.createSSLException(Alert.java:131)
	at java.base/sun.security.ssl.Alert.createSSLException(Alert.java:117)
	at java.base/sun.security.ssl.TransportContext.fatal(TransportContext.java:365)
	at java.base/sun.security.ssl.Alert$AlertConsumer.consume(Alert.java:293)
	at java.base/sun.security.ssl.TransportContext.dispatch(TransportContext.java:204)
	at java.base/sun.security.ssl.SSLTransport.decode(SSLTransport.java:172)
	at java.base/sun.security.ssl.SSLEngineImpl.decode(SSLEngineImpl.java:736)
	at java.base/sun.security.ssl.SSLEngineImpl.readRecord(SSLEngineImpl.java:691)
	at java.base/sun.security.ssl.SSLEngineImpl.unwrap(SSLEngineImpl.java:506)
	at java.base/sun.security.ssl.SSLEngineImpl.unwrap(SSLEngineImpl.java:482)
	at java.base/javax.net.ssl.SSLEngine.unwrap(SSLEngine.java:679)
	at io.netty.handler.ssl.SslHandler$SslEngineType$3.unwrap(SslHandler.java:281)
	at io.netty.handler.ssl.SslHandler.unwrap(SslHandler.java:1215)
	at io.netty.handler.ssl.SslHandler.decodeJdkCompatible(SslHandler.java:1127)
	at io.netty.handler.ssl.SslHandler.decode(SslHandler.java:1162)
	at io.netty.handler.codec.ByteToMessageDecoder.decodeRemovalReentryProtection(ByteToMessageDecoder.java:489)
	at io.netty.handler.codec.ByteToMessageDecoder.callDecode(ByteToMessageDecoder.java:428)
	... 15 common frames omitted
00:31:56.315 WARN  vert.x-eventloop-thread-0 DefaultChannelPipeline : An exceptionCaught() event was fired, and it reached at the tail of the pipeline. It usually means the last handler in the pipeline did not handle the exception.
io.netty.handler.codec.DecoderException: javax.net.ssl.SSLHandshakeException: Received fatal alert: certificate_unknown
	at io.netty.handler.codec.ByteToMessageDecoder.callDecode(ByteToMessageDecoder.java:459)
	at io.netty.handler.codec.ByteToMessageDecoder.channelRead(ByteToMessageDecoder.java:265)
	at io.netty.channel.AbstractChannelHandlerContext.invokeChannelRead(AbstractChannelHandlerContext.java:362)
	at io.netty.channel.AbstractChannelHandlerContext.invokeChannelRead(AbstractChannelHandlerContext.java:348)
	at io.netty.channel.AbstractChannelHandlerContext.fireChannelRead(AbstractChannelHandlerContext.java:340)
	at io.netty.channel.DefaultChannelPipeline$HeadContext.channelRead(DefaultChannelPipeline.java:1359)
	at io.netty.channel.AbstractChannelHandlerContext.invokeChannelRead(AbstractChannelHandlerContext.java:362)
	at io.netty.channel.AbstractChannelHandlerContext.invokeChannelRead(AbstractChannelHandlerContext.java:348)
	at io.netty.channel.DefaultChannelPipeline.fireChannelRead(DefaultChannelPipeline.java:935)
	at io.netty.channel.nio.AbstractNioByteChannel$NioByteUnsafe.read(AbstractNioByteChannel.java:134)
	at io.netty.channel.nio.NioEventLoop.processSelectedKey(NioEventLoop.java:645)
	at io.netty.channel.nio.NioEventLoop.processSelectedKeysPlain(NioEventLoop.java:545)
	at io.netty.channel.nio.NioEventLoop.processSelectedKeys(NioEventLoop.java:499)
	at io.netty.channel.nio.NioEventLoop.run(NioEventLoop.java:459)
	at io.netty.util.concurrent.SingleThreadEventExecutor$5.run(SingleThreadEventExecutor.java:858)
	at java.base/java.lang.Thread.run(Thread.java:842)
Caused by: javax.net.ssl.SSLHandshakeException: Received fatal alert: certificate_unknown
	at java.base/sun.security.ssl.Alert.createSSLException(Alert.java:131)
	at java.base/sun.security.ssl.Alert.createSSLException(Alert.java:117)
	at java.base/sun.security.ssl.TransportContext.fatal(TransportContext.java:365)
	at java.base/sun.security.ssl.Alert$AlertConsumer.consume(Alert.java:293)
	at java.base/sun.security.ssl.TransportContext.dispatch(TransportContext.java:204)
	at java.base/sun.security.ssl.SSLTransport.decode(SSLTransport.java:172)
	at java.base/sun.security.ssl.SSLEngineImpl.decode(SSLEngineImpl.java:736)
	at java.base/sun.security.ssl.SSLEngineImpl.readRecord(SSLEngineImpl.java:691)
	at java.base/sun.security.ssl.SSLEngineImpl.unwrap(SSLEngineImpl.java:506)
	at java.base/sun.security.ssl.SSLEngineImpl.unwrap(SSLEngineImpl.java:482)
	at java.base/javax.net.ssl.SSLEngine.unwrap(SSLEngine.java:679)
	at io.netty.handler.ssl.SslHandler$SslEngineType$3.unwrap(SslHandler.java:281)
	at io.netty.handler.ssl.SslHandler.unwrap(SslHandler.java:1215)
	at io.netty.handler.ssl.SslHandler.decodeJdkCompatible(SslHandler.java:1127)
	at io.netty.handler.ssl.SslHandler.decode(SslHandler.java:1162)
	at io.netty.handler.codec.ByteToMessageDecoder.decodeRemovalReentryProtection(ByteToMessageDecoder.java:489)
	at io.netty.handler.codec.ByteToMessageDecoder.callDecode(ByteToMessageDecoder.java:428)
	... 15 common frames omitted
00:31:56.320 WARN  vert.x-eventloop-thread-0 DefaultChannelPipeline : An exceptionCaught() event was fired, and it reached at the tail of the pipeline. It usually means the last handler in the pipeline did not handle the exception.
io.netty.handler.codec.DecoderException: javax.net.ssl.SSLHandshakeException: Received fatal alert: certificate_unknown
	at io.netty.handler.codec.ByteToMessageDecoder.callDecode(ByteToMessageDecoder.java:459)
	at io.netty.handler.codec.ByteToMessageDecoder.channelRead(ByteToMessageDecoder.java:265)
	at io.netty.channel.AbstractChannelHandlerContext.invokeChannelRead(AbstractChannelHandlerContext.java:362)
	at io.netty.channel.AbstractChannelHandlerContext.invokeChannelRead(AbstractChannelHandlerContext.java:348)
	at io.netty.channel.AbstractChannelHandlerContext.fireChannelRead(AbstractChannelHandlerContext.java:340)
	at io.netty.channel.DefaultChannelPipeline$HeadContext.channelRead(DefaultChannelPipeline.java:1359)
	at io.netty.channel.AbstractChannelHandlerContext.invokeChannelRead(AbstractChannelHandlerContext.java:362)
	at io.netty.channel.AbstractChannelHandlerContext.invokeChannelRead(AbstractChannelHandlerContext.java:348)
	at io.netty.channel.DefaultChannelPipeline.fireChannelRead(DefaultChannelPipeline.java:935)
	at io.netty.channel.nio.AbstractNioByteChannel$NioByteUnsafe.read(AbstractNioByteChannel.java:134)
	at io.netty.channel.nio.NioEventLoop.processSelectedKey(NioEventLoop.java:645)
	at io.netty.channel.nio.NioEventLoop.processSelectedKeysPlain(NioEventLoop.java:545)
	at io.netty.channel.nio.NioEventLoop.processSelectedKeys(NioEventLoop.java:499)
	at io.netty.channel.nio.NioEventLoop.run(NioEventLoop.java:459)
	at io.netty.util.concurrent.SingleThreadEventExecutor$5.run(SingleThreadEventExecutor.java:858)
	at java.base/java.lang.Thread.run(Thread.java:842)
Caused by: javax.net.ssl.SSLHandshakeException: Received fatal alert: certificate_unknown
	at java.base/sun.security.ssl.Alert.createSSLException(Alert.java:131)
	at java.base/sun.security.ssl.Alert.createSSLException(Alert.java:117)
	at java.base/sun.security.ssl.TransportContext.fatal(TransportContext.java:365)
	at java.base/sun.security.ssl.Alert$AlertConsumer.consume(Alert.java:293)
	at java.base/sun.security.ssl.TransportContext.dispatch(TransportContext.java:204)
	at java.base/sun.security.ssl.SSLTransport.decode(SSLTransport.java:172)
	at java.base/sun.security.ssl.SSLEngineImpl.decode(SSLEngineImpl.java:736)
	at java.base/sun.security.ssl.SSLEngineImpl.readRecord(SSLEngineImpl.java:691)
	at java.base/sun.security.ssl.SSLEngineImpl.unwrap(SSLEngineImpl.java:506)
	at java.base/sun.security.ssl.SSLEngineImpl.unwrap(SSLEngineImpl.java:482)
	at java.base/javax.net.ssl.SSLEngine.unwrap(SSLEngine.java:679)
	at io.netty.handler.ssl.SslHandler$SslEngineType$3.unwrap(SslHandler.java:281)
	at io.netty.handler.ssl.SslHandler.unwrap(SslHandler.java:1215)
	at io.netty.handler.ssl.SslHandler.decodeJdkCompatible(SslHandler.java:1127)
	at io.netty.handler.ssl.SslHandler.decode(SslHandler.java:1162)
	at io.netty.handler.codec.ByteToMessageDecoder.decodeRemovalReentryProtection(ByteToMessageDecoder.java:489)
	at io.netty.handler.codec.ByteToMessageDecoder.callDecode(ByteToMessageDecoder.java:428)
	... 15 common frames omitted
00:31:56.379 INFO  vert.x-eventloop-thread-0 BaseServiceProxy     : -> GET /css/bootstrap-5.2.2/bootstrap.min.css,200|90ms
00:31:56.442 INFO  vert.x-eventloop-thread-0 BaseServiceProxy     : -> GET /css/fontawesome-6.4.2/all.min.css,200|115ms
00:31:56.445 INFO  vert.x-eventloop-thread-0 BaseServiceProxy     : -> GET /css/bootstrap-switch-3.3.2/bootstrap-switch.min.css,200|122ms
00:31:56.452 INFO  vert.x-eventloop-thread-0 BaseServiceProxy     : -> GET /scripts/common/js/jquery-3.7.0/jquery.min.js,200|124ms
00:31:56.468 INFO  vert.x-eventloop-thread-0 BaseServiceProxy     : -> GET /css/ibkr/theme-ibkr-portal.min.css,200|150ms
00:31:56.477 INFO  vert.x-eventloop-thread-0 BaseServiceProxy     : -> GET /css/reg-am/login.min.css,200|152ms
00:31:56.504 INFO  vert.x-eventloop-thread-0 BaseServiceProxy     : -> GET /scripts/common/js/bootstrap-5.2.2/bootstrap.bundle.min.js,200|98ms
00:31:56.510 INFO  vert.x-eventloop-thread-0 BaseServiceProxy     : -> GET /sso/lib/xyz.bundle.min.js,200|63ms
00:31:56.511 INFO  vert.x-eventloop-thread-0 CookieManager        : set cookies [x-sess-uuid=0.57de9b7c.1776443516.158b318d; secure; HttpOnly]
00:31:56.511 DEBUG vert.x-eventloop-thread-0 BaseServiceProxy     : Remapping Set-cookies [x-sess-uuid=0.57de9b7c.1776443516.158b318d; secure; HttpOnly] -> 
00:31:56.625 INFO  vert.x-eventloop-thread-0 BaseServiceProxy     : -> GET /images/common/logos/ibkr/interactive-brokers.svg,200|24ms
00:31:56.646 INFO  vert.x-eventloop-thread-0 BaseServiceProxy     : -> GET /fonts/fontawesome-6.4.2/webfonts/fa-solid-900.woff2,200|23ms
00:31:56.657 INFO  vert.x-eventloop-thread-0 BaseServiceProxy     : -> GET /fonts/fontawesome-6.4.2/webfonts/fa-brands-400.woff2,200|33ms
00:31:56.666 INFO  vert.x-eventloop-thread-0 BaseServiceProxy     : -> GET /fonts/proxima-nova/Proxima-Nova-Regular.woff2,200|44ms
00:31:56.741 INFO  vert.x-eventloop-thread-0 BaseServiceProxy     : -> GET /images/web/favicons/home-screen-icon-128x128.png,200|41ms
00:31:56.745 INFO  vert.x-eventloop-thread-0 BaseServiceProxy     : -> GET /portal.proxy/v1/gstat/bulletins,204|89ms
00:31:57.220 INFO  vert.x-eventloop-thread-0 BaseServiceProxy     : -> GET /sso/report,200|565ms
00:31:57.221 INFO  vert.x-eventloop-thread-0 CookieManager        : set cookies [x-sess-uuid=0.81de9b7c.1776443516.229892f7; secure; HttpOnly]
00:31:57.221 DEBUG vert.x-eventloop-thread-0 BaseServiceProxy     : Remapping Set-cookies [x-sess-uuid=0.81de9b7c.1776443516.229892f7; secure; HttpOnly] -> 
00:31:58.796 INFO  vert.x-eventloop-thread-0 BaseServiceProxy     : -> GET /sso/Authenticator,200|780ms
00:31:58.796 INFO  vert.x-eventloop-thread-0 CookieManager        : set cookies [x-sess-uuid=0.57de9b7c.1776443518.158b31e3; secure; HttpOnly]
00:31:58.796 DEBUG vert.x-eventloop-thread-0 BaseServiceProxy     : Remapping Set-cookies [x-sess-uuid=0.57de9b7c.1776443518.158b31e3; secure; HttpOnly] -> 
00:31:59.142 INFO  vert.x-eventloop-thread-0 BaseServiceProxy     : -> GET /sso/Authenticator,200|321ms
00:31:59.142 INFO  vert.x-eventloop-thread-0 CookieManager        : set cookies [web=3343352782; Domain=.ibkr.com; Expires=Sat, 17 Apr 2027 16:31:59 GMT; Path=/; Secure;Secure;SameSite=None, x-sess-uuid=0.81de9b7c.1776443518.229893ae; secure; HttpOnly]
00:31:59.143 DEBUG vert.x-eventloop-thread-0 BaseServiceProxy     : Remapping Set-cookies [web=3343352782; Domain=.ibkr.com; Expires=Sat, 17 Apr 2027 16:31:59 GMT; Path=/; Secure;Secure;SameSite=None, x-sess-uuid=0.81de9b7c.1776443518.229893ae; secure; HttpOnly] -> 
00:31:59.475 INFO  vert.x-eventloop-thread-0 BaseServiceProxy     : -> GET /sso/Authenticator,200|320ms
00:31:59.475 INFO  vert.x-eventloop-thread-0 CookieManager        : set cookies [x-sess-uuid=0.57de9b7c.1776443519.158b3208; secure; HttpOnly]
00:31:59.476 DEBUG vert.x-eventloop-thread-0 BaseServiceProxy     : Remapping Set-cookies [x-sess-uuid=0.57de9b7c.1776443519.158b3208; secure; HttpOnly] -> 
00:32:02.773 INFO  vert.x-eventloop-thread-0 BaseServiceProxy     : -> GET /sso/Authenticator,200|283ms
00:32:02.774 INFO  vert.x-eventloop-thread-0 CookieManager        : set cookies [x-sess-uuid=0.57de9b7c.1776443522.158b320a; secure; HttpOnly]
00:32:02.774 DEBUG vert.x-eventloop-thread-0 BaseServiceProxy     : Remapping Set-cookies [x-sess-uuid=0.57de9b7c.1776443522.158b320a; secure; HttpOnly] -> 
00:32:05.769 INFO  vert.x-eventloop-thread-0 BaseServiceProxy     : -> GET /sso/Authenticator,200|284ms
00:32:05.770 INFO  vert.x-eventloop-thread-0 CookieManager        : set cookies [x-sess-uuid=0.81de9b7c.1776443525.229895b1; secure; HttpOnly]
00:32:05.770 DEBUG vert.x-eventloop-thread-0 BaseServiceProxy     : Remapping Set-cookies [x-sess-uuid=0.81de9b7c.1776443525.229895b1; secure; HttpOnly] -> 
00:32:06.182 INFO  vert.x-eventloop-thread-0 BaseServiceProxy     : -> GET /sso/Dispatcher,302|383ms
00:32:06.183 INFO  vert.x-eventloop-thread-0 CookieManager        : set cookies [USERID=50301190; Domain=.ibkr.com; Path=/;Secure;SameSite=None, x-sess-uuid=0.57de9b7c.1776443525.158b3690; secure; HttpOnly]
00:32:06.183 DEBUG vert.x-eventloop-thread-0 BaseServiceProxy     : Remapping Set-cookies [USERID=50301190; Domain=.ibkr.com; Path=/;Secure;SameSite=None, x-sess-uuid=0.57de9b7c.1776443525.158b3690; secure; HttpOnly] -> 
00:32:06.184 INFO  vert.x-eventloop-thread-0 GatewayHttpProxy     : Client login succeeds
00:32:06.509 INFO  vert.x-eventloop-thread-0 BaseServiceProxy     : -> GET /v1/api/sso/validate?gw=1,200|323ms
00:32:06.512 DEBUG vert.x-eventloop-thread-0 ClientPortalService  : portal validate response: {"SFT":"5.2a","IS_PENDING_APPLICANT":false,"SF_ENABLED":true,"HARDWARE_INFO":"","UNIQUE_LOGIN_ID":"50301190-1776443523498","AUTH_TIME":1776443523543,"SF_CONFIG":"5.2a","USER_NAME":"pragu1020","CREDENTIAL_TYPE":0,"IS_FREE_TRIAL":false,"LOGIN_TYPE":1,"LANDING_APP":"PORTAL","CREDENTIAL":"pragu1020","ANOMALOUS_LOGIN":false,"RESULT":true,"IP":"116.88.81.189","USER_ID":50301190,"EXPIRES":1776443526574,"TOKEN":"b91c97ad3cfbe97e0cee1e83953d088cc9a23e5d","took":261,"IS_MASTER":false,"features":{"env":"PROD","wlms":true,"realtime":true,"bond":true,"optionChains":true,"calendar":true,"newMf":true},"region":"SG"}
00:32:06.613 INFO  vert.x-eventloop-thread-0 GatewayHttpProxy     : authenticated to cp
00:32:06.614 DEBUG vert.x-eventloop-thread-0 BaseServiceProxy     : cancel timer SsoService 0
00:32:06.614 DEBUG vert.x-eventloop-thread-0 BaseServiceProxy     : start timer 300000 SsoService
00:32:06.615 DEBUG vert.x-eventloop-thread-0 BaseServiceProxy     : forward event ON_SSO_VALIDATION, payload 50301190
00:32:07.050 INFO  vert.x-eventloop-thread-0 BaseServiceProxy     : -> GET /v1/api/one/user,200|436ms
00:32:07.052 INFO  vert.x-eventloop-thread-0 ClientPortalService  : get user reply {"username":"pragu1020","features":{"env":"PROD","wlms":true,"realtime":true,"bond":true,"optionChains":true,"calendar":true,"newMf":true},"wbId":"","uar":{"portfolioAnalyst":true,"userInfo":true,"messageCenter":true,"accountDetails":true,"tradingRestrictions":false,"tws":true,"fyi":true,"voting":true,"forum":true,"recentTransactions":true},"props":{"isIBAMClient":false,"ReadOnlySession":null},"firstApprovedDate":1592755200000,"accts":{"U5799398F":{"isIBAMClient":false,"clearingStatus":"O","openDate":1667577600000,"isFAClient":false,"isFunded":true,"tradingPermissions":["CMDTY"]},"U5799398":{"isIBAMClient":false,"clearingStatus":"O","openDate":1592150400000,"isFAClient":false,"isFunded":true,"tradingPermissions":["OPT","IOPT","WAR","STK","CASH","FOP"]}},"hasBrokerageAccessInd":true,"hfcipEligibleInd":false,"fa":false,"has2fa":false,"islite":false,"ispaper":false,"applicants":[{"id":6062329,"type":"INDIVIDUAL","businessType":"INDEPENDENT","nlcode":"en_US","legalCountry":{"name":"Singapore","alpha3":"SGP"}}]}
00:32:08.179 INFO  vert.x-eventloop-thread-0 SsoService           : sso init status=200, url=https://api.ibkr.com/v1/api/ssodh/init
00:32:08.241 DEBUG vert.x-eventloop-thread-0 SsoService           : K ce6e68ae8febdf2b02b5e5e0bbceca1e3da77024
00:32:08.241 DEBUG vert.x-eventloop-thread-0 BaseServiceProxy     : forward event ON_SSODH_COMPLETED, payload none
00:32:08.241 DEBUG vert.x-eventloop-thread-0 GatewayHttpProxy     : delaying authentication for 3000
00:32:08.246 ERROR vert.x-eventloop-thread-0 ContextImpl          : Unhandled exception
java.lang.NullPointerException: Cannot read the array length because "mac" is null
	at ibgroup.web.core.clientportal.gw.utils.TstTokenUtils.getMacAddress(TstTokenUtils.java:22)
	at ibgroup.web.core.clientportal.gw.services.SsoService.getMac(SsoService.java:81)
	at ibgroup.web.core.clientportal.gw.services.SsoService.getDeviceId(SsoService.java:70)
	at ibgroup.web.core.clientportal.gw.services.SsoService.setTstToken(SsoService.java:88)
	at ibgroup.web.core.clientportal.gw.http.GatewayHttpProxy.onEvent(GatewayHttpProxy.java:213)
	at ibgroup.web.core.clientportal.gw.http.GatewayHttpProxy.lambda$new$1(GatewayHttpProxy.java:56)
	at ibgroup.web.core.clientportal.gw.services.BaseServiceProxy.lambda$null$0(BaseServiceProxy.java:67)
	at java.base/java.util.ArrayList.forEach(ArrayList.java:1511)
	at ibgroup.web.core.clientportal.gw.services.BaseServiceProxy.lambda$on$1(BaseServiceProxy.java:67)
	at io.vertx.core.impl.ContextImpl.lambda$wrapTask$2(ContextImpl.java:344)
	at io.netty.util.concurrent.AbstractEventExecutor.safeExecute(AbstractEventExecutor.java:163)
	at io.netty.util.concurrent.SingleThreadEventExecutor.runAllTasks(SingleThreadEventExecutor.java:403)
	at io.netty.channel.nio.NioEventLoop.run(NioEventLoop.java:463)
	at io.netty.util.concurrent.SingleThreadEventExecutor$5.run(SingleThreadEventExecutor.java:858)
	at java.base/java.lang.Thread.run(Thread.java:842)
00:32:11.343 INFO  vert.x-eventloop-thread-0 BaseServiceProxy     : -> GET /v1/api/iserver/auth/status,200|100ms
00:32:11.344 DEBUG vert.x-eventloop-thread-0 ClientPortalService  : status {"authenticated":false,"established":false,"competing":false,"connected":false,"MAC":"06:A8:C0:D9:D5:E3"}
00:32:11.344 INFO  vert.x-eventloop-thread-0 ClientPortalService  : process auth status {"authenticated":false,"established":false,"competing":false,"connected":false,"MAC":"06:A8:C0:D9:D5:E3"}
00:32:11.375 DEBUG vert.x-eventloop-thread-0 ClientPortalService  : auth brokerage, k=ce6e68ae8febdf2b02b5e5e0bbceca1e3da77024, post={"username":"pragu1020","machineId":"38f0c239","compete":true}
00:32:11.713 INFO  vert.x-eventloop-thread-0 BaseServiceProxy     : -> POST https://api.ibkr.com/v1/api/iserver/auth/ssodh/init,200|337ms
00:32:11.715 DEBUG vert.x-eventloop-thread-0 ClientPortalService  : iserver init : {"passed":true,"authenticated":true,"connected":true,"established":false,"competing":false,"hardware_info":"275c5aa2|06:A8:C0:D9:D5:E3"}
00:32:11.716 INFO  vert.x-eventloop-thread-0 ClientPortalService  : process auth status {"passed":true,"authenticated":true,"connected":true,"established":false,"competing":false,"hardware_info":"275c5aa2|06:A8:C0:D9:D5:E3"}
00:32:11.717 DEBUG vert.x-eventloop-thread-0 BaseServiceProxy     : start timer 30000 ClientPortalService
00:32:11.775 INFO  vert.x-eventloop-thread-0 BaseServiceProxy     : -> GET /v1/api/iserver/accounts,200|59ms
00:32:11.776 DEBUG vert.x-eventloop-thread-0 ClientPortalService  : iserver accounts {}
00:32:16.605 INFO  vert.x-eventloop-thread-0 BaseServiceProxy     : -> GET /v1/api/iserver/auth/ssodh/init?publish=true&compete=true,200|322ms
00:32:16.710 INFO  vert.x-eventloop-thread-0 BaseServiceProxy     : -> GET /v1/api/iserver/account/orders,200|53ms
00:32:16.783 INFO  vert.x-eventloop-thread-0 BaseServiceProxy     : -> GET /v1/api/tickle,200|49ms
00:32:41.801 INFO  vert.x-eventloop-thread-0 BaseServiceProxy     : -> GET /v1/api/tickle,200|80ms
00:32:41.803 DEBUG vert.x-eventloop-thread-0 ClientPortalService  : tickle {"session":"599184152c47761af5f5de6927f1de77","ssoExpires":564726,"collission":false,"userId":50301190,"hmds":{"error":"no bridge"},"iserver":{"authStatus":{"authenticated":true,"established":true,"competing":false,"connected":true,"message":"","MAC":"06:A8:C0:D9:D5:E3","serverInfo":{"serverName":"JifS02008","serverVersion":"Build 10.44.1f, Apr 7, 2026 1:49:24 PM"},"hardware_info":"275c5aa2|06:A8:C0:D9:D5:E3"}}}
00:32:52.486 INFO  vert.x-eventloop-thread-0 BaseServiceProxy     : -> GET /v1/api/iserver/account/trades,200|61ms
00:32:54.625 INFO  vert.x-eventloop-thread-0 BaseServiceProxy     : -> GET /v1/api/iserver/account/trades,200|83ms
00:33:11.779 INFO  vert.x-eventloop-thread-0 BaseServiceProxy     : -> GET /v1/api/tickle,200|60ms
00:33:11.782 DEBUG vert.x-eventloop-thread-0 ClientPortalService  : tickle {"session":"599184152c47761af5f5de6927f1de77","ssoExpires":534731,"collission":false,"userId":50301190,"hmds":{"error":"no bridge"},"iserver":{"authStatus":{"authenticated":true,"established":true,"competing":false,"connected":true,"message":"","MAC":"06:A8:C0:D9:D5:E3","serverInfo":{"serverName":"JifS02008","serverVersion":"Build 10.44.1f, Apr 7, 2026 1:49:24 PM"},"hardware_info":"275c5aa2|06:A8:C0:D9:D5:E3"}}}
00:33:41.777 INFO  vert.x-eventloop-thread-0 BaseServiceProxy     : -> GET /v1/api/tickle,200|59ms
00:33:41.779 DEBUG vert.x-eventloop-thread-0 ClientPortalService  : tickle {"session":"599184152c47761af5f5de6927f1de77","ssoExpires":504732,"collission":false,"userId":50301190,"hmds":{"error":"no bridge"},"iserver":{"authStatus":{"authenticated":true,"established":true,"competing":false,"connected":true,"message":"","MAC":"06:A8:C0:D9:D5:E3","serverInfo":{"serverName":"JifS02008","serverVersion":"Build 10.44.1f, Apr 7, 2026 1:49:24 PM"},"hardware_info":"275c5aa2|06:A8:C0:D9:D5:E3"}}}
00:34:11.791 INFO  vert.x-eventloop-thread-0 BaseServiceProxy     : -> GET /v1/api/tickle,200|72ms
00:34:11.794 DEBUG vert.x-eventloop-thread-0 ClientPortalService  : tickle {"session":"599184152c47761af5f5de6927f1de77","ssoExpires":474719,"collission":false,"userId":50301190,"hmds":{"error":"no bridge"},"iserver":{"authStatus":{"authenticated":true,"established":true,"competing":false,"connected":true,"message":"","MAC":"06:A8:C0:D9:D5:E3","serverInfo":{"serverName":"JifS02008","serverVersion":"Build 10.44.1f, Apr 7, 2026 1:49:24 PM"},"hardware_info":"275c5aa2|06:A8:C0:D9:D5:E3"}}}
00:34:16.365 INFO  vert.x-eventloop-thread-0 BaseServiceProxy     : -> GET /v1/api/iserver/account/orders,200|62ms
00:34:16.690 INFO  vert.x-eventloop-thread-0 BaseServiceProxy     : -> GET /v1/api/portfolio/U5799398/positions/0?direction=a&period=1W&sort=position,200|397ms
00:34:41.786 INFO  vert.x-eventloop-thread-0 BaseServiceProxy     : -> GET /v1/api/tickle,200|67ms
00:34:41.789 DEBUG vert.x-eventloop-thread-0 ClientPortalService  : tickle {"session":"599184152c47761af5f5de6927f1de77","ssoExpires":444729,"collission":false,"userId":50301190,"hmds":{"error":"no bridge"},"iserver":{"authStatus":{"authenticated":true,"established":true,"competing":false,"connected":true,"message":"","MAC":"06:A8:C0:D9:D5:E3","serverInfo":{"serverName":"JifS02008","serverVersion":"Build 10.44.1f, Apr 7, 2026 1:49:24 PM"},"hardware_info":"275c5aa2|06:A8:C0:D9:D5:E3"}}}
00:35:11.775 INFO  vert.x-eventloop-thread-0 BaseServiceProxy     : -> GET /v1/api/tickle,200|57ms
00:35:11.777 DEBUG vert.x-eventloop-thread-0 ClientPortalService  : tickle {"session":"599184152c47761af5f5de6927f1de77","ssoExpires":414732,"collission":false,"userId":50301190,"hmds":{"error":"no bridge"},"iserver":{"authStatus":{"authenticated":true,"established":true,"competing":false,"connected":true,"message":"","MAC":"06:A8:C0:D9:D5:E3","serverInfo":{"serverName":"JifS02008","serverVersion":"Build 10.44.1f, Apr 7, 2026 1:49:24 PM"},"hardware_info":"275c5aa2|06:A8:C0:D9:D5:E3"}}}
00:35:16.968 INFO  vert.x-eventloop-thread-0 BaseServiceProxy     : -> GET /v1/api/tickle,200|74ms
00:35:24.999 INFO  vert.x-eventloop-thread-0 BaseServiceProxy     : -> GET /v1/api/iserver/account/orders,200|65ms
00:35:25.400 INFO  vert.x-eventloop-thread-0 BaseServiceProxy     : -> GET /v1/api/iserver/marketdata/history?conid=759904217&period=30d&bar=1d&outsideRth=false,200|378ms
00:35:25.466 INFO  vert.x-eventloop-thread-0 BaseServiceProxy     : -> GET /v1/api/iserver/marketdata/history?conid=759904217&period=30d&bar=1d&outsideRth=false,200|60ms
00:35:41.778 INFO  vert.x-eventloop-thread-0 BaseServiceProxy     : -> GET /v1/api/tickle,200|60ms
00:35:41.779 DEBUG vert.x-eventloop-thread-0 ClientPortalService  : tickle {"session":"599184152c47761af5f5de6927f1de77","ssoExpires":384731,"collission":false,"userId":50301190,"hmds":{"error":"no bridge"},"iserver":{"authStatus":{"authenticated":true,"established":true,"competing":false,"connected":true,"message":"","MAC":"06:A8:C0:D9:D5:E3","serverInfo":{"serverName":"JifS02008","serverVersion":"Build 10.44.1f, Apr 7, 2026 1:49:24 PM"},"hardware_info":"275c5aa2|06:A8:C0:D9:D5:E3"}}}
00:36:12.096 INFO  vert.x-eventloop-thread-0 BaseServiceProxy     : -> GET /v1/api/tickle,200|377ms
00:36:12.098 DEBUG vert.x-eventloop-thread-0 ClientPortalService  : tickle {"session":"599184152c47761af5f5de6927f1de77","ssoExpires":354504,"collission":false,"userId":50301190,"hmds":{"error":"no bridge"},"iserver":{"authStatus":{"authenticated":true,"established":true,"competing":false,"connected":true,"message":"","MAC":"06:A8:C0:D9:D5:E3","serverInfo":{"serverName":"JifS02008","serverVersion":"Build 10.44.1f, Apr 7, 2026 1:49:24 PM"},"hardware_info":"275c5aa2|06:A8:C0:D9:D5:E3"}}}
00:36:41.778 INFO  vert.x-eventloop-thread-0 BaseServiceProxy     : -> GET /v1/api/tickle,200|59ms
00:36:41.779 DEBUG vert.x-eventloop-thread-0 ClientPortalService  : tickle {"session":"599184152c47761af5f5de6927f1de77","ssoExpires":324731,"collission":false,"userId":50301190,"hmds":{"error":"no bridge"},"iserver":{"authStatus":{"authenticated":true,"established":true,"competing":false,"connected":true,"message":"","MAC":"06:A8:C0:D9:D5:E3","serverInfo":{"serverName":"JifS02008","serverVersion":"Build 10.44.1f, Apr 7, 2026 1:49:24 PM"},"hardware_info":"275c5aa2|06:A8:C0:D9:D5:E3"}}}
00:37:07.188 INFO  vert.x-eventloop-thread-0 BaseServiceProxy     : -> GET /sso/ping,200|570ms
00:37:07.190 INFO  vert.x-eventloop-thread-0 SsoService           : sso ping {"result": "true"}
00:37:11.772 INFO  vert.x-eventloop-thread-0 BaseServiceProxy     : -> GET /v1/api/tickle,200|54ms
00:37:11.773 DEBUG vert.x-eventloop-thread-0 ClientPortalService  : tickle {"session":"599184152c47761af5f5de6927f1de77","ssoExpires":294735,"collission":false,"userId":50301190,"hmds":{"error":"no bridge"},"iserver":{"authStatus":{"authenticated":true,"established":true,"competing":false,"connected":true,"message":"","MAC":"06:A8:C0:D9:D5:E3","serverInfo":{"serverName":"JifS02008","serverVersion":"Build 10.44.1f, Apr 7, 2026 1:49:24 PM"},"hardware_info":"275c5aa2|06:A8:C0:D9:D5:E3"}}}
00:37:41.929 INFO  vert.x-eventloop-thread-0 BaseServiceProxy     : -> GET /v1/api/tickle,200|211ms
00:37:41.931 DEBUG vert.x-eventloop-thread-0 ClientPortalService  : tickle {"session":"599184152c47761af5f5de6927f1de77","ssoExpires":264582,"collission":false,"userId":50301190,"hmds":{"error":"no bridge"},"iserver":{"authStatus":{"authenticated":true,"established":true,"competing":false,"connected":true,"message":"","MAC":"06:A8:C0:D9:D5:E3","serverInfo":{"serverName":"JifS02008","serverVersion":"Build 10.44.1f, Apr 7, 2026 1:49:24 PM"},"hardware_info":"275c5aa2|06:A8:C0:D9:D5:E3"}}}
00:38:11.772 INFO  vert.x-eventloop-thread-0 BaseServiceProxy     : -> GET /v1/api/tickle,200|53ms
00:38:11.773 DEBUG vert.x-eventloop-thread-0 ClientPortalService  : tickle {"session":"599184152c47761af5f5de6927f1de77","ssoExpires":234735,"collission":false,"userId":50301190,"hmds":{"error":"no bridge"},"iserver":{"authStatus":{"authenticated":true,"established":true,"competing":false,"connected":true,"message":"","MAC":"06:A8:C0:D9:D5:E3","serverInfo":{"serverName":"JifS02008","serverVersion":"Build 10.44.1f, Apr 7, 2026 1:49:24 PM"},"hardware_info":"275c5aa2|06:A8:C0:D9:D5:E3"}}}
00:38:17.394 INFO  vert.x-eventloop-thread-0 BaseServiceProxy     : -> GET /v1/api/tickle,200|294ms
00:38:41.785 INFO  vert.x-eventloop-thread-0 BaseServiceProxy     : -> GET /v1/api/tickle,200|65ms
00:38:41.787 DEBUG vert.x-eventloop-thread-0 ClientPortalService  : tickle {"session":"599184152c47761af5f5de6927f1de77","ssoExpires":204729,"collission":false,"userId":50301190,"hmds":{"error":"no bridge"},"iserver":{"authStatus":{"authenticated":true,"established":true,"competing":false,"connected":true,"message":"","MAC":"06:A8:C0:D9:D5:E3","serverInfo":{"serverName":"JifS02008","serverVersion":"Build 10.44.1f, Apr 7, 2026 1:49:24 PM"},"hardware_info":"275c5aa2|06:A8:C0:D9:D5:E3"}}}
00:39:12.118 INFO  vert.x-eventloop-thread-0 BaseServiceProxy     : -> GET /v1/api/tickle,200|399ms
00:39:12.120 DEBUG vert.x-eventloop-thread-0 ClientPortalService  : tickle {"session":"599184152c47761af5f5de6927f1de77","ssoExpires":174494,"collission":false,"userId":50301190,"hmds":{"error":"no bridge"},"iserver":{"authStatus":{"authenticated":true,"established":true,"competing":false,"connected":true,"message":"","MAC":"06:A8:C0:D9:D5:E3","serverInfo":{"serverName":"JifS02008","serverVersion":"Build 10.44.1f, Apr 7, 2026 1:49:24 PM"},"hardware_info":"275c5aa2|06:A8:C0:D9:D5:E3"}}}
00:39:41.780 INFO  vert.x-eventloop-thread-0 BaseServiceProxy     : -> GET /v1/api/tickle,200|61ms
00:39:41.782 DEBUG vert.x-eventloop-thread-0 ClientPortalService  : tickle {"session":"599184152c47761af5f5de6927f1de77","ssoExpires":144729,"collission":false,"userId":50301190,"hmds":{"error":"no bridge"},"iserver":{"authStatus":{"authenticated":true,"established":true,"competing":false,"connected":true,"message":"","MAC":"06:A8:C0:D9:D5:E3","serverInfo":{"serverName":"JifS02008","serverVersion":"Build 10.44.1f, Apr 7, 2026 1:49:24 PM"},"hardware_info":"275c5aa2|06:A8:C0:D9:D5:E3"}}}
00:40:11.939 INFO  vert.x-eventloop-thread-0 BaseServiceProxy     : -> GET /v1/api/tickle,200|220ms
00:40:11.941 DEBUG vert.x-eventloop-thread-0 ClientPortalService  : tickle {"session":"599184152c47761af5f5de6927f1de77","ssoExpires":114569,"collission":false,"userId":50301190,"hmds":{"error":"no bridge"},"iserver":{"authStatus":{"authenticated":true,"established":true,"competing":false,"connected":true,"message":"","MAC":"06:A8:C0:D9:D5:E3","serverInfo":{"serverName":"JifS02008","serverVersion":"Build 10.44.1f, Apr 7, 2026 1:49:24 PM"},"hardware_info":"275c5aa2|06:A8:C0:D9:D5:E3"}}}
00:40:41.948 INFO  vert.x-eventloop-thread-0 BaseServiceProxy     : -> GET /v1/api/tickle,200|228ms
00:40:41.949 DEBUG vert.x-eventloop-thread-0 ClientPortalService  : tickle {"session":"599184152c47761af5f5de6927f1de77","ssoExpires":84567,"collission":false,"userId":50301190,"hmds":{"error":"no bridge"},"iserver":{"authStatus":{"authenticated":true,"established":true,"competing":false,"connected":true,"message":"","MAC":"06:A8:C0:D9:D5:E3","serverInfo":{"serverName":"JifS02008","serverVersion":"Build 10.44.1f, Apr 7, 2026 1:49:24 PM"},"hardware_info":"275c5aa2|06:A8:C0:D9:D5:E3"}}}
00:40:48.154 INFO  vert.x-eventloop-thread-0 BaseServiceProxy     : -> GET /v1/api/iserver/account/orders,200|62ms
00:40:48.233 INFO  vert.x-eventloop-thread-0 BaseServiceProxy     : -> GET /v1/api/iserver/account/orders,200|59ms
00:40:48.677 INFO  vert.x-eventloop-thread-0 BaseServiceProxy     : -> GET /v1/api/iserver/account/U5799398/order/658676822,200|408ms
00:40:48.747 INFO  vert.x-eventloop-thread-0 BaseServiceProxy     : -> GET /v1/api/iserver/reply/a622402d-6c43-4950-8229-47463ab7dbf2,200|66ms
00:40:48.809 INFO  vert.x-eventloop-thread-0 BaseServiceProxy     : -> GET /v1/api/iserver/account/orders,200|58ms
00:40:49.235 INFO  vert.x-eventloop-thread-0 BaseServiceProxy     : -> GET /v1/api/iserver/marketdata/history?conid=12374&period=30d&bar=1d&outsideRth=false,200|343ms
00:40:49.304 INFO  vert.x-eventloop-thread-0 BaseServiceProxy     : -> GET /v1/api/iserver/marketdata/history?conid=12374&period=30d&bar=1d&outsideRth=false,200|63ms
00:40:49.436 INFO  vert.x-eventloop-thread-0 BaseServiceProxy     : -> GET /v1/api/iserver/account/orders,200|56ms
00:41:11.781 INFO  vert.x-eventloop-thread-0 BaseServiceProxy     : -> GET /v1/api/tickle,200|59ms
00:41:11.783 DEBUG vert.x-eventloop-thread-0 ClientPortalService  : tickle {"session":"599184152c47761af5f5de6927f1de77","ssoExpires":54727,"collission":false,"userId":50301190,"hmds":{"error":"no bridge"},"iserver":{"authStatus":{"authenticated":true,"established":true,"competing":false,"connected":true,"message":"","MAC":"06:A8:C0:D9:D5:E3","serverInfo":{"serverName":"JifS02008","serverVersion":"Build 10.44.1f, Apr 7, 2026 1:49:24 PM"},"hardware_info":"275c5aa2|06:A8:C0:D9:D5:E3"}}}
00:41:17.548 INFO  vert.x-eventloop-thread-0 BaseServiceProxy     : -> GET /v1/api/tickle,200|60ms
00:41:41.774 INFO  vert.x-eventloop-thread-0 BaseServiceProxy     : -> GET /v1/api/tickle,200|56ms
00:41:41.776 DEBUG vert.x-eventloop-thread-0 ClientPortalService  : tickle {"session":"599184152c47761af5f5de6927f1de77","ssoExpires":24732,"collission":false,"userId":50301190,"hmds":{"error":"no bridge"},"iserver":{"authStatus":{"authenticated":true,"established":true,"competing":false,"connected":true,"message":"","MAC":"06:A8:C0:D9:D5:E3","serverInfo":{"serverName":"JifS02008","serverVersion":"Build 10.44.1f, Apr 7, 2026 1:49:24 PM"},"hardware_info":"275c5aa2|06:A8:C0:D9:D5:E3"}}}
00:42:07.115 INFO  vert.x-eventloop-thread-0 BaseServiceProxy     : -> GET /sso/ping,200|500ms
00:42:07.116 INFO  vert.x-eventloop-thread-0 SsoService           : sso ping {"result": "true"}
00:42:11.777 INFO  vert.x-eventloop-thread-0 BaseServiceProxy     : -> GET /v1/api/tickle,200|59ms
00:42:11.778 DEBUG vert.x-eventloop-thread-0 ClientPortalService  : tickle {"session":"599184152c47761af5f5de6927f1de77","ssoExpires":600000,"collission":false,"userId":50301190,"hmds":{"error":"no bridge"},"iserver":{"authStatus":{"authenticated":true,"established":true,"competing":false,"connected":true,"message":"","MAC":"06:A8:C0:D9:D5:E3","serverInfo":{"serverName":"JifS02008","serverVersion":"Build 10.44.1f, Apr 7, 2026 1:49:24 PM"},"hardware_info":"275c5aa2|06:A8:C0:D9:D5:E3"}}}
00:42:36.825 INFO  vert.x-eventloop-thread-0 BaseServiceProxy     : -> GET /v1/api/iserver/account/orders,200|219ms
00:42:36.895 INFO  vert.x-eventloop-thread-0 BaseServiceProxy     : -> GET /v1/api/iserver/account/orders,200|57ms
00:42:37.324 INFO  vert.x-eventloop-thread-0 BaseServiceProxy     : -> GET /v1/api/iserver/account/U5799398/order/177393565,200|401ms
00:42:37.401 INFO  vert.x-eventloop-thread-0 BaseServiceProxy     : -> GET /v1/api/iserver/reply/186c28d4-a341-4e28-a2e5-a64601ecb0ca,200|73ms
00:42:37.462 INFO  vert.x-eventloop-thread-0 BaseServiceProxy     : -> GET /v1/api/iserver/account/orders,200|57ms
00:42:37.835 INFO  vert.x-eventloop-thread-0 BaseServiceProxy     : -> GET /v1/api/iserver/marketdata/history?conid=51529211&period=30d&bar=1d&outsideRth=false,200|351ms
00:42:37.891 INFO  vert.x-eventloop-thread-0 BaseServiceProxy     : -> GET /v1/api/iserver/marketdata/history?conid=51529211&period=30d&bar=1d&outsideRth=false,200|54ms
00:42:38.022 INFO  vert.x-eventloop-thread-0 BaseServiceProxy     : -> GET /v1/api/iserver/account/orders,200|53ms
00:42:41.771 INFO  vert.x-eventloop-thread-0 BaseServiceProxy     : -> GET /v1/api/tickle,200|53ms
00:42:41.772 DEBUG vert.x-eventloop-thread-0 ClientPortalService  : tickle {"session":"599184152c47761af5f5de6927f1de77","ssoExpires":570005,"collission":false,"userId":50301190,"hmds":{"error":"no bridge"},"iserver":{"authStatus":{"authenticated":true,"established":true,"competing":false,"connected":true,"message":"","MAC":"06:A8:C0:D9:D5:E3","serverInfo":{"serverName":"JifS02008","serverVersion":"Build 10.44.1f, Apr 7, 2026 1:49:24 PM"},"hardware_info":"275c5aa2|06:A8:C0:D9:D5:E3"}}}
00:43:11.776 INFO  vert.x-eventloop-thread-0 BaseServiceProxy     : -> GET /v1/api/tickle,200|58ms
00:43:11.778 DEBUG vert.x-eventloop-thread-0 ClientPortalService  : tickle {"session":"599184152c47761af5f5de6927f1de77","ssoExpires":540000,"collission":false,"userId":50301190,"hmds":{"error":"no bridge"},"iserver":{"authStatus":{"authenticated":true,"established":true,"competing":false,"connected":true,"message":"","MAC":"06:A8:C0:D9:D5:E3","serverInfo":{"serverName":"JifS02008","serverVersion":"Build 10.44.1f, Apr 7, 2026 1:49:24 PM"},"hardware_info":"275c5aa2|06:A8:C0:D9:D5:E3"}}}
00:43:42.012 INFO  vert.x-eventloop-thread-0 BaseServiceProxy     : -> GET /v1/api/tickle,200|293ms
00:43:42.013 DEBUG vert.x-eventloop-thread-0 ClientPortalService  : tickle {"session":"599184152c47761af5f5de6927f1de77","ssoExpires":509765,"collission":false,"userId":50301190,"hmds":{"error":"no bridge"},"iserver":{"authStatus":{"authenticated":true,"established":true,"competing":false,"connected":true,"message":"","MAC":"06:A8:C0:D9:D5:E3","serverInfo":{"serverName":"JifS02008","serverVersion":"Build 10.44.1f, Apr 7, 2026 1:49:24 PM"},"hardware_info":"275c5aa2|06:A8:C0:D9:D5:E3"}}}
00:44:11.782 INFO  vert.x-eventloop-thread-0 BaseServiceProxy     : -> GET /v1/api/tickle,200|63ms
00:44:11.784 DEBUG vert.x-eventloop-thread-0 ClientPortalService  : tickle {"session":"599184152c47761af5f5de6927f1de77","ssoExpires":479995,"collission":false,"userId":50301190,"hmds":{"error":"no bridge"},"iserver":{"authStatus":{"authenticated":true,"established":true,"competing":false,"connected":true,"message":"","MAC":"06:A8:C0:D9:D5:E3","serverInfo":{"serverName":"JifS02008","serverVersion":"Build 10.44.1f, Apr 7, 2026 1:49:24 PM"},"hardware_info":"275c5aa2|06:A8:C0:D9:D5:E3"}}}
00:44:17.697 INFO  vert.x-eventloop-thread-0 BaseServiceProxy     : -> GET /v1/api/tickle,200|57ms
00:44:41.941 INFO  vert.x-eventloop-thread-0 BaseServiceProxy     : -> GET /v1/api/tickle,200|223ms
00:44:41.941 DEBUG vert.x-eventloop-thread-0 ClientPortalService  : tickle {"session":"599184152c47761af5f5de6927f1de77","ssoExpires":449840,"collission":false,"userId":50301190,"hmds":{"error":"no bridge"},"iserver":{"authStatus":{"authenticated":true,"established":true,"competing":false,"connected":true,"message":"","MAC":"06:A8:C0:D9:D5:E3","serverInfo":{"serverName":"JifS02008","serverVersion":"Build 10.44.1f, Apr 7, 2026 1:49:24 PM"},"hardware_info":"275c5aa2|06:A8:C0:D9:D5:E3"}}}
00:45:11.777 INFO  vert.x-eventloop-thread-0 BaseServiceProxy     : -> GET /v1/api/tickle,200|55ms
00:45:11.778 DEBUG vert.x-eventloop-thread-0 ClientPortalService  : tickle {"session":"599184152c47761af5f5de6927f1de77","ssoExpires":420000,"collission":false,"userId":50301190,"hmds":{"error":"no bridge"},"iserver":{"authStatus":{"authenticated":true,"established":true,"competing":false,"connected":true,"message":"","MAC":"06:A8:C0:D9:D5:E3","serverInfo":{"serverName":"JifS02008","serverVersion":"Build 10.44.1f, Apr 7, 2026 1:49:24 PM"},"hardware_info":"275c5aa2|06:A8:C0:D9:D5:E3"}}}
00:45:42.015 INFO  vert.x-eventloop-thread-0 BaseServiceProxy     : -> GET /v1/api/tickle,200|296ms
00:45:42.016 DEBUG vert.x-eventloop-thread-0 ClientPortalService  : tickle {"session":"599184152c47761af5f5de6927f1de77","ssoExpires":389762,"collission":false,"userId":50301190,"hmds":{"error":"no bridge"},"iserver":{"authStatus":{"authenticated":true,"established":true,"competing":false,"connected":true,"message":"","MAC":"06:A8:C0:D9:D5:E3","serverInfo":{"serverName":"JifS02008","serverVersion":"Build 10.44.1f, Apr 7, 2026 1:49:24 PM"},"hardware_info":"275c5aa2|06:A8:C0:D9:D5:E3"}}}
00:46:11.779 INFO  vert.x-eventloop-thread-0 BaseServiceProxy     : -> GET /v1/api/tickle,200|60ms
00:46:11.780 DEBUG vert.x-eventloop-thread-0 ClientPortalService  : tickle {"session":"599184152c47761af5f5de6927f1de77","ssoExpires":359999,"collission":false,"userId":50301190,"hmds":{"error":"no bridge"},"iserver":{"authStatus":{"authenticated":true,"established":true,"competing":false,"connected":true,"message":"","MAC":"06:A8:C0:D9:D5:E3","serverInfo":{"serverName":"JifS02008","serverVersion":"Build 10.44.1f, Apr 7, 2026 1:49:24 PM"},"hardware_info":"275c5aa2|06:A8:C0:D9:D5:E3"}}}
00:46:41.769 INFO  vert.x-eventloop-thread-0 BaseServiceProxy     : -> GET /v1/api/tickle,200|51ms
00:46:41.770 DEBUG vert.x-eventloop-thread-0 ClientPortalService  : tickle {"session":"599184152c47761af5f5de6927f1de77","ssoExpires":330005,"collission":false,"userId":50301190,"hmds":{"error":"no bridge"},"iserver":{"authStatus":{"authenticated":true,"established":true,"competing":false,"connected":true,"message":"","MAC":"06:A8:C0:D9:D5:E3","serverInfo":{"serverName":"JifS02008","serverVersion":"Build 10.44.1f, Apr 7, 2026 1:49:24 PM"},"hardware_info":"275c5aa2|06:A8:C0:D9:D5:E3"}}}
00:47:07.158 INFO  vert.x-eventloop-thread-0 BaseServiceProxy     : -> GET /sso/ping,200|542ms
00:47:07.160 INFO  vert.x-eventloop-thread-0 SsoService           : sso ping {"result": "true"}
00:47:11.773 INFO  vert.x-eventloop-thread-0 BaseServiceProxy     : -> GET /v1/api/tickle,200|55ms
00:47:11.774 DEBUG vert.x-eventloop-thread-0 ClientPortalService  : tickle {"session":"599184152c47761af5f5de6927f1de77","ssoExpires":300002,"collission":false,"userId":50301190,"hmds":{"error":"no bridge"},"iserver":{"authStatus":{"authenticated":true,"established":true,"competing":false,"connected":true,"message":"","MAC":"06:A8:C0:D9:D5:E3","serverInfo":{"serverName":"JifS02008","serverVersion":"Build 10.44.1f, Apr 7, 2026 1:49:24 PM"},"hardware_info":"275c5aa2|06:A8:C0:D9:D5:E3"}}}
00:47:18.043 INFO  vert.x-eventloop-thread-0 BaseServiceProxy     : -> GET /v1/api/tickle,200|228ms
00:47:18.116 INFO  vert.x-eventloop-thread-0 BaseServiceProxy     : -> GET /v1/api/iserver/account/orders,200|53ms
00:47:18.190 INFO  vert.x-eventloop-thread-0 BaseServiceProxy     : -> GET /v1/api/iserver/account/orders,200|64ms
00:47:18.617 INFO  vert.x-eventloop-thread-0 BaseServiceProxy     : -> GET /v1/api/iserver/account/U5799398/order/286523793,200|396ms
00:47:18.682 INFO  vert.x-eventloop-thread-0 BaseServiceProxy     : -> GET /v1/api/iserver/reply/9e595836-33be-4b30-8edc-c2208ee4186a,200|61ms
00:47:18.741 INFO  vert.x-eventloop-thread-0 BaseServiceProxy     : -> GET /v1/api/iserver/account/orders,200|57ms
00:47:19.045 INFO  vert.x-eventloop-thread-0 BaseServiceProxy     : -> GET /v1/api/iserver/marketdata/history?conid=271320&period=30d&bar=1d&outsideRth=false,200|288ms
00:47:19.106 INFO  vert.x-eventloop-thread-0 BaseServiceProxy     : -> GET /v1/api/iserver/marketdata/history?conid=271320&period=30d&bar=1d&outsideRth=false,200|59ms
00:47:19.239 INFO  vert.x-eventloop-thread-0 BaseServiceProxy     : -> GET /v1/api/iserver/account/orders,200|61ms
00:47:41.778 INFO  vert.x-eventloop-thread-0 BaseServiceProxy     : -> GET /v1/api/tickle,200|60ms
00:47:41.779 DEBUG vert.x-eventloop-thread-0 ClientPortalService  : tickle {"session":"599184152c47761af5f5de6927f1de77","ssoExpires":270000,"collission":false,"userId":50301190,"hmds":{"error":"no bridge"},"iserver":{"authStatus":{"authenticated":true,"established":true,"competing":false,"connected":true,"message":"","MAC":"06:A8:C0:D9:D5:E3","serverInfo":{"serverName":"JifS02008","serverVersion":"Build 10.44.1f, Apr 7, 2026 1:49:24 PM"},"hardware_info":"275c5aa2|06:A8:C0:D9:D5:E3"}}}
00:48:11.775 INFO  vert.x-eventloop-thread-0 BaseServiceProxy     : -> GET /v1/api/tickle,200|56ms
00:48:11.776 DEBUG vert.x-eventloop-thread-0 ClientPortalService  : tickle {"session":"599184152c47761af5f5de6927f1de77","ssoExpires":240001,"collission":false,"userId":50301190,"hmds":{"error":"no bridge"},"iserver":{"authStatus":{"authenticated":true,"established":true,"competing":false,"connected":true,"message":"","MAC":"06:A8:C0:D9:D5:E3","serverInfo":{"serverName":"JifS02008","serverVersion":"Build 10.44.1f, Apr 7, 2026 1:49:24 PM"},"hardware_info":"275c5aa2|06:A8:C0:D9:D5:E3"}}}
00:48:42.000 INFO  vert.x-eventloop-thread-0 BaseServiceProxy     : -> GET /v1/api/tickle,200|281ms
00:48:42.001 DEBUG vert.x-eventloop-thread-0 ClientPortalService  : tickle {"session":"599184152c47761af5f5de6927f1de77","ssoExpires":209776,"collission":false,"userId":50301190,"hmds":{"error":"no bridge"},"iserver":{"authStatus":{"authenticated":true,"established":true,"competing":false,"connected":true,"message":"","MAC":"06:A8:C0:D9:D5:E3","serverInfo":{"serverName":"JifS02008","serverVersion":"Build 10.44.1f, Apr 7, 2026 1:49:24 PM"},"hardware_info":"275c5aa2|06:A8:C0:D9:D5:E3"}}}
00:49:11.778 INFO  vert.x-eventloop-thread-0 BaseServiceProxy     : -> GET /v1/api/tickle,200|60ms
00:49:11.779 DEBUG vert.x-eventloop-thread-0 ClientPortalService  : tickle {"session":"599184152c47761af5f5de6927f1de77","ssoExpires":180001,"collission":false,"userId":50301190,"hmds":{"error":"no bridge"},"iserver":{"authStatus":{"authenticated":true,"established":true,"competing":false,"connected":true,"message":"","MAC":"06:A8:C0:D9:D5:E3","serverInfo":{"serverName":"JifS02008","serverVersion":"Build 10.44.1f, Apr 7, 2026 1:49:24 PM"},"hardware_info":"275c5aa2|06:A8:C0:D9:D5:E3"}}}
00:49:41.931 INFO  vert.x-eventloop-thread-0 BaseServiceProxy     : -> GET /v1/api/tickle,200|212ms
00:49:41.932 DEBUG vert.x-eventloop-thread-0 ClientPortalService  : tickle {"session":"599184152c47761af5f5de6927f1de77","ssoExpires":149844,"collission":false,"userId":50301190,"hmds":{"error":"no bridge"},"iserver":{"authStatus":{"authenticated":true,"established":true,"competing":false,"connected":true,"message":"","MAC":"06:A8:C0:D9:D5:E3","serverInfo":{"serverName":"JifS02008","serverVersion":"Build 10.44.1f, Apr 7, 2026 1:49:24 PM"},"hardware_info":"275c5aa2|06:A8:C0:D9:D5:E3"}}}
00:50:11.930 INFO  vert.x-eventloop-thread-0 BaseServiceProxy     : -> GET /v1/api/tickle,200|213ms
00:50:11.930 DEBUG vert.x-eventloop-thread-0 ClientPortalService  : tickle {"session":"599184152c47761af5f5de6927f1de77","ssoExpires":119848,"collission":false,"userId":50301190,"hmds":{"error":"no bridge"},"iserver":{"authStatus":{"authenticated":true,"established":true,"competing":false,"connected":true,"message":"","MAC":"06:A8:C0:D9:D5:E3","serverInfo":{"serverName":"JifS02008","serverVersion":"Build 10.44.1f, Apr 7, 2026 1:49:24 PM"},"hardware_info":"275c5aa2|06:A8:C0:D9:D5:E3"}}}
00:50:18.263 INFO  vert.x-eventloop-thread-0 BaseServiceProxy     : -> GET /v1/api/tickle,200|61ms
00:50:41.776 INFO  vert.x-eventloop-thread-0 BaseServiceProxy     : -> GET /v1/api/tickle,200|57ms
00:50:41.778 DEBUG vert.x-eventloop-thread-0 ClientPortalService  : tickle {"session":"599184152c47761af5f5de6927f1de77","ssoExpires":89999,"collission":false,"userId":50301190,"hmds":{"error":"no bridge"},"iserver":{"authStatus":{"authenticated":true,"established":true,"competing":false,"connected":true,"message":"","MAC":"06:A8:C0:D9:D5:E3","serverInfo":{"serverName":"JifS02008","serverVersion":"Build 10.44.1f, Apr 7, 2026 1:49:24 PM"},"hardware_info":"275c5aa2|06:A8:C0:D9:D5:E3"}}}
00:51:11.936 INFO  vert.x-eventloop-thread-0 BaseServiceProxy     : -> GET /v1/api/tickle,200|218ms
00:51:11.938 DEBUG vert.x-eventloop-thread-0 ClientPortalService  : tickle {"session":"599184152c47761af5f5de6927f1de77","ssoExpires":59838,"collission":false,"userId":50301190,"hmds":{"error":"no bridge"},"iserver":{"authStatus":{"authenticated":true,"established":true,"competing":false,"connected":true,"message":"","MAC":"06:A8:C0:D9:D5:E3","serverInfo":{"serverName":"JifS02008","serverVersion":"Build 10.44.1f, Apr 7, 2026 1:49:24 PM"},"hardware_info":"275c5aa2|06:A8:C0:D9:D5:E3"}}}
00:51:41.925 INFO  vert.x-eventloop-thread-0 BaseServiceProxy     : -> GET /v1/api/tickle,200|207ms
00:51:41.926 DEBUG vert.x-eventloop-thread-0 ClientPortalService  : tickle {"session":"599184152c47761af5f5de6927f1de77","ssoExpires":29850,"collission":false,"userId":50301190,"hmds":{"error":"no bridge"},"iserver":{"authStatus":{"authenticated":true,"established":true,"competing":false,"connected":true,"message":"","MAC":"06:A8:C0:D9:D5:E3","serverInfo":{"serverName":"JifS02008","serverVersion":"Build 10.44.1f, Apr 7, 2026 1:49:24 PM"},"hardware_info":"275c5aa2|06:A8:C0:D9:D5:E3"}}}
00:52:07.180 INFO  vert.x-eventloop-thread-0 BaseServiceProxy     : -> GET /sso/ping,200|565ms
00:52:07.180 INFO  vert.x-eventloop-thread-0 SsoService           : sso ping {"result": "true"}
00:52:11.771 INFO  vert.x-eventloop-thread-0 BaseServiceProxy     : -> GET /v1/api/tickle,200|53ms
00:52:11.771 DEBUG vert.x-eventloop-thread-0 ClientPortalService  : tickle {"session":"599184152c47761af5f5de6927f1de77","ssoExpires":3,"collission":false,"userId":50301190,"hmds":{"error":"no bridge"},"iserver":{"authStatus":{"authenticated":true,"established":true,"competing":false,"connected":true,"message":"","MAC":"06:A8:C0:D9:D5:E3","serverInfo":{"serverName":"JifS02008","serverVersion":"Build 10.44.1f, Apr 7, 2026 1:49:24 PM"},"hardware_info":"275c5aa2|06:A8:C0:D9:D5:E3"}}}
00:52:41.786 INFO  vert.x-eventloop-thread-0 BaseServiceProxy     : -> GET /v1/api/tickle,200|67ms
00:52:41.788 DEBUG vert.x-eventloop-thread-0 ClientPortalService  : tickle {"session":"599184152c47761af5f5de6927f1de77","ssoExpires":600000,"collission":false,"userId":50301190,"hmds":{"error":"no bridge"},"iserver":{"authStatus":{"authenticated":true,"established":true,"competing":false,"connected":true,"message":"","MAC":"06:A8:C0:D9:D5:E3","serverInfo":{"serverName":"JifS02008","serverVersion":"Build 10.44.1f, Apr 7, 2026 1:49:24 PM"},"hardware_info":"275c5aa2|06:A8:C0:D9:D5:E3"}}}
00:53:11.782 INFO  vert.x-eventloop-thread-0 BaseServiceProxy     : -> GET /v1/api/tickle,200|64ms
00:53:11.784 DEBUG vert.x-eventloop-thread-0 ClientPortalService  : tickle {"session":"599184152c47761af5f5de6927f1de77","ssoExpires":570007,"collission":false,"userId":50301190,"hmds":{"error":"no bridge"},"iserver":{"authStatus":{"authenticated":true,"established":true,"competing":false,"connected":true,"message":"","MAC":"06:A8:C0:D9:D5:E3","serverInfo":{"serverName":"JifS02008","serverVersion":"Build 10.44.1f, Apr 7, 2026 1:49:24 PM"},"hardware_info":"275c5aa2|06:A8:C0:D9:D5:E3"}}}
00:53:18.758 INFO  vert.x-eventloop-thread-0 BaseServiceProxy     : -> GET /v1/api/tickle,200|389ms
00:53:42.007 INFO  vert.x-eventloop-thread-0 BaseServiceProxy     : -> GET /v1/api/tickle,200|288ms
00:53:42.008 DEBUG vert.x-eventloop-thread-0 ClientPortalService  : tickle {"session":"599184152c47761af5f5de6927f1de77","ssoExpires":539784,"collission":false,"userId":50301190,"hmds":{"error":"no bridge"},"iserver":{"authStatus":{"authenticated":true,"established":true,"competing":false,"connected":true,"message":"","MAC":"06:A8:C0:D9:D5:E3","serverInfo":{"serverName":"JifS02008","serverVersion":"Build 10.44.1f, Apr 7, 2026 1:49:24 PM"},"hardware_info":"275c5aa2|06:A8:C0:D9:D5:E3"}}}
00:54:11.782 INFO  vert.x-eventloop-thread-0 BaseServiceProxy     : -> GET /v1/api/tickle,200|63ms
00:54:11.784 DEBUG vert.x-eventloop-thread-0 ClientPortalService  : tickle {"session":"599184152c47761af5f5de6927f1de77","ssoExpires":510000,"collission":false,"userId":50301190,"hmds":{"error":"no bridge"},"iserver":{"authStatus":{"authenticated":true,"established":true,"competing":false,"connected":true,"message":"","MAC":"06:A8:C0:D9:D5:E3","serverInfo":{"serverName":"JifS02008","serverVersion":"Build 10.44.1f, Apr 7, 2026 1:49:24 PM"},"hardware_info":"275c5aa2|06:A8:C0:D9:D5:E3"}}}
00:54:31.232 INFO  vert.x-eventloop-thread-0 BaseServiceProxy     : -> GET /v1/api/iserver/account/orders,200|64ms
00:54:31.300 INFO  vert.x-eventloop-thread-0 BaseServiceProxy     : -> GET /v1/api/iserver/account/orders,200|57ms
00:54:31.801 INFO  vert.x-eventloop-thread-0 BaseServiceProxy     : -> GET /v1/api/iserver/account/U5799398/order/93845081,200|486ms
00:54:31.867 INFO  vert.x-eventloop-thread-0 BaseServiceProxy     : -> GET /v1/api/iserver/reply/f213f3f9-9b1b-40b5-bceb-fe88bd9b94ce,200|63ms
00:54:31.927 INFO  vert.x-eventloop-thread-0 BaseServiceProxy     : -> GET /v1/api/iserver/account/orders,200|57ms
00:54:32.383 INFO  vert.x-eventloop-thread-0 BaseServiceProxy     : -> GET /v1/api/iserver/marketdata/history?conid=8168458&period=30d&bar=1d&outsideRth=false,200|404ms
00:54:32.442 INFO  vert.x-eventloop-thread-0 BaseServiceProxy     : -> GET /v1/api/iserver/marketdata/history?conid=8168458&period=30d&bar=1d&outsideRth=false,200|56ms
00:54:32.554 INFO  vert.x-eventloop-thread-0 BaseServiceProxy     : -> GET /v1/api/iserver/account/orders,200|60ms
00:54:41.776 INFO  vert.x-eventloop-thread-0 BaseServiceProxy     : -> GET /v1/api/tickle,200|58ms
00:54:41.776 DEBUG vert.x-eventloop-thread-0 ClientPortalService  : tickle {"session":"599184152c47761af5f5de6927f1de77","ssoExpires":480010,"collission":false,"userId":50301190,"hmds":{"error":"no bridge"},"iserver":{"authStatus":{"authenticated":true,"established":true,"competing":false,"connected":true,"message":"","MAC":"06:A8:C0:D9:D5:E3","serverInfo":{"serverName":"JifS02008","serverVersion":"Build 10.44.1f, Apr 7, 2026 1:49:24 PM"},"hardware_info":"275c5aa2|06:A8:C0:D9:D5:E3"}}}
00:54:54.694 INFO  vert.x-eventloop-thread-0 BaseServiceProxy     : -> GET /v1/api/iserver/account/orders,200|55ms
00:54:54.820 INFO  vert.x-eventloop-thread-0 BaseServiceProxy     : -> GET /v1/api/iserver/account/orders,200|60ms
00:54:55.220 INFO  vert.x-eventloop-thread-0 BaseServiceProxy     : -> GET /v1/api/iserver/account/U5799398/order/1833693389,200|384ms
00:54:55.298 INFO  vert.x-eventloop-thread-0 BaseServiceProxy     : -> GET /v1/api/iserver/reply/145ceeef-86c0-4101-a916-7a66823ec679,200|77ms
00:54:55.355 INFO  vert.x-eventloop-thread-0 BaseServiceProxy     : -> GET /v1/api/iserver/account/orders,200|55ms
00:54:55.684 INFO  vert.x-eventloop-thread-0 BaseServiceProxy     : -> GET /v1/api/iserver/marketdata/history?conid=273165&period=30d&bar=1d&outsideRth=false,200|312ms
00:54:55.742 INFO  vert.x-eventloop-thread-0 BaseServiceProxy     : -> GET /v1/api/iserver/marketdata/history?conid=273165&period=30d&bar=1d&outsideRth=false,200|53ms
00:54:55.829 INFO  vert.x-eventloop-thread-0 BaseServiceProxy     : -> GET /v1/api/iserver/account/orders,200|54ms
00:55:11.771 INFO  vert.x-eventloop-thread-0 BaseServiceProxy     : -> GET /v1/api/tickle,200|53ms
00:55:11.772 DEBUG vert.x-eventloop-thread-0 ClientPortalService  : tickle {"session":"599184152c47761af5f5de6927f1de77","ssoExpires":450009,"collission":false,"userId":50301190,"hmds":{"error":"no bridge"},"iserver":{"authStatus":{"authenticated":true,"established":true,"competing":false,"connected":true,"message":"","MAC":"06:A8:C0:D9:D5:E3","serverInfo":{"serverName":"JifS02008","serverVersion":"Build 10.44.1f, Apr 7, 2026 1:49:24 PM"},"hardware_info":"275c5aa2|06:A8:C0:D9:D5:E3"}}}
00:55:41.780 INFO  vert.x-eventloop-thread-0 BaseServiceProxy     : -> GET /v1/api/tickle,200|54ms
00:55:41.782 DEBUG vert.x-eventloop-thread-0 ClientPortalService  : tickle {"session":"599184152c47761af5f5de6927f1de77","ssoExpires":420010,"collission":false,"userId":50301190,"hmds":{"error":"no bridge"},"iserver":{"authStatus":{"authenticated":true,"established":true,"competing":false,"connected":true,"message":"","MAC":"06:A8:C0:D9:D5:E3","serverInfo":{"serverName":"JifS02008","serverVersion":"Build 10.44.1f, Apr 7, 2026 1:49:24 PM"},"hardware_info":"275c5aa2|06:A8:C0:D9:D5:E3"}}}
00:56:11.800 INFO  vert.x-eventloop-thread-0 BaseServiceProxy     : -> GET /v1/api/tickle,200|67ms
00:56:11.801 DEBUG vert.x-eventloop-thread-0 ClientPortalService  : tickle {"session":"599184152c47761af5f5de6927f1de77","ssoExpires":389995,"collission":false,"userId":50301190,"hmds":{"error":"no bridge"},"iserver":{"authStatus":{"authenticated":true,"established":true,"competing":false,"connected":true,"message":"","MAC":"06:A8:C0:D9:D5:E3","serverInfo":{"serverName":"JifS02008","serverVersion":"Build 10.44.1f, Apr 7, 2026 1:49:24 PM"},"hardware_info":"275c5aa2|06:A8:C0:D9:D5:E3"}}}
00:56:18.966 INFO  vert.x-eventloop-thread-0 BaseServiceProxy     : -> GET /v1/api/tickle,200|65ms
00:56:41.786 INFO  vert.x-eventloop-thread-0 BaseServiceProxy     : -> GET /v1/api/tickle,200|53ms
00:56:41.789 DEBUG vert.x-eventloop-thread-0 ClientPortalService  : tickle {"session":"599184152c47761af5f5de6927f1de77","ssoExpires":360008,"collission":false,"userId":50301190,"hmds":{"error":"no bridge"},"iserver":{"authStatus":{"authenticated":true,"established":true,"competing":false,"connected":true,"message":"","MAC":"06:A8:C0:D9:D5:E3","serverInfo":{"serverName":"JifS02008","serverVersion":"Build 10.44.1f, Apr 7, 2026 1:49:24 PM"},"hardware_info":"275c5aa2|06:A8:C0:D9:D5:E3"}}}
00:57:07.139 INFO  vert.x-eventloop-thread-0 BaseServiceProxy     : -> GET /sso/ping,200|509ms
00:57:07.140 INFO  vert.x-eventloop-thread-0 SsoService           : sso ping {"result": "true"}
00:57:07.766 INFO  vert.x-eventloop-thread-0 BaseServiceProxy     : -> GET /v1/api/iserver/account/orders,200|63ms
00:57:07.834 INFO  vert.x-eventloop-thread-0 BaseServiceProxy     : -> GET /v1/api/iserver/account/orders,200|57ms
00:57:08.254 INFO  vert.x-eventloop-thread-0 BaseServiceProxy     : -> GET /v1/api/iserver/account/U5799398/order/1083084146,200|404ms
00:57:08.320 INFO  vert.x-eventloop-thread-0 BaseServiceProxy     : -> GET /v1/api/iserver/reply/9f8f425d-53f4-43dc-a24c-47b4d9ede66c,200|63ms
00:57:08.390 INFO  vert.x-eventloop-thread-0 BaseServiceProxy     : -> GET /v1/api/iserver/account/orders,200|67ms
00:57:08.763 INFO  vert.x-eventloop-thread-0 BaseServiceProxy     : -> GET /v1/api/iserver/marketdata/history?conid=339974449&period=30d&bar=1d&outsideRth=false,200|353ms
00:57:08.823 INFO  vert.x-eventloop-thread-0 BaseServiceProxy     : -> GET /v1/api/iserver/marketdata/history?conid=339974449&period=30d&bar=1d&outsideRth=false,200|55ms
00:57:08.955 INFO  vert.x-eventloop-thread-0 BaseServiceProxy     : -> GET /v1/api/iserver/account/orders,200|53ms
00:57:11.793 INFO  vert.x-eventloop-thread-0 BaseServiceProxy     : -> GET /v1/api/tickle,200|60ms
00:57:11.795 DEBUG vert.x-eventloop-thread-0 ClientPortalService  : tickle {"session":"599184152c47761af5f5de6927f1de77","ssoExpires":330004,"collission":false,"userId":50301190,"hmds":{"error":"no bridge"},"iserver":{"authStatus":{"authenticated":true,"established":true,"competing":false,"connected":true,"message":"","MAC":"06:A8:C0:D9:D5:E3","serverInfo":{"serverName":"JifS02008","serverVersion":"Build 10.44.1f, Apr 7, 2026 1:49:24 PM"},"hardware_info":"275c5aa2|06:A8:C0:D9:D5:E3"}}}
00:57:41.794 INFO  vert.x-eventloop-thread-0 BaseServiceProxy     : -> GET /v1/api/tickle,200|62ms
00:57:41.797 DEBUG vert.x-eventloop-thread-0 ClientPortalService  : tickle {"session":"599184152c47761af5f5de6927f1de77","ssoExpires":300002,"collission":false,"userId":50301190,"hmds":{"error":"no bridge"},"iserver":{"authStatus":{"authenticated":true,"established":true,"competing":false,"connected":true,"message":"","MAC":"06:A8:C0:D9:D5:E3","serverInfo":{"serverName":"JifS02008","serverVersion":"Build 10.44.1f, Apr 7, 2026 1:49:24 PM"},"hardware_info":"275c5aa2|06:A8:C0:D9:D5:E3"}}}
00:58:12.020 INFO  vert.x-eventloop-thread-0 BaseServiceProxy     : -> GET /v1/api/tickle,200|288ms
00:58:12.022 DEBUG vert.x-eventloop-thread-0 ClientPortalService  : tickle {"session":"599184152c47761af5f5de6927f1de77","ssoExpires":269778,"collission":false,"userId":50301190,"hmds":{"error":"no bridge"},"iserver":{"authStatus":{"authenticated":true,"established":true,"competing":false,"connected":true,"message":"","MAC":"06:A8:C0:D9:D5:E3","serverInfo":{"serverName":"JifS02008","serverVersion":"Build 10.44.1f, Apr 7, 2026 1:49:24 PM"},"hardware_info":"275c5aa2|06:A8:C0:D9:D5:E3"}}}
00:58:41.796 INFO  vert.x-eventloop-thread-0 BaseServiceProxy     : -> GET /v1/api/tickle,200|63ms
00:58:41.798 DEBUG vert.x-eventloop-thread-0 ClientPortalService  : tickle {"session":"599184152c47761af5f5de6927f1de77","ssoExpires":240007,"collission":false,"userId":50301190,"hmds":{"error":"no bridge"},"iserver":{"authStatus":{"authenticated":true,"established":true,"competing":false,"connected":true,"message":"","MAC":"06:A8:C0:D9:D5:E3","serverInfo":{"serverName":"JifS02008","serverVersion":"Build 10.44.1f, Apr 7, 2026 1:49:24 PM"},"hardware_info":"275c5aa2|06:A8:C0:D9:D5:E3"}}}
00:59:11.798 INFO  vert.x-eventloop-thread-0 BaseServiceProxy     : -> GET /v1/api/tickle,200|64ms
00:59:11.802 DEBUG vert.x-eventloop-thread-0 ClientPortalService  : tickle {"session":"599184152c47761af5f5de6927f1de77","ssoExpires":209999,"collission":false,"userId":50301190,"hmds":{"error":"no bridge"},"iserver":{"authStatus":{"authenticated":true,"established":true,"competing":false,"connected":true,"message":"","MAC":"06:A8:C0:D9:D5:E3","serverInfo":{"serverName":"JifS02008","serverVersion":"Build 10.44.1f, Apr 7, 2026 1:49:24 PM"},"hardware_info":"275c5aa2|06:A8:C0:D9:D5:E3"}}}
00:59:19.391 INFO  vert.x-eventloop-thread-0 BaseServiceProxy     : -> GET /v1/api/tickle,200|303ms
00:59:41.944 INFO  vert.x-eventloop-thread-0 BaseServiceProxy     : -> GET /v1/api/tickle,200|212ms
00:59:41.945 DEBUG vert.x-eventloop-thread-0 ClientPortalService  : tickle {"session":"599184152c47761af5f5de6927f1de77","ssoExpires":179852,"collission":false,"userId":50301190,"hmds":{"error":"no bridge"},"iserver":{"authStatus":{"authenticated":true,"established":true,"competing":false,"connected":true,"message":"","MAC":"06:A8:C0:D9:D5:E3","serverInfo":{"serverName":"JifS02008","serverVersion":"Build 10.44.1f, Apr 7, 2026 1:49:24 PM"},"hardware_info":"275c5aa2|06:A8:C0:D9:D5:E3"}}}
01:00:11.789 INFO  vert.x-eventloop-thread-0 BaseServiceProxy     : -> GET /v1/api/tickle,200|56ms
01:00:11.790 DEBUG vert.x-eventloop-thread-0 ClientPortalService  : tickle {"session":"599184152c47761af5f5de6927f1de77","ssoExpires":150007,"collission":false,"userId":50301190,"hmds":{"error":"no bridge"},"iserver":{"authStatus":{"authenticated":true,"established":true,"competing":false,"connected":true,"message":"","MAC":"06:A8:C0:D9:D5:E3","serverInfo":{"serverName":"JifS02008","serverVersion":"Build 10.44.1f, Apr 7, 2026 1:49:24 PM"},"hardware_info":"275c5aa2|06:A8:C0:D9:D5:E3"}}}
01:00:42.023 INFO  vert.x-eventloop-thread-0 BaseServiceProxy     : -> GET /v1/api/tickle,200|289ms
01:00:42.025 DEBUG vert.x-eventloop-thread-0 ClientPortalService  : tickle {"session":"599184152c47761af5f5de6927f1de77","ssoExpires":119773,"collission":false,"userId":50301190,"hmds":{"error":"no bridge"},"iserver":{"authStatus":{"authenticated":true,"established":true,"competing":false,"connected":true,"message":"","MAC":"06:A8:C0:D9:D5:E3","serverInfo":{"serverName":"JifS02008","serverVersion":"Build 10.44.1f, Apr 7, 2026 1:49:24 PM"},"hardware_info":"275c5aa2|06:A8:C0:D9:D5:E3"}}}
01:01:11.952 INFO  vert.x-eventloop-thread-0 BaseServiceProxy     : -> GET /v1/api/tickle,200|219ms
01:01:11.953 DEBUG vert.x-eventloop-thread-0 ClientPortalService  : tickle {"session":"599184152c47761af5f5de6927f1de77","ssoExpires":89842,"collission":false,"userId":50301190,"hmds":{"error":"no bridge"},"iserver":{"authStatus":{"authenticated":true,"established":true,"competing":false,"connected":true,"message":"","MAC":"06:A8:C0:D9:D5:E3","serverInfo":{"serverName":"JifS02008","serverVersion":"Build 10.44.1f, Apr 7, 2026 1:49:24 PM"},"hardware_info":"275c5aa2|06:A8:C0:D9:D5:E3"}}}
01:01:41.790 INFO  vert.x-eventloop-thread-0 BaseServiceProxy     : -> GET /v1/api/tickle,200|57ms
01:01:41.792 DEBUG vert.x-eventloop-thread-0 ClientPortalService  : tickle {"session":"599184152c47761af5f5de6927f1de77","ssoExpires":60004,"collission":false,"userId":50301190,"hmds":{"error":"no bridge"},"iserver":{"authStatus":{"authenticated":true,"established":true,"competing":false,"connected":true,"message":"","MAC":"06:A8:C0:D9:D5:E3","serverInfo":{"serverName":"JifS02008","serverVersion":"Build 10.44.1f, Apr 7, 2026 1:49:24 PM"},"hardware_info":"275c5aa2|06:A8:C0:D9:D5:E3"}}}
01:02:07.139 INFO  vert.x-eventloop-thread-0 BaseServiceProxy     : -> GET /sso/ping,200|508ms
01:02:07.140 INFO  vert.x-eventloop-thread-0 SsoService           : sso ping {"result": "true"}
01:02:11.949 INFO  vert.x-eventloop-thread-0 BaseServiceProxy     : -> GET /v1/api/tickle,200|216ms
01:02:11.949 DEBUG vert.x-eventloop-thread-0 ClientPortalService  : tickle {"session":"599184152c47761af5f5de6927f1de77","ssoExpires":29846,"collission":false,"userId":50301190,"hmds":{"error":"no bridge"},"iserver":{"authStatus":{"authenticated":true,"established":true,"competing":false,"connected":true,"message":"","MAC":"06:A8:C0:D9:D5:E3","serverInfo":{"serverName":"JifS02008","serverVersion":"Build 10.44.1f, Apr 7, 2026 1:49:24 PM"},"hardware_info":"275c5aa2|06:A8:C0:D9:D5:E3"}}}
01:02:19.579 INFO  vert.x-eventloop-thread-0 BaseServiceProxy     : -> GET /v1/api/tickle,200|57ms
01:02:41.786 INFO  vert.x-eventloop-thread-0 BaseServiceProxy     : -> GET /v1/api/tickle,200|53ms
01:02:41.789 DEBUG vert.x-eventloop-thread-0 ClientPortalService  : tickle {"session":"599184152c47761af5f5de6927f1de77","ssoExpires":8,"collission":false,"userId":50301190,"hmds":{"error":"no bridge"},"iserver":{"authStatus":{"authenticated":true,"established":true,"competing":false,"connected":true,"message":"","MAC":"06:A8:C0:D9:D5:E3","serverInfo":{"serverName":"JifS02008","serverVersion":"Build 10.44.1f, Apr 7, 2026 1:49:24 PM"},"hardware_info":"275c5aa2|06:A8:C0:D9:D5:E3"}}}
01:03:11.790 INFO  vert.x-eventloop-thread-0 BaseServiceProxy     : -> GET /v1/api/tickle,200|57ms
01:03:11.792 DEBUG vert.x-eventloop-thread-0 ClientPortalService  : tickle {"session":"599184152c47761af5f5de6927f1de77","ssoExpires":600000,"collission":false,"userId":50301190,"hmds":{"error":"no bridge"},"iserver":{"authStatus":{"authenticated":true,"established":true,"competing":false,"connected":true,"message":"","MAC":"06:A8:C0:D9:D5:E3","serverInfo":{"serverName":"JifS02008","serverVersion":"Build 10.44.1f, Apr 7, 2026 1:49:24 PM"},"hardware_info":"275c5aa2|06:A8:C0:D9:D5:E3"}}}
01:03:42.014 INFO  vert.x-eventloop-thread-0 BaseServiceProxy     : -> GET /v1/api/tickle,200|281ms
01:03:42.015 DEBUG vert.x-eventloop-thread-0 ClientPortalService  : tickle {"session":"599184152c47761af5f5de6927f1de77","ssoExpires":569775,"collission":false,"userId":50301190,"hmds":{"error":"no bridge"},"iserver":{"authStatus":{"authenticated":true,"established":true,"competing":false,"connected":true,"message":"","MAC":"06:A8:C0:D9:D5:E3","serverInfo":{"serverName":"JifS02008","serverVersion":"Build 10.44.1f, Apr 7, 2026 1:49:24 PM"},"hardware_info":"275c5aa2|06:A8:C0:D9:D5:E3"}}}
01:04:11.796 INFO  vert.x-eventloop-thread-0 BaseServiceProxy     : -> GET /v1/api/tickle,200|62ms
01:04:11.797 DEBUG vert.x-eventloop-thread-0 ClientPortalService  : tickle {"session":"599184152c47761af5f5de6927f1de77","ssoExpires":539993,"collission":false,"userId":50301190,"hmds":{"error":"no bridge"},"iserver":{"authStatus":{"authenticated":true,"established":true,"competing":false,"connected":true,"message":"","MAC":"06:A8:C0:D9:D5:E3","serverInfo":{"serverName":"JifS02008","serverVersion":"Build 10.44.1f, Apr 7, 2026 1:49:24 PM"},"hardware_info":"275c5aa2|06:A8:C0:D9:D5:E3"}}}
01:04:41.796 INFO  vert.x-eventloop-thread-0 BaseServiceProxy     : -> GET /v1/api/tickle,200|62ms
01:04:41.799 DEBUG vert.x-eventloop-thread-0 ClientPortalService  : tickle {"session":"599184152c47761af5f5de6927f1de77","ssoExpires":509994,"collission":false,"userId":50301190,"hmds":{"error":"no bridge"},"iserver":{"authStatus":{"authenticated":true,"established":true,"competing":false,"connected":true,"message":"","MAC":"06:A8:C0:D9:D5:E3","serverInfo":{"serverName":"JifS02008","serverVersion":"Build 10.44.1f, Apr 7, 2026 1:49:24 PM"},"hardware_info":"275c5aa2|06:A8:C0:D9:D5:E3"}}}
01:05:11.806 INFO  vert.x-eventloop-thread-0 BaseServiceProxy     : -> GET /v1/api/tickle,200|71ms
01:05:11.809 DEBUG vert.x-eventloop-thread-0 ClientPortalService  : tickle {"session":"599184152c47761af5f5de6927f1de77","ssoExpires":479984,"collission":false,"userId":50301190,"hmds":{"error":"no bridge"},"iserver":{"authStatus":{"authenticated":true,"established":true,"competing":false,"connected":true,"message":"","MAC":"06:A8:C0:D9:D5:E3","serverInfo":{"serverName":"JifS02008","serverVersion":"Build 10.44.1f, Apr 7, 2026 1:49:24 PM"},"hardware_info":"275c5aa2|06:A8:C0:D9:D5:E3"}}}
01:05:19.774 INFO  vert.x-eventloop-thread-0 BaseServiceProxy     : -> GET /v1/api/tickle,200|61ms
01:05:41.943 INFO  vert.x-eventloop-thread-0 BaseServiceProxy     : -> GET /v1/api/tickle,200|209ms
01:05:41.944 DEBUG vert.x-eventloop-thread-0 ClientPortalService  : tickle {"session":"599184152c47761af5f5de6927f1de77","ssoExpires":449846,"collission":false,"userId":50301190,"hmds":{"error":"no bridge"},"iserver":{"authStatus":{"authenticated":true,"established":true,"competing":false,"connected":true,"message":"","MAC":"06:A8:C0:D9:D5:E3","serverInfo":{"serverName":"JifS02008","serverVersion":"Build 10.44.1f, Apr 7, 2026 1:49:24 PM"},"hardware_info":"275c5aa2|06:A8:C0:D9:D5:E3"}}}
01:06:12.004 INFO  vert.x-eventloop-thread-0 BaseServiceProxy     : -> GET /v1/api/tickle,200|271ms
01:06:12.005 DEBUG vert.x-eventloop-thread-0 ClientPortalService  : tickle {"session":"599184152c47761af5f5de6927f1de77","ssoExpires":419785,"collission":false,"userId":50301190,"hmds":{"error":"no bridge"},"iserver":{"authStatus":{"authenticated":true,"established":true,"competing":false,"connected":true,"message":"","MAC":"06:A8:C0:D9:D5:E3","serverInfo":{"serverName":"JifS02008","serverVersion":"Build 10.44.1f, Apr 7, 2026 1:49:24 PM"},"hardware_info":"275c5aa2|06:A8:C0:D9:D5:E3"}}}
01:06:41.813 INFO  vert.x-eventloop-thread-0 BaseServiceProxy     : -> GET /v1/api/tickle,200|79ms
01:06:41.816 DEBUG vert.x-eventloop-thread-0 ClientPortalService  : tickle {"session":"599184152c47761af5f5de6927f1de77","ssoExpires":389978,"collission":false,"userId":50301190,"hmds":{"error":"no bridge"},"iserver":{"authStatus":{"authenticated":true,"established":true,"competing":false,"connected":true,"message":"","MAC":"06:A8:C0:D9:D5:E3","serverInfo":{"serverName":"JifS02008","serverVersion":"Build 10.44.1f, Apr 7, 2026 1:49:24 PM"},"hardware_info":"275c5aa2|06:A8:C0:D9:D5:E3"}}}
01:07:07.143 INFO  vert.x-eventloop-thread-0 BaseServiceProxy     : -> GET /sso/ping,200|511ms
01:07:07.144 INFO  vert.x-eventloop-thread-0 SsoService           : sso ping {"result": "true"}
01:07:12.220 INFO  vert.x-eventloop-thread-0 BaseServiceProxy     : -> GET /v1/api/tickle,200|486ms
01:07:12.220 DEBUG vert.x-eventloop-thread-0 ClientPortalService  : tickle {"session":"599184152c47761af5f5de6927f1de77","ssoExpires":359570,"collission":false,"userId":50301190,"hmds":{"error":"no bridge"},"iserver":{"authStatus":{"authenticated":true,"established":true,"competing":false,"connected":true,"message":"","MAC":"06:A8:C0:D9:D5:E3","serverInfo":{"serverName":"JifS02008","serverVersion":"Build 10.44.1f, Apr 7, 2026 1:49:24 PM"},"hardware_info":"275c5aa2|06:A8:C0:D9:D5:E3"}}}
01:07:41.792 INFO  vert.x-eventloop-thread-0 BaseServiceProxy     : -> GET /v1/api/tickle,200|58ms
01:07:41.794 DEBUG vert.x-eventloop-thread-0 ClientPortalService  : tickle {"session":"599184152c47761af5f5de6927f1de77","ssoExpires":329997,"collission":false,"userId":50301190,"hmds":{"error":"no bridge"},"iserver":{"authStatus":{"authenticated":true,"established":true,"competing":false,"connected":true,"message":"","MAC":"06:A8:C0:D9:D5:E3","serverInfo":{"serverName":"JifS02008","serverVersion":"Build 10.44.1f, Apr 7, 2026 1:49:24 PM"},"hardware_info":"275c5aa2|06:A8:C0:D9:D5:E3"}}}
01:08:12.016 INFO  vert.x-eventloop-thread-0 BaseServiceProxy     : -> GET /v1/api/tickle,200|282ms
01:08:12.018 DEBUG vert.x-eventloop-thread-0 ClientPortalService  : tickle {"session":"599184152c47761af5f5de6927f1de77","ssoExpires":299774,"collission":false,"userId":50301190,"hmds":{"error":"no bridge"},"iserver":{"authStatus":{"authenticated":true,"established":true,"competing":false,"connected":true,"message":"","MAC":"06:A8:C0:D9:D5:E3","serverInfo":{"serverName":"JifS02008","serverVersion":"Build 10.44.1f, Apr 7, 2026 1:49:24 PM"},"hardware_info":"275c5aa2|06:A8:C0:D9:D5:E3"}}}
01:08:20.202 INFO  vert.x-eventloop-thread-0 BaseServiceProxy     : -> GET /v1/api/tickle,200|278ms
01:08:41.799 INFO  vert.x-eventloop-thread-0 BaseServiceProxy     : -> GET /v1/api/tickle,200|63ms
01:08:41.801 DEBUG vert.x-eventloop-thread-0 ClientPortalService  : tickle {"session":"599184152c47761af5f5de6927f1de77","ssoExpires":269993,"collission":false,"userId":50301190,"hmds":{"error":"no bridge"},"iserver":{"authStatus":{"authenticated":true,"established":true,"competing":false,"connected":true,"message":"","MAC":"06:A8:C0:D9:D5:E3","serverInfo":{"serverName":"JifS02008","serverVersion":"Build 10.44.1f, Apr 7, 2026 1:49:24 PM"},"hardware_info":"275c5aa2|06:A8:C0:D9:D5:E3"}}}
01:09:11.787 INFO  vert.x-eventloop-thread-0 BaseServiceProxy     : -> GET /v1/api/tickle,200|53ms
01:09:11.790 DEBUG vert.x-eventloop-thread-0 ClientPortalService  : tickle {"session":"599184152c47761af5f5de6927f1de77","ssoExpires":240002,"collission":false,"userId":50301190,"hmds":{"error":"no bridge"},"iserver":{"authStatus":{"authenticated":true,"established":true,"competing":false,"connected":true,"message":"","MAC":"06:A8:C0:D9:D5:E3","serverInfo":{"serverName":"JifS02008","serverVersion":"Build 10.44.1f, Apr 7, 2026 1:49:24 PM"},"hardware_info":"275c5aa2|06:A8:C0:D9:D5:E3"}}}
01:09:41.945 INFO  vert.x-eventloop-thread-0 BaseServiceProxy     : -> GET /v1/api/tickle,200|210ms
01:09:41.946 DEBUG vert.x-eventloop-thread-0 ClientPortalService  : tickle {"session":"599184152c47761af5f5de6927f1de77","ssoExpires":209844,"collission":false,"userId":50301190,"hmds":{"error":"no bridge"},"iserver":{"authStatus":{"authenticated":true,"established":true,"competing":false,"connected":true,"message":"","MAC":"06:A8:C0:D9:D5:E3","serverInfo":{"serverName":"JifS02008","serverVersion":"Build 10.44.1f, Apr 7, 2026 1:49:24 PM"},"hardware_info":"275c5aa2|06:A8:C0:D9:D5:E3"}}}
01:10:12.030 INFO  vert.x-eventloop-thread-0 BaseServiceProxy     : -> GET /v1/api/tickle,200|295ms
01:10:12.032 DEBUG vert.x-eventloop-thread-0 ClientPortalService  : tickle {"session":"599184152c47761af5f5de6927f1de77","ssoExpires":179776,"collission":false,"userId":50301190,"hmds":{"error":"no bridge"},"iserver":{"authStatus":{"authenticated":true,"established":true,"competing":false,"connected":true,"message":"","MAC":"06:A8:C0:D9:D5:E3","serverInfo":{"serverName":"JifS02008","serverVersion":"Build 10.44.1f, Apr 7, 2026 1:49:24 PM"},"hardware_info":"275c5aa2|06:A8:C0:D9:D5:E3"}}}
01:10:41.784 INFO  vert.x-eventloop-thread-0 BaseServiceProxy     : -> GET /v1/api/tickle,200|57ms
01:10:41.786 DEBUG vert.x-eventloop-thread-0 ClientPortalService  : tickle {"session":"599184152c47761af5f5de6927f1de77","ssoExpires":149998,"collission":false,"userId":50301190,"hmds":{"error":"no bridge"},"iserver":{"authStatus":{"authenticated":true,"established":true,"competing":false,"connected":true,"message":"","MAC":"06:A8:C0:D9:D5:E3","serverInfo":{"serverName":"JifS02008","serverVersion":"Build 10.44.1f, Apr 7, 2026 1:49:24 PM"},"hardware_info":"275c5aa2|06:A8:C0:D9:D5:E3"}}}
01:11:11.943 INFO  vert.x-eventloop-thread-0 BaseServiceProxy     : -> GET /v1/api/tickle,200|219ms
01:11:11.946 DEBUG vert.x-eventloop-thread-0 ClientPortalService  : tickle {"session":"599184152c47761af5f5de6927f1de77","ssoExpires":119840,"collission":false,"userId":50301190,"hmds":{"error":"no bridge"},"iserver":{"authStatus":{"authenticated":true,"established":true,"competing":false,"connected":true,"message":"","MAC":"06:A8:C0:D9:D5:E3","serverInfo":{"serverName":"JifS02008","serverVersion":"Build 10.44.1f, Apr 7, 2026 1:49:24 PM"},"hardware_info":"275c5aa2|06:A8:C0:D9:D5:E3"}}}
01:11:20.372 INFO  vert.x-eventloop-thread-0 BaseServiceProxy     : -> GET /v1/api/tickle,200|57ms
01:11:41.780 INFO  vert.x-eventloop-thread-0 BaseServiceProxy     : -> GET /v1/api/tickle,200|57ms
01:11:41.781 DEBUG vert.x-eventloop-thread-0 ClientPortalService  : tickle {"session":"599184152c47761af5f5de6927f1de77","ssoExpires":89998,"collission":false,"userId":50301190,"hmds":{"error":"no bridge"},"iserver":{"authStatus":{"authenticated":true,"established":true,"competing":false,"connected":true,"message":"","MAC":"06:A8:C0:D9:D5:E3","serverInfo":{"serverName":"JifS02008","serverVersion":"Build 10.44.1f, Apr 7, 2026 1:49:24 PM"},"hardware_info":"275c5aa2|06:A8:C0:D9:D5:E3"}}}
01:12:07.137 INFO  vert.x-eventloop-thread-0 BaseServiceProxy     : -> GET /sso/ping,200|515ms
01:12:07.137 INFO  vert.x-eventloop-thread-0 SsoService           : sso ping {"result": "true"}
01:12:11.800 INFO  vert.x-eventloop-thread-0 BaseServiceProxy     : -> GET /v1/api/tickle,200|75ms
01:12:11.802 DEBUG vert.x-eventloop-thread-0 ClientPortalService  : tickle {"session":"599184152c47761af5f5de6927f1de77","ssoExpires":59980,"collission":false,"userId":50301190,"hmds":{"error":"no bridge"},"iserver":{"authStatus":{"authenticated":true,"established":true,"competing":false,"connected":true,"message":"","MAC":"06:A8:C0:D9:D5:E3","serverInfo":{"serverName":"JifS02008","serverVersion":"Build 10.44.1f, Apr 7, 2026 1:49:24 PM"},"hardware_info":"275c5aa2|06:A8:C0:D9:D5:E3"}}}
01:12:41.782 INFO  vert.x-eventloop-thread-0 BaseServiceProxy     : -> GET /v1/api/tickle,200|59ms
01:12:41.784 DEBUG vert.x-eventloop-thread-0 ClientPortalService  : tickle {"session":"599184152c47761af5f5de6927f1de77","ssoExpires":30000,"collission":false,"userId":50301190,"hmds":{"error":"no bridge"},"iserver":{"authStatus":{"authenticated":true,"established":true,"competing":false,"connected":true,"message":"","MAC":"06:A8:C0:D9:D5:E3","serverInfo":{"serverName":"JifS02008","serverVersion":"Build 10.44.1f, Apr 7, 2026 1:49:24 PM"},"hardware_info":"275c5aa2|06:A8:C0:D9:D5:E3"}}}
01:13:11.784 INFO  vert.x-eventloop-thread-0 BaseServiceProxy     : -> GET /v1/api/tickle,200|60ms
01:13:11.786 DEBUG vert.x-eventloop-thread-0 ClientPortalService  : tickle {"session":"599184152c47761af5f5de6927f1de77","ssoExpires":600000,"collission":false,"userId":50301190,"hmds":{"error":"no bridge"},"iserver":{"authStatus":{"authenticated":true,"established":true,"competing":false,"connected":true,"message":"","MAC":"06:A8:C0:D9:D5:E3","serverInfo":{"serverName":"JifS02008","serverVersion":"Build 10.44.1f, Apr 7, 2026 1:49:24 PM"},"hardware_info":"275c5aa2|06:A8:C0:D9:D5:E3"}}}
01:13:41.790 INFO  vert.x-eventloop-thread-0 BaseServiceProxy     : -> GET /v1/api/tickle,200|66ms
01:13:41.793 DEBUG vert.x-eventloop-thread-0 ClientPortalService  : tickle {"session":"599184152c47761af5f5de6927f1de77","ssoExpires":569995,"collission":false,"userId":50301190,"hmds":{"error":"no bridge"},"iserver":{"authStatus":{"authenticated":true,"established":true,"competing":false,"connected":true,"message":"","MAC":"06:A8:C0:D9:D5:E3","serverInfo":{"serverName":"JifS02008","serverVersion":"Build 10.44.1f, Apr 7, 2026 1:49:24 PM"},"hardware_info":"275c5aa2|06:A8:C0:D9:D5:E3"}}}
01:14:11.778 INFO  vert.x-eventloop-thread-0 BaseServiceProxy     : -> GET /v1/api/tickle,200|55ms
01:14:11.780 DEBUG vert.x-eventloop-thread-0 ClientPortalService  : tickle {"session":"599184152c47761af5f5de6927f1de77","ssoExpires":540007,"collission":false,"userId":50301190,"hmds":{"error":"no bridge"},"iserver":{"authStatus":{"authenticated":true,"established":true,"competing":false,"connected":true,"message":"","MAC":"06:A8:C0:D9:D5:E3","serverInfo":{"serverName":"JifS02008","serverVersion":"Build 10.44.1f, Apr 7, 2026 1:49:24 PM"},"hardware_info":"275c5aa2|06:A8:C0:D9:D5:E3"}}}
01:14:20.568 INFO  vert.x-eventloop-thread-0 BaseServiceProxy     : -> GET /v1/api/tickle,200|51ms
01:14:41.788 INFO  vert.x-eventloop-thread-0 BaseServiceProxy     : -> GET /v1/api/tickle,200|64ms
01:14:41.790 DEBUG vert.x-eventloop-thread-0 ClientPortalService  : tickle {"session":"599184152c47761af5f5de6927f1de77","ssoExpires":509999,"collission":false,"userId":50301190,"hmds":{"error":"no bridge"},"iserver":{"authStatus":{"authenticated":true,"established":true,"competing":false,"connected":true,"message":"","MAC":"06:A8:C0:D9:D5:E3","serverInfo":{"serverName":"JifS02008","serverVersion":"Build 10.44.1f, Apr 7, 2026 1:49:24 PM"},"hardware_info":"275c5aa2|06:A8:C0:D9:D5:E3"}}}
01:15:12.047 INFO  vert.x-eventloop-thread-0 BaseServiceProxy     : -> GET /v1/api/tickle,200|323ms
01:15:12.048 DEBUG vert.x-eventloop-thread-0 ClientPortalService  : tickle {"session":"599184152c47761af5f5de6927f1de77","ssoExpires":479784,"collission":false,"userId":50301190,"hmds":{"error":"no bridge"},"iserver":{"authStatus":{"authenticated":true,"established":true,"competing":false,"connected":true,"message":"","MAC":"06:A8:C0:D9:D5:E3","serverInfo":{"serverName":"JifS02008","serverVersion":"Build 10.44.1f, Apr 7, 2026 1:49:24 PM"},"hardware_info":"275c5aa2|06:A8:C0:D9:D5:E3"}}}
01:15:41.932 INFO  vert.x-eventloop-thread-0 BaseServiceProxy     : -> GET /v1/api/tickle,200|209ms
01:15:41.933 DEBUG vert.x-eventloop-thread-0 ClientPortalService  : tickle {"session":"599184152c47761af5f5de6927f1de77","ssoExpires":449853,"collission":false,"userId":50301190,"hmds":{"error":"no bridge"},"iserver":{"authStatus":{"authenticated":true,"established":true,"competing":false,"connected":true,"message":"","MAC":"06:A8:C0:D9:D5:E3","serverInfo":{"serverName":"JifS02008","serverVersion":"Build 10.44.1f, Apr 7, 2026 1:49:24 PM"},"hardware_info":"275c5aa2|06:A8:C0:D9:D5:E3"}}}
01:16:11.948 INFO  vert.x-eventloop-thread-0 BaseServiceProxy     : -> GET /v1/api/tickle,200|224ms
01:16:11.950 DEBUG vert.x-eventloop-thread-0 ClientPortalService  : tickle {"session":"599184152c47761af5f5de6927f1de77","ssoExpires":419844,"collission":false,"userId":50301190,"hmds":{"error":"no bridge"},"iserver":{"authStatus":{"authenticated":true,"established":true,"competing":false,"connected":true,"message":"","MAC":"06:A8:C0:D9:D5:E3","serverInfo":{"serverName":"JifS02008","serverVersion":"Build 10.44.1f, Apr 7, 2026 1:49:24 PM"},"hardware_info":"275c5aa2|06:A8:C0:D9:D5:E3"}}}
01:16:41.780 INFO  vert.x-eventloop-thread-0 BaseServiceProxy     : -> GET /v1/api/tickle,200|57ms
01:16:41.782 DEBUG vert.x-eventloop-thread-0 ClientPortalService  : tickle {"session":"599184152c47761af5f5de6927f1de77","ssoExpires":390004,"collission":false,"userId":50301190,"hmds":{"error":"no bridge"},"iserver":{"authStatus":{"authenticated":true,"established":true,"competing":false,"connected":true,"message":"","MAC":"06:A8:C0:D9:D5:E3","serverInfo":{"serverName":"JifS02008","serverVersion":"Build 10.44.1f, Apr 7, 2026 1:49:24 PM"},"hardware_info":"275c5aa2|06:A8:C0:D9:D5:E3"}}}
01:17:06.939 INFO  vert.x-eventloop-thread-0 BaseServiceProxy     : -> GET /sso/ping,200|318ms
01:17:06.940 INFO  vert.x-eventloop-thread-0 SsoService           : sso ping {"result": "true"}
01:17:11.798 INFO  vert.x-eventloop-thread-0 BaseServiceProxy     : -> GET /v1/api/tickle,200|73ms
01:17:11.800 DEBUG vert.x-eventloop-thread-0 ClientPortalService  : tickle {"session":"599184152c47761af5f5de6927f1de77","ssoExpires":359988,"collission":false,"userId":50301190,"hmds":{"error":"no bridge"},"iserver":{"authStatus":{"authenticated":true,"established":true,"competing":false,"connected":true,"message":"","MAC":"06:A8:C0:D9:D5:E3","serverInfo":{"serverName":"JifS02008","serverVersion":"Build 10.44.1f, Apr 7, 2026 1:49:24 PM"},"hardware_info":"275c5aa2|06:A8:C0:D9:D5:E3"}}}
01:17:21.050 INFO  vert.x-eventloop-thread-0 BaseServiceProxy     : -> GET /v1/api/tickle,200|333ms
01:17:41.786 INFO  vert.x-eventloop-thread-0 BaseServiceProxy     : -> GET /v1/api/tickle,200|63ms
01:17:41.788 DEBUG vert.x-eventloop-thread-0 ClientPortalService  : tickle {"session":"599184152c47761af5f5de6927f1de77","ssoExpires":329999,"collission":false,"userId":50301190,"hmds":{"error":"no bridge"},"iserver":{"authStatus":{"authenticated":true,"established":true,"competing":false,"connected":true,"message":"","MAC":"06:A8:C0:D9:D5:E3","serverInfo":{"serverName":"JifS02008","serverVersion":"Build 10.44.1f, Apr 7, 2026 1:49:24 PM"},"hardware_info":"275c5aa2|06:A8:C0:D9:D5:E3"}}}
01:18:11.791 INFO  vert.x-eventloop-thread-0 BaseServiceProxy     : -> GET /v1/api/tickle,200|67ms
01:18:11.794 DEBUG vert.x-eventloop-thread-0 ClientPortalService  : tickle {"session":"599184152c47761af5f5de6927f1de77","ssoExpires":299997,"collission":false,"userId":50301190,"hmds":{"error":"no bridge"},"iserver":{"authStatus":{"authenticated":true,"established":true,"competing":false,"connected":true,"message":"","MAC":"06:A8:C0:D9:D5:E3","serverInfo":{"serverName":"JifS02008","serverVersion":"Build 10.44.1f, Apr 7, 2026 1:49:24 PM"},"hardware_info":"275c5aa2|06:A8:C0:D9:D5:E3"}}}
01:18:41.998 INFO  vert.x-eventloop-thread-0 BaseServiceProxy     : -> GET /v1/api/tickle,200|275ms
01:18:42.000 DEBUG vert.x-eventloop-thread-0 ClientPortalService  : tickle {"session":"599184152c47761af5f5de6927f1de77","ssoExpires":269786,"collission":false,"userId":50301190,"hmds":{"error":"no bridge"},"iserver":{"authStatus":{"authenticated":true,"established":true,"competing":false,"connected":true,"message":"","MAC":"06:A8:C0:D9:D5:E3","serverInfo":{"serverName":"JifS02008","serverVersion":"Build 10.44.1f, Apr 7, 2026 1:49:24 PM"},"hardware_info":"275c5aa2|06:A8:C0:D9:D5:E3"}}}
01:19:11.794 INFO  vert.x-eventloop-thread-0 BaseServiceProxy     : -> GET /v1/api/tickle,200|69ms
01:19:11.796 DEBUG vert.x-eventloop-thread-0 ClientPortalService  : tickle {"session":"599184152c47761af5f5de6927f1de77","ssoExpires":239991,"collission":false,"userId":50301190,"hmds":{"error":"no bridge"},"iserver":{"authStatus":{"authenticated":true,"established":true,"competing":false,"connected":true,"message":"","MAC":"06:A8:C0:D9:D5:E3","serverInfo":{"serverName":"JifS02008","serverVersion":"Build 10.44.1f, Apr 7, 2026 1:49:24 PM"},"hardware_info":"275c5aa2|06:A8:C0:D9:D5:E3"}}}
01:19:41.946 INFO  vert.x-eventloop-thread-0 BaseServiceProxy     : -> GET /v1/api/tickle,200|223ms
01:19:41.947 DEBUG vert.x-eventloop-thread-0 ClientPortalService  : tickle {"session":"599184152c47761af5f5de6927f1de77","ssoExpires":209843,"collission":false,"userId":50301190,"hmds":{"error":"no bridge"},"iserver":{"authStatus":{"authenticated":true,"established":true,"competing":false,"connected":true,"message":"","MAC":"06:A8:C0:D9:D5:E3","serverInfo":{"serverName":"JifS02008","serverVersion":"Build 10.44.1f, Apr 7, 2026 1:49:24 PM"},"hardware_info":"275c5aa2|06:A8:C0:D9:D5:E3"}}}
01:20:12.018 INFO  vert.x-eventloop-thread-0 BaseServiceProxy     : -> GET /v1/api/tickle,200|293ms
01:20:12.021 DEBUG vert.x-eventloop-thread-0 ClientPortalService  : tickle {"session":"599184152c47761af5f5de6927f1de77","ssoExpires":179770,"collission":false,"userId":50301190,"hmds":{"error":"no bridge"},"iserver":{"authStatus":{"authenticated":true,"established":true,"competing":false,"connected":true,"message":"","MAC":"06:A8:C0:D9:D5:E3","serverInfo":{"serverName":"JifS02008","serverVersion":"Build 10.44.1f, Apr 7, 2026 1:49:24 PM"},"hardware_info":"275c5aa2|06:A8:C0:D9:D5:E3"}}}
01:20:21.238 INFO  vert.x-eventloop-thread-0 BaseServiceProxy     : -> GET /v1/api/tickle,200|57ms
01:20:41.776 INFO  vert.x-eventloop-thread-0 BaseServiceProxy     : -> GET /v1/api/tickle,200|57ms
01:20:41.778 DEBUG vert.x-eventloop-thread-0 ClientPortalService  : tickle {"session":"599184152c47761af5f5de6927f1de77","ssoExpires":150003,"collission":false,"userId":50301190,"hmds":{"error":"no bridge"},"iserver":{"authStatus":{"authenticated":true,"established":true,"competing":false,"connected":true,"message":"","MAC":"06:A8:C0:D9:D5:E3","serverInfo":{"serverName":"JifS02008","serverVersion":"Build 10.44.1f, Apr 7, 2026 1:49:24 PM"},"hardware_info":"275c5aa2|06:A8:C0:D9:D5:E3"}}}
01:38:18.526 ERROR vert.x-eventloop-thread-0 ConnectionBase       : java.net.SocketException: Connection reset
01:38:18.527 ERROR vert.x-eventloop-thread-0 BaseServiceProxy     : request failed Connection reset
java.net.SocketException: Connection reset
	at java.base/sun.nio.ch.SocketChannelImpl.throwConnectionReset(SocketChannelImpl.java:394)
	at java.base/sun.nio.ch.SocketChannelImpl.read(SocketChannelImpl.java:426)
	at io.netty.buffer.PooledUnsafeDirectByteBuf.setBytes(PooledUnsafeDirectByteBuf.java:288)
	at io.netty.buffer.AbstractByteBuf.writeBytes(AbstractByteBuf.java:1106)
	at io.netty.channel.socket.nio.NioSocketChannel.doReadBytes(NioSocketChannel.java:373)
	at io.netty.channel.nio.AbstractNioByteChannel$NioByteUnsafe.read(AbstractNioByteChannel.java:123)
	at io.netty.channel.nio.NioEventLoop.processSelectedKey(NioEventLoop.java:645)
	at io.netty.channel.nio.NioEventLoop.processSelectedKeysPlain(NioEventLoop.java:545)
	at io.netty.channel.nio.NioEventLoop.processSelectedKeys(NioEventLoop.java:499)
	at io.netty.channel.nio.NioEventLoop.run(NioEventLoop.java:459)
	at io.netty.util.concurrent.SingleThreadEventExecutor$5.run(SingleThreadEventExecutor.java:858)
	at java.base/java.lang.Thread.run(Thread.java:842)
01:57:55.290 ERROR vert.x-eventloop-thread-0 ConnectionBase       : java.net.SocketException: Connection reset
01:57:55.291 ERROR vert.x-eventloop-thread-0 BaseServiceProxy     : request failed Connection reset
java.net.SocketException: Connection reset
	at java.base/sun.nio.ch.SocketChannelImpl.throwConnectionReset(SocketChannelImpl.java:394)
	at java.base/sun.nio.ch.SocketChannelImpl.read(SocketChannelImpl.java:426)
	at io.netty.buffer.PooledUnsafeDirectByteBuf.setBytes(PooledUnsafeDirectByteBuf.java:288)
	at io.netty.buffer.AbstractByteBuf.writeBytes(AbstractByteBuf.java:1106)
	at io.netty.channel.socket.nio.NioSocketChannel.doReadBytes(NioSocketChannel.java:373)
	at io.netty.channel.nio.AbstractNioByteChannel$NioByteUnsafe.read(AbstractNioByteChannel.java:123)
	at io.netty.channel.nio.NioEventLoop.processSelectedKey(NioEventLoop.java:645)
	at io.netty.channel.nio.NioEventLoop.processSelectedKeysPlain(NioEventLoop.java:545)
	at io.netty.channel.nio.NioEventLoop.processSelectedKeys(NioEventLoop.java:499)
	at io.netty.channel.nio.NioEventLoop.run(NioEventLoop.java:459)
	at io.netty.util.concurrent.SingleThreadEventExecutor$5.run(SingleThreadEventExecutor.java:858)
	at java.base/java.lang.Thread.run(Thread.java:842)
01:58:20.168 ERROR vert.x-eventloop-thread-0 ConnectionBase       : java.net.SocketException: Connection reset
01:58:20.168 ERROR vert.x-eventloop-thread-0 BaseServiceProxy     : request failed Connection reset
java.net.SocketException: Connection reset
	at java.base/sun.nio.ch.SocketChannelImpl.throwConnectionReset(SocketChannelImpl.java:394)
	at java.base/sun.nio.ch.SocketChannelImpl.read(SocketChannelImpl.java:426)
	at io.netty.buffer.PooledUnsafeDirectByteBuf.setBytes(PooledUnsafeDirectByteBuf.java:288)
	at io.netty.buffer.AbstractByteBuf.writeBytes(AbstractByteBuf.java:1106)
	at io.netty.channel.socket.nio.NioSocketChannel.doReadBytes(NioSocketChannel.java:373)
	at io.netty.channel.nio.AbstractNioByteChannel$NioByteUnsafe.read(AbstractNioByteChannel.java:123)
	at io.netty.channel.nio.NioEventLoop.processSelectedKey(NioEventLoop.java:645)
	at io.netty.channel.nio.NioEventLoop.processSelectedKeysPlain(NioEventLoop.java:545)
	at io.netty.channel.nio.NioEventLoop.processSelectedKeys(NioEventLoop.java:499)
	at io.netty.channel.nio.NioEventLoop.run(NioEventLoop.java:459)
	at io.netty.util.concurrent.SingleThreadEventExecutor$5.run(SingleThreadEventExecutor.java:858)
	at java.base/java.lang.Thread.run(Thread.java:842)
01:58:25.268 ERROR vert.x-eventloop-thread-0 ConnectionBase       : java.net.SocketException: Connection reset
01:58:25.268 ERROR vert.x-eventloop-thread-0 BaseServiceProxy     : request failed Connection reset
java.net.SocketException: Connection reset
	at java.base/sun.nio.ch.SocketChannelImpl.throwConnectionReset(SocketChannelImpl.java:394)
	at java.base/sun.nio.ch.SocketChannelImpl.read(SocketChannelImpl.java:426)
	at io.netty.buffer.PooledUnsafeDirectByteBuf.setBytes(PooledUnsafeDirectByteBuf.java:288)
	at io.netty.buffer.AbstractByteBuf.writeBytes(AbstractByteBuf.java:1106)
	at io.netty.channel.socket.nio.NioSocketChannel.doReadBytes(NioSocketChannel.java:373)
	at io.netty.channel.nio.AbstractNioByteChannel$NioByteUnsafe.read(AbstractNioByteChannel.java:123)
	at io.netty.channel.nio.NioEventLoop.processSelectedKey(NioEventLoop.java:645)
	at io.netty.channel.nio.NioEventLoop.processSelectedKeysPlain(NioEventLoop.java:545)
	at io.netty.channel.nio.NioEventLoop.processSelectedKeys(NioEventLoop.java:499)
	at io.netty.channel.nio.NioEventLoop.run(NioEventLoop.java:459)
	at io.netty.util.concurrent.SingleThreadEventExecutor$5.run(SingleThreadEventExecutor.java:858)
	at java.base/java.lang.Thread.run(Thread.java:842)
01:58:55.272 ERROR vert.x-eventloop-thread-0 ConnectionBase       : java.net.SocketException: Connection reset
01:58:55.273 ERROR vert.x-eventloop-thread-0 BaseServiceProxy     : request failed Connection reset
java.net.SocketException: Connection reset
	at java.base/sun.nio.ch.SocketChannelImpl.throwConnectionReset(SocketChannelImpl.java:394)
	at java.base/sun.nio.ch.SocketChannelImpl.read(SocketChannelImpl.java:426)
	at io.netty.buffer.PooledUnsafeDirectByteBuf.setBytes(PooledUnsafeDirectByteBuf.java:288)
	at io.netty.buffer.AbstractByteBuf.writeBytes(AbstractByteBuf.java:1106)
	at io.netty.channel.socket.nio.NioSocketChannel.doReadBytes(NioSocketChannel.java:373)
	at io.netty.channel.nio.AbstractNioByteChannel$NioByteUnsafe.read(AbstractNioByteChannel.java:123)
	at io.netty.channel.nio.NioEventLoop.processSelectedKey(NioEventLoop.java:645)
	at io.netty.channel.nio.NioEventLoop.processSelectedKeysPlain(NioEventLoop.java:545)
	at io.netty.channel.nio.NioEventLoop.processSelectedKeys(NioEventLoop.java:499)
	at io.netty.channel.nio.NioEventLoop.run(NioEventLoop.java:459)
	at io.netty.util.concurrent.SingleThreadEventExecutor$5.run(SingleThreadEventExecutor.java:858)
	at java.base/java.lang.Thread.run(Thread.java:842)
01:59:25.628 INFO  vert.x-eventloop-thread-0 BaseServiceProxy     : -> GET /v1/api/tickle,200|367ms
01:59:25.629 DEBUG vert.x-eventloop-thread-0 ClientPortalService  : tickle {"session":"f7b2c4e17fe815393c00fc35223acb54","ssoExpires":600000,"collission":false,"userId":50301190,"hmds":{"error":"no bridge"},"iserver":{"authStatus":{"authenticated":false,"established":false,"competing":false,"connected":false,"MAC":null}}}
01:59:34.948 INFO  vert.x-eventloop-thread-0 BaseServiceProxy     : -> GET /v1/api/tickle,200|59ms
01:59:55.333 INFO  vert.x-eventloop-thread-0 BaseServiceProxy     : -> GET /v1/api/tickle,200|73ms
01:59:55.335 DEBUG vert.x-eventloop-thread-0 ClientPortalService  : tickle {"session":"f7b2c4e17fe815393c00fc35223acb54","ssoExpires":570290,"collission":false,"userId":50301190,"hmds":{"error":"no bridge"},"iserver":{"authStatus":{"authenticated":false,"established":false,"competing":false,"connected":false,"MAC":null}}}
02:00:25.318 INFO  vert.x-eventloop-thread-0 BaseServiceProxy     : -> GET /v1/api/tickle,200|57ms
02:00:25.320 DEBUG vert.x-eventloop-thread-0 ClientPortalService  : tickle {"session":"f7b2c4e17fe815393c00fc35223acb54","ssoExpires":540308,"collission":false,"userId":50301190,"hmds":{"error":"no bridge"},"iserver":{"authStatus":{"authenticated":false,"established":false,"competing":false,"connected":false,"MAC":null}}}
02:00:55.311 INFO  vert.x-eventloop-thread-0 BaseServiceProxy     : -> GET /v1/api/tickle,200|51ms
02:00:55.312 DEBUG vert.x-eventloop-thread-0 ClientPortalService  : tickle {"session":"f7b2c4e17fe815393c00fc35223acb54","ssoExpires":510313,"collission":false,"userId":50301190,"hmds":{"error":"no bridge"},"iserver":{"authStatus":{"authenticated":false,"established":false,"competing":false,"connected":false,"MAC":null}}}
02:01:25.327 INFO  vert.x-eventloop-thread-0 BaseServiceProxy     : -> GET /v1/api/tickle,200|67ms
02:01:25.329 DEBUG vert.x-eventloop-thread-0 ClientPortalService  : tickle {"session":"f7b2c4e17fe815393c00fc35223acb54","ssoExpires":480302,"collission":false,"userId":50301190,"hmds":{"error":"no bridge"},"iserver":{"authStatus":{"authenticated":false,"established":false,"competing":false,"connected":false,"MAC":null}}}
02:01:55.334 INFO  vert.x-eventloop-thread-0 BaseServiceProxy     : -> GET /v1/api/tickle,200|74ms
02:01:55.336 DEBUG vert.x-eventloop-thread-0 ClientPortalService  : tickle {"session":"f7b2c4e17fe815393c00fc35223acb54","ssoExpires":450293,"collission":false,"userId":50301190,"hmds":{"error":"no bridge"},"iserver":{"authStatus":{"authenticated":false,"established":false,"competing":false,"connected":false,"MAC":null}}}
02:02:25.324 INFO  vert.x-eventloop-thread-0 BaseServiceProxy     : -> GET /v1/api/tickle,200|64ms
02:02:25.325 DEBUG vert.x-eventloop-thread-0 ClientPortalService  : tickle {"session":"f7b2c4e17fe815393c00fc35223acb54","ssoExpires":420301,"collission":false,"userId":50301190,"hmds":{"error":"no bridge"},"iserver":{"authStatus":{"authenticated":false,"established":false,"competing":false,"connected":false,"MAC":null}}}
02:02:35.141 INFO  vert.x-eventloop-thread-0 BaseServiceProxy     : -> GET /v1/api/tickle,200|56ms
02:02:55.316 INFO  vert.x-eventloop-thread-0 BaseServiceProxy     : -> GET /v1/api/tickle,200|56ms
02:02:55.318 DEBUG vert.x-eventloop-thread-0 ClientPortalService  : tickle {"session":"f7b2c4e17fe815393c00fc35223acb54","ssoExpires":390308,"collission":false,"userId":50301190,"hmds":{"error":"no bridge"},"iserver":{"authStatus":{"authenticated":false,"established":false,"competing":false,"connected":false,"MAC":null}}}
02:03:20.464 INFO  vert.x-eventloop-thread-0 BaseServiceProxy     : -> GET /sso/ping,200|307ms
02:03:20.465 INFO  vert.x-eventloop-thread-0 SsoService           : sso ping {"result": "true"}
02:03:25.338 INFO  vert.x-eventloop-thread-0 BaseServiceProxy     : -> GET /v1/api/tickle,200|78ms
02:03:25.339 DEBUG vert.x-eventloop-thread-0 ClientPortalService  : tickle {"session":"f7b2c4e17fe815393c00fc35223acb54","ssoExpires":360288,"collission":false,"userId":50301190,"hmds":{"error":"no bridge"},"iserver":{"authStatus":{"authenticated":false,"established":false,"competing":false,"connected":false,"MAC":null}}}
02:03:55.330 INFO  vert.x-eventloop-thread-0 BaseServiceProxy     : -> GET /v1/api/tickle,200|68ms
02:03:55.333 DEBUG vert.x-eventloop-thread-0 ClientPortalService  : tickle {"session":"f7b2c4e17fe815393c00fc35223acb54","ssoExpires":330302,"collission":false,"userId":50301190,"hmds":{"error":"no bridge"},"iserver":{"authStatus":{"authenticated":false,"established":false,"competing":false,"connected":false,"MAC":null}}}
02:04:25.318 INFO  vert.x-eventloop-thread-0 BaseServiceProxy     : -> GET /v1/api/tickle,200|57ms
02:04:25.320 DEBUG vert.x-eventloop-thread-0 ClientPortalService  : tickle {"session":"f7b2c4e17fe815393c00fc35223acb54","ssoExpires":300306,"collission":false,"userId":50301190,"hmds":{"error":"no bridge"},"iserver":{"authStatus":{"authenticated":false,"established":false,"competing":false,"connected":false,"MAC":null}}}
02:04:55.314 INFO  vert.x-eventloop-thread-0 BaseServiceProxy     : -> GET /v1/api/tickle,200|53ms
02:04:55.317 DEBUG vert.x-eventloop-thread-0 ClientPortalService  : tickle {"session":"f7b2c4e17fe815393c00fc35223acb54","ssoExpires":270310,"collission":false,"userId":50301190,"hmds":{"error":"no bridge"},"iserver":{"authStatus":{"authenticated":false,"established":false,"competing":false,"connected":false,"MAC":null}}}
02:05:25.600 INFO  vert.x-eventloop-thread-0 BaseServiceProxy     : -> GET /v1/api/tickle,200|339ms
02:05:25.601 DEBUG vert.x-eventloop-thread-0 ClientPortalService  : tickle {"session":"f7b2c4e17fe815393c00fc35223acb54","ssoExpires":240081,"collission":false,"userId":50301190,"hmds":{"error":"no bridge"},"iserver":{"authStatus":{"authenticated":false,"established":false,"competing":false,"connected":false,"MAC":null}}}
02:05:35.332 INFO  vert.x-eventloop-thread-0 BaseServiceProxy     : -> GET /v1/api/tickle,200|72ms
02:05:55.324 INFO  vert.x-eventloop-thread-0 BaseServiceProxy     : -> GET /v1/api/tickle,200|62ms
02:05:55.325 DEBUG vert.x-eventloop-thread-0 ClientPortalService  : tickle {"session":"f7b2c4e17fe815393c00fc35223acb54","ssoExpires":210303,"collission":false,"userId":50301190,"hmds":{"error":"no bridge"},"iserver":{"authStatus":{"authenticated":false,"established":false,"competing":false,"connected":false,"MAC":null}}}
02:06:25.549 INFO  vert.x-eventloop-thread-0 BaseServiceProxy     : -> GET /v1/api/tickle,200|287ms
02:06:25.550 DEBUG vert.x-eventloop-thread-0 ClientPortalService  : tickle {"session":"f7b2c4e17fe815393c00fc35223acb54","ssoExpires":180080,"collission":false,"userId":50301190,"hmds":{"error":"no bridge"},"iserver":{"authStatus":{"authenticated":false,"established":false,"competing":false,"connected":false,"MAC":null}}}
02:06:55.325 INFO  vert.x-eventloop-thread-0 BaseServiceProxy     : -> GET /v1/api/tickle,200|65ms
02:06:55.326 DEBUG vert.x-eventloop-thread-0 ClientPortalService  : tickle {"session":"f7b2c4e17fe815393c00fc35223acb54","ssoExpires":150302,"collission":false,"userId":50301190,"hmds":{"error":"no bridge"},"iserver":{"authStatus":{"authenticated":false,"established":false,"competing":false,"connected":false,"MAC":null}}}
02:07:25.558 INFO  vert.x-eventloop-thread-0 BaseServiceProxy     : -> GET /v1/api/tickle,200|297ms
02:07:25.560 DEBUG vert.x-eventloop-thread-0 ClientPortalService  : tickle {"session":"f7b2c4e17fe815393c00fc35223acb54","ssoExpires":120076,"collission":false,"userId":50301190,"hmds":{"error":"no bridge"},"iserver":{"authStatus":{"authenticated":false,"established":false,"competing":false,"connected":false,"MAC":null}}}
02:07:55.332 INFO  vert.x-eventloop-thread-0 BaseServiceProxy     : -> GET /v1/api/tickle,200|71ms
02:07:55.334 DEBUG vert.x-eventloop-thread-0 ClientPortalService  : tickle {"session":"f7b2c4e17fe815393c00fc35223acb54","ssoExpires":90301,"collission":false,"userId":50301190,"hmds":{"error":"no bridge"},"iserver":{"authStatus":{"authenticated":false,"established":false,"competing":false,"connected":false,"MAC":null}}}
02:08:20.435 INFO  vert.x-eventloop-thread-0 BaseServiceProxy     : -> GET /sso/ping,200|277ms
02:08:20.437 INFO  vert.x-eventloop-thread-0 SsoService           : sso ping {"result": "true"}
02:08:25.556 INFO  vert.x-eventloop-thread-0 BaseServiceProxy     : -> GET /v1/api/tickle,200|295ms
02:08:25.557 DEBUG vert.x-eventloop-thread-0 ClientPortalService  : tickle {"session":"f7b2c4e17fe815393c00fc35223acb54","ssoExpires":60074,"collission":false,"userId":50301190,"hmds":{"error":"no bridge"},"iserver":{"authStatus":{"authenticated":false,"established":false,"competing":false,"connected":false,"MAC":null}}}
02:08:35.707 INFO  vert.x-eventloop-thread-0 BaseServiceProxy     : -> GET /v1/api/tickle,200|58ms
02:08:55.314 INFO  vert.x-eventloop-thread-0 BaseServiceProxy     : -> GET /v1/api/tickle,200|54ms
02:08:55.316 DEBUG vert.x-eventloop-thread-0 ClientPortalService  : tickle {"session":"f7b2c4e17fe815393c00fc35223acb54","ssoExpires":30313,"collission":false,"userId":50301190,"hmds":{"error":"no bridge"},"iserver":{"authStatus":{"authenticated":false,"established":false,"competing":false,"connected":false,"MAC":null}}}
02:09:25.319 INFO  vert.x-eventloop-thread-0 BaseServiceProxy     : -> GET /v1/api/tickle,200|58ms
02:09:25.321 DEBUG vert.x-eventloop-thread-0 ClientPortalService  : tickle {"session":"f7b2c4e17fe815393c00fc35223acb54","ssoExpires":307,"collission":false,"userId":50301190,"hmds":{"error":"no bridge"},"iserver":{"authStatus":{"authenticated":false,"established":false,"competing":false,"connected":false,"MAC":null}}}
02:09:55.602 INFO  vert.x-eventloop-thread-0 BaseServiceProxy     : -> GET /v1/api/tickle,200|341ms
02:09:55.603 DEBUG vert.x-eventloop-thread-0 ClientPortalService  : tickle {"session":"f7b2c4e17fe815393c00fc35223acb54","ssoExpires":600000,"collission":false,"userId":50301190,"hmds":{"error":"no bridge"},"iserver":{"authStatus":{"authenticated":false,"established":false,"competing":false,"connected":false,"MAC":null}}}
02:10:25.635 INFO  vert.x-eventloop-thread-0 BaseServiceProxy     : -> GET /v1/api/tickle,200|375ms
02:10:25.637 DEBUG vert.x-eventloop-thread-0 ClientPortalService  : tickle {"session":"f7b2c4e17fe815393c00fc35223acb54","ssoExpires":570047,"collission":false,"userId":50301190,"hmds":{"error":"no bridge"},"iserver":{"authStatus":{"authenticated":false,"established":false,"competing":false,"connected":false,"MAC":null}}}
02:10:55.321 INFO  vert.x-eventloop-thread-0 BaseServiceProxy     : -> GET /v1/api/tickle,200|61ms
02:10:55.323 DEBUG vert.x-eventloop-thread-0 ClientPortalService  : tickle {"session":"f7b2c4e17fe815393c00fc35223acb54","ssoExpires":540263,"collission":false,"userId":50301190,"hmds":{"error":"no bridge"},"iserver":{"authStatus":{"authenticated":false,"established":false,"competing":false,"connected":false,"MAC":null}}}
02:11:25.550 INFO  vert.x-eventloop-thread-0 BaseServiceProxy     : -> GET /v1/api/tickle,200|289ms
02:11:25.552 DEBUG vert.x-eventloop-thread-0 ClientPortalService  : tickle {"session":"f7b2c4e17fe815393c00fc35223acb54","ssoExpires":510038,"collission":false,"userId":50301190,"hmds":{"error":"no bridge"},"iserver":{"authStatus":{"authenticated":false,"established":false,"competing":false,"connected":false,"MAC":null}}}
02:11:35.885 INFO  vert.x-eventloop-thread-0 BaseServiceProxy     : -> GET /v1/api/tickle,200|56ms
02:11:55.315 INFO  vert.x-eventloop-thread-0 BaseServiceProxy     : -> GET /v1/api/tickle,200|54ms
02:11:55.316 DEBUG vert.x-eventloop-thread-0 ClientPortalService  : tickle {"session":"f7b2c4e17fe815393c00fc35223acb54","ssoExpires":480269,"collission":false,"userId":50301190,"hmds":{"error":"no bridge"},"iserver":{"authStatus":{"authenticated":false,"established":false,"competing":false,"connected":false,"MAC":null}}}
02:12:25.319 INFO  vert.x-eventloop-thread-0 BaseServiceProxy     : -> GET /v1/api/tickle,200|58ms
02:12:25.321 DEBUG vert.x-eventloop-thread-0 ClientPortalService  : tickle {"session":"f7b2c4e17fe815393c00fc35223acb54","ssoExpires":450269,"collission":false,"userId":50301190,"hmds":{"error":"no bridge"},"iserver":{"authStatus":{"authenticated":false,"established":false,"competing":false,"connected":false,"MAC":null}}}
02:12:55.317 INFO  vert.x-eventloop-thread-0 BaseServiceProxy     : -> GET /v1/api/tickle,200|61ms
02:12:55.319 DEBUG vert.x-eventloop-thread-0 ClientPortalService  : tickle {"session":"f7b2c4e17fe815393c00fc35223acb54","ssoExpires":420269,"collission":false,"userId":50301190,"hmds":{"error":"no bridge"},"iserver":{"authStatus":{"authenticated":false,"established":false,"competing":false,"connected":false,"MAC":null}}}
02:13:20.428 INFO  vert.x-eventloop-thread-0 BaseServiceProxy     : -> GET /sso/ping,200|276ms
02:13:20.430 INFO  vert.x-eventloop-thread-0 SsoService           : sso ping {"result": "true"}
02:13:25.532 INFO  vert.x-eventloop-thread-0 BaseServiceProxy     : -> GET /v1/api/tickle,200|278ms
02:13:25.532 DEBUG vert.x-eventloop-thread-0 ClientPortalService  : tickle {"session":"f7b2c4e17fe815393c00fc35223acb54","ssoExpires":390054,"collission":false,"userId":50301190,"hmds":{"error":"no bridge"},"iserver":{"authStatus":{"authenticated":false,"established":false,"competing":false,"connected":false,"MAC":null}}}
02:13:55.315 INFO  vert.x-eventloop-thread-0 BaseServiceProxy     : -> GET /v1/api/tickle,200|61ms
02:13:55.317 DEBUG vert.x-eventloop-thread-0 ClientPortalService  : tickle {"session":"f7b2c4e17fe815393c00fc35223acb54","ssoExpires":360263,"collission":false,"userId":50301190,"hmds":{"error":"no bridge"},"iserver":{"authStatus":{"authenticated":false,"established":false,"competing":false,"connected":false,"MAC":null}}}
02:14:25.461 INFO  vert.x-eventloop-thread-0 BaseServiceProxy     : -> GET /v1/api/tickle,200|207ms
02:14:25.463 DEBUG vert.x-eventloop-thread-0 ClientPortalService  : tickle {"session":"f7b2c4e17fe815393c00fc35223acb54","ssoExpires":330116,"collission":false,"userId":50301190,"hmds":{"error":"no bridge"},"iserver":{"authStatus":{"authenticated":false,"established":false,"competing":false,"connected":false,"MAC":null}}}
02:14:36.091 INFO  vert.x-eventloop-thread-0 BaseServiceProxy     : -> GET /v1/api/tickle,200|55ms
02:14:55.313 INFO  vert.x-eventloop-thread-0 BaseServiceProxy     : -> GET /v1/api/tickle,200|58ms
02:14:55.315 DEBUG vert.x-eventloop-thread-0 ClientPortalService  : tickle {"session":"f7b2c4e17fe815393c00fc35223acb54","ssoExpires":300266,"collission":false,"userId":50301190,"hmds":{"error":"no bridge"},"iserver":{"authStatus":{"authenticated":false,"established":false,"competing":false,"connected":false,"MAC":null}}}
02:15:25.556 INFO  vert.x-eventloop-thread-0 BaseServiceProxy     : -> GET /v1/api/tickle,200|303ms
02:15:25.557 DEBUG vert.x-eventloop-thread-0 ClientPortalService  : tickle {"session":"f7b2c4e17fe815393c00fc35223acb54","ssoExpires":270021,"collission":false,"userId":50301190,"hmds":{"error":"no bridge"},"iserver":{"authStatus":{"authenticated":false,"established":false,"competing":false,"connected":false,"MAC":null}}}
02:15:55.323 INFO  vert.x-eventloop-thread-0 BaseServiceProxy     : -> GET /v1/api/tickle,200|70ms
02:15:55.324 DEBUG vert.x-eventloop-thread-0 ClientPortalService  : tickle {"session":"f7b2c4e17fe815393c00fc35223acb54","ssoExpires":240260,"collission":false,"userId":50301190,"hmds":{"error":"no bridge"},"iserver":{"authStatus":{"authenticated":false,"established":false,"competing":false,"connected":false,"MAC":null}}}
02:16:25.315 INFO  vert.x-eventloop-thread-0 BaseServiceProxy     : -> GET /v1/api/tickle,200|61ms
02:16:25.316 DEBUG vert.x-eventloop-thread-0 ClientPortalService  : tickle {"session":"f7b2c4e17fe815393c00fc35223acb54","ssoExpires":210263,"collission":false,"userId":50301190,"hmds":{"error":"no bridge"},"iserver":{"authStatus":{"authenticated":false,"established":false,"competing":false,"connected":false,"MAC":null}}}
02:16:55.309 INFO  vert.x-eventloop-thread-0 BaseServiceProxy     : -> GET /v1/api/tickle,200|56ms
02:16:55.311 DEBUG vert.x-eventloop-thread-0 ClientPortalService  : tickle {"session":"f7b2c4e17fe815393c00fc35223acb54","ssoExpires":180271,"collission":false,"userId":50301190,"hmds":{"error":"no bridge"},"iserver":{"authStatus":{"authenticated":false,"established":false,"competing":false,"connected":false,"MAC":null}}}
02:17:25.317 INFO  vert.x-eventloop-thread-0 BaseServiceProxy     : -> GET /v1/api/tickle,200|63ms
02:17:25.318 DEBUG vert.x-eventloop-thread-0 ClientPortalService  : tickle {"session":"f7b2c4e17fe815393c00fc35223acb54","ssoExpires":150261,"collission":false,"userId":50301190,"hmds":{"error":"no bridge"},"iserver":{"authStatus":{"authenticated":false,"established":false,"competing":false,"connected":false,"MAC":null}}}
02:17:36.285 INFO  vert.x-eventloop-thread-0 BaseServiceProxy     : -> GET /v1/api/tickle,200|57ms
02:17:55.307 INFO  vert.x-eventloop-thread-0 BaseServiceProxy     : -> GET /v1/api/tickle,200|54ms
02:17:55.309 DEBUG vert.x-eventloop-thread-0 ClientPortalService  : tickle {"session":"f7b2c4e17fe815393c00fc35223acb54","ssoExpires":120272,"collission":false,"userId":50301190,"hmds":{"error":"no bridge"},"iserver":{"authStatus":{"authenticated":false,"established":false,"competing":false,"connected":false,"MAC":null}}}
02:18:20.426 INFO  vert.x-eventloop-thread-0 BaseServiceProxy     : -> GET /sso/ping,200|276ms
02:18:20.427 INFO  vert.x-eventloop-thread-0 SsoService           : sso ping {"result": "true"}
02:18:25.309 INFO  vert.x-eventloop-thread-0 BaseServiceProxy     : -> GET /v1/api/tickle,200|55ms
02:18:25.309 DEBUG vert.x-eventloop-thread-0 ClientPortalService  : tickle {"session":"f7b2c4e17fe815393c00fc35223acb54","ssoExpires":90271,"collission":false,"userId":50301190,"hmds":{"error":"no bridge"},"iserver":{"authStatus":{"authenticated":false,"established":false,"competing":false,"connected":false,"MAC":null}}}
02:18:55.317 INFO  vert.x-eventloop-thread-0 BaseServiceProxy     : -> GET /v1/api/tickle,200|62ms
02:18:55.319 DEBUG vert.x-eventloop-thread-0 ClientPortalService  : tickle {"session":"f7b2c4e17fe815393c00fc35223acb54","ssoExpires":60263,"collission":false,"userId":50301190,"hmds":{"error":"no bridge"},"iserver":{"authStatus":{"authenticated":false,"established":false,"competing":false,"connected":false,"MAC":null}}}
02:19:25.306 INFO  vert.x-eventloop-thread-0 BaseServiceProxy     : -> GET /v1/api/tickle,200|53ms
02:19:25.308 DEBUG vert.x-eventloop-thread-0 ClientPortalService  : tickle {"session":"f7b2c4e17fe815393c00fc35223acb54","ssoExpires":30273,"collission":false,"userId":50301190,"hmds":{"error":"no bridge"},"iserver":{"authStatus":{"authenticated":false,"established":false,"competing":false,"connected":false,"MAC":null}}}
02:19:55.309 INFO  vert.x-eventloop-thread-0 BaseServiceProxy     : -> GET /v1/api/tickle,200|56ms
02:19:55.310 DEBUG vert.x-eventloop-thread-0 ClientPortalService  : tickle {"session":"f7b2c4e17fe815393c00fc35223acb54","ssoExpires":270,"collission":false,"userId":50301190,"hmds":{"error":"no bridge"},"iserver":{"authStatus":{"authenticated":false,"established":false,"competing":false,"connected":false,"MAC":null}}}
02:20:25.753 INFO  vert.x-eventloop-thread-0 BaseServiceProxy     : -> GET /v1/api/tickle,200|499ms
02:20:25.755 DEBUG vert.x-eventloop-thread-0 ClientPortalService  : tickle {"session":"f7b2c4e17fe815393c00fc35223acb54","ssoExpires":600000,"collission":false,"userId":50301190,"hmds":{"error":"no bridge"},"iserver":{"authStatus":{"authenticated":false,"established":false,"competing":false,"connected":false,"MAC":null}}}
02:20:36.472 INFO  vert.x-eventloop-thread-0 BaseServiceProxy     : -> GET /v1/api/tickle,200|59ms
02:20:55.306 INFO  vert.x-eventloop-thread-0 BaseServiceProxy     : -> GET /v1/api/tickle,200|53ms
02:20:55.309 DEBUG vert.x-eventloop-thread-0 ClientPortalService  : tickle {"session":"f7b2c4e17fe815393c00fc35223acb54","ssoExpires":570445,"collission":false,"userId":50301190,"hmds":{"error":"no bridge"},"iserver":{"authStatus":{"authenticated":false,"established":false,"competing":false,"connected":false,"MAC":null}}}
02:21:25.316 INFO  vert.x-eventloop-thread-0 BaseServiceProxy     : -> GET /v1/api/tickle,200|63ms
02:21:25.317 DEBUG vert.x-eventloop-thread-0 ClientPortalService  : tickle {"session":"f7b2c4e17fe815393c00fc35223acb54","ssoExpires":540435,"collission":false,"userId":50301190,"hmds":{"error":"no bridge"},"iserver":{"authStatus":{"authenticated":false,"established":false,"competing":false,"connected":false,"MAC":null}}}
02:21:55.307 INFO  vert.x-eventloop-thread-0 BaseServiceProxy     : -> GET /v1/api/tickle,200|54ms
02:21:55.308 DEBUG vert.x-eventloop-thread-0 ClientPortalService  : tickle {"session":"f7b2c4e17fe815393c00fc35223acb54","ssoExpires":510446,"collission":false,"userId":50301190,"hmds":{"error":"no bridge"},"iserver":{"authStatus":{"authenticated":false,"established":false,"competing":false,"connected":false,"MAC":null}}}
02:22:25.330 INFO  vert.x-eventloop-thread-0 BaseServiceProxy     : -> GET /v1/api/tickle,200|75ms
02:22:25.332 DEBUG vert.x-eventloop-thread-0 ClientPortalService  : tickle {"session":"f7b2c4e17fe815393c00fc35223acb54","ssoExpires":480423,"collission":false,"userId":50301190,"hmds":{"error":"no bridge"},"iserver":{"authStatus":{"authenticated":false,"established":false,"competing":false,"connected":false,"MAC":null}}}
02:22:55.313 INFO  vert.x-eventloop-thread-0 BaseServiceProxy     : -> GET /v1/api/tickle,200|60ms
02:22:55.315 DEBUG vert.x-eventloop-thread-0 ClientPortalService  : tickle {"session":"f7b2c4e17fe815393c00fc35223acb54","ssoExpires":450438,"collission":false,"userId":50301190,"hmds":{"error":"no bridge"},"iserver":{"authStatus":{"authenticated":false,"established":false,"competing":false,"connected":false,"MAC":null}}}
02:23:20.658 INFO  vert.x-eventloop-thread-0 BaseServiceProxy     : -> GET /sso/ping,200|509ms
02:23:20.659 INFO  vert.x-eventloop-thread-0 SsoService           : sso ping {"result": "true"}
02:23:25.312 INFO  vert.x-eventloop-thread-0 BaseServiceProxy     : -> GET /v1/api/tickle,200|59ms
02:23:25.313 DEBUG vert.x-eventloop-thread-0 ClientPortalService  : tickle {"session":"f7b2c4e17fe815393c00fc35223acb54","ssoExpires":420439,"collission":false,"userId":50301190,"hmds":{"error":"no bridge"},"iserver":{"authStatus":{"authenticated":false,"established":false,"competing":false,"connected":false,"MAC":null}}}
02:23:36.643 INFO  vert.x-eventloop-thread-0 BaseServiceProxy     : -> GET /v1/api/tickle,200|52ms
02:23:55.313 INFO  vert.x-eventloop-thread-0 BaseServiceProxy     : -> GET /v1/api/tickle,200|59ms
02:23:55.315 DEBUG vert.x-eventloop-thread-0 ClientPortalService  : tickle {"session":"f7b2c4e17fe815393c00fc35223acb54","ssoExpires":390438,"collission":false,"userId":50301190,"hmds":{"error":"no bridge"},"iserver":{"authStatus":{"authenticated":false,"established":false,"competing":false,"connected":false,"MAC":null}}}
02:24:25.536 INFO  vert.x-eventloop-thread-0 BaseServiceProxy     : -> GET /v1/api/tickle,200|282ms
02:24:25.538 DEBUG vert.x-eventloop-thread-0 ClientPortalService  : tickle {"session":"f7b2c4e17fe815393c00fc35223acb54","ssoExpires":360220,"collission":false,"userId":50301190,"hmds":{"error":"no bridge"},"iserver":{"authStatus":{"authenticated":false,"established":false,"competing":false,"connected":false,"MAC":null}}}
02:24:55.308 INFO  vert.x-eventloop-thread-0 BaseServiceProxy     : -> GET /v1/api/tickle,200|54ms
02:24:55.309 DEBUG vert.x-eventloop-thread-0 ClientPortalService  : tickle {"session":"f7b2c4e17fe815393c00fc35223acb54","ssoExpires":330444,"collission":false,"userId":50301190,"hmds":{"error":"no bridge"},"iserver":{"authStatus":{"authenticated":false,"established":false,"competing":false,"connected":false,"MAC":null}}}
02:25:25.314 INFO  vert.x-eventloop-thread-0 BaseServiceProxy     : -> GET /v1/api/tickle,200|61ms
02:25:25.316 DEBUG vert.x-eventloop-thread-0 ClientPortalService  : tickle {"session":"f7b2c4e17fe815393c00fc35223acb54","ssoExpires":300437,"collission":false,"userId":50301190,"hmds":{"error":"no bridge"},"iserver":{"authStatus":{"authenticated":false,"established":false,"competing":false,"connected":false,"MAC":null}}}
02:25:55.317 INFO  vert.x-eventloop-thread-0 BaseServiceProxy     : -> GET /v1/api/tickle,200|64ms
02:25:55.319 DEBUG vert.x-eventloop-thread-0 ClientPortalService  : tickle {"session":"f7b2c4e17fe815393c00fc35223acb54","ssoExpires":270436,"collission":false,"userId":50301190,"hmds":{"error":"no bridge"},"iserver":{"authStatus":{"authenticated":false,"established":false,"competing":false,"connected":false,"MAC":null}}}
02:26:25.322 INFO  vert.x-eventloop-thread-0 BaseServiceProxy     : -> GET /v1/api/tickle,200|68ms
02:26:25.324 DEBUG vert.x-eventloop-thread-0 ClientPortalService  : tickle {"session":"f7b2c4e17fe815393c00fc35223acb54","ssoExpires":240435,"collission":false,"userId":50301190,"hmds":{"error":"no bridge"},"iserver":{"authStatus":{"authenticated":false,"established":false,"competing":false,"connected":false,"MAC":null}}}
02:26:36.842 INFO  vert.x-eventloop-thread-0 BaseServiceProxy     : -> GET /v1/api/tickle,200|60ms
02:26:55.306 INFO  vert.x-eventloop-thread-0 BaseServiceProxy     : -> GET /v1/api/tickle,200|53ms
02:26:55.308 DEBUG vert.x-eventloop-thread-0 ClientPortalService  : tickle {"session":"f7b2c4e17fe815393c00fc35223acb54","ssoExpires":210446,"collission":false,"userId":50301190,"hmds":{"error":"no bridge"},"iserver":{"authStatus":{"authenticated":false,"established":false,"competing":false,"connected":false,"MAC":null}}}
02:27:25.317 INFO  vert.x-eventloop-thread-0 BaseServiceProxy     : -> GET /v1/api/tickle,200|65ms
02:27:25.319 DEBUG vert.x-eventloop-thread-0 ClientPortalService  : tickle {"session":"f7b2c4e17fe815393c00fc35223acb54","ssoExpires":180434,"collission":false,"userId":50301190,"hmds":{"error":"no bridge"},"iserver":{"authStatus":{"authenticated":false,"established":false,"competing":false,"connected":false,"MAC":null}}}
02:27:55.326 INFO  vert.x-eventloop-thread-0 BaseServiceProxy     : -> GET /v1/api/tickle,200|66ms
02:27:55.328 DEBUG vert.x-eventloop-thread-0 ClientPortalService  : tickle {"session":"f7b2c4e17fe815393c00fc35223acb54","ssoExpires":150432,"collission":false,"userId":50301190,"hmds":{"error":"no bridge"},"iserver":{"authStatus":{"authenticated":false,"established":false,"competing":false,"connected":false,"MAC":null}}}
02:28:20.530 INFO  vert.x-eventloop-thread-0 BaseServiceProxy     : -> GET /sso/ping,200|371ms
02:28:20.531 INFO  vert.x-eventloop-thread-0 SsoService           : sso ping {"result": "true"}
02:28:25.325 INFO  vert.x-eventloop-thread-0 BaseServiceProxy     : -> GET /v1/api/tickle,200|64ms
02:28:25.325 DEBUG vert.x-eventloop-thread-0 ClientPortalService  : tickle {"session":"f7b2c4e17fe815393c00fc35223acb54","ssoExpires":120435,"collission":false,"userId":50301190,"hmds":{"error":"no bridge"},"iserver":{"authStatus":{"authenticated":false,"established":false,"competing":false,"connected":false,"MAC":null}}}
02:44:15.520 ERROR vert.x-eventloop-thread-0 ConnectionBase       : java.net.SocketException: Connection reset
02:44:15.521 ERROR vert.x-eventloop-thread-0 BaseServiceProxy     : request failed Connection reset
java.net.SocketException: Connection reset
	at java.base/sun.nio.ch.SocketChannelImpl.throwConnectionReset(SocketChannelImpl.java:394)
	at java.base/sun.nio.ch.SocketChannelImpl.read(SocketChannelImpl.java:426)
	at io.netty.buffer.PooledUnsafeDirectByteBuf.setBytes(PooledUnsafeDirectByteBuf.java:288)
	at io.netty.buffer.AbstractByteBuf.writeBytes(AbstractByteBuf.java:1106)
	at io.netty.channel.socket.nio.NioSocketChannel.doReadBytes(NioSocketChannel.java:373)
	at io.netty.channel.nio.AbstractNioByteChannel$NioByteUnsafe.read(AbstractNioByteChannel.java:123)
	at io.netty.channel.nio.NioEventLoop.processSelectedKey(NioEventLoop.java:645)
	at io.netty.channel.nio.NioEventLoop.processSelectedKeysPlain(NioEventLoop.java:545)
	at io.netty.channel.nio.NioEventLoop.processSelectedKeys(NioEventLoop.java:499)
	at io.netty.channel.nio.NioEventLoop.run(NioEventLoop.java:459)
	at io.netty.util.concurrent.SingleThreadEventExecutor$5.run(SingleThreadEventExecutor.java:858)
	at java.base/java.lang.Thread.run(Thread.java:842)
02:44:46.092 INFO  vert.x-eventloop-thread-0 BaseServiceProxy     : -> GET /v1/api/tickle,200|603ms
02:44:46.094 DEBUG vert.x-eventloop-thread-0 ClientPortalService  : tickle {"session":"14558297a9a942e288d406e4c103d599","ssoExpires":600000,"collission":false,"userId":50301190,"hmds":{"error":"no bridge"},"iserver":{"authStatus":{"authenticated":false,"established":false,"competing":false,"connected":false,"MAC":null}}}
02:44:57.224 INFO  vert.x-eventloop-thread-0 BaseServiceProxy     : -> GET /v1/api/tickle,200|60ms
02:45:15.544 INFO  vert.x-eventloop-thread-0 BaseServiceProxy     : -> GET /v1/api/tickle,200|56ms
02:45:15.546 DEBUG vert.x-eventloop-thread-0 ClientPortalService  : tickle {"session":"14558297a9a942e288d406e4c103d599","ssoExpires":570542,"collission":false,"userId":50301190,"hmds":{"error":"no bridge"},"iserver":{"authStatus":{"authenticated":false,"established":false,"competing":false,"connected":false,"MAC":null}}}
02:45:45.552 INFO  vert.x-eventloop-thread-0 BaseServiceProxy     : -> GET /v1/api/tickle,200|63ms
02:45:45.554 DEBUG vert.x-eventloop-thread-0 ClientPortalService  : tickle {"session":"14558297a9a942e288d406e4c103d599","ssoExpires":540534,"collission":false,"userId":50301190,"hmds":{"error":"no bridge"},"iserver":{"authStatus":{"authenticated":false,"established":false,"competing":false,"connected":false,"MAC":null}}}
02:46:15.550 INFO  vert.x-eventloop-thread-0 BaseServiceProxy     : -> GET /v1/api/tickle,200|61ms
02:46:15.551 DEBUG vert.x-eventloop-thread-0 ClientPortalService  : tickle {"session":"14558297a9a942e288d406e4c103d599","ssoExpires":510537,"collission":false,"userId":50301190,"hmds":{"error":"no bridge"},"iserver":{"authStatus":{"authenticated":false,"established":false,"competing":false,"connected":false,"MAC":null}}}
02:46:45.555 INFO  vert.x-eventloop-thread-0 BaseServiceProxy     : -> GET /v1/api/tickle,200|66ms
02:46:45.557 DEBUG vert.x-eventloop-thread-0 ClientPortalService  : tickle {"session":"14558297a9a942e288d406e4c103d599","ssoExpires":480535,"collission":false,"userId":50301190,"hmds":{"error":"no bridge"},"iserver":{"authStatus":{"authenticated":false,"established":false,"competing":false,"connected":false,"MAC":null}}}
02:47:15.550 INFO  vert.x-eventloop-thread-0 BaseServiceProxy     : -> GET /v1/api/tickle,200|62ms
02:47:15.551 DEBUG vert.x-eventloop-thread-0 ClientPortalService  : tickle {"session":"14558297a9a942e288d406e4c103d599","ssoExpires":450536,"collission":false,"userId":50301190,"hmds":{"error":"no bridge"},"iserver":{"authStatus":{"authenticated":false,"established":false,"competing":false,"connected":false,"MAC":null}}}
02:47:45.551 INFO  vert.x-eventloop-thread-0 BaseServiceProxy     : -> GET /v1/api/tickle,200|62ms
02:47:45.553 DEBUG vert.x-eventloop-thread-0 ClientPortalService  : tickle {"session":"14558297a9a942e288d406e4c103d599","ssoExpires":420536,"collission":false,"userId":50301190,"hmds":{"error":"no bridge"},"iserver":{"authStatus":{"authenticated":false,"established":false,"competing":false,"connected":false,"MAC":null}}}
02:47:57.533 INFO  vert.x-eventloop-thread-0 BaseServiceProxy     : -> GET /v1/api/tickle,200|160ms
02:48:15.565 INFO  vert.x-eventloop-thread-0 BaseServiceProxy     : -> GET /v1/api/tickle,200|75ms
02:48:15.567 DEBUG vert.x-eventloop-thread-0 ClientPortalService  : tickle {"session":"14558297a9a942e288d406e4c103d599","ssoExpires":390521,"collission":false,"userId":50301190,"hmds":{"error":"no bridge"},"iserver":{"authStatus":{"authenticated":false,"established":false,"competing":false,"connected":false,"MAC":null}}}
02:48:40.668 INFO  vert.x-eventloop-thread-0 BaseServiceProxy     : -> GET /sso/ping,200|283ms
02:48:40.669 INFO  vert.x-eventloop-thread-0 SsoService           : sso ping {"result": "true"}
02:48:45.563 INFO  vert.x-eventloop-thread-0 BaseServiceProxy     : -> GET /v1/api/tickle,200|73ms
02:48:45.564 DEBUG vert.x-eventloop-thread-0 ClientPortalService  : tickle {"session":"14558297a9a942e288d406e4c103d599","ssoExpires":360526,"collission":false,"userId":50301190,"hmds":{"error":"no bridge"},"iserver":{"authStatus":{"authenticated":false,"established":false,"competing":false,"connected":false,"MAC":null}}}
02:49:15.555 INFO  vert.x-eventloop-thread-0 BaseServiceProxy     : -> GET /v1/api/tickle,200|66ms
02:49:15.557 DEBUG vert.x-eventloop-thread-0 ClientPortalService  : tickle {"session":"14558297a9a942e288d406e4c103d599","ssoExpires":330532,"collission":false,"userId":50301190,"hmds":{"error":"no bridge"},"iserver":{"authStatus":{"authenticated":false,"established":false,"competing":false,"connected":false,"MAC":null}}}
02:49:45.556 INFO  vert.x-eventloop-thread-0 BaseServiceProxy     : -> GET /v1/api/tickle,200|67ms
02:49:45.557 DEBUG vert.x-eventloop-thread-0 ClientPortalService  : tickle {"session":"14558297a9a942e288d406e4c103d599","ssoExpires":300533,"collission":false,"userId":50301190,"hmds":{"error":"no bridge"},"iserver":{"authStatus":{"authenticated":false,"established":false,"competing":false,"connected":false,"MAC":null}}}
02:50:15.614 INFO  vert.x-eventloop-thread-0 BaseServiceProxy     : -> GET /v1/api/tickle,200|125ms
02:50:15.615 DEBUG vert.x-eventloop-thread-0 ClientPortalService  : tickle {"session":"14558297a9a942e288d406e4c103d599","ssoExpires":270527,"collission":false,"userId":50301190,"hmds":{"error":"no bridge"},"iserver":{"authStatus":{"authenticated":false,"established":false,"competing":false,"connected":false,"MAC":null}}}
02:50:45.576 INFO  vert.x-eventloop-thread-0 BaseServiceProxy     : -> GET /v1/api/tickle,200|86ms
02:50:45.579 DEBUG vert.x-eventloop-thread-0 ClientPortalService  : tickle {"session":"14558297a9a942e288d406e4c103d599","ssoExpires":240511,"collission":false,"userId":50301190,"hmds":{"error":"no bridge"},"iserver":{"authStatus":{"authenticated":false,"established":false,"competing":false,"connected":false,"MAC":null}}}
02:50:57.765 INFO  vert.x-eventloop-thread-0 BaseServiceProxy     : -> GET /v1/api/tickle,200|98ms
02:51:15.579 INFO  vert.x-eventloop-thread-0 BaseServiceProxy     : -> GET /v1/api/tickle,200|90ms
02:51:15.580 DEBUG vert.x-eventloop-thread-0 ClientPortalService  : tickle {"session":"14558297a9a942e288d406e4c103d599","ssoExpires":210528,"collission":false,"userId":50301190,"hmds":{"error":"no bridge"},"iserver":{"authStatus":{"authenticated":false,"established":false,"competing":false,"connected":false,"MAC":null}}}
02:51:45.891 INFO  vert.x-eventloop-thread-0 BaseServiceProxy     : -> GET /v1/api/tickle,200|401ms
02:51:45.894 DEBUG vert.x-eventloop-thread-0 ClientPortalService  : tickle {"session":"14558297a9a942e288d406e4c103d599","ssoExpires":180253,"collission":false,"userId":50301190,"hmds":{"error":"no bridge"},"iserver":{"authStatus":{"authenticated":false,"established":false,"competing":false,"connected":false,"MAC":null}}}
02:52:15.546 INFO  vert.x-eventloop-thread-0 BaseServiceProxy     : -> GET /v1/api/tickle,200|58ms
02:52:15.547 DEBUG vert.x-eventloop-thread-0 ClientPortalService  : tickle {"session":"14558297a9a942e288d406e4c103d599","ssoExpires":150539,"collission":false,"userId":50301190,"hmds":{"error":"no bridge"},"iserver":{"authStatus":{"authenticated":false,"established":false,"competing":false,"connected":false,"MAC":null}}}
02:52:45.556 INFO  vert.x-eventloop-thread-0 BaseServiceProxy     : -> GET /v1/api/tickle,200|67ms
02:52:45.557 DEBUG vert.x-eventloop-thread-0 ClientPortalService  : tickle {"session":"14558297a9a942e288d406e4c103d599","ssoExpires":120532,"collission":false,"userId":50301190,"hmds":{"error":"no bridge"},"iserver":{"authStatus":{"authenticated":false,"established":false,"competing":false,"connected":false,"MAC":null}}}
02:53:15.548 INFO  vert.x-eventloop-thread-0 BaseServiceProxy     : -> GET /v1/api/tickle,200|59ms
02:53:15.550 DEBUG vert.x-eventloop-thread-0 ClientPortalService  : tickle {"session":"14558297a9a942e288d406e4c103d599","ssoExpires":90541,"collission":false,"userId":50301190,"hmds":{"error":"no bridge"},"iserver":{"authStatus":{"authenticated":false,"established":false,"competing":false,"connected":false,"MAC":null}}}
02:53:40.681 INFO  vert.x-eventloop-thread-0 BaseServiceProxy     : -> GET /sso/ping,200|296ms
02:53:40.682 INFO  vert.x-eventloop-thread-0 SsoService           : sso ping {"result": "true"}
02:53:45.579 INFO  vert.x-eventloop-thread-0 BaseServiceProxy     : -> GET /v1/api/tickle,200|90ms
02:53:45.580 DEBUG vert.x-eventloop-thread-0 ClientPortalService  : tickle {"session":"14558297a9a942e288d406e4c103d599","ssoExpires":60508,"collission":false,"userId":50301190,"hmds":{"error":"no bridge"},"iserver":{"authStatus":{"authenticated":false,"established":false,"competing":false,"connected":false,"MAC":null}}}
02:53:57.936 INFO  vert.x-eventloop-thread-0 BaseServiceProxy     : -> GET /v1/api/tickle,200|56ms
02:54:15.549 INFO  vert.x-eventloop-thread-0 BaseServiceProxy     : -> GET /v1/api/tickle,200|59ms
02:54:15.551 DEBUG vert.x-eventloop-thread-0 ClientPortalService  : tickle {"session":"14558297a9a942e288d406e4c103d599","ssoExpires":30538,"collission":false,"userId":50301190,"hmds":{"error":"no bridge"},"iserver":{"authStatus":{"authenticated":false,"established":false,"competing":false,"connected":false,"MAC":null}}}
02:54:45.558 INFO  vert.x-eventloop-thread-0 BaseServiceProxy     : -> GET /v1/api/tickle,200|68ms
02:54:45.560 DEBUG vert.x-eventloop-thread-0 ClientPortalService  : tickle {"session":"14558297a9a942e288d406e4c103d599","ssoExpires":529,"collission":false,"userId":50301190,"hmds":{"error":"no bridge"},"iserver":{"authStatus":{"authenticated":false,"established":false,"competing":false,"connected":false,"MAC":null}}}
02:55:15.561 INFO  vert.x-eventloop-thread-0 BaseServiceProxy     : -> GET /v1/api/tickle,401|71ms
02:55:15.563 WARN  vert.x-eventloop-thread-0 BaseServiceProxy     : failed /v1/api/tickle | reason Access Denied
02:55:15.568 DEBUG vert.x-eventloop-thread-0 ClientPortalService  : tickle null
02:55:15.568 ERROR vert.x-eventloop-thread-0 ClientPortalService  : tickle cp session failed {}
io.vertx.core.impl.NoStackTraceThrowable: Access Denied
02:55:15.568 DEBUG vert.x-eventloop-thread-0 BaseServiceProxy     : cancel timer ClientPortalService 2
02:55:15.568 DEBUG vert.x-eventloop-thread-0 BaseServiceProxy     : forward event ON_CP_TICKLE_FAILED, payload none
02:55:16.017 INFO  vert.x-eventloop-thread-0 BaseServiceProxy     : -> GET /v1/api/sso/validate?gw=1,200|449ms
02:55:16.017 DEBUG vert.x-eventloop-thread-0 ClientPortalService  : portal validate response: {"SFT":"5.2a","IS_PENDING_APPLICANT":false,"SF_ENABLED":true,"HARDWARE_INFO":"","UNIQUE_LOGIN_ID":"50301190-1776443523498","AUTH_TIME":1776443523543,"SF_CONFIG":"5.2a","USER_NAME":"pragu1020","CREDENTIAL_TYPE":0,"IS_FREE_TRIAL":false,"LOGIN_TYPE":1,"LANDING_APP":"PORTAL","CREDENTIAL":"pragu1020","ANOMALOUS_LOGIN":false,"RESULT":true,"IP":"116.88.81.189","USER_ID":50301190,"EXPIRES":1776452115951,"TOKEN":"b91c97ad3cfbe97e0cee1e83953d088cc9a23e5d","took":264,"IS_MASTER":false,"features":{"env":"PROD","wlms":true,"realtime":true,"bond":true,"optionChains":true,"calendar":true,"newMf":true},"region":"SG"}
02:55:16.018 INFO  vert.x-eventloop-thread-0 GatewayHttpProxy     : authenticated to cp
02:55:16.018 DEBUG vert.x-eventloop-thread-0 BaseServiceProxy     : cancel timer SsoService 0
02:55:16.018 DEBUG vert.x-eventloop-thread-0 BaseServiceProxy     : start timer 300000 SsoService
02:55:16.019 DEBUG vert.x-eventloop-thread-0 BaseServiceProxy     : forward event ON_SSO_VALIDATION, payload 50301190
02:55:16.370 INFO  vert.x-eventloop-thread-0 BaseServiceProxy     : -> GET /v1/api/one/user,200|352ms
02:55:16.371 INFO  vert.x-eventloop-thread-0 ClientPortalService  : get user reply {"username":"pragu1020","features":{"env":"PROD","wlms":true,"realtime":true,"bond":true,"optionChains":true,"calendar":true,"newMf":true},"wbId":"","uar":{"portfolioAnalyst":true,"userInfo":true,"messageCenter":true,"accountDetails":true,"tradingRestrictions":false,"tws":true,"fyi":true,"voting":true,"forum":true,"recentTransactions":true},"props":{"isIBAMClient":false,"ReadOnlySession":null},"firstApprovedDate":1592755200000,"accts":{"U5799398F":{"isIBAMClient":false,"clearingStatus":"O","openDate":1667577600000,"isFAClient":false,"isFunded":true,"tradingPermissions":["CMDTY"]},"U5799398":{"isIBAMClient":false,"clearingStatus":"O","openDate":1592150400000,"isFAClient":false,"isFunded":true,"tradingPermissions":["OPT","IOPT","WAR","STK","CASH","FOP"]}},"hasBrokerageAccessInd":true,"hfcipEligibleInd":false,"fa":false,"has2fa":false,"islite":false,"ispaper":false,"applicants":[{"id":6062329,"type":"INDIVIDUAL","businessType":"INDEPENDENT","nlcode":"en_US","legalCountry":{"name":"Singapore","alpha3":"SGP"}}]}
02:55:17.756 INFO  vert.x-eventloop-thread-0 SsoService           : sso init status=200, url=https://api.ibkr.com/v1/api/ssodh/init
02:55:17.818 DEBUG vert.x-eventloop-thread-0 SsoService           : K 9cb8b2133a3c388b02b051db7aac9d0923452a6f
02:55:17.819 DEBUG vert.x-eventloop-thread-0 BaseServiceProxy     : forward event ON_SSODH_COMPLETED, payload none
02:55:17.819 DEBUG vert.x-eventloop-thread-0 GatewayHttpProxy     : delaying authentication for 3000
02:55:17.825 ERROR vert.x-eventloop-thread-0 ContextImpl          : Unhandled exception
java.lang.NullPointerException: Cannot read the array length because "mac" is null
	at ibgroup.web.core.clientportal.gw.utils.TstTokenUtils.getMacAddress(TstTokenUtils.java:22)
	at ibgroup.web.core.clientportal.gw.services.SsoService.getMac(SsoService.java:81)
	at ibgroup.web.core.clientportal.gw.services.SsoService.getDeviceId(SsoService.java:70)
	at ibgroup.web.core.clientportal.gw.services.SsoService.setTstToken(SsoService.java:88)
	at ibgroup.web.core.clientportal.gw.http.GatewayHttpProxy.onEvent(GatewayHttpProxy.java:213)
	at ibgroup.web.core.clientportal.gw.http.GatewayHttpProxy.lambda$new$1(GatewayHttpProxy.java:56)
	at ibgroup.web.core.clientportal.gw.services.BaseServiceProxy.lambda$null$0(BaseServiceProxy.java:67)
	at java.base/java.util.ArrayList.forEach(ArrayList.java:1511)
	at ibgroup.web.core.clientportal.gw.services.BaseServiceProxy.lambda$on$1(BaseServiceProxy.java:67)
	at io.vertx.core.impl.ContextImpl.lambda$wrapTask$2(ContextImpl.java:344)
	at io.netty.util.concurrent.AbstractEventExecutor.safeExecute(AbstractEventExecutor.java:163)
	at io.netty.util.concurrent.SingleThreadEventExecutor.runAllTasks(SingleThreadEventExecutor.java:403)
	at io.netty.channel.nio.NioEventLoop.run(NioEventLoop.java:463)
	at io.netty.util.concurrent.SingleThreadEventExecutor$5.run(SingleThreadEventExecutor.java:858)
	at java.base/java.lang.Thread.run(Thread.java:842)
02:55:20.882 INFO  vert.x-eventloop-thread-0 BaseServiceProxy     : -> GET /v1/api/iserver/auth/status,200|62ms
02:55:20.883 DEBUG vert.x-eventloop-thread-0 ClientPortalService  : status {"authenticated":false,"established":false,"competing":false,"connected":false,"MAC":null}
02:55:20.884 INFO  vert.x-eventloop-thread-0 ClientPortalService  : process auth status {"authenticated":false,"established":false,"competing":false,"connected":false,"MAC":null}
02:55:20.886 DEBUG vert.x-eventloop-thread-0 ClientPortalService  : auth brokerage, k=9cb8b2133a3c388b02b051db7aac9d0923452a6f, post={"username":"pragu1020","machineId":"0c9af131","compete":true}
02:55:21.224 INFO  vert.x-eventloop-thread-0 BaseServiceProxy     : -> POST https://api.ibkr.com/v1/api/iserver/auth/ssodh/init,200|338ms
02:55:21.225 DEBUG vert.x-eventloop-thread-0 ClientPortalService  : iserver init : {"passed":true,"authenticated":true,"connected":true,"established":false,"competing":false,"hardware_info":"2f9715a6|F4:03:43:DB:8E:10"}
02:55:21.225 INFO  vert.x-eventloop-thread-0 ClientPortalService  : process auth status {"passed":true,"authenticated":true,"connected":true,"established":false,"competing":false,"hardware_info":"2f9715a6|F4:03:43:DB:8E:10"}
02:55:21.226 DEBUG vert.x-eventloop-thread-0 BaseServiceProxy     : start timer 30000 ClientPortalService
02:55:21.275 INFO  vert.x-eventloop-thread-0 BaseServiceProxy     : -> GET /v1/api/iserver/accounts,200|49ms
02:55:21.276 DEBUG vert.x-eventloop-thread-0 ClientPortalService  : iserver accounts {}
02:55:51.511 INFO  vert.x-eventloop-thread-0 BaseServiceProxy     : -> GET /v1/api/tickle,200|283ms
02:55:51.513 DEBUG vert.x-eventloop-thread-0 ClientPortalService  : tickle {"session":"14558297a9a942e288d406e4c103d599","ssoExpires":600000,"collission":false,"userId":50301190,"hmds":{"error":"no bridge"},"iserver":{"authStatus":{"authenticated":true,"established":true,"competing":false,"connected":true,"message":"","MAC":null,"serverInfo":{"serverName":"JifS23064","serverVersion":"Build 10.44.1f, Apr 7, 2026 1:49:24 PM"},"hardware_info":"0a4263dc|F4:03:43:DB:8E:10"}}}
02:56:21.279 INFO  vert.x-eventloop-thread-0 BaseServiceProxy     : -> GET /v1/api/tickle,200|52ms
02:56:21.281 DEBUG vert.x-eventloop-thread-0 ClientPortalService  : tickle {"session":"14558297a9a942e288d406e4c103d599","ssoExpires":570230,"collission":false,"userId":50301190,"hmds":{"error":"no bridge"},"iserver":{"authStatus":{"authenticated":true,"established":true,"competing":false,"connected":true,"message":"","MAC":null,"serverInfo":{"serverName":"JifS23064","serverVersion":"Build 10.44.1f, Apr 7, 2026 1:49:24 PM"},"hardware_info":"2924fa03|F4:03:43:DB:8E:10"}}}
02:56:51.292 INFO  vert.x-eventloop-thread-0 BaseServiceProxy     : -> GET /v1/api/tickle,200|64ms
02:56:51.293 DEBUG vert.x-eventloop-thread-0 ClientPortalService  : tickle {"session":"14558297a9a942e288d406e4c103d599","ssoExpires":540221,"collission":false,"userId":50301190,"hmds":{"error":"no bridge"},"iserver":{"authStatus":{"authenticated":true,"established":true,"competing":false,"connected":true,"message":"","MAC":null,"serverInfo":{"serverName":"JifS23064","serverVersion":"Build 10.44.1f, Apr 7, 2026 1:49:24 PM"},"hardware_info":"0d995c5f|F4:03:43:DB:8E:10"}}}
02:56:58.443 INFO  vert.x-eventloop-thread-0 BaseServiceProxy     : -> GET /v1/api/tickle,200|383ms
02:57:21.282 INFO  vert.x-eventloop-thread-0 BaseServiceProxy     : -> GET /v1/api/tickle,200|55ms
02:57:21.283 DEBUG vert.x-eventloop-thread-0 ClientPortalService  : tickle {"session":"14558297a9a942e288d406e4c103d599","ssoExpires":510229,"collission":false,"userId":50301190,"hmds":{"error":"no bridge"},"iserver":{"authStatus":{"authenticated":true,"established":true,"competing":false,"connected":true,"message":"","MAC":null,"serverInfo":{"serverName":"JifS23064","serverVersion":"Build 10.44.1f, Apr 7, 2026 1:49:24 PM"},"hardware_info":"1c71d158|F4:03:43:DB:8E:10"}}}
02:57:51.290 INFO  vert.x-eventloop-thread-0 BaseServiceProxy     : -> GET /v1/api/tickle,200|63ms
02:57:51.291 DEBUG vert.x-eventloop-thread-0 ClientPortalService  : tickle {"session":"14558297a9a942e288d406e4c103d599","ssoExpires":480220,"collission":false,"userId":50301190,"hmds":{"error":"no bridge"},"iserver":{"authStatus":{"authenticated":true,"established":true,"competing":false,"connected":true,"message":"","MAC":null,"serverInfo":{"serverName":"JifS23064","serverVersion":"Build 10.44.1f, Apr 7, 2026 1:49:24 PM"},"hardware_info":"29aa9b0e|F4:03:43:DB:8E:10"}}}
02:58:21.292 INFO  vert.x-eventloop-thread-0 BaseServiceProxy     : -> GET /v1/api/tickle,200|65ms
02:58:21.293 DEBUG vert.x-eventloop-thread-0 ClientPortalService  : tickle {"session":"14558297a9a942e288d406e4c103d599","ssoExpires":450220,"collission":false,"userId":50301190,"hmds":{"error":"no bridge"},"iserver":{"authStatus":{"authenticated":true,"established":true,"competing":false,"connected":true,"message":"","MAC":null,"serverInfo":{"serverName":"JifS23064","serverVersion":"Build 10.44.1f, Apr 7, 2026 1:49:24 PM"},"hardware_info":"0896b52b|F4:03:43:DB:8E:10"}}}
02:58:51.291 INFO  vert.x-eventloop-thread-0 BaseServiceProxy     : -> GET /v1/api/tickle,200|63ms
02:58:51.291 DEBUG vert.x-eventloop-thread-0 ClientPortalService  : tickle {"session":"14558297a9a942e288d406e4c103d599","ssoExpires":420227,"collission":false,"userId":50301190,"hmds":{"error":"no bridge"},"iserver":{"authStatus":{"authenticated":true,"established":true,"competing":false,"connected":true,"message":"","MAC":null,"serverInfo":{"serverName":"JifS23064","serverVersion":"Build 10.44.1f, Apr 7, 2026 1:49:24 PM"},"hardware_info":"284ab8b3|F4:03:43:DB:8E:10"}}}
02:59:21.322 INFO  vert.x-eventloop-thread-0 BaseServiceProxy     : -> GET /v1/api/tickle,200|87ms
02:59:21.324 DEBUG vert.x-eventloop-thread-0 ClientPortalService  : tickle {"session":"14558297a9a942e288d406e4c103d599","ssoExpires":390191,"collission":false,"userId":50301190,"hmds":{"error":"no bridge"},"iserver":{"authStatus":{"authenticated":true,"established":true,"competing":false,"connected":true,"message":"","MAC":null,"serverInfo":{"serverName":"JifS23064","serverVersion":"Build 10.44.1f, Apr 7, 2026 1:49:24 PM"},"hardware_info":"26d47484|F4:03:43:DB:8E:10"}}}
02:59:51.474 INFO  vert.x-eventloop-thread-0 BaseServiceProxy     : -> GET /v1/api/tickle,200|245ms
02:59:51.475 DEBUG vert.x-eventloop-thread-0 ClientPortalService  : tickle {"session":"14558297a9a942e288d406e4c103d599","ssoExpires":360038,"collission":false,"userId":50301190,"hmds":{"error":"no bridge"},"iserver":{"authStatus":{"authenticated":true,"established":true,"competing":false,"connected":true,"message":"","MAC":null,"serverInfo":{"serverName":"JifS23064","serverVersion":"Build 10.44.1f, Apr 7, 2026 1:49:24 PM"},"hardware_info":"1df37c37|F4:03:43:DB:8E:10"}}}
02:59:58.646 INFO  vert.x-eventloop-thread-0 BaseServiceProxy     : -> GET /v1/api/tickle,200|61ms
03:00:16.297 INFO  vert.x-eventloop-thread-0 BaseServiceProxy     : -> GET /sso/ping,200|278ms
03:00:16.298 INFO  vert.x-eventloop-thread-0 SsoService           : sso ping {"result": "true"}
03:00:21.501 INFO  vert.x-eventloop-thread-0 BaseServiceProxy     : -> GET /v1/api/tickle,200|273ms
03:00:21.502 DEBUG vert.x-eventloop-thread-0 ClientPortalService  : tickle {"session":"14558297a9a942e288d406e4c103d599","ssoExpires":330009,"collission":false,"userId":50301190,"hmds":{"error":"no bridge"},"iserver":{"authStatus":{"authenticated":true,"established":true,"competing":false,"connected":true,"message":"","MAC":null,"serverInfo":{"serverName":"JifS23064","serverVersion":"Build 10.44.1f, Apr 7, 2026 1:49:24 PM"},"hardware_info":"15080818|F4:03:43:DB:8E:10"}}}
03:00:51.295 INFO  vert.x-eventloop-thread-0 BaseServiceProxy     : -> GET /v1/api/tickle,200|66ms
03:00:51.297 DEBUG vert.x-eventloop-thread-0 ClientPortalService  : tickle {"session":"14558297a9a942e288d406e4c103d599","ssoExpires":300215,"collission":false,"userId":50301190,"hmds":{"error":"no bridge"},"iserver":{"authStatus":{"authenticated":true,"established":true,"competing":false,"connected":true,"message":"","MAC":null,"serverInfo":{"serverName":"JifS23064","serverVersion":"Build 10.44.1f, Apr 7, 2026 1:49:24 PM"},"hardware_info":"0f18b078|F4:03:43:DB:8E:10"}}}
03:01:03.199 INFO  vert.x-eventloop-thread-0 BaseServiceProxy     : -> GET /v1/api/logout,200|56ms
18:31:55.393 INFO  main GatewayStart         : config ../root/conf.yaml !!ibgroup.web.core.clientportal.gw.Config
authDelay: 3000
ccp: false
cors: {origin.allowed: '*', allowCredentials: false}
ip2loc: US
ips:
  allow: [192.*, 131.216.*, 127.0.0.1]
  deny: [212.90.324.10]
listenPort: 8080
listenSsl: true
portalBaseURL: ''
proxyRemoteHost: https://api.ibkr.com
proxyRemoteSsl: true
sslCert: vertx.jks
sslPwd: mywebapi
ssoPing: 5
svcEnvironment: v1
tst: false
twsBaseURL: /tws.proxy
webApps:
- {cache: true, index: index.html, listing: false, name: demo, proxy: ''}

18:31:55.532 INFO  vert.x-eventloop-thread-0 GatewayHttpProxy     :  -> mount demo on /demo
18:31:55.543 INFO  vert.x-eventloop-thread-0 GatewayVerticle      : version: a27ed42161ad96c53e715ca5c5e3e3fa4cff5262 Mon, 24 Apr 2023 15:41:53 -0400
18:31:55.543 INFO  vert.x-eventloop-thread-0 GatewayVerticle      : Java Version: 17.0.10
18:31:55.979 WARN  vert.x-eventloop-thread-0 DefaultChannelPipeline : An exceptionCaught() event was fired, and it reached at the tail of the pipeline. It usually means the last handler in the pipeline did not handle the exception.
io.netty.handler.codec.DecoderException: javax.net.ssl.SSLHandshakeException: Received fatal alert: certificate_unknown
	at io.netty.handler.codec.ByteToMessageDecoder.callDecode(ByteToMessageDecoder.java:459)
	at io.netty.handler.codec.ByteToMessageDecoder.channelRead(ByteToMessageDecoder.java:265)
	at io.netty.channel.AbstractChannelHandlerContext.invokeChannelRead(AbstractChannelHandlerContext.java:362)
	at io.netty.channel.AbstractChannelHandlerContext.invokeChannelRead(AbstractChannelHandlerContext.java:348)
	at io.netty.channel.AbstractChannelHandlerContext.fireChannelRead(AbstractChannelHandlerContext.java:340)
	at io.netty.channel.DefaultChannelPipeline$HeadContext.channelRead(DefaultChannelPipeline.java:1359)
	at io.netty.channel.AbstractChannelHandlerContext.invokeChannelRead(AbstractChannelHandlerContext.java:362)
	at io.netty.channel.AbstractChannelHandlerContext.invokeChannelRead(AbstractChannelHandlerContext.java:348)
	at io.netty.channel.DefaultChannelPipeline.fireChannelRead(DefaultChannelPipeline.java:935)
	at io.netty.channel.nio.AbstractNioByteChannel$NioByteUnsafe.read(AbstractNioByteChannel.java:134)
	at io.netty.channel.nio.NioEventLoop.processSelectedKey(NioEventLoop.java:645)
	at io.netty.channel.nio.NioEventLoop.processSelectedKeysPlain(NioEventLoop.java:545)
	at io.netty.channel.nio.NioEventLoop.processSelectedKeys(NioEventLoop.java:499)
	at io.netty.channel.nio.NioEventLoop.run(NioEventLoop.java:459)
	at io.netty.util.concurrent.SingleThreadEventExecutor$5.run(SingleThreadEventExecutor.java:858)
	at java.base/java.lang.Thread.run(Thread.java:842)
Caused by: javax.net.ssl.SSLHandshakeException: Received fatal alert: certificate_unknown
	at java.base/sun.security.ssl.Alert.createSSLException(Alert.java:131)
	at java.base/sun.security.ssl.Alert.createSSLException(Alert.java:117)
	at java.base/sun.security.ssl.TransportContext.fatal(TransportContext.java:365)
	at java.base/sun.security.ssl.Alert$AlertConsumer.consume(Alert.java:293)
	at java.base/sun.security.ssl.TransportContext.dispatch(TransportContext.java:204)
	at java.base/sun.security.ssl.SSLTransport.decode(SSLTransport.java:172)
	at java.base/sun.security.ssl.SSLEngineImpl.decode(SSLEngineImpl.java:736)
	at java.base/sun.security.ssl.SSLEngineImpl.readRecord(SSLEngineImpl.java:691)
	at java.base/sun.security.ssl.SSLEngineImpl.unwrap(SSLEngineImpl.java:506)
	at java.base/sun.security.ssl.SSLEngineImpl.unwrap(SSLEngineImpl.java:482)
	at java.base/javax.net.ssl.SSLEngine.unwrap(SSLEngine.java:679)
	at io.netty.handler.ssl.SslHandler$SslEngineType$3.unwrap(SslHandler.java:281)
	at io.netty.handler.ssl.SslHandler.unwrap(SslHandler.java:1215)
	at io.netty.handler.ssl.SslHandler.decodeJdkCompatible(SslHandler.java:1127)
	at io.netty.handler.ssl.SslHandler.decode(SslHandler.java:1162)
	at io.netty.handler.codec.ByteToMessageDecoder.decodeRemovalReentryProtection(ByteToMessageDecoder.java:489)
	at io.netty.handler.codec.ByteToMessageDecoder.callDecode(ByteToMessageDecoder.java:428)
	... 15 common frames omitted
18:31:55.993 WARN  vert.x-eventloop-thread-0 DefaultChannelPipeline : An exceptionCaught() event was fired, and it reached at the tail of the pipeline. It usually means the last handler in the pipeline did not handle the exception.
io.netty.handler.codec.DecoderException: javax.net.ssl.SSLHandshakeException: Received fatal alert: certificate_unknown
	at io.netty.handler.codec.ByteToMessageDecoder.callDecode(ByteToMessageDecoder.java:459)
	at io.netty.handler.codec.ByteToMessageDecoder.channelRead(ByteToMessageDecoder.java:265)
	at io.netty.channel.AbstractChannelHandlerContext.invokeChannelRead(AbstractChannelHandlerContext.java:362)
	at io.netty.channel.AbstractChannelHandlerContext.invokeChannelRead(AbstractChannelHandlerContext.java:348)
	at io.netty.channel.AbstractChannelHandlerContext.fireChannelRead(AbstractChannelHandlerContext.java:340)
	at io.netty.channel.DefaultChannelPipeline$HeadContext.channelRead(DefaultChannelPipeline.java:1359)
	at io.netty.channel.AbstractChannelHandlerContext.invokeChannelRead(AbstractChannelHandlerContext.java:362)
	at io.netty.channel.AbstractChannelHandlerContext.invokeChannelRead(AbstractChannelHandlerContext.java:348)
	at io.netty.channel.DefaultChannelPipeline.fireChannelRead(DefaultChannelPipeline.java:935)
	at io.netty.channel.nio.AbstractNioByteChannel$NioByteUnsafe.read(AbstractNioByteChannel.java:134)
	at io.netty.channel.nio.NioEventLoop.processSelectedKey(NioEventLoop.java:645)
	at io.netty.channel.nio.NioEventLoop.processSelectedKeysPlain(NioEventLoop.java:545)
	at io.netty.channel.nio.NioEventLoop.processSelectedKeys(NioEventLoop.java:499)
	at io.netty.channel.nio.NioEventLoop.run(NioEventLoop.java:459)
	at io.netty.util.concurrent.SingleThreadEventExecutor$5.run(SingleThreadEventExecutor.java:858)
	at java.base/java.lang.Thread.run(Thread.java:842)
Caused by: javax.net.ssl.SSLHandshakeException: Received fatal alert: certificate_unknown
	at java.base/sun.security.ssl.Alert.createSSLException(Alert.java:131)
	at java.base/sun.security.ssl.Alert.createSSLException(Alert.java:117)
	at java.base/sun.security.ssl.TransportContext.fatal(TransportContext.java:365)
	at java.base/sun.security.ssl.Alert$AlertConsumer.consume(Alert.java:293)
	at java.base/sun.security.ssl.TransportContext.dispatch(TransportContext.java:204)
	at java.base/sun.security.ssl.SSLTransport.decode(SSLTransport.java:172)
	at java.base/sun.security.ssl.SSLEngineImpl.decode(SSLEngineImpl.java:736)
	at java.base/sun.security.ssl.SSLEngineImpl.readRecord(SSLEngineImpl.java:691)
	at java.base/sun.security.ssl.SSLEngineImpl.unwrap(SSLEngineImpl.java:506)
	at java.base/sun.security.ssl.SSLEngineImpl.unwrap(SSLEngineImpl.java:482)
	at java.base/javax.net.ssl.SSLEngine.unwrap(SSLEngine.java:679)
	at io.netty.handler.ssl.SslHandler$SslEngineType$3.unwrap(SslHandler.java:281)
	at io.netty.handler.ssl.SslHandler.unwrap(SslHandler.java:1215)
	at io.netty.handler.ssl.SslHandler.decodeJdkCompatible(SslHandler.java:1127)
	at io.netty.handler.ssl.SslHandler.decode(SslHandler.java:1162)
	at io.netty.handler.codec.ByteToMessageDecoder.decodeRemovalReentryProtection(ByteToMessageDecoder.java:489)
	at io.netty.handler.codec.ByteToMessageDecoder.callDecode(ByteToMessageDecoder.java:428)
	... 15 common frames omitted
18:31:56.784 INFO  vert.x-eventloop-thread-0 BaseServiceProxy     : -> GET /sso/Login?forwardTo=22&RL=1&ip2loc=US,200|699ms
18:31:56.785 INFO  vert.x-eventloop-thread-0 CookieManager        : set cookies [partnerID=""; Domain=.ibkr.com; Expires=Thu, 01 Jan 1970 00:00:10 GMT; Path=/;Secure;SameSite=None, partnerID=""; Domain=.ibkr.com; Expires=Thu, 01 Jan 1970 00:00:10 GMT; Path=/;Secure;SameSite=None, URL_PARAM=forwardTo%3D22&RL%3D1&ip2loc%3DUS; Domain=.ibkr.com; Path=/;Secure, JSESSIONID=C6D9BA334FDFB0E621703FDEAE1E2D28.ny5wwwdam2-internet; Path=/sso; HttpOnly;Secure;SameSite=None, x-sess-uuid=0.1e283417.1776508316.cd559e8d; secure; HttpOnly]
18:31:56.786 DEBUG vert.x-eventloop-thread-0 BaseServiceProxy     : Remapping Set-cookies [partnerID=""; Domain=.ibkr.com; Expires=Thu, 01 Jan 1970 00:00:10 GMT; Path=/;Secure;SameSite=None, partnerID=""; Domain=.ibkr.com; Expires=Thu, 01 Jan 1970 00:00:10 GMT; Path=/;Secure;SameSite=None, URL_PARAM=forwardTo%3D22&RL%3D1&ip2loc%3DUS; Domain=.ibkr.com; Path=/;Secure, JSESSIONID=C6D9BA334FDFB0E621703FDEAE1E2D28.ny5wwwdam2-internet; Path=/sso; HttpOnly;Secure;SameSite=None, x-sess-uuid=0.1e283417.1776508316.cd559e8d; secure; HttpOnly] -> 
18:31:56.844 WARN  vert.x-eventloop-thread-0 DefaultChannelPipeline : An exceptionCaught() event was fired, and it reached at the tail of the pipeline. It usually means the last handler in the pipeline did not handle the exception.
io.netty.handler.codec.DecoderException: javax.net.ssl.SSLHandshakeException: Received fatal alert: certificate_unknown
	at io.netty.handler.codec.ByteToMessageDecoder.callDecode(ByteToMessageDecoder.java:459)
	at io.netty.handler.codec.ByteToMessageDecoder.channelRead(ByteToMessageDecoder.java:265)
	at io.netty.channel.AbstractChannelHandlerContext.invokeChannelRead(AbstractChannelHandlerContext.java:362)
	at io.netty.channel.AbstractChannelHandlerContext.invokeChannelRead(AbstractChannelHandlerContext.java:348)
	at io.netty.channel.AbstractChannelHandlerContext.fireChannelRead(AbstractChannelHandlerContext.java:340)
	at io.netty.channel.DefaultChannelPipeline$HeadContext.channelRead(DefaultChannelPipeline.java:1359)
	at io.netty.channel.AbstractChannelHandlerContext.invokeChannelRead(AbstractChannelHandlerContext.java:362)
	at io.netty.channel.AbstractChannelHandlerContext.invokeChannelRead(AbstractChannelHandlerContext.java:348)
	at io.netty.channel.DefaultChannelPipeline.fireChannelRead(DefaultChannelPipeline.java:935)
	at io.netty.channel.nio.AbstractNioByteChannel$NioByteUnsafe.read(AbstractNioByteChannel.java:134)
	at io.netty.channel.nio.NioEventLoop.processSelectedKey(NioEventLoop.java:645)
	at io.netty.channel.nio.NioEventLoop.processSelectedKeysPlain(NioEventLoop.java:545)
	at io.netty.channel.nio.NioEventLoop.processSelectedKeys(NioEventLoop.java:499)
	at io.netty.channel.nio.NioEventLoop.run(NioEventLoop.java:459)
	at io.netty.util.concurrent.SingleThreadEventExecutor$5.run(SingleThreadEventExecutor.java:858)
	at java.base/java.lang.Thread.run(Thread.java:842)
Caused by: javax.net.ssl.SSLHandshakeException: Received fatal alert: certificate_unknown
	at java.base/sun.security.ssl.Alert.createSSLException(Alert.java:131)
	at java.base/sun.security.ssl.Alert.createSSLException(Alert.java:117)
	at java.base/sun.security.ssl.TransportContext.fatal(TransportContext.java:365)
	at java.base/sun.security.ssl.Alert$AlertConsumer.consume(Alert.java:293)
	at java.base/sun.security.ssl.TransportContext.dispatch(TransportContext.java:204)
	at java.base/sun.security.ssl.SSLTransport.decode(SSLTransport.java:172)
	at java.base/sun.security.ssl.SSLEngineImpl.decode(SSLEngineImpl.java:736)
	at java.base/sun.security.ssl.SSLEngineImpl.readRecord(SSLEngineImpl.java:691)
	at java.base/sun.security.ssl.SSLEngineImpl.unwrap(SSLEngineImpl.java:506)
	at java.base/sun.security.ssl.SSLEngineImpl.unwrap(SSLEngineImpl.java:482)
	at java.base/javax.net.ssl.SSLEngine.unwrap(SSLEngine.java:679)
	at io.netty.handler.ssl.SslHandler$SslEngineType$3.unwrap(SslHandler.java:281)
	at io.netty.handler.ssl.SslHandler.unwrap(SslHandler.java:1215)
	at io.netty.handler.ssl.SslHandler.decodeJdkCompatible(SslHandler.java:1127)
	at io.netty.handler.ssl.SslHandler.decode(SslHandler.java:1162)
	at io.netty.handler.codec.ByteToMessageDecoder.decodeRemovalReentryProtection(ByteToMessageDecoder.java:489)
	at io.netty.handler.codec.ByteToMessageDecoder.callDecode(ByteToMessageDecoder.java:428)
	... 15 common frames omitted
18:31:56.845 WARN  vert.x-eventloop-thread-0 DefaultChannelPipeline : An exceptionCaught() event was fired, and it reached at the tail of the pipeline. It usually means the last handler in the pipeline did not handle the exception.
io.netty.handler.codec.DecoderException: javax.net.ssl.SSLHandshakeException: Received fatal alert: certificate_unknown
	at io.netty.handler.codec.ByteToMessageDecoder.callDecode(ByteToMessageDecoder.java:459)
	at io.netty.handler.codec.ByteToMessageDecoder.channelRead(ByteToMessageDecoder.java:265)
	at io.netty.channel.AbstractChannelHandlerContext.invokeChannelRead(AbstractChannelHandlerContext.java:362)
	at io.netty.channel.AbstractChannelHandlerContext.invokeChannelRead(AbstractChannelHandlerContext.java:348)
	at io.netty.channel.AbstractChannelHandlerContext.fireChannelRead(AbstractChannelHandlerContext.java:340)
	at io.netty.channel.DefaultChannelPipeline$HeadContext.channelRead(DefaultChannelPipeline.java:1359)
	at io.netty.channel.AbstractChannelHandlerContext.invokeChannelRead(AbstractChannelHandlerContext.java:362)
	at io.netty.channel.AbstractChannelHandlerContext.invokeChannelRead(AbstractChannelHandlerContext.java:348)
	at io.netty.channel.DefaultChannelPipeline.fireChannelRead(DefaultChannelPipeline.java:935)
	at io.netty.channel.nio.AbstractNioByteChannel$NioByteUnsafe.read(AbstractNioByteChannel.java:134)
	at io.netty.channel.nio.NioEventLoop.processSelectedKey(NioEventLoop.java:645)
	at io.netty.channel.nio.NioEventLoop.processSelectedKeysPlain(NioEventLoop.java:545)
	at io.netty.channel.nio.NioEventLoop.processSelectedKeys(NioEventLoop.java:499)
	at io.netty.channel.nio.NioEventLoop.run(NioEventLoop.java:459)
	at io.netty.util.concurrent.SingleThreadEventExecutor$5.run(SingleThreadEventExecutor.java:858)
	at java.base/java.lang.Thread.run(Thread.java:842)
Caused by: javax.net.ssl.SSLHandshakeException: Received fatal alert: certificate_unknown
	at java.base/sun.security.ssl.Alert.createSSLException(Alert.java:131)
	at java.base/sun.security.ssl.Alert.createSSLException(Alert.java:117)
	at java.base/sun.security.ssl.TransportContext.fatal(TransportContext.java:365)
	at java.base/sun.security.ssl.Alert$AlertConsumer.consume(Alert.java:293)
	at java.base/sun.security.ssl.TransportContext.dispatch(TransportContext.java:204)
	at java.base/sun.security.ssl.SSLTransport.decode(SSLTransport.java:172)
	at java.base/sun.security.ssl.SSLEngineImpl.decode(SSLEngineImpl.java:736)
	at java.base/sun.security.ssl.SSLEngineImpl.readRecord(SSLEngineImpl.java:691)
	at java.base/sun.security.ssl.SSLEngineImpl.unwrap(SSLEngineImpl.java:506)
	at java.base/sun.security.ssl.SSLEngineImpl.unwrap(SSLEngineImpl.java:482)
	at java.base/javax.net.ssl.SSLEngine.unwrap(SSLEngine.java:679)
	at io.netty.handler.ssl.SslHandler$SslEngineType$3.unwrap(SslHandler.java:281)
	at io.netty.handler.ssl.SslHandler.unwrap(SslHandler.java:1215)
	at io.netty.handler.ssl.SslHandler.decodeJdkCompatible(SslHandler.java:1127)
	at io.netty.handler.ssl.SslHandler.decode(SslHandler.java:1162)
	at io.netty.handler.codec.ByteToMessageDecoder.decodeRemovalReentryProtection(ByteToMessageDecoder.java:489)
	at io.netty.handler.codec.ByteToMessageDecoder.callDecode(ByteToMessageDecoder.java:428)
	... 15 common frames omitted
18:31:56.848 WARN  vert.x-eventloop-thread-0 DefaultChannelPipeline : An exceptionCaught() event was fired, and it reached at the tail of the pipeline. It usually means the last handler in the pipeline did not handle the exception.
io.netty.handler.codec.DecoderException: javax.net.ssl.SSLHandshakeException: Received fatal alert: certificate_unknown
	at io.netty.handler.codec.ByteToMessageDecoder.callDecode(ByteToMessageDecoder.java:459)
	at io.netty.handler.codec.ByteToMessageDecoder.channelRead(ByteToMessageDecoder.java:265)
	at io.netty.channel.AbstractChannelHandlerContext.invokeChannelRead(AbstractChannelHandlerContext.java:362)
	at io.netty.channel.AbstractChannelHandlerContext.invokeChannelRead(AbstractChannelHandlerContext.java:348)
	at io.netty.channel.AbstractChannelHandlerContext.fireChannelRead(AbstractChannelHandlerContext.java:340)
	at io.netty.channel.DefaultChannelPipeline$HeadContext.channelRead(DefaultChannelPipeline.java:1359)
	at io.netty.channel.AbstractChannelHandlerContext.invokeChannelRead(AbstractChannelHandlerContext.java:362)
	at io.netty.channel.AbstractChannelHandlerContext.invokeChannelRead(AbstractChannelHandlerContext.java:348)
	at io.netty.channel.DefaultChannelPipeline.fireChannelRead(DefaultChannelPipeline.java:935)
	at io.netty.channel.nio.AbstractNioByteChannel$NioByteUnsafe.read(AbstractNioByteChannel.java:134)
	at io.netty.channel.nio.NioEventLoop.processSelectedKey(NioEventLoop.java:645)
	at io.netty.channel.nio.NioEventLoop.processSelectedKeysPlain(NioEventLoop.java:545)
	at io.netty.channel.nio.NioEventLoop.processSelectedKeys(NioEventLoop.java:499)
	at io.netty.channel.nio.NioEventLoop.run(NioEventLoop.java:459)
	at io.netty.util.concurrent.SingleThreadEventExecutor$5.run(SingleThreadEventExecutor.java:858)
	at java.base/java.lang.Thread.run(Thread.java:842)
Caused by: javax.net.ssl.SSLHandshakeException: Received fatal alert: certificate_unknown
	at java.base/sun.security.ssl.Alert.createSSLException(Alert.java:131)
	at java.base/sun.security.ssl.Alert.createSSLException(Alert.java:117)
	at java.base/sun.security.ssl.TransportContext.fatal(TransportContext.java:365)
	at java.base/sun.security.ssl.Alert$AlertConsumer.consume(Alert.java:293)
	at java.base/sun.security.ssl.TransportContext.dispatch(TransportContext.java:204)
	at java.base/sun.security.ssl.SSLTransport.decode(SSLTransport.java:172)
	at java.base/sun.security.ssl.SSLEngineImpl.decode(SSLEngineImpl.java:736)
	at java.base/sun.security.ssl.SSLEngineImpl.readRecord(SSLEngineImpl.java:691)
	at java.base/sun.security.ssl.SSLEngineImpl.unwrap(SSLEngineImpl.java:506)
	at java.base/sun.security.ssl.SSLEngineImpl.unwrap(SSLEngineImpl.java:482)
	at java.base/javax.net.ssl.SSLEngine.unwrap(SSLEngine.java:679)
	at io.netty.handler.ssl.SslHandler$SslEngineType$3.unwrap(SslHandler.java:281)
	at io.netty.handler.ssl.SslHandler.unwrap(SslHandler.java:1215)
	at io.netty.handler.ssl.SslHandler.decodeJdkCompatible(SslHandler.java:1127)
	at io.netty.handler.ssl.SslHandler.decode(SslHandler.java:1162)
	at io.netty.handler.codec.ByteToMessageDecoder.decodeRemovalReentryProtection(ByteToMessageDecoder.java:489)
	at io.netty.handler.codec.ByteToMessageDecoder.callDecode(ByteToMessageDecoder.java:428)
	... 15 common frames omitted
18:31:56.855 WARN  vert.x-eventloop-thread-0 DefaultChannelPipeline : An exceptionCaught() event was fired, and it reached at the tail of the pipeline. It usually means the last handler in the pipeline did not handle the exception.
io.netty.handler.codec.DecoderException: javax.net.ssl.SSLHandshakeException: Received fatal alert: certificate_unknown
	at io.netty.handler.codec.ByteToMessageDecoder.callDecode(ByteToMessageDecoder.java:459)
	at io.netty.handler.codec.ByteToMessageDecoder.channelRead(ByteToMessageDecoder.java:265)
	at io.netty.channel.AbstractChannelHandlerContext.invokeChannelRead(AbstractChannelHandlerContext.java:362)
	at io.netty.channel.AbstractChannelHandlerContext.invokeChannelRead(AbstractChannelHandlerContext.java:348)
	at io.netty.channel.AbstractChannelHandlerContext.fireChannelRead(AbstractChannelHandlerContext.java:340)
	at io.netty.channel.DefaultChannelPipeline$HeadContext.channelRead(DefaultChannelPipeline.java:1359)
	at io.netty.channel.AbstractChannelHandlerContext.invokeChannelRead(AbstractChannelHandlerContext.java:362)
	at io.netty.channel.AbstractChannelHandlerContext.invokeChannelRead(AbstractChannelHandlerContext.java:348)
	at io.netty.channel.DefaultChannelPipeline.fireChannelRead(DefaultChannelPipeline.java:935)
	at io.netty.channel.nio.AbstractNioByteChannel$NioByteUnsafe.read(AbstractNioByteChannel.java:134)
	at io.netty.channel.nio.NioEventLoop.processSelectedKey(NioEventLoop.java:645)
	at io.netty.channel.nio.NioEventLoop.processSelectedKeysPlain(NioEventLoop.java:545)
	at io.netty.channel.nio.NioEventLoop.processSelectedKeys(NioEventLoop.java:499)
	at io.netty.channel.nio.NioEventLoop.run(NioEventLoop.java:459)
	at io.netty.util.concurrent.SingleThreadEventExecutor$5.run(SingleThreadEventExecutor.java:858)
	at java.base/java.lang.Thread.run(Thread.java:842)
Caused by: javax.net.ssl.SSLHandshakeException: Received fatal alert: certificate_unknown
	at java.base/sun.security.ssl.Alert.createSSLException(Alert.java:131)
	at java.base/sun.security.ssl.Alert.createSSLException(Alert.java:117)
	at java.base/sun.security.ssl.TransportContext.fatal(TransportContext.java:365)
	at java.base/sun.security.ssl.Alert$AlertConsumer.consume(Alert.java:293)
	at java.base/sun.security.ssl.TransportContext.dispatch(TransportContext.java:204)
	at java.base/sun.security.ssl.SSLTransport.decode(SSLTransport.java:172)
	at java.base/sun.security.ssl.SSLEngineImpl.decode(SSLEngineImpl.java:736)
	at java.base/sun.security.ssl.SSLEngineImpl.readRecord(SSLEngineImpl.java:691)
	at java.base/sun.security.ssl.SSLEngineImpl.unwrap(SSLEngineImpl.java:506)
	at java.base/sun.security.ssl.SSLEngineImpl.unwrap(SSLEngineImpl.java:482)
	at java.base/javax.net.ssl.SSLEngine.unwrap(SSLEngine.java:679)
	at io.netty.handler.ssl.SslHandler$SslEngineType$3.unwrap(SslHandler.java:281)
	at io.netty.handler.ssl.SslHandler.unwrap(SslHandler.java:1215)
	at io.netty.handler.ssl.SslHandler.decodeJdkCompatible(SslHandler.java:1127)
	at io.netty.handler.ssl.SslHandler.decode(SslHandler.java:1162)
	at io.netty.handler.codec.ByteToMessageDecoder.decodeRemovalReentryProtection(ByteToMessageDecoder.java:489)
	at io.netty.handler.codec.ByteToMessageDecoder.callDecode(ByteToMessageDecoder.java:428)
	... 15 common frames omitted
18:31:56.857 WARN  vert.x-eventloop-thread-0 DefaultChannelPipeline : An exceptionCaught() event was fired, and it reached at the tail of the pipeline. It usually means the last handler in the pipeline did not handle the exception.
io.netty.handler.codec.DecoderException: javax.net.ssl.SSLHandshakeException: Received fatal alert: certificate_unknown
	at io.netty.handler.codec.ByteToMessageDecoder.callDecode(ByteToMessageDecoder.java:459)
	at io.netty.handler.codec.ByteToMessageDecoder.channelRead(ByteToMessageDecoder.java:265)
	at io.netty.channel.AbstractChannelHandlerContext.invokeChannelRead(AbstractChannelHandlerContext.java:362)
	at io.netty.channel.AbstractChannelHandlerContext.invokeChannelRead(AbstractChannelHandlerContext.java:348)
	at io.netty.channel.AbstractChannelHandlerContext.fireChannelRead(AbstractChannelHandlerContext.java:340)
	at io.netty.channel.DefaultChannelPipeline$HeadContext.channelRead(DefaultChannelPipeline.java:1359)
	at io.netty.channel.AbstractChannelHandlerContext.invokeChannelRead(AbstractChannelHandlerContext.java:362)
	at io.netty.channel.AbstractChannelHandlerContext.invokeChannelRead(AbstractChannelHandlerContext.java:348)
	at io.netty.channel.DefaultChannelPipeline.fireChannelRead(DefaultChannelPipeline.java:935)
	at io.netty.channel.nio.AbstractNioByteChannel$NioByteUnsafe.read(AbstractNioByteChannel.java:134)
	at io.netty.channel.nio.NioEventLoop.processSelectedKey(NioEventLoop.java:645)
	at io.netty.channel.nio.NioEventLoop.processSelectedKeysPlain(NioEventLoop.java:545)
	at io.netty.channel.nio.NioEventLoop.processSelectedKeys(NioEventLoop.java:499)
	at io.netty.channel.nio.NioEventLoop.run(NioEventLoop.java:459)
	at io.netty.util.concurrent.SingleThreadEventExecutor$5.run(SingleThreadEventExecutor.java:858)
	at java.base/java.lang.Thread.run(Thread.java:842)
Caused by: javax.net.ssl.SSLHandshakeException: Received fatal alert: certificate_unknown
	at java.base/sun.security.ssl.Alert.createSSLException(Alert.java:131)
	at java.base/sun.security.ssl.Alert.createSSLException(Alert.java:117)
	at java.base/sun.security.ssl.TransportContext.fatal(TransportContext.java:365)
	at java.base/sun.security.ssl.Alert$AlertConsumer.consume(Alert.java:293)
	at java.base/sun.security.ssl.TransportContext.dispatch(TransportContext.java:204)
	at java.base/sun.security.ssl.SSLTransport.decode(SSLTransport.java:172)
	at java.base/sun.security.ssl.SSLEngineImpl.decode(SSLEngineImpl.java:736)
	at java.base/sun.security.ssl.SSLEngineImpl.readRecord(SSLEngineImpl.java:691)
	at java.base/sun.security.ssl.SSLEngineImpl.unwrap(SSLEngineImpl.java:506)
	at java.base/sun.security.ssl.SSLEngineImpl.unwrap(SSLEngineImpl.java:482)
	at java.base/javax.net.ssl.SSLEngine.unwrap(SSLEngine.java:679)
	at io.netty.handler.ssl.SslHandler$SslEngineType$3.unwrap(SslHandler.java:281)
	at io.netty.handler.ssl.SslHandler.unwrap(SslHandler.java:1215)
	at io.netty.handler.ssl.SslHandler.decodeJdkCompatible(SslHandler.java:1127)
	at io.netty.handler.ssl.SslHandler.decode(SslHandler.java:1162)
	at io.netty.handler.codec.ByteToMessageDecoder.decodeRemovalReentryProtection(ByteToMessageDecoder.java:489)
	at io.netty.handler.codec.ByteToMessageDecoder.callDecode(ByteToMessageDecoder.java:428)
	... 15 common frames omitted
18:31:56.861 WARN  vert.x-eventloop-thread-0 DefaultChannelPipeline : An exceptionCaught() event was fired, and it reached at the tail of the pipeline. It usually means the last handler in the pipeline did not handle the exception.
io.netty.handler.codec.DecoderException: javax.net.ssl.SSLHandshakeException: Received fatal alert: certificate_unknown
	at io.netty.handler.codec.ByteToMessageDecoder.callDecode(ByteToMessageDecoder.java:459)
	at io.netty.handler.codec.ByteToMessageDecoder.channelRead(ByteToMessageDecoder.java:265)
	at io.netty.channel.AbstractChannelHandlerContext.invokeChannelRead(AbstractChannelHandlerContext.java:362)
	at io.netty.channel.AbstractChannelHandlerContext.invokeChannelRead(AbstractChannelHandlerContext.java:348)
	at io.netty.channel.AbstractChannelHandlerContext.fireChannelRead(AbstractChannelHandlerContext.java:340)
	at io.netty.channel.DefaultChannelPipeline$HeadContext.channelRead(DefaultChannelPipeline.java:1359)
	at io.netty.channel.AbstractChannelHandlerContext.invokeChannelRead(AbstractChannelHandlerContext.java:362)
	at io.netty.channel.AbstractChannelHandlerContext.invokeChannelRead(AbstractChannelHandlerContext.java:348)
	at io.netty.channel.DefaultChannelPipeline.fireChannelRead(DefaultChannelPipeline.java:935)
	at io.netty.channel.nio.AbstractNioByteChannel$NioByteUnsafe.read(AbstractNioByteChannel.java:134)
	at io.netty.channel.nio.NioEventLoop.processSelectedKey(NioEventLoop.java:645)
	at io.netty.channel.nio.NioEventLoop.processSelectedKeysPlain(NioEventLoop.java:545)
	at io.netty.channel.nio.NioEventLoop.processSelectedKeys(NioEventLoop.java:499)
	at io.netty.channel.nio.NioEventLoop.run(NioEventLoop.java:459)
	at io.netty.util.concurrent.SingleThreadEventExecutor$5.run(SingleThreadEventExecutor.java:858)
	at java.base/java.lang.Thread.run(Thread.java:842)
Caused by: javax.net.ssl.SSLHandshakeException: Received fatal alert: certificate_unknown
	at java.base/sun.security.ssl.Alert.createSSLException(Alert.java:131)
	at java.base/sun.security.ssl.Alert.createSSLException(Alert.java:117)
	at java.base/sun.security.ssl.TransportContext.fatal(TransportContext.java:365)
	at java.base/sun.security.ssl.Alert$AlertConsumer.consume(Alert.java:293)
	at java.base/sun.security.ssl.TransportContext.dispatch(TransportContext.java:204)
	at java.base/sun.security.ssl.SSLTransport.decode(SSLTransport.java:172)
	at java.base/sun.security.ssl.SSLEngineImpl.decode(SSLEngineImpl.java:736)
	at java.base/sun.security.ssl.SSLEngineImpl.readRecord(SSLEngineImpl.java:691)
	at java.base/sun.security.ssl.SSLEngineImpl.unwrap(SSLEngineImpl.java:506)
	at java.base/sun.security.ssl.SSLEngineImpl.unwrap(SSLEngineImpl.java:482)
	at java.base/javax.net.ssl.SSLEngine.unwrap(SSLEngine.java:679)
	at io.netty.handler.ssl.SslHandler$SslEngineType$3.unwrap(SslHandler.java:281)
	at io.netty.handler.ssl.SslHandler.unwrap(SslHandler.java:1215)
	at io.netty.handler.ssl.SslHandler.decodeJdkCompatible(SslHandler.java:1127)
	at io.netty.handler.ssl.SslHandler.decode(SslHandler.java:1162)
	at io.netty.handler.codec.ByteToMessageDecoder.decodeRemovalReentryProtection(ByteToMessageDecoder.java:489)
	at io.netty.handler.codec.ByteToMessageDecoder.callDecode(ByteToMessageDecoder.java:428)
	... 15 common frames omitted
18:31:56.865 WARN  vert.x-eventloop-thread-0 DefaultChannelPipeline : An exceptionCaught() event was fired, and it reached at the tail of the pipeline. It usually means the last handler in the pipeline did not handle the exception.
io.netty.handler.codec.DecoderException: javax.net.ssl.SSLHandshakeException: Received fatal alert: certificate_unknown
	at io.netty.handler.codec.ByteToMessageDecoder.callDecode(ByteToMessageDecoder.java:459)
	at io.netty.handler.codec.ByteToMessageDecoder.channelRead(ByteToMessageDecoder.java:265)
	at io.netty.channel.AbstractChannelHandlerContext.invokeChannelRead(AbstractChannelHandlerContext.java:362)
	at io.netty.channel.AbstractChannelHandlerContext.invokeChannelRead(AbstractChannelHandlerContext.java:348)
	at io.netty.channel.AbstractChannelHandlerContext.fireChannelRead(AbstractChannelHandlerContext.java:340)
	at io.netty.channel.DefaultChannelPipeline$HeadContext.channelRead(DefaultChannelPipeline.java:1359)
	at io.netty.channel.AbstractChannelHandlerContext.invokeChannelRead(AbstractChannelHandlerContext.java:362)
	at io.netty.channel.AbstractChannelHandlerContext.invokeChannelRead(AbstractChannelHandlerContext.java:348)
	at io.netty.channel.DefaultChannelPipeline.fireChannelRead(DefaultChannelPipeline.java:935)
	at io.netty.channel.nio.AbstractNioByteChannel$NioByteUnsafe.read(AbstractNioByteChannel.java:134)
	at io.netty.channel.nio.NioEventLoop.processSelectedKey(NioEventLoop.java:645)
	at io.netty.channel.nio.NioEventLoop.processSelectedKeysPlain(NioEventLoop.java:545)
	at io.netty.channel.nio.NioEventLoop.processSelectedKeys(NioEventLoop.java:499)
	at io.netty.channel.nio.NioEventLoop.run(NioEventLoop.java:459)
	at io.netty.util.concurrent.SingleThreadEventExecutor$5.run(SingleThreadEventExecutor.java:858)
	at java.base/java.lang.Thread.run(Thread.java:842)
Caused by: javax.net.ssl.SSLHandshakeException: Received fatal alert: certificate_unknown
	at java.base/sun.security.ssl.Alert.createSSLException(Alert.java:131)
	at java.base/sun.security.ssl.Alert.createSSLException(Alert.java:117)
	at java.base/sun.security.ssl.TransportContext.fatal(TransportContext.java:365)
	at java.base/sun.security.ssl.Alert$AlertConsumer.consume(Alert.java:293)
	at java.base/sun.security.ssl.TransportContext.dispatch(TransportContext.java:204)
	at java.base/sun.security.ssl.SSLTransport.decode(SSLTransport.java:172)
	at java.base/sun.security.ssl.SSLEngineImpl.decode(SSLEngineImpl.java:736)
	at java.base/sun.security.ssl.SSLEngineImpl.readRecord(SSLEngineImpl.java:691)
	at java.base/sun.security.ssl.SSLEngineImpl.unwrap(SSLEngineImpl.java:506)
	at java.base/sun.security.ssl.SSLEngineImpl.unwrap(SSLEngineImpl.java:482)
	at java.base/javax.net.ssl.SSLEngine.unwrap(SSLEngine.java:679)
	at io.netty.handler.ssl.SslHandler$SslEngineType$3.unwrap(SslHandler.java:281)
	at io.netty.handler.ssl.SslHandler.unwrap(SslHandler.java:1215)
	at io.netty.handler.ssl.SslHandler.decodeJdkCompatible(SslHandler.java:1127)
	at io.netty.handler.ssl.SslHandler.decode(SslHandler.java:1162)
	at io.netty.handler.codec.ByteToMessageDecoder.decodeRemovalReentryProtection(ByteToMessageDecoder.java:489)
	at io.netty.handler.codec.ByteToMessageDecoder.callDecode(ByteToMessageDecoder.java:428)
	... 15 common frames omitted
18:31:56.865 WARN  vert.x-eventloop-thread-0 DefaultChannelPipeline : An exceptionCaught() event was fired, and it reached at the tail of the pipeline. It usually means the last handler in the pipeline did not handle the exception.
io.netty.handler.codec.DecoderException: javax.net.ssl.SSLHandshakeException: Received fatal alert: certificate_unknown
	at io.netty.handler.codec.ByteToMessageDecoder.callDecode(ByteToMessageDecoder.java:459)
	at io.netty.handler.codec.ByteToMessageDecoder.channelRead(ByteToMessageDecoder.java:265)
	at io.netty.channel.AbstractChannelHandlerContext.invokeChannelRead(AbstractChannelHandlerContext.java:362)
	at io.netty.channel.AbstractChannelHandlerContext.invokeChannelRead(AbstractChannelHandlerContext.java:348)
	at io.netty.channel.AbstractChannelHandlerContext.fireChannelRead(AbstractChannelHandlerContext.java:340)
	at io.netty.channel.DefaultChannelPipeline$HeadContext.channelRead(DefaultChannelPipeline.java:1359)
	at io.netty.channel.AbstractChannelHandlerContext.invokeChannelRead(AbstractChannelHandlerContext.java:362)
	at io.netty.channel.AbstractChannelHandlerContext.invokeChannelRead(AbstractChannelHandlerContext.java:348)
	at io.netty.channel.DefaultChannelPipeline.fireChannelRead(DefaultChannelPipeline.java:935)
	at io.netty.channel.nio.AbstractNioByteChannel$NioByteUnsafe.read(AbstractNioByteChannel.java:134)
	at io.netty.channel.nio.NioEventLoop.processSelectedKey(NioEventLoop.java:645)
	at io.netty.channel.nio.NioEventLoop.processSelectedKeysPlain(NioEventLoop.java:545)
	at io.netty.channel.nio.NioEventLoop.processSelectedKeys(NioEventLoop.java:499)
	at io.netty.channel.nio.NioEventLoop.run(NioEventLoop.java:459)
	at io.netty.util.concurrent.SingleThreadEventExecutor$5.run(SingleThreadEventExecutor.java:858)
	at java.base/java.lang.Thread.run(Thread.java:842)
Caused by: javax.net.ssl.SSLHandshakeException: Received fatal alert: certificate_unknown
	at java.base/sun.security.ssl.Alert.createSSLException(Alert.java:131)
	at java.base/sun.security.ssl.Alert.createSSLException(Alert.java:117)
	at java.base/sun.security.ssl.TransportContext.fatal(TransportContext.java:365)
	at java.base/sun.security.ssl.Alert$AlertConsumer.consume(Alert.java:293)
	at java.base/sun.security.ssl.TransportContext.dispatch(TransportContext.java:204)
	at java.base/sun.security.ssl.SSLTransport.decode(SSLTransport.java:172)
	at java.base/sun.security.ssl.SSLEngineImpl.decode(SSLEngineImpl.java:736)
	at java.base/sun.security.ssl.SSLEngineImpl.readRecord(SSLEngineImpl.java:691)
	at java.base/sun.security.ssl.SSLEngineImpl.unwrap(SSLEngineImpl.java:506)
	at java.base/sun.security.ssl.SSLEngineImpl.unwrap(SSLEngineImpl.java:482)
	at java.base/javax.net.ssl.SSLEngine.unwrap(SSLEngine.java:679)
	at io.netty.handler.ssl.SslHandler$SslEngineType$3.unwrap(SslHandler.java:281)
	at io.netty.handler.ssl.SslHandler.unwrap(SslHandler.java:1215)
	at io.netty.handler.ssl.SslHandler.decodeJdkCompatible(SslHandler.java:1127)
	at io.netty.handler.ssl.SslHandler.decode(SslHandler.java:1162)
	at io.netty.handler.codec.ByteToMessageDecoder.decodeRemovalReentryProtection(ByteToMessageDecoder.java:489)
	at io.netty.handler.codec.ByteToMessageDecoder.callDecode(ByteToMessageDecoder.java:428)
	... 15 common frames omitted
18:31:56.951 INFO  vert.x-eventloop-thread-0 BaseServiceProxy     : -> GET /css/ibkr/theme-ibkr-portal.min.css,200|83ms
18:31:56.957 INFO  vert.x-eventloop-thread-0 BaseServiceProxy     : -> GET /css/reg-am/login.min.css,200|94ms
18:31:56.961 INFO  vert.x-eventloop-thread-0 BaseServiceProxy     : -> GET /css/bootstrap-5.2.2/bootstrap.min.css,200|134ms
18:31:57.000 INFO  vert.x-eventloop-thread-0 BaseServiceProxy     : -> GET /css/fontawesome-6.4.2/all.min.css,200|128ms
18:31:57.044 INFO  vert.x-eventloop-thread-0 BaseServiceProxy     : -> GET /scripts/common/js/bootstrap-5.2.2/bootstrap.bundle.min.js,200|59ms
18:31:57.054 INFO  vert.x-eventloop-thread-0 BaseServiceProxy     : -> GET /scripts/common/js/jquery-3.7.0/jquery.min.js,200|180ms
18:31:57.086 INFO  vert.x-eventloop-thread-0 BaseServiceProxy     : -> GET /css/bootstrap-switch-3.3.2/bootstrap-switch.min.css,200|219ms
18:31:57.087 INFO  vert.x-eventloop-thread-0 BaseServiceProxy     : -> GET /sso/lib/xyz.bundle.min.js,200|91ms
18:31:57.087 INFO  vert.x-eventloop-thread-0 CookieManager        : set cookies [x-sess-uuid=0.1e283417.1776508317.cd55a98f; secure; HttpOnly]
18:31:57.087 DEBUG vert.x-eventloop-thread-0 BaseServiceProxy     : Remapping Set-cookies [x-sess-uuid=0.1e283417.1776508317.cd55a98f; secure; HttpOnly] -> 
18:31:57.178 INFO  vert.x-eventloop-thread-0 BaseServiceProxy     : -> GET /images/common/logos/ibkr/interactive-brokers.svg,200|39ms
18:31:57.205 INFO  vert.x-eventloop-thread-0 BaseServiceProxy     : -> GET /fonts/proxima-nova/Proxima-Nova-Regular.woff2,200|45ms
18:31:57.209 INFO  vert.x-eventloop-thread-0 BaseServiceProxy     : -> GET /fonts/fontawesome-6.4.2/webfonts/fa-brands-400.woff2,200|47ms
18:31:57.218 INFO  vert.x-eventloop-thread-0 BaseServiceProxy     : -> GET /fonts/fontawesome-6.4.2/webfonts/fa-solid-900.woff2,200|55ms
18:31:57.255 INFO  vert.x-eventloop-thread-0 BaseServiceProxy     : -> GET /portal.proxy/v1/gstat/bulletins,204|66ms
18:31:57.282 INFO  vert.x-eventloop-thread-0 BaseServiceProxy     : -> GET /images/web/favicons/home-screen-icon-128x128.png,200|32ms
18:31:57.455 INFO  vert.x-eventloop-thread-0 BaseServiceProxy     : -> GET /sso/report,200|267ms
18:31:57.456 INFO  vert.x-eventloop-thread-0 CookieManager        : set cookies [x-sess-uuid=0.1e283417.1776508317.cd55aa9e; secure; HttpOnly]
18:31:57.456 DEBUG vert.x-eventloop-thread-0 BaseServiceProxy     : Remapping Set-cookies [x-sess-uuid=0.1e283417.1776508317.cd55aa9e; secure; HttpOnly] -> 
