18:14:03.991 INFO  main GatewayStart         : config ../root/conf.yaml !!ibgroup.web.core.clientportal.gw.Config
authDelay: 3000
ccp: false
cors: {origin.allowed: '*', allowCredentials: false}
ip2loc: US
ips:
  allow: [192.*, 131.216.*, 127.0.0.1]
  deny: [212.90.324.10]
listenPort: 8080
listenSsl: true
portalBaseURL: ''
proxyRemoteHost: https://api.ibkr.com
proxyRemoteSsl: true
sslCert: vertx.jks
sslPwd: mywebapi
ssoPing: 5
svcEnvironment: v1
tst: false
twsBaseURL: /tws.proxy
webApps:
- {cache: true, index: index.html, listing: false, name: demo, proxy: ''}

18:14:04.129 INFO  vert.x-eventloop-thread-0 GatewayHttpProxy     :  -> mount demo on /demo
18:14:04.145 INFO  vert.x-eventloop-thread-0 GatewayVerticle      : version: a27ed42161ad96c53e715ca5c5e3e3fa4cff5262 Mon, 24 Apr 2023 15:41:53 -0400
18:14:04.145 INFO  vert.x-eventloop-thread-0 GatewayVerticle      : Java Version: 17.0.10
18:14:04.604 WARN  vert.x-eventloop-thread-0 DefaultChannelPipeline : An exceptionCaught() event was fired, and it reached at the tail of the pipeline. It usually means the last handler in the pipeline did not handle the exception.
io.netty.handler.codec.DecoderException: javax.net.ssl.SSLHandshakeException: Received fatal alert: certificate_unknown
	at io.netty.handler.codec.ByteToMessageDecoder.callDecode(ByteToMessageDecoder.java:459)
	at io.netty.handler.codec.ByteToMessageDecoder.channelRead(ByteToMessageDecoder.java:265)
	at io.netty.channel.AbstractChannelHandlerContext.invokeChannelRead(AbstractChannelHandlerContext.java:362)
	at io.netty.channel.AbstractChannelHandlerContext.invokeChannelRead(AbstractChannelHandlerContext.java:348)
	at io.netty.channel.AbstractChannelHandlerContext.fireChannelRead(AbstractChannelHandlerContext.java:340)
	at io.netty.channel.DefaultChannelPipeline$HeadContext.channelRead(DefaultChannelPipeline.java:1359)
	at io.netty.channel.AbstractChannelHandlerContext.invokeChannelRead(AbstractChannelHandlerContext.java:362)
	at io.netty.channel.AbstractChannelHandlerContext.invokeChannelRead(AbstractChannelHandlerContext.java:348)
	at io.netty.channel.DefaultChannelPipeline.fireChannelRead(DefaultChannelPipeline.java:935)
	at io.netty.channel.nio.AbstractNioByteChannel$NioByteUnsafe.read(AbstractNioByteChannel.java:134)
	at io.netty.channel.nio.NioEventLoop.processSelectedKey(NioEventLoop.java:645)
	at io.netty.channel.nio.NioEventLoop.processSelectedKeysPlain(NioEventLoop.java:545)
	at io.netty.channel.nio.NioEventLoop.processSelectedKeys(NioEventLoop.java:499)
	at io.netty.channel.nio.NioEventLoop.run(NioEventLoop.java:459)
	at io.netty.util.concurrent.SingleThreadEventExecutor$5.run(SingleThreadEventExecutor.java:858)
	at java.base/java.lang.Thread.run(Thread.java:842)
Caused by: javax.net.ssl.SSLHandshakeException: Received fatal alert: certificate_unknown
	at java.base/sun.security.ssl.Alert.createSSLException(Alert.java:131)
	at java.base/sun.security.ssl.Alert.createSSLException(Alert.java:117)
	at java.base/sun.security.ssl.TransportContext.fatal(TransportContext.java:365)
	at java.base/sun.security.ssl.Alert$AlertConsumer.consume(Alert.java:293)
	at java.base/sun.security.ssl.TransportContext.dispatch(TransportContext.java:204)
	at java.base/sun.security.ssl.SSLTransport.decode(SSLTransport.java:172)
	at java.base/sun.security.ssl.SSLEngineImpl.decode(SSLEngineImpl.java:736)
	at java.base/sun.security.ssl.SSLEngineImpl.readRecord(SSLEngineImpl.java:691)
	at java.base/sun.security.ssl.SSLEngineImpl.unwrap(SSLEngineImpl.java:506)
	at java.base/sun.security.ssl.SSLEngineImpl.unwrap(SSLEngineImpl.java:482)
	at java.base/javax.net.ssl.SSLEngine.unwrap(SSLEngine.java:679)
	at io.netty.handler.ssl.SslHandler$SslEngineType$3.unwrap(SslHandler.java:281)
	at io.netty.handler.ssl.SslHandler.unwrap(SslHandler.java:1215)
	at io.netty.handler.ssl.SslHandler.decodeJdkCompatible(SslHandler.java:1127)
	at io.netty.handler.ssl.SslHandler.decode(SslHandler.java:1162)
	at io.netty.handler.codec.ByteToMessageDecoder.decodeRemovalReentryProtection(ByteToMessageDecoder.java:489)
	at io.netty.handler.codec.ByteToMessageDecoder.callDecode(ByteToMessageDecoder.java:428)
	... 15 common frames omitted
18:14:04.617 WARN  vert.x-eventloop-thread-0 DefaultChannelPipeline : An exceptionCaught() event was fired, and it reached at the tail of the pipeline. It usually means the last handler in the pipeline did not handle the exception.
io.netty.handler.codec.DecoderException: javax.net.ssl.SSLHandshakeException: Received fatal alert: certificate_unknown
	at io.netty.handler.codec.ByteToMessageDecoder.callDecode(ByteToMessageDecoder.java:459)
	at io.netty.handler.codec.ByteToMessageDecoder.channelRead(ByteToMessageDecoder.java:265)
	at io.netty.channel.AbstractChannelHandlerContext.invokeChannelRead(AbstractChannelHandlerContext.java:362)
	at io.netty.channel.AbstractChannelHandlerContext.invokeChannelRead(AbstractChannelHandlerContext.java:348)
	at io.netty.channel.AbstractChannelHandlerContext.fireChannelRead(AbstractChannelHandlerContext.java:340)
	at io.netty.channel.DefaultChannelPipeline$HeadContext.channelRead(DefaultChannelPipeline.java:1359)
	at io.netty.channel.AbstractChannelHandlerContext.invokeChannelRead(AbstractChannelHandlerContext.java:362)
	at io.netty.channel.AbstractChannelHandlerContext.invokeChannelRead(AbstractChannelHandlerContext.java:348)
	at io.netty.channel.DefaultChannelPipeline.fireChannelRead(DefaultChannelPipeline.java:935)
	at io.netty.channel.nio.AbstractNioByteChannel$NioByteUnsafe.read(AbstractNioByteChannel.java:134)
	at io.netty.channel.nio.NioEventLoop.processSelectedKey(NioEventLoop.java:645)
	at io.netty.channel.nio.NioEventLoop.processSelectedKeysPlain(NioEventLoop.java:545)
	at io.netty.channel.nio.NioEventLoop.processSelectedKeys(NioEventLoop.java:499)
	at io.netty.channel.nio.NioEventLoop.run(NioEventLoop.java:459)
	at io.netty.util.concurrent.SingleThreadEventExecutor$5.run(SingleThreadEventExecutor.java:858)
	at java.base/java.lang.Thread.run(Thread.java:842)
Caused by: javax.net.ssl.SSLHandshakeException: Received fatal alert: certificate_unknown
	at java.base/sun.security.ssl.Alert.createSSLException(Alert.java:131)
	at java.base/sun.security.ssl.Alert.createSSLException(Alert.java:117)
	at java.base/sun.security.ssl.TransportContext.fatal(TransportContext.java:365)
	at java.base/sun.security.ssl.Alert$AlertConsumer.consume(Alert.java:293)
	at java.base/sun.security.ssl.TransportContext.dispatch(TransportContext.java:204)
	at java.base/sun.security.ssl.SSLTransport.decode(SSLTransport.java:172)
	at java.base/sun.security.ssl.SSLEngineImpl.decode(SSLEngineImpl.java:736)
	at java.base/sun.security.ssl.SSLEngineImpl.readRecord(SSLEngineImpl.java:691)
	at java.base/sun.security.ssl.SSLEngineImpl.unwrap(SSLEngineImpl.java:506)
	at java.base/sun.security.ssl.SSLEngineImpl.unwrap(SSLEngineImpl.java:482)
	at java.base/javax.net.ssl.SSLEngine.unwrap(SSLEngine.java:679)
	at io.netty.handler.ssl.SslHandler$SslEngineType$3.unwrap(SslHandler.java:281)
	at io.netty.handler.ssl.SslHandler.unwrap(SslHandler.java:1215)
	at io.netty.handler.ssl.SslHandler.decodeJdkCompatible(SslHandler.java:1127)
	at io.netty.handler.ssl.SslHandler.decode(SslHandler.java:1162)
	at io.netty.handler.codec.ByteToMessageDecoder.decodeRemovalReentryProtection(ByteToMessageDecoder.java:489)
	at io.netty.handler.codec.ByteToMessageDecoder.callDecode(ByteToMessageDecoder.java:428)
	... 15 common frames omitted
18:14:05.294 INFO  vert.x-eventloop-thread-0 BaseServiceProxy     : -> GET /sso/Login?forwardTo=22&RL=1&ip2loc=US,200|636ms
18:14:05.295 INFO  vert.x-eventloop-thread-0 CookieManager        : set cookies [partnerID=""; Domain=.ibkr.com; Expires=Thu, 01 Jan 1970 00:00:10 GMT; Path=/;Secure;SameSite=None, partnerID=""; Domain=.ibkr.com; Expires=Thu, 01 Jan 1970 00:00:10 GMT; Path=/;Secure;SameSite=None, URL_PARAM=forwardTo%3D22&RL%3D1&ip2loc%3DUS; Domain=.ibkr.com; Path=/;Secure, JSESSIONID=795BCDA4D0965C70BF45413C9AAC12D7.ny5wwwdam1-internet; Path=/sso; HttpOnly;Secure;SameSite=None, x-sess-uuid=0.88fa56b8.1776420844.3a399bd6; secure; HttpOnly]
18:14:05.295 DEBUG vert.x-eventloop-thread-0 BaseServiceProxy     : Remapping Set-cookies [partnerID=""; Domain=.ibkr.com; Expires=Thu, 01 Jan 1970 00:00:10 GMT; Path=/;Secure;SameSite=None, partnerID=""; Domain=.ibkr.com; Expires=Thu, 01 Jan 1970 00:00:10 GMT; Path=/;Secure;SameSite=None, URL_PARAM=forwardTo%3D22&RL%3D1&ip2loc%3DUS; Domain=.ibkr.com; Path=/;Secure, JSESSIONID=795BCDA4D0965C70BF45413C9AAC12D7.ny5wwwdam1-internet; Path=/sso; HttpOnly;Secure;SameSite=None, x-sess-uuid=0.88fa56b8.1776420844.3a399bd6; secure; HttpOnly] -> 
18:14:05.367 WARN  vert.x-eventloop-thread-0 DefaultChannelPipeline : An exceptionCaught() event was fired, and it reached at the tail of the pipeline. It usually means the last handler in the pipeline did not handle the exception.
io.netty.handler.codec.DecoderException: javax.net.ssl.SSLHandshakeException: Received fatal alert: certificate_unknown
	at io.netty.handler.codec.ByteToMessageDecoder.callDecode(ByteToMessageDecoder.java:459)
	at io.netty.handler.codec.ByteToMessageDecoder.channelRead(ByteToMessageDecoder.java:265)
	at io.netty.channel.AbstractChannelHandlerContext.invokeChannelRead(AbstractChannelHandlerContext.java:362)
	at io.netty.channel.AbstractChannelHandlerContext.invokeChannelRead(AbstractChannelHandlerContext.java:348)
	at io.netty.channel.AbstractChannelHandlerContext.fireChannelRead(AbstractChannelHandlerContext.java:340)
	at io.netty.channel.DefaultChannelPipeline$HeadContext.channelRead(DefaultChannelPipeline.java:1359)
	at io.netty.channel.AbstractChannelHandlerContext.invokeChannelRead(AbstractChannelHandlerContext.java:362)
	at io.netty.channel.AbstractChannelHandlerContext.invokeChannelRead(AbstractChannelHandlerContext.java:348)
	at io.netty.channel.DefaultChannelPipeline.fireChannelRead(DefaultChannelPipeline.java:935)
	at io.netty.channel.nio.AbstractNioByteChannel$NioByteUnsafe.read(AbstractNioByteChannel.java:134)
	at io.netty.channel.nio.NioEventLoop.processSelectedKey(NioEventLoop.java:645)
	at io.netty.channel.nio.NioEventLoop.processSelectedKeysPlain(NioEventLoop.java:545)
	at io.netty.channel.nio.NioEventLoop.processSelectedKeys(NioEventLoop.java:499)
	at io.netty.channel.nio.NioEventLoop.run(NioEventLoop.java:459)
	at io.netty.util.concurrent.SingleThreadEventExecutor$5.run(SingleThreadEventExecutor.java:858)
	at java.base/java.lang.Thread.run(Thread.java:842)
Caused by: javax.net.ssl.SSLHandshakeException: Received fatal alert: certificate_unknown
	at java.base/sun.security.ssl.Alert.createSSLException(Alert.java:131)
	at java.base/sun.security.ssl.Alert.createSSLException(Alert.java:117)
	at java.base/sun.security.ssl.TransportContext.fatal(TransportContext.java:365)
	at java.base/sun.security.ssl.Alert$AlertConsumer.consume(Alert.java:293)
	at java.base/sun.security.ssl.TransportContext.dispatch(TransportContext.java:204)
	at java.base/sun.security.ssl.SSLTransport.decode(SSLTransport.java:172)
	at java.base/sun.security.ssl.SSLEngineImpl.decode(SSLEngineImpl.java:736)
	at java.base/sun.security.ssl.SSLEngineImpl.readRecord(SSLEngineImpl.java:691)
	at java.base/sun.security.ssl.SSLEngineImpl.unwrap(SSLEngineImpl.java:506)
	at java.base/sun.security.ssl.SSLEngineImpl.unwrap(SSLEngineImpl.java:482)
	at java.base/javax.net.ssl.SSLEngine.unwrap(SSLEngine.java:679)
	at io.netty.handler.ssl.SslHandler$SslEngineType$3.unwrap(SslHandler.java:281)
	at io.netty.handler.ssl.SslHandler.unwrap(SslHandler.java:1215)
	at io.netty.handler.ssl.SslHandler.decodeJdkCompatible(SslHandler.java:1127)
	at io.netty.handler.ssl.SslHandler.decode(SslHandler.java:1162)
	at io.netty.handler.codec.ByteToMessageDecoder.decodeRemovalReentryProtection(ByteToMessageDecoder.java:489)
	at io.netty.handler.codec.ByteToMessageDecoder.callDecode(ByteToMessageDecoder.java:428)
	... 15 common frames omitted
18:14:05.367 WARN  vert.x-eventloop-thread-0 DefaultChannelPipeline : An exceptionCaught() event was fired, and it reached at the tail of the pipeline. It usually means the last handler in the pipeline did not handle the exception.
io.netty.handler.codec.DecoderException: javax.net.ssl.SSLHandshakeException: Received fatal alert: certificate_unknown
	at io.netty.handler.codec.ByteToMessageDecoder.callDecode(ByteToMessageDecoder.java:459)
	at io.netty.handler.codec.ByteToMessageDecoder.channelRead(ByteToMessageDecoder.java:265)
	at io.netty.channel.AbstractChannelHandlerContext.invokeChannelRead(AbstractChannelHandlerContext.java:362)
	at io.netty.channel.AbstractChannelHandlerContext.invokeChannelRead(AbstractChannelHandlerContext.java:348)
	at io.netty.channel.AbstractChannelHandlerContext.fireChannelRead(AbstractChannelHandlerContext.java:340)
	at io.netty.channel.DefaultChannelPipeline$HeadContext.channelRead(DefaultChannelPipeline.java:1359)
	at io.netty.channel.AbstractChannelHandlerContext.invokeChannelRead(AbstractChannelHandlerContext.java:362)
	at io.netty.channel.AbstractChannelHandlerContext.invokeChannelRead(AbstractChannelHandlerContext.java:348)
	at io.netty.channel.DefaultChannelPipeline.fireChannelRead(DefaultChannelPipeline.java:935)
	at io.netty.channel.nio.AbstractNioByteChannel$NioByteUnsafe.read(AbstractNioByteChannel.java:134)
	at io.netty.channel.nio.NioEventLoop.processSelectedKey(NioEventLoop.java:645)
	at io.netty.channel.nio.NioEventLoop.processSelectedKeysPlain(NioEventLoop.java:545)
	at io.netty.channel.nio.NioEventLoop.processSelectedKeys(NioEventLoop.java:499)
	at io.netty.channel.nio.NioEventLoop.run(NioEventLoop.java:459)
	at io.netty.util.concurrent.SingleThreadEventExecutor$5.run(SingleThreadEventExecutor.java:858)
	at java.base/java.lang.Thread.run(Thread.java:842)
Caused by: javax.net.ssl.SSLHandshakeException: Received fatal alert: certificate_unknown
	at java.base/sun.security.ssl.Alert.createSSLException(Alert.java:131)
	at java.base/sun.security.ssl.Alert.createSSLException(Alert.java:117)
	at java.base/sun.security.ssl.TransportContext.fatal(TransportContext.java:365)
	at java.base/sun.security.ssl.Alert$AlertConsumer.consume(Alert.java:293)
	at java.base/sun.security.ssl.TransportContext.dispatch(TransportContext.java:204)
	at java.base/sun.security.ssl.SSLTransport.decode(SSLTransport.java:172)
	at java.base/sun.security.ssl.SSLEngineImpl.decode(SSLEngineImpl.java:736)
	at java.base/sun.security.ssl.SSLEngineImpl.readRecord(SSLEngineImpl.java:691)
	at java.base/sun.security.ssl.SSLEngineImpl.unwrap(SSLEngineImpl.java:506)
	at java.base/sun.security.ssl.SSLEngineImpl.unwrap(SSLEngineImpl.java:482)
	at java.base/javax.net.ssl.SSLEngine.unwrap(SSLEngine.java:679)
	at io.netty.handler.ssl.SslHandler$SslEngineType$3.unwrap(SslHandler.java:281)
	at io.netty.handler.ssl.SslHandler.unwrap(SslHandler.java:1215)
	at io.netty.handler.ssl.SslHandler.decodeJdkCompatible(SslHandler.java:1127)
	at io.netty.handler.ssl.SslHandler.decode(SslHandler.java:1162)
	at io.netty.handler.codec.ByteToMessageDecoder.decodeRemovalReentryProtection(ByteToMessageDecoder.java:489)
	at io.netty.handler.codec.ByteToMessageDecoder.callDecode(ByteToMessageDecoder.java:428)
	... 15 common frames omitted
18:14:05.370 WARN  vert.x-eventloop-thread-0 DefaultChannelPipeline : An exceptionCaught() event was fired, and it reached at the tail of the pipeline. It usually means the last handler in the pipeline did not handle the exception.
io.netty.handler.codec.DecoderException: javax.net.ssl.SSLHandshakeException: Received fatal alert: certificate_unknown
	at io.netty.handler.codec.ByteToMessageDecoder.callDecode(ByteToMessageDecoder.java:459)
	at io.netty.handler.codec.ByteToMessageDecoder.channelRead(ByteToMessageDecoder.java:265)
	at io.netty.channel.AbstractChannelHandlerContext.invokeChannelRead(AbstractChannelHandlerContext.java:362)
	at io.netty.channel.AbstractChannelHandlerContext.invokeChannelRead(AbstractChannelHandlerContext.java:348)
	at io.netty.channel.AbstractChannelHandlerContext.fireChannelRead(AbstractChannelHandlerContext.java:340)
	at io.netty.channel.DefaultChannelPipeline$HeadContext.channelRead(DefaultChannelPipeline.java:1359)
	at io.netty.channel.AbstractChannelHandlerContext.invokeChannelRead(AbstractChannelHandlerContext.java:362)
	at io.netty.channel.AbstractChannelHandlerContext.invokeChannelRead(AbstractChannelHandlerContext.java:348)
	at io.netty.channel.DefaultChannelPipeline.fireChannelRead(DefaultChannelPipeline.java:935)
	at io.netty.channel.nio.AbstractNioByteChannel$NioByteUnsafe.read(AbstractNioByteChannel.java:134)
	at io.netty.channel.nio.NioEventLoop.processSelectedKey(NioEventLoop.java:645)
	at io.netty.channel.nio.NioEventLoop.processSelectedKeysPlain(NioEventLoop.java:545)
	at io.netty.channel.nio.NioEventLoop.processSelectedKeys(NioEventLoop.java:499)
	at io.netty.channel.nio.NioEventLoop.run(NioEventLoop.java:459)
	at io.netty.util.concurrent.SingleThreadEventExecutor$5.run(SingleThreadEventExecutor.java:858)
	at java.base/java.lang.Thread.run(Thread.java:842)
Caused by: javax.net.ssl.SSLHandshakeException: Received fatal alert: certificate_unknown
	at java.base/sun.security.ssl.Alert.createSSLException(Alert.java:131)
	at java.base/sun.security.ssl.Alert.createSSLException(Alert.java:117)
	at java.base/sun.security.ssl.TransportContext.fatal(TransportContext.java:365)
	at java.base/sun.security.ssl.Alert$AlertConsumer.consume(Alert.java:293)
	at java.base/sun.security.ssl.TransportContext.dispatch(TransportContext.java:204)
	at java.base/sun.security.ssl.SSLTransport.decode(SSLTransport.java:172)
	at java.base/sun.security.ssl.SSLEngineImpl.decode(SSLEngineImpl.java:736)
	at java.base/sun.security.ssl.SSLEngineImpl.readRecord(SSLEngineImpl.java:691)
	at java.base/sun.security.ssl.SSLEngineImpl.unwrap(SSLEngineImpl.java:506)
	at java.base/sun.security.ssl.SSLEngineImpl.unwrap(SSLEngineImpl.java:482)
	at java.base/javax.net.ssl.SSLEngine.unwrap(SSLEngine.java:679)
	at io.netty.handler.ssl.SslHandler$SslEngineType$3.unwrap(SslHandler.java:281)
	at io.netty.handler.ssl.SslHandler.unwrap(SslHandler.java:1215)
	at io.netty.handler.ssl.SslHandler.decodeJdkCompatible(SslHandler.java:1127)
	at io.netty.handler.ssl.SslHandler.decode(SslHandler.java:1162)
	at io.netty.handler.codec.ByteToMessageDecoder.decodeRemovalReentryProtection(ByteToMessageDecoder.java:489)
	at io.netty.handler.codec.ByteToMessageDecoder.callDecode(ByteToMessageDecoder.java:428)
	... 15 common frames omitted
18:14:05.372 WARN  vert.x-eventloop-thread-0 DefaultChannelPipeline : An exceptionCaught() event was fired, and it reached at the tail of the pipeline. It usually means the last handler in the pipeline did not handle the exception.
io.netty.handler.codec.DecoderException: javax.net.ssl.SSLHandshakeException: Received fatal alert: certificate_unknown
	at io.netty.handler.codec.ByteToMessageDecoder.callDecode(ByteToMessageDecoder.java:459)
	at io.netty.handler.codec.ByteToMessageDecoder.channelRead(ByteToMessageDecoder.java:265)
	at io.netty.channel.AbstractChannelHandlerContext.invokeChannelRead(AbstractChannelHandlerContext.java:362)
	at io.netty.channel.AbstractChannelHandlerContext.invokeChannelRead(AbstractChannelHandlerContext.java:348)
	at io.netty.channel.AbstractChannelHandlerContext.fireChannelRead(AbstractChannelHandlerContext.java:340)
	at io.netty.channel.DefaultChannelPipeline$HeadContext.channelRead(DefaultChannelPipeline.java:1359)
	at io.netty.channel.AbstractChannelHandlerContext.invokeChannelRead(AbstractChannelHandlerContext.java:362)
	at io.netty.channel.AbstractChannelHandlerContext.invokeChannelRead(AbstractChannelHandlerContext.java:348)
	at io.netty.channel.DefaultChannelPipeline.fireChannelRead(DefaultChannelPipeline.java:935)
	at io.netty.channel.nio.AbstractNioByteChannel$NioByteUnsafe.read(AbstractNioByteChannel.java:134)
	at io.netty.channel.nio.NioEventLoop.processSelectedKey(NioEventLoop.java:645)
	at io.netty.channel.nio.NioEventLoop.processSelectedKeysPlain(NioEventLoop.java:545)
	at io.netty.channel.nio.NioEventLoop.processSelectedKeys(NioEventLoop.java:499)
	at io.netty.channel.nio.NioEventLoop.run(NioEventLoop.java:459)
	at io.netty.util.concurrent.SingleThreadEventExecutor$5.run(SingleThreadEventExecutor.java:858)
	at java.base/java.lang.Thread.run(Thread.java:842)
Caused by: javax.net.ssl.SSLHandshakeException: Received fatal alert: certificate_unknown
	at java.base/sun.security.ssl.Alert.createSSLException(Alert.java:131)
	at java.base/sun.security.ssl.Alert.createSSLException(Alert.java:117)
	at java.base/sun.security.ssl.TransportContext.fatal(TransportContext.java:365)
	at java.base/sun.security.ssl.Alert$AlertConsumer.consume(Alert.java:293)
	at java.base/sun.security.ssl.TransportContext.dispatch(TransportContext.java:204)
	at java.base/sun.security.ssl.SSLTransport.decode(SSLTransport.java:172)
	at java.base/sun.security.ssl.SSLEngineImpl.decode(SSLEngineImpl.java:736)
	at java.base/sun.security.ssl.SSLEngineImpl.readRecord(SSLEngineImpl.java:691)
	at java.base/sun.security.ssl.SSLEngineImpl.unwrap(SSLEngineImpl.java:506)
	at java.base/sun.security.ssl.SSLEngineImpl.unwrap(SSLEngineImpl.java:482)
	at java.base/javax.net.ssl.SSLEngine.unwrap(SSLEngine.java:679)
	at io.netty.handler.ssl.SslHandler$SslEngineType$3.unwrap(SslHandler.java:281)
	at io.netty.handler.ssl.SslHandler.unwrap(SslHandler.java:1215)
	at io.netty.handler.ssl.SslHandler.decodeJdkCompatible(SslHandler.java:1127)
	at io.netty.handler.ssl.SslHandler.decode(SslHandler.java:1162)
	at io.netty.handler.codec.ByteToMessageDecoder.decodeRemovalReentryProtection(ByteToMessageDecoder.java:489)
	at io.netty.handler.codec.ByteToMessageDecoder.callDecode(ByteToMessageDecoder.java:428)
	... 15 common frames omitted
18:14:05.372 WARN  vert.x-eventloop-thread-0 DefaultChannelPipeline : An exceptionCaught() event was fired, and it reached at the tail of the pipeline. It usually means the last handler in the pipeline did not handle the exception.
io.netty.handler.codec.DecoderException: javax.net.ssl.SSLHandshakeException: Received fatal alert: certificate_unknown
	at io.netty.handler.codec.ByteToMessageDecoder.callDecode(ByteToMessageDecoder.java:459)
	at io.netty.handler.codec.ByteToMessageDecoder.channelRead(ByteToMessageDecoder.java:265)
	at io.netty.channel.AbstractChannelHandlerContext.invokeChannelRead(AbstractChannelHandlerContext.java:362)
	at io.netty.channel.AbstractChannelHandlerContext.invokeChannelRead(AbstractChannelHandlerContext.java:348)
	at io.netty.channel.AbstractChannelHandlerContext.fireChannelRead(AbstractChannelHandlerContext.java:340)
	at io.netty.channel.DefaultChannelPipeline$HeadContext.channelRead(DefaultChannelPipeline.java:1359)
	at io.netty.channel.AbstractChannelHandlerContext.invokeChannelRead(AbstractChannelHandlerContext.java:362)
	at io.netty.channel.AbstractChannelHandlerContext.invokeChannelRead(AbstractChannelHandlerContext.java:348)
	at io.netty.channel.DefaultChannelPipeline.fireChannelRead(DefaultChannelPipeline.java:935)
	at io.netty.channel.nio.AbstractNioByteChannel$NioByteUnsafe.read(AbstractNioByteChannel.java:134)
	at io.netty.channel.nio.NioEventLoop.processSelectedKey(NioEventLoop.java:645)
	at io.netty.channel.nio.NioEventLoop.processSelectedKeysPlain(NioEventLoop.java:545)
	at io.netty.channel.nio.NioEventLoop.processSelectedKeys(NioEventLoop.java:499)
	at io.netty.channel.nio.NioEventLoop.run(NioEventLoop.java:459)
	at io.netty.util.concurrent.SingleThreadEventExecutor$5.run(SingleThreadEventExecutor.java:858)
	at java.base/java.lang.Thread.run(Thread.java:842)
Caused by: javax.net.ssl.SSLHandshakeException: Received fatal alert: certificate_unknown
	at java.base/sun.security.ssl.Alert.createSSLException(Alert.java:131)
	at java.base/sun.security.ssl.Alert.createSSLException(Alert.java:117)
	at java.base/sun.security.ssl.TransportContext.fatal(TransportContext.java:365)
	at java.base/sun.security.ssl.Alert$AlertConsumer.consume(Alert.java:293)
	at java.base/sun.security.ssl.TransportContext.dispatch(TransportContext.java:204)
	at java.base/sun.security.ssl.SSLTransport.decode(SSLTransport.java:172)
	at java.base/sun.security.ssl.SSLEngineImpl.decode(SSLEngineImpl.java:736)
	at java.base/sun.security.ssl.SSLEngineImpl.readRecord(SSLEngineImpl.java:691)
	at java.base/sun.security.ssl.SSLEngineImpl.unwrap(SSLEngineImpl.java:506)
	at java.base/sun.security.ssl.SSLEngineImpl.unwrap(SSLEngineImpl.java:482)
	at java.base/javax.net.ssl.SSLEngine.unwrap(SSLEngine.java:679)
	at io.netty.handler.ssl.SslHandler$SslEngineType$3.unwrap(SslHandler.java:281)
	at io.netty.handler.ssl.SslHandler.unwrap(SslHandler.java:1215)
	at io.netty.handler.ssl.SslHandler.decodeJdkCompatible(SslHandler.java:1127)
	at io.netty.handler.ssl.SslHandler.decode(SslHandler.java:1162)
	at io.netty.handler.codec.ByteToMessageDecoder.decodeRemovalReentryProtection(ByteToMessageDecoder.java:489)
	at io.netty.handler.codec.ByteToMessageDecoder.callDecode(ByteToMessageDecoder.java:428)
	... 15 common frames omitted
18:14:05.383 WARN  vert.x-eventloop-thread-0 DefaultChannelPipeline : An exceptionCaught() event was fired, and it reached at the tail of the pipeline. It usually means the last handler in the pipeline did not handle the exception.
io.netty.handler.codec.DecoderException: javax.net.ssl.SSLHandshakeException: Received fatal alert: certificate_unknown
	at io.netty.handler.codec.ByteToMessageDecoder.callDecode(ByteToMessageDecoder.java:459)
	at io.netty.handler.codec.ByteToMessageDecoder.channelRead(ByteToMessageDecoder.java:265)
	at io.netty.channel.AbstractChannelHandlerContext.invokeChannelRead(AbstractChannelHandlerContext.java:362)
	at io.netty.channel.AbstractChannelHandlerContext.invokeChannelRead(AbstractChannelHandlerContext.java:348)
	at io.netty.channel.AbstractChannelHandlerContext.fireChannelRead(AbstractChannelHandlerContext.java:340)
	at io.netty.channel.DefaultChannelPipeline$HeadContext.channelRead(DefaultChannelPipeline.java:1359)
	at io.netty.channel.AbstractChannelHandlerContext.invokeChannelRead(AbstractChannelHandlerContext.java:362)
	at io.netty.channel.AbstractChannelHandlerContext.invokeChannelRead(AbstractChannelHandlerContext.java:348)
	at io.netty.channel.DefaultChannelPipeline.fireChannelRead(DefaultChannelPipeline.java:935)
	at io.netty.channel.nio.AbstractNioByteChannel$NioByteUnsafe.read(AbstractNioByteChannel.java:134)
	at io.netty.channel.nio.NioEventLoop.processSelectedKey(NioEventLoop.java:645)
	at io.netty.channel.nio.NioEventLoop.processSelectedKeysPlain(NioEventLoop.java:545)
	at io.netty.channel.nio.NioEventLoop.processSelectedKeys(NioEventLoop.java:499)
	at io.netty.channel.nio.NioEventLoop.run(NioEventLoop.java:459)
	at io.netty.util.concurrent.SingleThreadEventExecutor$5.run(SingleThreadEventExecutor.java:858)
	at java.base/java.lang.Thread.run(Thread.java:842)
Caused by: javax.net.ssl.SSLHandshakeException: Received fatal alert: certificate_unknown
	at java.base/sun.security.ssl.Alert.createSSLException(Alert.java:131)
	at java.base/sun.security.ssl.Alert.createSSLException(Alert.java:117)
	at java.base/sun.security.ssl.TransportContext.fatal(TransportContext.java:365)
	at java.base/sun.security.ssl.Alert$AlertConsumer.consume(Alert.java:293)
	at java.base/sun.security.ssl.TransportContext.dispatch(TransportContext.java:204)
	at java.base/sun.security.ssl.SSLTransport.decode(SSLTransport.java:172)
	at java.base/sun.security.ssl.SSLEngineImpl.decode(SSLEngineImpl.java:736)
	at java.base/sun.security.ssl.SSLEngineImpl.readRecord(SSLEngineImpl.java:691)
	at java.base/sun.security.ssl.SSLEngineImpl.unwrap(SSLEngineImpl.java:506)
	at java.base/sun.security.ssl.SSLEngineImpl.unwrap(SSLEngineImpl.java:482)
	at java.base/javax.net.ssl.SSLEngine.unwrap(SSLEngine.java:679)
	at io.netty.handler.ssl.SslHandler$SslEngineType$3.unwrap(SslHandler.java:281)
	at io.netty.handler.ssl.SslHandler.unwrap(SslHandler.java:1215)
	at io.netty.handler.ssl.SslHandler.decodeJdkCompatible(SslHandler.java:1127)
	at io.netty.handler.ssl.SslHandler.decode(SslHandler.java:1162)
	at io.netty.handler.codec.ByteToMessageDecoder.decodeRemovalReentryProtection(ByteToMessageDecoder.java:489)
	at io.netty.handler.codec.ByteToMessageDecoder.callDecode(ByteToMessageDecoder.java:428)
	... 15 common frames omitted
18:14:05.384 WARN  vert.x-eventloop-thread-0 DefaultChannelPipeline : An exceptionCaught() event was fired, and it reached at the tail of the pipeline. It usually means the last handler in the pipeline did not handle the exception.
io.netty.handler.codec.DecoderException: javax.net.ssl.SSLHandshakeException: Received fatal alert: certificate_unknown
	at io.netty.handler.codec.ByteToMessageDecoder.callDecode(ByteToMessageDecoder.java:459)
	at io.netty.handler.codec.ByteToMessageDecoder.channelRead(ByteToMessageDecoder.java:265)
	at io.netty.channel.AbstractChannelHandlerContext.invokeChannelRead(AbstractChannelHandlerContext.java:362)
	at io.netty.channel.AbstractChannelHandlerContext.invokeChannelRead(AbstractChannelHandlerContext.java:348)
	at io.netty.channel.AbstractChannelHandlerContext.fireChannelRead(AbstractChannelHandlerContext.java:340)
	at io.netty.channel.DefaultChannelPipeline$HeadContext.channelRead(DefaultChannelPipeline.java:1359)
	at io.netty.channel.AbstractChannelHandlerContext.invokeChannelRead(AbstractChannelHandlerContext.java:362)
	at io.netty.channel.AbstractChannelHandlerContext.invokeChannelRead(AbstractChannelHandlerContext.java:348)
	at io.netty.channel.DefaultChannelPipeline.fireChannelRead(DefaultChannelPipeline.java:935)
	at io.netty.channel.nio.AbstractNioByteChannel$NioByteUnsafe.read(AbstractNioByteChannel.java:134)
	at io.netty.channel.nio.NioEventLoop.processSelectedKey(NioEventLoop.java:645)
	at io.netty.channel.nio.NioEventLoop.processSelectedKeysPlain(NioEventLoop.java:545)
	at io.netty.channel.nio.NioEventLoop.processSelectedKeys(NioEventLoop.java:499)
	at io.netty.channel.nio.NioEventLoop.run(NioEventLoop.java:459)
	at io.netty.util.concurrent.SingleThreadEventExecutor$5.run(SingleThreadEventExecutor.java:858)
	at java.base/java.lang.Thread.run(Thread.java:842)
Caused by: javax.net.ssl.SSLHandshakeException: Received fatal alert: certificate_unknown
	at java.base/sun.security.ssl.Alert.createSSLException(Alert.java:131)
	at java.base/sun.security.ssl.Alert.createSSLException(Alert.java:117)
	at java.base/sun.security.ssl.TransportContext.fatal(TransportContext.java:365)
	at java.base/sun.security.ssl.Alert$AlertConsumer.consume(Alert.java:293)
	at java.base/sun.security.ssl.TransportContext.dispatch(TransportContext.java:204)
	at java.base/sun.security.ssl.SSLTransport.decode(SSLTransport.java:172)
	at java.base/sun.security.ssl.SSLEngineImpl.decode(SSLEngineImpl.java:736)
	at java.base/sun.security.ssl.SSLEngineImpl.readRecord(SSLEngineImpl.java:691)
	at java.base/sun.security.ssl.SSLEngineImpl.unwrap(SSLEngineImpl.java:506)
	at java.base/sun.security.ssl.SSLEngineImpl.unwrap(SSLEngineImpl.java:482)
	at java.base/javax.net.ssl.SSLEngine.unwrap(SSLEngine.java:679)
	at io.netty.handler.ssl.SslHandler$SslEngineType$3.unwrap(SslHandler.java:281)
	at io.netty.handler.ssl.SslHandler.unwrap(SslHandler.java:1215)
	at io.netty.handler.ssl.SslHandler.decodeJdkCompatible(SslHandler.java:1127)
	at io.netty.handler.ssl.SslHandler.decode(SslHandler.java:1162)
	at io.netty.handler.codec.ByteToMessageDecoder.decodeRemovalReentryProtection(ByteToMessageDecoder.java:489)
	at io.netty.handler.codec.ByteToMessageDecoder.callDecode(ByteToMessageDecoder.java:428)
	... 15 common frames omitted
18:14:05.386 WARN  vert.x-eventloop-thread-0 DefaultChannelPipeline : An exceptionCaught() event was fired, and it reached at the tail of the pipeline. It usually means the last handler in the pipeline did not handle the exception.
io.netty.handler.codec.DecoderException: javax.net.ssl.SSLHandshakeException: Received fatal alert: certificate_unknown
	at io.netty.handler.codec.ByteToMessageDecoder.callDecode(ByteToMessageDecoder.java:459)
	at io.netty.handler.codec.ByteToMessageDecoder.channelRead(ByteToMessageDecoder.java:265)
	at io.netty.channel.AbstractChannelHandlerContext.invokeChannelRead(AbstractChannelHandlerContext.java:362)
	at io.netty.channel.AbstractChannelHandlerContext.invokeChannelRead(AbstractChannelHandlerContext.java:348)
	at io.netty.channel.AbstractChannelHandlerContext.fireChannelRead(AbstractChannelHandlerContext.java:340)
	at io.netty.channel.DefaultChannelPipeline$HeadContext.channelRead(DefaultChannelPipeline.java:1359)
	at io.netty.channel.AbstractChannelHandlerContext.invokeChannelRead(AbstractChannelHandlerContext.java:362)
	at io.netty.channel.AbstractChannelHandlerContext.invokeChannelRead(AbstractChannelHandlerContext.java:348)
	at io.netty.channel.DefaultChannelPipeline.fireChannelRead(DefaultChannelPipeline.java:935)
	at io.netty.channel.nio.AbstractNioByteChannel$NioByteUnsafe.read(AbstractNioByteChannel.java:134)
	at io.netty.channel.nio.NioEventLoop.processSelectedKey(NioEventLoop.java:645)
	at io.netty.channel.nio.NioEventLoop.processSelectedKeysPlain(NioEventLoop.java:545)
	at io.netty.channel.nio.NioEventLoop.processSelectedKeys(NioEventLoop.java:499)
	at io.netty.channel.nio.NioEventLoop.run(NioEventLoop.java:459)
	at io.netty.util.concurrent.SingleThreadEventExecutor$5.run(SingleThreadEventExecutor.java:858)
	at java.base/java.lang.Thread.run(Thread.java:842)
Caused by: javax.net.ssl.SSLHandshakeException: Received fatal alert: certificate_unknown
	at java.base/sun.security.ssl.Alert.createSSLException(Alert.java:131)
	at java.base/sun.security.ssl.Alert.createSSLException(Alert.java:117)
	at java.base/sun.security.ssl.TransportContext.fatal(TransportContext.java:365)
	at java.base/sun.security.ssl.Alert$AlertConsumer.consume(Alert.java:293)
	at java.base/sun.security.ssl.TransportContext.dispatch(TransportContext.java:204)
	at java.base/sun.security.ssl.SSLTransport.decode(SSLTransport.java:172)
	at java.base/sun.security.ssl.SSLEngineImpl.decode(SSLEngineImpl.java:736)
	at java.base/sun.security.ssl.SSLEngineImpl.readRecord(SSLEngineImpl.java:691)
	at java.base/sun.security.ssl.SSLEngineImpl.unwrap(SSLEngineImpl.java:506)
	at java.base/sun.security.ssl.SSLEngineImpl.unwrap(SSLEngineImpl.java:482)
	at java.base/javax.net.ssl.SSLEngine.unwrap(SSLEngine.java:679)
	at io.netty.handler.ssl.SslHandler$SslEngineType$3.unwrap(SslHandler.java:281)
	at io.netty.handler.ssl.SslHandler.unwrap(SslHandler.java:1215)
	at io.netty.handler.ssl.SslHandler.decodeJdkCompatible(SslHandler.java:1127)
	at io.netty.handler.ssl.SslHandler.decode(SslHandler.java:1162)
	at io.netty.handler.codec.ByteToMessageDecoder.decodeRemovalReentryProtection(ByteToMessageDecoder.java:489)
	at io.netty.handler.codec.ByteToMessageDecoder.callDecode(ByteToMessageDecoder.java:428)
	... 15 common frames omitted
18:14:05.464 INFO  vert.x-eventloop-thread-0 BaseServiceProxy     : -> GET /css/bootstrap-5.2.2/bootstrap.min.css,200|112ms
18:14:05.509 INFO  vert.x-eventloop-thread-0 BaseServiceProxy     : -> GET /css/ibkr/theme-ibkr-portal.min.css,200|116ms
18:14:05.516 INFO  vert.x-eventloop-thread-0 BaseServiceProxy     : -> GET /css/bootstrap-switch-3.3.2/bootstrap-switch.min.css,200|126ms
18:14:05.534 INFO  vert.x-eventloop-thread-0 BaseServiceProxy     : -> GET /scripts/common/js/jquery-3.7.0/jquery.min.js,200|139ms
18:14:05.542 INFO  vert.x-eventloop-thread-0 BaseServiceProxy     : -> GET /css/fontawesome-6.4.2/all.min.css,200|154ms
18:14:05.551 INFO  vert.x-eventloop-thread-0 BaseServiceProxy     : -> GET /css/reg-am/login.min.css,200|160ms
18:14:05.582 INFO  vert.x-eventloop-thread-0 BaseServiceProxy     : -> GET /sso/lib/xyz.bundle.min.js,200|63ms
18:14:05.582 INFO  vert.x-eventloop-thread-0 CookieManager        : set cookies [x-sess-uuid=0.88fa56b8.1776420845.3a399df5; secure; HttpOnly]
18:14:05.582 DEBUG vert.x-eventloop-thread-0 BaseServiceProxy     : Remapping Set-cookies [x-sess-uuid=0.88fa56b8.1776420845.3a399df5; secure; HttpOnly] -> 
18:14:05.590 INFO  vert.x-eventloop-thread-0 BaseServiceProxy     : -> GET /scripts/common/js/bootstrap-5.2.2/bootstrap.bundle.min.js,200|100ms
18:14:05.747 INFO  vert.x-eventloop-thread-0 BaseServiceProxy     : -> GET /fonts/proxima-nova/Proxima-Nova-Regular.woff2,200|31ms
18:14:05.751 INFO  vert.x-eventloop-thread-0 BaseServiceProxy     : -> GET /images/common/logos/ibkr/interactive-brokers.svg,200|53ms
18:14:05.752 INFO  vert.x-eventloop-thread-0 BaseServiceProxy     : -> GET /fonts/fontawesome-6.4.2/webfonts/fa-brands-400.woff2,200|34ms
18:14:05.814 INFO  vert.x-eventloop-thread-0 BaseServiceProxy     : -> GET /fonts/fontawesome-6.4.2/webfonts/fa-solid-900.woff2,200|96ms
18:14:05.838 INFO  vert.x-eventloop-thread-0 BaseServiceProxy     : -> GET /portal.proxy/v1/gstat/bulletins,204|104ms
18:14:05.862 INFO  vert.x-eventloop-thread-0 BaseServiceProxy     : -> GET /images/web/favicons/home-screen-icon-128x128.png,200|29ms
18:14:06.075 INFO  vert.x-eventloop-thread-0 BaseServiceProxy     : -> GET /sso/report,200|342ms
18:14:06.075 INFO  vert.x-eventloop-thread-0 CookieManager        : set cookies [x-sess-uuid=0.9be83217.1776420845.51605f1a; secure; HttpOnly]
18:14:06.075 DEBUG vert.x-eventloop-thread-0 BaseServiceProxy     : Remapping Set-cookies [x-sess-uuid=0.9be83217.1776420845.51605f1a; secure; HttpOnly] -> 
18:14:14.510 INFO  vert.x-eventloop-thread-0 BaseServiceProxy     : -> GET /sso/Authenticator,200|374ms
18:14:14.511 INFO  vert.x-eventloop-thread-0 CookieManager        : set cookies [x-sess-uuid=0.7ce83217.1776420854.35e1202b; secure; HttpOnly]
18:14:14.512 DEBUG vert.x-eventloop-thread-0 BaseServiceProxy     : Remapping Set-cookies [x-sess-uuid=0.7ce83217.1776420854.35e1202b; secure; HttpOnly] -> 
18:14:14.878 INFO  vert.x-eventloop-thread-0 BaseServiceProxy     : -> GET /sso/Authenticator,200|345ms
18:14:14.878 INFO  vert.x-eventloop-thread-0 CookieManager        : set cookies [web=3343352782; Domain=.ibkr.com; Expires=Sat, 17 Apr 2027 10:14:14 GMT; Path=/; Secure;Secure;SameSite=None, x-sess-uuid=0.88fa56b8.1776420854.3a399eb3; secure; HttpOnly]
18:14:14.878 DEBUG vert.x-eventloop-thread-0 BaseServiceProxy     : Remapping Set-cookies [web=3343352782; Domain=.ibkr.com; Expires=Sat, 17 Apr 2027 10:14:14 GMT; Path=/; Secure;Secure;SameSite=None, x-sess-uuid=0.88fa56b8.1776420854.3a399eb3; secure; HttpOnly] -> 
18:14:15.185 INFO  vert.x-eventloop-thread-0 BaseServiceProxy     : -> GET /sso/Authenticator,200|300ms
18:14:15.185 INFO  vert.x-eventloop-thread-0 CookieManager        : set cookies [x-sess-uuid=0.9be83217.1776420854.51605fd9; secure; HttpOnly]
18:14:15.185 DEBUG vert.x-eventloop-thread-0 BaseServiceProxy     : Remapping Set-cookies [x-sess-uuid=0.9be83217.1776420854.51605fd9; secure; HttpOnly] -> 
18:14:18.509 INFO  vert.x-eventloop-thread-0 BaseServiceProxy     : -> GET /sso/Authenticator,200|303ms
18:14:18.510 INFO  vert.x-eventloop-thread-0 CookieManager        : set cookies [x-sess-uuid=0.88fa56b8.1776420858.3a399edb; secure; HttpOnly]
18:14:18.510 DEBUG vert.x-eventloop-thread-0 BaseServiceProxy     : Remapping Set-cookies [x-sess-uuid=0.88fa56b8.1776420858.3a399edb; secure; HttpOnly] -> 
18:14:21.577 INFO  vert.x-eventloop-thread-0 BaseServiceProxy     : -> GET /sso/Authenticator,200|378ms
18:14:21.578 INFO  vert.x-eventloop-thread-0 CookieManager        : set cookies [x-sess-uuid=0.9be83217.1776420861.5160609c; secure; HttpOnly]
18:14:21.579 DEBUG vert.x-eventloop-thread-0 BaseServiceProxy     : Remapping Set-cookies [x-sess-uuid=0.9be83217.1776420861.5160609c; secure; HttpOnly] -> 
18:14:22.017 INFO  vert.x-eventloop-thread-0 BaseServiceProxy     : -> GET /sso/Dispatcher,302|404ms
18:14:22.018 INFO  vert.x-eventloop-thread-0 CookieManager        : set cookies [USERID=50301190; Domain=.ibkr.com; Path=/;Secure;SameSite=None, x-sess-uuid=0.7ce83217.1776420861.35e1435e; secure; HttpOnly]
18:14:22.018 DEBUG vert.x-eventloop-thread-0 BaseServiceProxy     : Remapping Set-cookies [USERID=50301190; Domain=.ibkr.com; Path=/;Secure;SameSite=None, x-sess-uuid=0.7ce83217.1776420861.35e1435e; secure; HttpOnly] -> 
18:14:22.019 INFO  vert.x-eventloop-thread-0 GatewayHttpProxy     : Client login succeeds
18:14:22.509 INFO  vert.x-eventloop-thread-0 BaseServiceProxy     : -> GET /v1/api/sso/validate?gw=1,200|488ms
18:14:22.515 DEBUG vert.x-eventloop-thread-0 ClientPortalService  : portal validate response: {"SFT":"5.2a","IS_PENDING_APPLICANT":false,"SF_ENABLED":true,"HARDWARE_INFO":"","UNIQUE_LOGIN_ID":"50301190-1776420860971","AUTH_TIME":1776420861022,"SF_CONFIG":"5.2a","USER_NAME":"pragu1020","CREDENTIAL_TYPE":0,"IS_FREE_TRIAL":false,"LOGIN_TYPE":1,"LANDING_APP":"PORTAL","CREDENTIAL":"pragu1020","ANOMALOUS_LOGIN":false,"RESULT":true,"IP":"116.88.81.189","USER_ID":50301190,"EXPIRES":1776420862563,"TOKEN":"a51ab2baeaef96c4e52f80c0c155a1c806545c9c","took":260,"IS_MASTER":false,"features":{"env":"PROD","wlms":true,"realtime":true,"bond":true,"optionChains":true,"calendar":true,"newMf":true},"region":"SG"}
18:14:22.621 INFO  vert.x-eventloop-thread-0 GatewayHttpProxy     : authenticated to cp
18:14:22.622 DEBUG vert.x-eventloop-thread-0 BaseServiceProxy     : cancel timer SsoService 0
18:14:22.622 DEBUG vert.x-eventloop-thread-0 BaseServiceProxy     : start timer 300000 SsoService
18:14:22.623 DEBUG vert.x-eventloop-thread-0 BaseServiceProxy     : forward event ON_SSO_VALIDATION, payload 50301190
18:14:22.968 INFO  vert.x-eventloop-thread-0 BaseServiceProxy     : -> GET /v1/api/one/user,200|347ms
18:14:22.969 INFO  vert.x-eventloop-thread-0 ClientPortalService  : get user reply {"username":"pragu1020","features":{"env":"PROD","wlms":true,"realtime":true,"bond":true,"optionChains":true,"calendar":true,"newMf":true},"wbId":"","uar":{"portfolioAnalyst":true,"userInfo":true,"messageCenter":true,"accountDetails":true,"tradingRestrictions":false,"tws":true,"fyi":true,"voting":true,"forum":true,"recentTransactions":true},"props":{"isIBAMClient":false,"ReadOnlySession":null},"firstApprovedDate":1592755200000,"accts":{"U5799398F":{"isIBAMClient":false,"clearingStatus":"O","openDate":1667577600000,"isFAClient":false,"isFunded":true,"tradingPermissions":["CMDTY"]},"U5799398":{"isIBAMClient":false,"clearingStatus":"O","openDate":1592150400000,"isFAClient":false,"isFunded":true,"tradingPermissions":["OPT","IOPT","WAR","STK","CASH","FOP"]}},"hasBrokerageAccessInd":true,"hfcipEligibleInd":false,"fa":false,"has2fa":false,"islite":false,"ispaper":false,"applicants":[{"id":6062329,"type":"INDIVIDUAL","businessType":"INDEPENDENT","nlcode":"en_US","legalCountry":{"name":"Singapore","alpha3":"SGP"}}]}
18:14:24.239 INFO  vert.x-eventloop-thread-0 SsoService           : sso init status=200, url=https://api.ibkr.com/v1/api/ssodh/init
18:14:24.312 DEBUG vert.x-eventloop-thread-0 SsoService           : K b3c0fe3d5a679ce173126f3efbc4739ac8dee944
18:14:24.313 DEBUG vert.x-eventloop-thread-0 BaseServiceProxy     : forward event ON_SSODH_COMPLETED, payload none
18:14:24.313 DEBUG vert.x-eventloop-thread-0 GatewayHttpProxy     : delaying authentication for 3000
18:14:24.321 ERROR vert.x-eventloop-thread-0 ContextImpl          : Unhandled exception
java.lang.NullPointerException: Cannot read the array length because "mac" is null
	at ibgroup.web.core.clientportal.gw.utils.TstTokenUtils.getMacAddress(TstTokenUtils.java:22)
	at ibgroup.web.core.clientportal.gw.services.SsoService.getMac(SsoService.java:81)
	at ibgroup.web.core.clientportal.gw.services.SsoService.getDeviceId(SsoService.java:70)
	at ibgroup.web.core.clientportal.gw.services.SsoService.setTstToken(SsoService.java:88)
	at ibgroup.web.core.clientportal.gw.http.GatewayHttpProxy.onEvent(GatewayHttpProxy.java:213)
	at ibgroup.web.core.clientportal.gw.http.GatewayHttpProxy.lambda$new$1(GatewayHttpProxy.java:56)
	at ibgroup.web.core.clientportal.gw.services.BaseServiceProxy.lambda$null$0(BaseServiceProxy.java:67)
	at java.base/java.util.ArrayList.forEach(ArrayList.java:1511)
	at ibgroup.web.core.clientportal.gw.services.BaseServiceProxy.lambda$on$1(BaseServiceProxy.java:67)
	at io.vertx.core.impl.ContextImpl.lambda$wrapTask$2(ContextImpl.java:344)
	at io.netty.util.concurrent.AbstractEventExecutor.safeExecute(AbstractEventExecutor.java:163)
	at io.netty.util.concurrent.SingleThreadEventExecutor.runAllTasks(SingleThreadEventExecutor.java:403)
	at io.netty.channel.nio.NioEventLoop.run(NioEventLoop.java:463)
	at io.netty.util.concurrent.SingleThreadEventExecutor$5.run(SingleThreadEventExecutor.java:858)
	at java.base/java.lang.Thread.run(Thread.java:842)
18:14:27.405 INFO  vert.x-eventloop-thread-0 BaseServiceProxy     : -> GET /v1/api/iserver/auth/status,200|89ms
18:14:27.406 DEBUG vert.x-eventloop-thread-0 ClientPortalService  : status {"authenticated":false,"established":false,"competing":false,"connected":false,"MAC":"06:A8:C0:D9:D5:E3"}
18:14:27.407 INFO  vert.x-eventloop-thread-0 ClientPortalService  : process auth status {"authenticated":false,"established":false,"competing":false,"connected":false,"MAC":"06:A8:C0:D9:D5:E3"}
18:14:27.429 DEBUG vert.x-eventloop-thread-0 ClientPortalService  : auth brokerage, k=b3c0fe3d5a679ce173126f3efbc4739ac8dee944, post={"username":"pragu1020","machineId":"27256f65","compete":true}
18:14:27.762 INFO  vert.x-eventloop-thread-0 BaseServiceProxy     : -> POST https://api.ibkr.com/v1/api/iserver/auth/ssodh/init,200|332ms
18:14:27.764 DEBUG vert.x-eventloop-thread-0 ClientPortalService  : iserver init : {"passed":true,"authenticated":true,"connected":true,"established":false,"competing":false,"hardware_info":"275c5aa2|06:A8:C0:D9:D5:E3"}
18:14:27.764 INFO  vert.x-eventloop-thread-0 ClientPortalService  : process auth status {"passed":true,"authenticated":true,"connected":true,"established":false,"competing":false,"hardware_info":"275c5aa2|06:A8:C0:D9:D5:E3"}
18:14:27.765 DEBUG vert.x-eventloop-thread-0 BaseServiceProxy     : start timer 30000 ClientPortalService
18:14:27.823 INFO  vert.x-eventloop-thread-0 BaseServiceProxy     : -> GET /v1/api/iserver/accounts,200|59ms
18:14:27.823 DEBUG vert.x-eventloop-thread-0 ClientPortalService  : iserver accounts {}
18:14:33.048 INFO  vert.x-eventloop-thread-0 BaseServiceProxy     : -> GET /v1/api/iserver/auth/ssodh/init?publish=true&compete=true,200|338ms
18:14:33.139 INFO  vert.x-eventloop-thread-0 BaseServiceProxy     : -> GET /v1/api/iserver/account/orders,200|55ms
18:14:33.229 INFO  vert.x-eventloop-thread-0 BaseServiceProxy     : -> GET /v1/api/tickle,200|68ms
18:14:52.501 INFO  vert.x-eventloop-thread-0 BaseServiceProxy     : -> GET /v1/api/iserver/account/trades,200|70ms
18:14:54.614 INFO  vert.x-eventloop-thread-0 BaseServiceProxy     : -> GET /v1/api/iserver/account/trades,200|63ms
18:14:57.846 INFO  vert.x-eventloop-thread-0 BaseServiceProxy     : -> GET /v1/api/tickle,200|76ms
18:14:57.847 DEBUG vert.x-eventloop-thread-0 ClientPortalService  : tickle {"session":"6fbbfa842586c01e7e1893f7d65be1a7","ssoExpires":564674,"collission":false,"userId":50301190,"hmds":{"error":"no bridge"},"iserver":{"authStatus":{"authenticated":true,"established":true,"competing":false,"connected":true,"message":"","MAC":"06:A8:C0:D9:D5:E3","serverInfo":{"serverName":"JifS17068","serverVersion":"Build 10.44.1f, Apr 7, 2026 1:49:24 PM"},"hardware_info":"275c5aa2|06:A8:C0:D9:D5:E3"}}}
18:15:27.847 INFO  vert.x-eventloop-thread-0 BaseServiceProxy     : -> GET /v1/api/tickle,200|79ms
18:15:27.850 DEBUG vert.x-eventloop-thread-0 ClientPortalService  : tickle {"session":"6fbbfa842586c01e7e1893f7d65be1a7","ssoExpires":534674,"collission":false,"userId":50301190,"hmds":{"error":"no bridge"},"iserver":{"authStatus":{"authenticated":true,"established":true,"competing":false,"connected":true,"message":"","MAC":"06:A8:C0:D9:D5:E3","serverInfo":{"serverName":"JifS17068","serverVersion":"Build 10.44.1f, Apr 7, 2026 1:49:24 PM"},"hardware_info":"275c5aa2|06:A8:C0:D9:D5:E3"}}}
18:15:57.842 INFO  vert.x-eventloop-thread-0 BaseServiceProxy     : -> GET /v1/api/tickle,200|75ms
18:15:57.844 DEBUG vert.x-eventloop-thread-0 ClientPortalService  : tickle {"session":"6fbbfa842586c01e7e1893f7d65be1a7","ssoExpires":504665,"collission":false,"userId":50301190,"hmds":{"error":"no bridge"},"iserver":{"authStatus":{"authenticated":true,"established":true,"competing":false,"connected":true,"message":"","MAC":"06:A8:C0:D9:D5:E3","serverInfo":{"serverName":"JifS17068","serverVersion":"Build 10.44.1f, Apr 7, 2026 1:49:24 PM"},"hardware_info":"275c5aa2|06:A8:C0:D9:D5:E3"}}}
18:16:27.845 INFO  vert.x-eventloop-thread-0 BaseServiceProxy     : -> GET /v1/api/tickle,200|79ms
18:16:27.848 DEBUG vert.x-eventloop-thread-0 ClientPortalService  : tickle {"session":"6fbbfa842586c01e7e1893f7d65be1a7","ssoExpires":474674,"collission":false,"userId":50301190,"hmds":{"error":"no bridge"},"iserver":{"authStatus":{"authenticated":true,"established":true,"competing":false,"connected":true,"message":"","MAC":"06:A8:C0:D9:D5:E3","serverInfo":{"serverName":"JifS17068","serverVersion":"Build 10.44.1f, Apr 7, 2026 1:49:24 PM"},"hardware_info":"275c5aa2|06:A8:C0:D9:D5:E3"}}}
18:16:57.836 INFO  vert.x-eventloop-thread-0 BaseServiceProxy     : -> GET /v1/api/tickle,200|70ms
18:16:57.839 DEBUG vert.x-eventloop-thread-0 ClientPortalService  : tickle {"session":"6fbbfa842586c01e7e1893f7d65be1a7","ssoExpires":444674,"collission":false,"userId":50301190,"hmds":{"error":"no bridge"},"iserver":{"authStatus":{"authenticated":true,"established":true,"competing":false,"connected":true,"message":"","MAC":"06:A8:C0:D9:D5:E3","serverInfo":{"serverName":"JifS17068","serverVersion":"Build 10.44.1f, Apr 7, 2026 1:49:24 PM"},"hardware_info":"275c5aa2|06:A8:C0:D9:D5:E3"}}}
18:17:27.833 INFO  vert.x-eventloop-thread-0 BaseServiceProxy     : -> GET /v1/api/tickle,200|68ms
18:17:27.836 DEBUG vert.x-eventloop-thread-0 ClientPortalService  : tickle {"session":"6fbbfa842586c01e7e1893f7d65be1a7","ssoExpires":414676,"collission":false,"userId":50301190,"hmds":{"error":"no bridge"},"iserver":{"authStatus":{"authenticated":true,"established":true,"competing":false,"connected":true,"message":"","MAC":"06:A8:C0:D9:D5:E3","serverInfo":{"serverName":"JifS17068","serverVersion":"Build 10.44.1f, Apr 7, 2026 1:49:24 PM"},"hardware_info":"275c5aa2|06:A8:C0:D9:D5:E3"}}}
18:17:33.436 INFO  vert.x-eventloop-thread-0 BaseServiceProxy     : -> GET /v1/api/tickle,200|80ms
18:17:57.853 INFO  vert.x-eventloop-thread-0 BaseServiceProxy     : -> GET /v1/api/tickle,200|87ms
18:17:57.855 DEBUG vert.x-eventloop-thread-0 ClientPortalService  : tickle {"session":"6fbbfa842586c01e7e1893f7d65be1a7","ssoExpires":384657,"collission":false,"userId":50301190,"hmds":{"error":"no bridge"},"iserver":{"authStatus":{"authenticated":true,"established":true,"competing":false,"connected":true,"message":"","MAC":"06:A8:C0:D9:D5:E3","serverInfo":{"serverName":"JifS17068","serverVersion":"Build 10.44.1f, Apr 7, 2026 1:49:24 PM"},"hardware_info":"275c5aa2|06:A8:C0:D9:D5:E3"}}}
18:18:06.816 INFO  vert.x-eventloop-thread-0 BaseServiceProxy     : -> GET /v1/api/portfolio/U5799398/summary,200|358ms
18:18:06.906 INFO  vert.x-eventloop-thread-0 BaseServiceProxy     : -> GET /v1/api/iserver/account/orders,200|83ms
18:18:06.950 INFO  vert.x-eventloop-thread-0 BaseServiceProxy     : -> GET /v1/api/portfolio/U5799398/positions/0?direction=a&period=1W&sort=position,200|113ms
18:18:20.516 INFO  vert.x-eventloop-thread-0 BaseServiceProxy     : -> GET /v1/api/iserver/secdef/search?symbol=SION&secType=STK,200|76ms
18:18:20.588 INFO  vert.x-eventloop-thread-0 BaseServiceProxy     : -> GET /v1/api/iserver/account/orders,200|69ms
18:18:20.722 INFO  vert.x-eventloop-thread-0 BaseServiceProxy     : -> GET /v1/api/portfolio/U5799398/summary,200|112ms
18:18:21.087 INFO  vert.x-eventloop-thread-0 BaseServiceProxy     : -> GET /v1/api/iserver/account/U5799398/orders,200|359ms
18:18:21.151 INFO  vert.x-eventloop-thread-0 BaseServiceProxy     : -> GET /v1/api/iserver/reply/ecf54b19-c5b7-46a7-93e6-602f21c9323c,200|60ms
18:18:21.223 INFO  vert.x-eventloop-thread-0 BaseServiceProxy     : -> GET /v1/api/iserver/reply/c72d9336-f8a6-4d3f-84de-4a50229a06a5,200|69ms
18:18:21.291 INFO  vert.x-eventloop-thread-0 BaseServiceProxy     : -> GET /v1/api/iserver/reply/82fbb454-892c-4d18-8cd5-2c7e4670182f,200|66ms
18:18:21.356 INFO  vert.x-eventloop-thread-0 BaseServiceProxy     : -> GET /v1/api/iserver/account/orders,200|63ms
18:18:21.805 INFO  vert.x-eventloop-thread-0 BaseServiceProxy     : -> GET /v1/api/iserver/marketdata/history?conid=759904217&period=30d&bar=1d&outsideRth=false,200|433ms
18:18:21.873 INFO  vert.x-eventloop-thread-0 BaseServiceProxy     : -> GET /v1/api/iserver/marketdata/history?conid=759904217&period=30d&bar=1d&outsideRth=false,200|65ms
18:18:27.869 INFO  vert.x-eventloop-thread-0 BaseServiceProxy     : -> GET /v1/api/tickle,200|104ms
18:18:27.870 DEBUG vert.x-eventloop-thread-0 ClientPortalService  : tickle {"session":"6fbbfa842586c01e7e1893f7d65be1a7","ssoExpires":354680,"collission":false,"userId":50301190,"hmds":{"error":"no bridge"},"iserver":{"authStatus":{"authenticated":true,"established":true,"competing":false,"connected":true,"message":"","MAC":"06:A8:C0:D9:D5:E3","serverInfo":{"serverName":"JifS17068","serverVersion":"Build 10.44.1f, Apr 7, 2026 1:49:24 PM"},"hardware_info":"275c5aa2|06:A8:C0:D9:D5:E3"}}}
18:18:36.936 INFO  vert.x-eventloop-thread-0 BaseServiceProxy     : -> GET /v1/api/iserver/account/orders,200|86ms
18:18:37.117 INFO  vert.x-eventloop-thread-0 BaseServiceProxy     : -> GET /v1/api/iserver/marketdata/history?conid=759904217&period=30d&bar=1d&outsideRth=false,200|129ms
18:18:37.183 INFO  vert.x-eventloop-thread-0 BaseServiceProxy     : -> GET /v1/api/iserver/marketdata/history?conid=759904217&period=30d&bar=1d&outsideRth=false,200|64ms
18:18:37.305 INFO  vert.x-eventloop-thread-0 BaseServiceProxy     : -> GET /v1/api/iserver/account/orders,200|58ms
18:18:37.386 INFO  vert.x-eventloop-thread-0 BaseServiceProxy     : -> GET /v1/api/iserver/account/orders,200|59ms
18:18:37.744 INFO  vert.x-eventloop-thread-0 BaseServiceProxy     : -> GET /v1/api/iserver/account/U5799398/order/1272000570,200|340ms
18:18:37.807 INFO  vert.x-eventloop-thread-0 BaseServiceProxy     : -> GET /v1/api/iserver/account/orders,200|60ms
18:18:37.899 INFO  vert.x-eventloop-thread-0 BaseServiceProxy     : -> GET /v1/api/iserver/marketdata/history?conid=759904217&period=30d&bar=1d&outsideRth=false,200|60ms
18:18:37.975 INFO  vert.x-eventloop-thread-0 BaseServiceProxy     : -> GET /v1/api/iserver/marketdata/history?conid=759904217&period=30d&bar=1d&outsideRth=false,200|71ms
18:18:38.099 INFO  vert.x-eventloop-thread-0 BaseServiceProxy     : -> GET /v1/api/iserver/account/orders,200|61ms
18:18:57.827 INFO  vert.x-eventloop-thread-0 BaseServiceProxy     : -> GET /v1/api/tickle,200|63ms
18:18:57.828 DEBUG vert.x-eventloop-thread-0 ClientPortalService  : tickle {"session":"6fbbfa842586c01e7e1893f7d65be1a7","ssoExpires":324679,"collission":false,"userId":50301190,"hmds":{"error":"no bridge"},"iserver":{"authStatus":{"authenticated":true,"established":true,"competing":false,"connected":true,"message":"","MAC":"06:A8:C0:D9:D5:E3","serverInfo":{"serverName":"JifS17068","serverVersion":"Build 10.44.1f, Apr 7, 2026 1:49:24 PM"},"hardware_info":"275c5aa2|06:A8:C0:D9:D5:E3"}}}
18:19:23.078 INFO  vert.x-eventloop-thread-0 BaseServiceProxy     : -> GET /sso/ping,200|454ms
18:19:23.080 INFO  vert.x-eventloop-thread-0 SsoService           : sso ping {"result": "true"}
18:19:27.820 INFO  vert.x-eventloop-thread-0 BaseServiceProxy     : -> GET /v1/api/tickle,200|56ms
18:19:27.821 DEBUG vert.x-eventloop-thread-0 ClientPortalService  : tickle {"session":"6fbbfa842586c01e7e1893f7d65be1a7","ssoExpires":294685,"collission":false,"userId":50301190,"hmds":{"error":"no bridge"},"iserver":{"authStatus":{"authenticated":true,"established":true,"competing":false,"connected":true,"message":"","MAC":"06:A8:C0:D9:D5:E3","serverInfo":{"serverName":"JifS17068","serverVersion":"Build 10.44.1f, Apr 7, 2026 1:49:24 PM"},"hardware_info":"275c5aa2|06:A8:C0:D9:D5:E3"}}}
18:19:58.055 INFO  vert.x-eventloop-thread-0 BaseServiceProxy     : -> GET /v1/api/tickle,200|291ms
18:19:58.056 DEBUG vert.x-eventloop-thread-0 ClientPortalService  : tickle {"session":"6fbbfa842586c01e7e1893f7d65be1a7","ssoExpires":264451,"collission":false,"userId":50301190,"hmds":{"error":"no bridge"},"iserver":{"authStatus":{"authenticated":true,"established":true,"competing":false,"connected":true,"message":"","MAC":"06:A8:C0:D9:D5:E3","serverInfo":{"serverName":"JifS17068","serverVersion":"Build 10.44.1f, Apr 7, 2026 1:49:24 PM"},"hardware_info":"275c5aa2|06:A8:C0:D9:D5:E3"}}}
18:20:27.989 INFO  vert.x-eventloop-thread-0 BaseServiceProxy     : -> GET /v1/api/tickle,200|225ms
18:20:27.990 DEBUG vert.x-eventloop-thread-0 ClientPortalService  : tickle {"session":"6fbbfa842586c01e7e1893f7d65be1a7","ssoExpires":234517,"collission":false,"userId":50301190,"hmds":{"error":"no bridge"},"iserver":{"authStatus":{"authenticated":true,"established":true,"competing":false,"connected":true,"message":"","MAC":"06:A8:C0:D9:D5:E3","serverInfo":{"serverName":"JifS17068","serverVersion":"Build 10.44.1f, Apr 7, 2026 1:49:24 PM"},"hardware_info":"275c5aa2|06:A8:C0:D9:D5:E3"}}}
18:20:33.622 INFO  vert.x-eventloop-thread-0 BaseServiceProxy     : -> GET /v1/api/tickle,200|59ms
18:20:57.836 INFO  vert.x-eventloop-thread-0 BaseServiceProxy     : -> GET /v1/api/tickle,200|71ms
18:20:57.838 DEBUG vert.x-eventloop-thread-0 ClientPortalService  : tickle {"session":"6fbbfa842586c01e7e1893f7d65be1a7","ssoExpires":204672,"collission":false,"userId":50301190,"hmds":{"error":"no bridge"},"iserver":{"authStatus":{"authenticated":true,"established":true,"competing":false,"connected":true,"message":"","MAC":"06:A8:C0:D9:D5:E3","serverInfo":{"serverName":"JifS17068","serverVersion":"Build 10.44.1f, Apr 7, 2026 1:49:24 PM"},"hardware_info":"275c5aa2|06:A8:C0:D9:D5:E3"}}}
18:21:27.828 INFO  vert.x-eventloop-thread-0 BaseServiceProxy     : -> GET /v1/api/tickle,200|64ms
18:21:27.830 DEBUG vert.x-eventloop-thread-0 ClientPortalService  : tickle {"session":"6fbbfa842586c01e7e1893f7d65be1a7","ssoExpires":174679,"collission":false,"userId":50301190,"hmds":{"error":"no bridge"},"iserver":{"authStatus":{"authenticated":true,"established":true,"competing":false,"connected":true,"message":"","MAC":"06:A8:C0:D9:D5:E3","serverInfo":{"serverName":"JifS17068","serverVersion":"Build 10.44.1f, Apr 7, 2026 1:49:24 PM"},"hardware_info":"275c5aa2|06:A8:C0:D9:D5:E3"}}}
18:21:32.241 INFO  vert.x-eventloop-thread-0 BaseServiceProxy     : -> GET /v1/api/iserver/secdef/search?symbol=RIO&secType=STK,200|315ms
18:21:48.581 INFO  vert.x-eventloop-thread-0 BaseServiceProxy     : -> GET /v1/api/portfolio/U5799398/summary,200|116ms
18:21:48.665 INFO  vert.x-eventloop-thread-0 BaseServiceProxy     : -> GET /v1/api/iserver/account/orders,200|64ms
18:21:50.699 INFO  vert.x-eventloop-thread-0 BaseServiceProxy     : -> GET /v1/api/portfolio/U5799398/positions/0?direction=a&period=1W&sort=position,200|2111ms
18:21:57.827 INFO  vert.x-eventloop-thread-0 BaseServiceProxy     : -> GET /v1/api/tickle,200|64ms
18:21:57.829 DEBUG vert.x-eventloop-thread-0 ClientPortalService  : tickle {"session":"6fbbfa842586c01e7e1893f7d65be1a7","ssoExpires":144678,"collission":false,"userId":50301190,"hmds":{"error":"no bridge"},"iserver":{"authStatus":{"authenticated":true,"established":true,"competing":false,"connected":true,"message":"","MAC":"06:A8:C0:D9:D5:E3","serverInfo":{"serverName":"JifS17068","serverVersion":"Build 10.44.1f, Apr 7, 2026 1:49:24 PM"},"hardware_info":"275c5aa2|06:A8:C0:D9:D5:E3"}}}
18:21:58.836 INFO  vert.x-eventloop-thread-0 BaseServiceProxy     : -> GET /v1/api/iserver/secdef/search?symbol=RIO&secType=STK,200|124ms
18:21:58.902 INFO  vert.x-eventloop-thread-0 BaseServiceProxy     : -> GET /v1/api/iserver/account/orders,200|61ms
18:21:59.035 INFO  vert.x-eventloop-thread-0 BaseServiceProxy     : -> GET /v1/api/portfolio/U5799398/summary,200|116ms
18:21:59.508 INFO  vert.x-eventloop-thread-0 BaseServiceProxy     : -> GET /v1/api/iserver/account/U5799398/orders,200|467ms
18:21:59.571 INFO  vert.x-eventloop-thread-0 BaseServiceProxy     : -> GET /v1/api/iserver/reply/97d5bd40-0802-4d1e-b8cd-eb5a450b58e7,200|61ms
18:21:59.654 INFO  vert.x-eventloop-thread-0 BaseServiceProxy     : -> GET /v1/api/iserver/reply/3cf08910-11a6-420a-ba33-2f8ff8c8abae,200|81ms
18:21:59.722 INFO  vert.x-eventloop-thread-0 BaseServiceProxy     : -> GET /v1/api/iserver/reply/a884f909-aa52-4b52-8096-779fe29d1230,200|65ms
18:21:59.833 INFO  vert.x-eventloop-thread-0 BaseServiceProxy     : -> GET /v1/api/iserver/reply/770874b4-40aa-4548-8f9b-ab79afe590e6,200|109ms
18:21:59.897 INFO  vert.x-eventloop-thread-0 BaseServiceProxy     : -> GET /v1/api/iserver/reply/b2605aca-797e-404f-a1e1-686783785709,200|61ms
18:21:59.986 INFO  vert.x-eventloop-thread-0 BaseServiceProxy     : -> GET /v1/api/iserver/reply/5e51db84-7a12-4dc3-b729-1100088b783a,200|86ms
18:22:00.059 INFO  vert.x-eventloop-thread-0 BaseServiceProxy     : -> GET /v1/api/iserver/account/orders,200|71ms
18:22:00.528 INFO  vert.x-eventloop-thread-0 BaseServiceProxy     : -> GET /v1/api/iserver/marketdata/history?conid=4095586&period=30d&bar=1d&outsideRth=false,200|443ms
18:22:00.597 INFO  vert.x-eventloop-thread-0 BaseServiceProxy     : -> GET /v1/api/iserver/marketdata/history?conid=4095586&period=30d&bar=1d&outsideRth=false,200|67ms
18:22:13.083 INFO  vert.x-eventloop-thread-0 BaseServiceProxy     : -> GET /v1/api/iserver/account/orders,200|75ms
18:22:13.160 INFO  vert.x-eventloop-thread-0 BaseServiceProxy     : -> GET /v1/api/iserver/marketdata/history?conid=4095586&period=30d&bar=1d&outsideRth=false,200|62ms
18:22:13.225 INFO  vert.x-eventloop-thread-0 BaseServiceProxy     : -> GET /v1/api/iserver/marketdata/history?conid=4095586&period=30d&bar=1d&outsideRth=false,200|62ms
18:22:13.376 INFO  vert.x-eventloop-thread-0 BaseServiceProxy     : -> GET /v1/api/iserver/account/orders,200|62ms
18:22:13.495 INFO  vert.x-eventloop-thread-0 BaseServiceProxy     : -> GET /v1/api/iserver/account/orders,200|67ms
18:22:13.840 INFO  vert.x-eventloop-thread-0 BaseServiceProxy     : -> GET /v1/api/iserver/account/U5799398/order/1272000573,200|335ms
18:22:13.904 INFO  vert.x-eventloop-thread-0 BaseServiceProxy     : -> GET /v1/api/iserver/account/orders,200|62ms
18:22:14.007 INFO  vert.x-eventloop-thread-0 BaseServiceProxy     : -> GET /v1/api/iserver/marketdata/history?conid=4095586&period=30d&bar=1d&outsideRth=false,200|77ms
18:22:14.074 INFO  vert.x-eventloop-thread-0 BaseServiceProxy     : -> GET /v1/api/iserver/marketdata/history?conid=4095586&period=30d&bar=1d&outsideRth=false,200|64ms
18:22:14.202 INFO  vert.x-eventloop-thread-0 BaseServiceProxy     : -> GET /v1/api/iserver/account/orders,200|66ms
18:22:27.827 INFO  vert.x-eventloop-thread-0 BaseServiceProxy     : -> GET /v1/api/tickle,200|64ms
18:22:27.828 DEBUG vert.x-eventloop-thread-0 ClientPortalService  : tickle {"session":"6fbbfa842586c01e7e1893f7d65be1a7","ssoExpires":114682,"collission":false,"userId":50301190,"hmds":{"error":"no bridge"},"iserver":{"authStatus":{"authenticated":true,"established":true,"competing":false,"connected":true,"message":"","MAC":"06:A8:C0:D9:D5:E3","serverInfo":{"serverName":"JifS17068","serverVersion":"Build 10.44.1f, Apr 7, 2026 1:49:24 PM"},"hardware_info":"275c5aa2|06:A8:C0:D9:D5:E3"}}}
18:22:58.110 INFO  vert.x-eventloop-thread-0 BaseServiceProxy     : -> GET /v1/api/tickle,200|346ms
18:22:58.114 DEBUG vert.x-eventloop-thread-0 ClientPortalService  : tickle {"session":"6fbbfa842586c01e7e1893f7d65be1a7","ssoExpires":84394,"collission":false,"userId":50301190,"hmds":{"error":"no bridge"},"iserver":{"authStatus":{"authenticated":true,"established":true,"competing":false,"connected":true,"message":"","MAC":"06:A8:C0:D9:D5:E3","serverInfo":{"serverName":"JifS17068","serverVersion":"Build 10.44.1f, Apr 7, 2026 1:49:24 PM"},"hardware_info":"275c5aa2|06:A8:C0:D9:D5:E3"}}}
18:23:27.986 INFO  vert.x-eventloop-thread-0 BaseServiceProxy     : -> GET /v1/api/tickle,200|221ms
18:23:27.988 DEBUG vert.x-eventloop-thread-0 ClientPortalService  : tickle {"session":"6fbbfa842586c01e7e1893f7d65be1a7","ssoExpires":54520,"collission":false,"userId":50301190,"hmds":{"error":"no bridge"},"iserver":{"authStatus":{"authenticated":true,"established":true,"competing":false,"connected":true,"message":"","MAC":"06:A8:C0:D9:D5:E3","serverInfo":{"serverName":"JifS17068","serverVersion":"Build 10.44.1f, Apr 7, 2026 1:49:24 PM"},"hardware_info":"275c5aa2|06:A8:C0:D9:D5:E3"}}}
18:23:33.857 INFO  vert.x-eventloop-thread-0 BaseServiceProxy     : -> GET /v1/api/tickle,200|62ms
18:23:57.821 INFO  vert.x-eventloop-thread-0 BaseServiceProxy     : -> GET /v1/api/tickle,200|59ms
18:23:57.821 DEBUG vert.x-eventloop-thread-0 ClientPortalService  : tickle {"session":"6fbbfa842586c01e7e1893f7d65be1a7","ssoExpires":24682,"collission":false,"userId":50301190,"hmds":{"error":"no bridge"},"iserver":{"authStatus":{"authenticated":true,"established":true,"competing":false,"connected":true,"message":"","MAC":"06:A8:C0:D9:D5:E3","serverInfo":{"serverName":"JifS17068","serverVersion":"Build 10.44.1f, Apr 7, 2026 1:49:24 PM"},"hardware_info":"275c5aa2|06:A8:C0:D9:D5:E3"}}}
18:24:09.696 INFO  vert.x-eventloop-thread-0 BaseServiceProxy     : -> GET /v1/api/iserver/account/orders,200|64ms
18:24:10.268 INFO  vert.x-eventloop-thread-0 BaseServiceProxy     : -> GET /v1/api/iserver/account/U5799398/order/177393855,200|543ms
18:24:10.678 INFO  vert.x-eventloop-thread-0 BaseServiceProxy     : -> GET /v1/api/iserver/account/U5799398/order/177393856,400|408ms
18:24:11.031 INFO  vert.x-eventloop-thread-0 BaseServiceProxy     : -> GET /v1/api/iserver/account/U5799398/order/177393857,400|338ms
18:24:22.936 INFO  vert.x-eventloop-thread-0 BaseServiceProxy     : -> GET /sso/ping,200|316ms
18:24:22.937 INFO  vert.x-eventloop-thread-0 SsoService           : sso ping {"result": "true"}
18:24:27.829 INFO  vert.x-eventloop-thread-0 BaseServiceProxy     : -> GET /v1/api/tickle,200|67ms
18:24:27.830 DEBUG vert.x-eventloop-thread-0 ClientPortalService  : tickle {"session":"6fbbfa842586c01e7e1893f7d65be1a7","ssoExpires":600000,"collission":false,"userId":50301190,"hmds":{"error":"no bridge"},"iserver":{"authStatus":{"authenticated":true,"established":true,"competing":false,"connected":true,"message":"","MAC":"06:A8:C0:D9:D5:E3","serverInfo":{"serverName":"JifS17068","serverVersion":"Build 10.44.1f, Apr 7, 2026 1:49:24 PM"},"hardware_info":"275c5aa2|06:A8:C0:D9:D5:E3"}}}
18:24:57.829 INFO  vert.x-eventloop-thread-0 BaseServiceProxy     : -> GET /v1/api/tickle,200|66ms
18:24:57.832 DEBUG vert.x-eventloop-thread-0 ClientPortalService  : tickle {"session":"6fbbfa842586c01e7e1893f7d65be1a7","ssoExpires":569998,"collission":false,"userId":50301190,"hmds":{"error":"no bridge"},"iserver":{"authStatus":{"authenticated":true,"established":true,"competing":false,"connected":true,"message":"","MAC":"06:A8:C0:D9:D5:E3","serverInfo":{"serverName":"JifS17068","serverVersion":"Build 10.44.1f, Apr 7, 2026 1:49:24 PM"},"hardware_info":"275c5aa2|06:A8:C0:D9:D5:E3"}}}
18:25:23.470 INFO  vert.x-eventloop-thread-0 BaseServiceProxy     : -> GET /v1/api/iserver/secdef/search?symbol=Q&secType=STK,200|99ms
18:25:28.008 INFO  vert.x-eventloop-thread-0 BaseServiceProxy     : -> GET /v1/api/tickle,200|246ms
18:25:28.009 DEBUG vert.x-eventloop-thread-0 ClientPortalService  : tickle {"session":"6fbbfa842586c01e7e1893f7d65be1a7","ssoExpires":539827,"collission":false,"userId":50301190,"hmds":{"error":"no bridge"},"iserver":{"authStatus":{"authenticated":true,"established":true,"competing":false,"connected":true,"message":"","MAC":"06:A8:C0:D9:D5:E3","serverInfo":{"serverName":"JifS17068","serverVersion":"Build 10.44.1f, Apr 7, 2026 1:49:24 PM"},"hardware_info":"275c5aa2|06:A8:C0:D9:D5:E3"}}}
18:25:57.848 INFO  vert.x-eventloop-thread-0 BaseServiceProxy     : -> GET /v1/api/tickle,200|85ms
18:25:57.850 DEBUG vert.x-eventloop-thread-0 ClientPortalService  : tickle {"session":"6fbbfa842586c01e7e1893f7d65be1a7","ssoExpires":509995,"collission":false,"userId":50301190,"hmds":{"error":"no bridge"},"iserver":{"authStatus":{"authenticated":true,"established":true,"competing":false,"connected":true,"message":"","MAC":"06:A8:C0:D9:D5:E3","serverInfo":{"serverName":"JifS17068","serverVersion":"Build 10.44.1f, Apr 7, 2026 1:49:24 PM"},"hardware_info":"275c5aa2|06:A8:C0:D9:D5:E3"}}}
18:26:14.472 INFO  vert.x-eventloop-thread-0 BaseServiceProxy     : -> GET /v1/api/portfolio/U5799398/summary,200|104ms
18:26:14.565 INFO  vert.x-eventloop-thread-0 BaseServiceProxy     : -> GET /v1/api/iserver/account/orders,200|79ms
18:26:14.644 INFO  vert.x-eventloop-thread-0 BaseServiceProxy     : -> GET /v1/api/portfolio/U5799398/positions/0?direction=a&period=1W&sort=position,200|167ms
18:26:27.649 INFO  vert.x-eventloop-thread-0 BaseServiceProxy     : -> GET /v1/api/iserver/secdef/search?symbol=Q&secType=STK,200|72ms
18:26:27.832 INFO  vert.x-eventloop-thread-0 BaseServiceProxy     : -> GET /v1/api/tickle,200|71ms
18:26:27.833 DEBUG vert.x-eventloop-thread-0 ClientPortalService  : tickle {"session":"6fbbfa842586c01e7e1893f7d65be1a7","ssoExpires":480004,"collission":false,"userId":50301190,"hmds":{"error":"no bridge"},"iserver":{"authStatus":{"authenticated":true,"established":true,"competing":false,"connected":true,"message":"","MAC":"06:A8:C0:D9:D5:E3","serverInfo":{"serverName":"JifS17068","serverVersion":"Build 10.44.1f, Apr 7, 2026 1:49:24 PM"},"hardware_info":"275c5aa2|06:A8:C0:D9:D5:E3"}}}
18:26:27.864 INFO  vert.x-eventloop-thread-0 BaseServiceProxy     : -> GET /v1/api/iserver/account/orders,200|213ms
18:26:27.976 INFO  vert.x-eventloop-thread-0 BaseServiceProxy     : -> GET /v1/api/portfolio/U5799398/summary,200|97ms
18:26:28.401 INFO  vert.x-eventloop-thread-0 BaseServiceProxy     : -> GET /v1/api/iserver/account/U5799398/orders,200|417ms
18:26:28.464 INFO  vert.x-eventloop-thread-0 BaseServiceProxy     : -> GET /v1/api/iserver/reply/d8677da1-b5dd-4085-a485-2638e1288a23,200|61ms
18:26:28.528 INFO  vert.x-eventloop-thread-0 BaseServiceProxy     : -> GET /v1/api/iserver/reply/e3aa5291-3ef8-4330-b913-122f220fc69a,200|61ms
18:26:28.594 INFO  vert.x-eventloop-thread-0 BaseServiceProxy     : -> GET /v1/api/iserver/reply/980f1001-fc87-4246-9ebc-f2ee9e8da9b3,200|63ms
18:26:28.658 INFO  vert.x-eventloop-thread-0 BaseServiceProxy     : -> GET /v1/api/iserver/reply/51636de2-aaac-460d-ba9e-ceb344d13a07,200|61ms
18:26:28.730 INFO  vert.x-eventloop-thread-0 BaseServiceProxy     : -> GET /v1/api/iserver/reply/90490a1a-1428-4e41-85f6-6eec3e1479af,200|70ms
18:26:28.806 INFO  vert.x-eventloop-thread-0 BaseServiceProxy     : -> GET /v1/api/iserver/account/orders,200|74ms
18:26:29.123 INFO  vert.x-eventloop-thread-0 BaseServiceProxy     : -> GET /v1/api/iserver/marketdata/history?conid=824788107&period=30d&bar=1d&outsideRth=false,200|298ms
18:26:29.192 INFO  vert.x-eventloop-thread-0 BaseServiceProxy     : -> GET /v1/api/iserver/marketdata/history?conid=824788107&period=30d&bar=1d&outsideRth=false,200|65ms
18:26:34.092 INFO  vert.x-eventloop-thread-0 BaseServiceProxy     : -> GET /v1/api/tickle,200|74ms
18:26:38.727 INFO  vert.x-eventloop-thread-0 BaseServiceProxy     : -> GET /v1/api/iserver/account/orders,200|105ms
18:26:38.828 INFO  vert.x-eventloop-thread-0 BaseServiceProxy     : -> GET /v1/api/iserver/marketdata/history?conid=824788107&period=30d&bar=1d&outsideRth=false,200|85ms
18:26:38.895 INFO  vert.x-eventloop-thread-0 BaseServiceProxy     : -> GET /v1/api/iserver/marketdata/history?conid=824788107&period=30d&bar=1d&outsideRth=false,200|64ms
18:26:39.038 INFO  vert.x-eventloop-thread-0 BaseServiceProxy     : -> GET /v1/api/iserver/account/orders,200|76ms
18:26:39.123 INFO  vert.x-eventloop-thread-0 BaseServiceProxy     : -> GET /v1/api/iserver/account/orders,200|76ms
18:26:39.483 INFO  vert.x-eventloop-thread-0 BaseServiceProxy     : -> GET /v1/api/iserver/account/U5799398/order/1272000576,200|347ms
18:26:39.547 INFO  vert.x-eventloop-thread-0 BaseServiceProxy     : -> GET /v1/api/iserver/account/orders,200|62ms
18:26:39.617 INFO  vert.x-eventloop-thread-0 BaseServiceProxy     : -> GET /v1/api/iserver/marketdata/history?conid=824788107&period=30d&bar=1d&outsideRth=false,200|60ms
18:26:39.683 INFO  vert.x-eventloop-thread-0 BaseServiceProxy     : -> GET /v1/api/iserver/marketdata/history?conid=824788107&period=30d&bar=1d&outsideRth=false,200|64ms
18:26:39.799 INFO  vert.x-eventloop-thread-0 BaseServiceProxy     : -> GET /v1/api/iserver/account/orders,200|61ms
18:26:57.854 INFO  vert.x-eventloop-thread-0 BaseServiceProxy     : -> GET /v1/api/tickle,200|92ms
18:26:57.856 DEBUG vert.x-eventloop-thread-0 ClientPortalService  : tickle {"session":"6fbbfa842586c01e7e1893f7d65be1a7","ssoExpires":450002,"collission":false,"userId":50301190,"hmds":{"error":"no bridge"},"iserver":{"authStatus":{"authenticated":true,"established":true,"competing":false,"connected":true,"message":"","MAC":"06:A8:C0:D9:D5:E3","serverInfo":{"serverName":"JifS17068","serverVersion":"Build 10.44.1f, Apr 7, 2026 1:49:24 PM"},"hardware_info":"275c5aa2|06:A8:C0:D9:D5:E3"}}}
18:27:27.833 INFO  vert.x-eventloop-thread-0 BaseServiceProxy     : -> GET /v1/api/tickle,200|61ms
18:27:27.835 DEBUG vert.x-eventloop-thread-0 ClientPortalService  : tickle {"session":"6fbbfa842586c01e7e1893f7d65be1a7","ssoExpires":420008,"collission":false,"userId":50301190,"hmds":{"error":"no bridge"},"iserver":{"authStatus":{"authenticated":true,"established":true,"competing":false,"connected":true,"message":"","MAC":"06:A8:C0:D9:D5:E3","serverInfo":{"serverName":"JifS17068","serverVersion":"Build 10.44.1f, Apr 7, 2026 1:49:24 PM"},"hardware_info":"275c5aa2|06:A8:C0:D9:D5:E3"}}}
18:27:57.846 INFO  vert.x-eventloop-thread-0 BaseServiceProxy     : -> GET /v1/api/tickle,200|70ms
18:27:57.849 DEBUG vert.x-eventloop-thread-0 ClientPortalService  : tickle {"session":"6fbbfa842586c01e7e1893f7d65be1a7","ssoExpires":389998,"collission":false,"userId":50301190,"hmds":{"error":"no bridge"},"iserver":{"authStatus":{"authenticated":true,"established":true,"competing":false,"connected":true,"message":"","MAC":"06:A8:C0:D9:D5:E3","serverInfo":{"serverName":"JifS17068","serverVersion":"Build 10.44.1f, Apr 7, 2026 1:49:24 PM"},"hardware_info":"275c5aa2|06:A8:C0:D9:D5:E3"}}}
18:28:28.020 INFO  vert.x-eventloop-thread-0 BaseServiceProxy     : -> GET /v1/api/tickle,200|242ms
18:28:28.022 DEBUG vert.x-eventloop-thread-0 ClientPortalService  : tickle {"session":"6fbbfa842586c01e7e1893f7d65be1a7","ssoExpires":359823,"collission":false,"userId":50301190,"hmds":{"error":"no bridge"},"iserver":{"authStatus":{"authenticated":true,"established":true,"competing":false,"connected":true,"message":"","MAC":"06:A8:C0:D9:D5:E3","serverInfo":{"serverName":"JifS17068","serverVersion":"Build 10.44.1f, Apr 7, 2026 1:49:24 PM"},"hardware_info":"275c5aa2|06:A8:C0:D9:D5:E3"}}}
18:28:53.112 INFO  vert.x-eventloop-thread-0 BaseServiceProxy     : -> GET /v1/api/iserver/secdef/search?symbol=GILT&secType=STK,200|70ms
18:28:57.719 INFO  vert.x-eventloop-thread-0 BaseServiceProxy     : -> GET /v1/api/portfolio/U5799398/summary,200|384ms
18:28:57.790 INFO  vert.x-eventloop-thread-0 BaseServiceProxy     : -> GET /v1/api/iserver/account/orders,200|68ms
18:28:57.836 INFO  vert.x-eventloop-thread-0 BaseServiceProxy     : -> GET /v1/api/tickle,200|60ms
18:28:57.836 DEBUG vert.x-eventloop-thread-0 ClientPortalService  : tickle {"session":"6fbbfa842586c01e7e1893f7d65be1a7","ssoExpires":330006,"collission":false,"userId":50301190,"hmds":{"error":"no bridge"},"iserver":{"authStatus":{"authenticated":true,"established":true,"competing":false,"connected":true,"message":"","MAC":"06:A8:C0:D9:D5:E3","serverInfo":{"serverName":"JifS17068","serverVersion":"Build 10.44.1f, Apr 7, 2026 1:49:24 PM"},"hardware_info":"275c5aa2|06:A8:C0:D9:D5:E3"}}}
18:28:59.868 INFO  vert.x-eventloop-thread-0 BaseServiceProxy     : -> GET /v1/api/portfolio/U5799398/positions/0?direction=a&period=1W&sort=position,200|2138ms
18:29:07.521 INFO  vert.x-eventloop-thread-0 BaseServiceProxy     : -> GET /v1/api/iserver/secdef/search?symbol=GILT&secType=STK,200|62ms
18:29:07.584 INFO  vert.x-eventloop-thread-0 BaseServiceProxy     : -> GET /v1/api/iserver/account/orders,200|62ms
18:29:07.743 INFO  vert.x-eventloop-thread-0 BaseServiceProxy     : -> GET /v1/api/portfolio/U5799398/summary,200|134ms
18:29:08.152 INFO  vert.x-eventloop-thread-0 BaseServiceProxy     : -> GET /v1/api/iserver/account/U5799398/orders,200|401ms
18:29:08.216 INFO  vert.x-eventloop-thread-0 BaseServiceProxy     : -> GET /v1/api/iserver/reply/6360be33-8cd6-4277-9afc-d5b36ad67191,200|62ms
18:29:08.279 INFO  vert.x-eventloop-thread-0 BaseServiceProxy     : -> GET /v1/api/iserver/reply/f3a27527-3d3c-423a-b01b-dc7a8383f57d,200|61ms
18:29:08.343 INFO  vert.x-eventloop-thread-0 BaseServiceProxy     : -> GET /v1/api/iserver/reply/4463c180-8d3f-4ef1-9152-a7625899f064,200|61ms
18:29:08.411 INFO  vert.x-eventloop-thread-0 BaseServiceProxy     : -> GET /v1/api/iserver/reply/daae82ff-0c41-4d22-a3bc-d0e3d8882bef,200|67ms
18:29:08.484 INFO  vert.x-eventloop-thread-0 BaseServiceProxy     : -> GET /v1/api/iserver/account/orders,200|72ms
18:29:08.826 INFO  vert.x-eventloop-thread-0 BaseServiceProxy     : -> GET /v1/api/iserver/marketdata/history?conid=269756&period=30d&bar=1d&outsideRth=false,200|328ms
18:29:08.886 INFO  vert.x-eventloop-thread-0 BaseServiceProxy     : -> GET /v1/api/iserver/marketdata/history?conid=269756&period=30d&bar=1d&outsideRth=false,200|58ms
18:29:23.319 INFO  vert.x-eventloop-thread-0 BaseServiceProxy     : -> GET /sso/ping,200|685ms
18:29:23.320 INFO  vert.x-eventloop-thread-0 SsoService           : sso ping {"result": "true"}
18:29:27.840 INFO  vert.x-eventloop-thread-0 BaseServiceProxy     : -> GET /v1/api/tickle,200|63ms
18:29:27.841 DEBUG vert.x-eventloop-thread-0 ClientPortalService  : tickle {"session":"6fbbfa842586c01e7e1893f7d65be1a7","ssoExpires":300003,"collission":false,"userId":50301190,"hmds":{"error":"no bridge"},"iserver":{"authStatus":{"authenticated":true,"established":true,"competing":false,"connected":true,"message":"","MAC":"06:A8:C0:D9:D5:E3","serverInfo":{"serverName":"JifS17068","serverVersion":"Build 10.44.1f, Apr 7, 2026 1:49:24 PM"},"hardware_info":"275c5aa2|06:A8:C0:D9:D5:E3"}}}
18:29:34.447 INFO  vert.x-eventloop-thread-0 BaseServiceProxy     : -> GET /v1/api/tickle,200|223ms
18:29:40.832 INFO  vert.x-eventloop-thread-0 BaseServiceProxy     : -> GET /v1/api/iserver/account/orders,200|62ms
18:29:40.917 INFO  vert.x-eventloop-thread-0 BaseServiceProxy     : -> GET /v1/api/iserver/marketdata/history?conid=269756&period=30d&bar=1d&outsideRth=false,200|60ms
18:29:40.982 INFO  vert.x-eventloop-thread-0 BaseServiceProxy     : -> GET /v1/api/iserver/marketdata/history?conid=269756&period=30d&bar=1d&outsideRth=false,200|64ms
18:29:41.105 INFO  vert.x-eventloop-thread-0 BaseServiceProxy     : -> GET /v1/api/iserver/account/orders,200|66ms
18:29:41.181 INFO  vert.x-eventloop-thread-0 BaseServiceProxy     : -> GET /v1/api/iserver/account/orders,200|60ms
18:29:41.547 INFO  vert.x-eventloop-thread-0 BaseServiceProxy     : -> GET /v1/api/iserver/account/U5799398/order/1272000579,200|331ms
18:29:41.645 INFO  vert.x-eventloop-thread-0 BaseServiceProxy     : -> GET /v1/api/iserver/reply/4343d1e7-cc2c-4e07-807d-b0d181805f8e,200|96ms
18:29:41.715 INFO  vert.x-eventloop-thread-0 BaseServiceProxy     : -> GET /v1/api/iserver/account/orders,200|67ms
18:29:41.863 INFO  vert.x-eventloop-thread-0 BaseServiceProxy     : -> GET /v1/api/iserver/marketdata/history?conid=269756&period=30d&bar=1d&outsideRth=false,200|135ms
18:29:41.929 INFO  vert.x-eventloop-thread-0 BaseServiceProxy     : -> GET /v1/api/iserver/marketdata/history?conid=269756&period=30d&bar=1d&outsideRth=false,200|61ms
18:29:42.054 INFO  vert.x-eventloop-thread-0 BaseServiceProxy     : -> GET /v1/api/iserver/account/orders,200|65ms
18:29:57.918 INFO  vert.x-eventloop-thread-0 BaseServiceProxy     : -> GET /v1/api/tickle,200|141ms
18:29:57.919 DEBUG vert.x-eventloop-thread-0 ClientPortalService  : tickle {"session":"6fbbfa842586c01e7e1893f7d65be1a7","ssoExpires":269970,"collission":false,"userId":50301190,"hmds":{"error":"no bridge"},"iserver":{"authStatus":{"authenticated":true,"established":true,"competing":false,"connected":true,"message":"","MAC":"06:A8:C0:D9:D5:E3","serverInfo":{"serverName":"JifS17068","serverVersion":"Build 10.44.1f, Apr 7, 2026 1:49:24 PM"},"hardware_info":"275c5aa2|06:A8:C0:D9:D5:E3"}}}
18:30:28.067 INFO  vert.x-eventloop-thread-0 BaseServiceProxy     : -> GET /v1/api/tickle,200|291ms
18:30:28.068 DEBUG vert.x-eventloop-thread-0 ClientPortalService  : tickle {"session":"6fbbfa842586c01e7e1893f7d65be1a7","ssoExpires":239772,"collission":false,"userId":50301190,"hmds":{"error":"no bridge"},"iserver":{"authStatus":{"authenticated":true,"established":true,"competing":false,"connected":true,"message":"","MAC":"06:A8:C0:D9:D5:E3","serverInfo":{"serverName":"JifS17068","serverVersion":"Build 10.44.1f, Apr 7, 2026 1:49:24 PM"},"hardware_info":"275c5aa2|06:A8:C0:D9:D5:E3"}}}
18:30:57.850 INFO  vert.x-eventloop-thread-0 BaseServiceProxy     : -> GET /v1/api/tickle,200|74ms
18:30:57.852 DEBUG vert.x-eventloop-thread-0 ClientPortalService  : tickle {"session":"6fbbfa842586c01e7e1893f7d65be1a7","ssoExpires":209997,"collission":false,"userId":50301190,"hmds":{"error":"no bridge"},"iserver":{"authStatus":{"authenticated":true,"established":true,"competing":false,"connected":true,"message":"","MAC":"06:A8:C0:D9:D5:E3","serverInfo":{"serverName":"JifS17068","serverVersion":"Build 10.44.1f, Apr 7, 2026 1:49:24 PM"},"hardware_info":"275c5aa2|06:A8:C0:D9:D5:E3"}}}
18:31:28.021 INFO  vert.x-eventloop-thread-0 BaseServiceProxy     : -> GET /v1/api/tickle,200|245ms
18:31:28.022 DEBUG vert.x-eventloop-thread-0 ClientPortalService  : tickle {"session":"6fbbfa842586c01e7e1893f7d65be1a7","ssoExpires":179827,"collission":false,"userId":50301190,"hmds":{"error":"no bridge"},"iserver":{"authStatus":{"authenticated":true,"established":true,"competing":false,"connected":true,"message":"","MAC":"06:A8:C0:D9:D5:E3","serverInfo":{"serverName":"JifS17068","serverVersion":"Build 10.44.1f, Apr 7, 2026 1:49:24 PM"},"hardware_info":"275c5aa2|06:A8:C0:D9:D5:E3"}}}
18:31:57.847 INFO  vert.x-eventloop-thread-0 BaseServiceProxy     : -> GET /v1/api/tickle,200|71ms
18:31:57.848 DEBUG vert.x-eventloop-thread-0 ClientPortalService  : tickle {"session":"6fbbfa842586c01e7e1893f7d65be1a7","ssoExpires":149996,"collission":false,"userId":50301190,"hmds":{"error":"no bridge"},"iserver":{"authStatus":{"authenticated":true,"established":true,"competing":false,"connected":true,"message":"","MAC":"06:A8:C0:D9:D5:E3","serverInfo":{"serverName":"JifS17068","serverVersion":"Build 10.44.1f, Apr 7, 2026 1:49:24 PM"},"hardware_info":"275c5aa2|06:A8:C0:D9:D5:E3"}}}
18:32:27.994 INFO  vert.x-eventloop-thread-0 BaseServiceProxy     : -> GET /v1/api/tickle,200|217ms
18:32:28.000 DEBUG vert.x-eventloop-thread-0 ClientPortalService  : tickle {"session":"6fbbfa842586c01e7e1893f7d65be1a7","ssoExpires":119846,"collission":false,"userId":50301190,"hmds":{"error":"no bridge"},"iserver":{"authStatus":{"authenticated":true,"established":true,"competing":false,"connected":true,"message":"","MAC":"06:A8:C0:D9:D5:E3","serverInfo":{"serverName":"JifS17068","serverVersion":"Build 10.44.1f, Apr 7, 2026 1:49:24 PM"},"hardware_info":"275c5aa2|06:A8:C0:D9:D5:E3"}}}
18:32:34.853 INFO  vert.x-eventloop-thread-0 BaseServiceProxy     : -> GET /v1/api/tickle,200|248ms
18:32:57.839 INFO  vert.x-eventloop-thread-0 BaseServiceProxy     : -> GET /v1/api/tickle,200|63ms
18:32:57.841 DEBUG vert.x-eventloop-thread-0 ClientPortalService  : tickle {"session":"6fbbfa842586c01e7e1893f7d65be1a7","ssoExpires":90002,"collission":false,"userId":50301190,"hmds":{"error":"no bridge"},"iserver":{"authStatus":{"authenticated":true,"established":true,"competing":false,"connected":true,"message":"","MAC":"06:A8:C0:D9:D5:E3","serverInfo":{"serverName":"JifS17068","serverVersion":"Build 10.44.1f, Apr 7, 2026 1:49:24 PM"},"hardware_info":"275c5aa2|06:A8:C0:D9:D5:E3"}}}
18:33:28.080 INFO  vert.x-eventloop-thread-0 BaseServiceProxy     : -> GET /v1/api/tickle,200|298ms
18:33:28.081 DEBUG vert.x-eventloop-thread-0 ClientPortalService  : tickle {"session":"6fbbfa842586c01e7e1893f7d65be1a7","ssoExpires":59758,"collission":false,"userId":50301190,"hmds":{"error":"no bridge"},"iserver":{"authStatus":{"authenticated":true,"established":true,"competing":false,"connected":true,"message":"","MAC":"06:A8:C0:D9:D5:E3","serverInfo":{"serverName":"JifS17068","serverVersion":"Build 10.44.1f, Apr 7, 2026 1:49:24 PM"},"hardware_info":"275c5aa2|06:A8:C0:D9:D5:E3"}}}
18:33:57.996 INFO  vert.x-eventloop-thread-0 BaseServiceProxy     : -> GET /v1/api/tickle,200|220ms
18:33:58.000 DEBUG vert.x-eventloop-thread-0 ClientPortalService  : tickle {"session":"6fbbfa842586c01e7e1893f7d65be1a7","ssoExpires":29843,"collission":false,"userId":50301190,"hmds":{"error":"no bridge"},"iserver":{"authStatus":{"authenticated":true,"established":true,"competing":false,"connected":true,"message":"","MAC":"06:A8:C0:D9:D5:E3","serverInfo":{"serverName":"JifS17068","serverVersion":"Build 10.44.1f, Apr 7, 2026 1:49:24 PM"},"hardware_info":"275c5aa2|06:A8:C0:D9:D5:E3"}}}
18:34:23.354 INFO  vert.x-eventloop-thread-0 BaseServiceProxy     : -> GET /sso/ping,200|721ms
18:34:23.355 INFO  vert.x-eventloop-thread-0 SsoService           : sso ping {"result": "true"}
18:34:27.992 INFO  vert.x-eventloop-thread-0 BaseServiceProxy     : -> GET /v1/api/tickle,200|217ms
18:34:27.999 DEBUG vert.x-eventloop-thread-0 ClientPortalService  : tickle {"session":"6fbbfa842586c01e7e1893f7d65be1a7","ssoExpires":600000,"collission":false,"userId":50301190,"hmds":{"error":"no bridge"},"iserver":{"authStatus":{"authenticated":true,"established":true,"competing":false,"connected":true,"message":"","MAC":"06:A8:C0:D9:D5:E3","serverInfo":{"serverName":"JifS17068","serverVersion":"Build 10.44.1f, Apr 7, 2026 1:49:24 PM"},"hardware_info":"275c5aa2|06:A8:C0:D9:D5:E3"}}}
18:34:57.847 INFO  vert.x-eventloop-thread-0 BaseServiceProxy     : -> GET /v1/api/tickle,200|71ms
18:34:57.848 DEBUG vert.x-eventloop-thread-0 ClientPortalService  : tickle {"session":"6fbbfa842586c01e7e1893f7d65be1a7","ssoExpires":570146,"collission":false,"userId":50301190,"hmds":{"error":"no bridge"},"iserver":{"authStatus":{"authenticated":true,"established":true,"competing":false,"connected":true,"message":"","MAC":"06:A8:C0:D9:D5:E3","serverInfo":{"serverName":"JifS17068","serverVersion":"Build 10.44.1f, Apr 7, 2026 1:49:24 PM"},"hardware_info":"275c5aa2|06:A8:C0:D9:D5:E3"}}}
18:35:28.065 INFO  vert.x-eventloop-thread-0 BaseServiceProxy     : -> GET /v1/api/tickle,200|290ms
18:35:28.069 DEBUG vert.x-eventloop-thread-0 ClientPortalService  : tickle {"session":"6fbbfa842586c01e7e1893f7d65be1a7","ssoExpires":539979,"collission":false,"userId":50301190,"hmds":{"error":"no bridge"},"iserver":{"authStatus":{"authenticated":true,"established":true,"competing":false,"connected":true,"message":"","MAC":"06:A8:C0:D9:D5:E3","serverInfo":{"serverName":"JifS17068","serverVersion":"Build 10.44.1f, Apr 7, 2026 1:49:24 PM"},"hardware_info":"275c5aa2|06:A8:C0:D9:D5:E3"}}}
18:35:35.279 INFO  vert.x-eventloop-thread-0 BaseServiceProxy     : -> GET /v1/api/tickle,200|340ms
18:35:57.852 INFO  vert.x-eventloop-thread-0 BaseServiceProxy     : -> GET /v1/api/tickle,200|74ms
18:35:57.854 DEBUG vert.x-eventloop-thread-0 ClientPortalService  : tickle {"session":"6fbbfa842586c01e7e1893f7d65be1a7","ssoExpires":510146,"collission":false,"userId":50301190,"hmds":{"error":"no bridge"},"iserver":{"authStatus":{"authenticated":true,"established":true,"competing":false,"connected":true,"message":"","MAC":"06:A8:C0:D9:D5:E3","serverInfo":{"serverName":"JifS17068","serverVersion":"Build 10.44.1f, Apr 7, 2026 1:49:24 PM"},"hardware_info":"275c5aa2|06:A8:C0:D9:D5:E3"}}}
18:36:28.004 INFO  vert.x-eventloop-thread-0 BaseServiceProxy     : -> GET /v1/api/tickle,200|229ms
18:36:28.007 DEBUG vert.x-eventloop-thread-0 ClientPortalService  : tickle {"session":"6fbbfa842586c01e7e1893f7d65be1a7","ssoExpires":479994,"collission":false,"userId":50301190,"hmds":{"error":"no bridge"},"iserver":{"authStatus":{"authenticated":true,"established":true,"competing":false,"connected":true,"message":"","MAC":"06:A8:C0:D9:D5:E3","serverInfo":{"serverName":"JifS17068","serverVersion":"Build 10.44.1f, Apr 7, 2026 1:49:24 PM"},"hardware_info":"275c5aa2|06:A8:C0:D9:D5:E3"}}}
18:36:57.845 INFO  vert.x-eventloop-thread-0 BaseServiceProxy     : -> GET /v1/api/tickle,200|69ms
18:36:57.848 DEBUG vert.x-eventloop-thread-0 ClientPortalService  : tickle {"session":"6fbbfa842586c01e7e1893f7d65be1a7","ssoExpires":450150,"collission":false,"userId":50301190,"hmds":{"error":"no bridge"},"iserver":{"authStatus":{"authenticated":true,"established":true,"competing":false,"connected":true,"message":"","MAC":"06:A8:C0:D9:D5:E3","serverInfo":{"serverName":"JifS17068","serverVersion":"Build 10.44.1f, Apr 7, 2026 1:49:24 PM"},"hardware_info":"275c5aa2|06:A8:C0:D9:D5:E3"}}}
18:37:28.062 INFO  vert.x-eventloop-thread-0 BaseServiceProxy     : -> GET /v1/api/tickle,200|287ms
18:37:28.063 DEBUG vert.x-eventloop-thread-0 ClientPortalService  : tickle {"session":"6fbbfa842586c01e7e1893f7d65be1a7","ssoExpires":419928,"collission":false,"userId":50301190,"hmds":{"error":"no bridge"},"iserver":{"authStatus":{"authenticated":true,"established":true,"competing":false,"connected":true,"message":"","MAC":"06:A8:C0:D9:D5:E3","serverInfo":{"serverName":"JifS17068","serverVersion":"Build 10.44.1f, Apr 7, 2026 1:49:24 PM"},"hardware_info":"275c5aa2|06:A8:C0:D9:D5:E3"}}}
18:37:58.014 INFO  vert.x-eventloop-thread-0 BaseServiceProxy     : -> GET /v1/api/tickle,200|239ms
18:37:58.016 DEBUG vert.x-eventloop-thread-0 ClientPortalService  : tickle {"session":"6fbbfa842586c01e7e1893f7d65be1a7","ssoExpires":389979,"collission":false,"userId":50301190,"hmds":{"error":"no bridge"},"iserver":{"authStatus":{"authenticated":true,"established":true,"competing":false,"connected":true,"message":"","MAC":"06:A8:C0:D9:D5:E3","serverInfo":{"serverName":"JifS17068","serverVersion":"Build 10.44.1f, Apr 7, 2026 1:49:24 PM"},"hardware_info":"275c5aa2|06:A8:C0:D9:D5:E3"}}}
18:38:05.516 INFO  vert.x-eventloop-thread-0 BaseServiceProxy     : -> GET /v1/api/iserver/secdef/search?symbol=MATX&secType=STK,200|153ms
18:38:13.338 INFO  vert.x-eventloop-thread-0 BaseServiceProxy     : -> GET /v1/api/portfolio/U5799398/summary,200|293ms
18:38:13.400 INFO  vert.x-eventloop-thread-0 BaseServiceProxy     : -> GET /v1/api/iserver/account/orders,200|57ms
18:38:13.463 INFO  vert.x-eventloop-thread-0 BaseServiceProxy     : -> GET /v1/api/portfolio/U5799398/positions/0?direction=a&period=1W&sort=position,200|111ms
18:38:27.845 INFO  vert.x-eventloop-thread-0 BaseServiceProxy     : -> GET /v1/api/tickle,200|69ms
18:38:27.848 DEBUG vert.x-eventloop-thread-0 ClientPortalService  : tickle {"session":"6fbbfa842586c01e7e1893f7d65be1a7","ssoExpires":360149,"collission":false,"userId":50301190,"hmds":{"error":"no bridge"},"iserver":{"authStatus":{"authenticated":true,"established":true,"competing":false,"connected":true,"message":"","MAC":"06:A8:C0:D9:D5:E3","serverInfo":{"serverName":"JifS17068","serverVersion":"Build 10.44.1f, Apr 7, 2026 1:49:24 PM"},"hardware_info":"275c5aa2|06:A8:C0:D9:D5:E3"}}}
18:38:35.686 INFO  vert.x-eventloop-thread-0 BaseServiceProxy     : -> GET /v1/api/tickle,200|299ms
18:38:50.697 INFO  vert.x-eventloop-thread-0 BaseServiceProxy     : -> GET /v1/api/iserver/secdef/search?symbol=MATX&secType=STK,200|70ms
18:38:50.816 INFO  vert.x-eventloop-thread-0 BaseServiceProxy     : -> GET /v1/api/iserver/account/orders,200|117ms
18:38:50.956 INFO  vert.x-eventloop-thread-0 BaseServiceProxy     : -> GET /v1/api/portfolio/U5799398/summary,200|123ms
18:38:51.377 INFO  vert.x-eventloop-thread-0 BaseServiceProxy     : -> GET /v1/api/iserver/account/U5799398/orders,200|414ms
18:38:51.441 INFO  vert.x-eventloop-thread-0 BaseServiceProxy     : -> GET /v1/api/iserver/reply/143c9678-ae69-475a-9c76-f03413d382d4,200|61ms
18:38:51.514 INFO  vert.x-eventloop-thread-0 BaseServiceProxy     : -> GET /v1/api/iserver/reply/16858e65-ec03-4821-9123-941dda4a4c8a,200|69ms
18:38:51.582 INFO  vert.x-eventloop-thread-0 BaseServiceProxy     : -> GET /v1/api/iserver/reply/d638e309-062d-403f-913f-3cf75ddc049b,200|66ms
18:38:51.641 INFO  vert.x-eventloop-thread-0 BaseServiceProxy     : -> GET /v1/api/iserver/reply/2aa06380-fd85-441a-9cc5-bf00ff6e7a09,200|56ms
18:38:51.709 INFO  vert.x-eventloop-thread-0 BaseServiceProxy     : -> GET /v1/api/iserver/reply/ead4b930-251b-4550-aaae-b194caf151b4,200|66ms
18:38:51.767 INFO  vert.x-eventloop-thread-0 BaseServiceProxy     : -> GET /v1/api/iserver/account/orders,200|56ms
18:38:52.197 INFO  vert.x-eventloop-thread-0 BaseServiceProxy     : -> GET /v1/api/iserver/marketdata/history?conid=108649896&period=30d&bar=1d&outsideRth=false,200|411ms
18:38:52.260 INFO  vert.x-eventloop-thread-0 BaseServiceProxy     : -> GET /v1/api/iserver/marketdata/history?conid=108649896&period=30d&bar=1d&outsideRth=false,200|60ms
18:38:54.405 INFO  vert.x-eventloop-thread-0 BaseServiceProxy     : -> GET /v1/api/iserver/account/orders,200|78ms
18:38:54.502 INFO  vert.x-eventloop-thread-0 BaseServiceProxy     : -> GET /v1/api/iserver/marketdata/history?conid=108649896&period=30d&bar=1d&outsideRth=false,200|73ms
18:38:54.572 INFO  vert.x-eventloop-thread-0 BaseServiceProxy     : -> GET /v1/api/iserver/marketdata/history?conid=108649896&period=30d&bar=1d&outsideRth=false,200|69ms
18:38:54.740 INFO  vert.x-eventloop-thread-0 BaseServiceProxy     : -> GET /v1/api/iserver/account/orders,200|103ms
18:38:54.826 INFO  vert.x-eventloop-thread-0 BaseServiceProxy     : -> GET /v1/api/iserver/account/orders,200|61ms
18:38:55.184 INFO  vert.x-eventloop-thread-0 BaseServiceProxy     : -> GET /v1/api/iserver/account/U5799398/order/1272000587,200|328ms
18:38:55.249 INFO  vert.x-eventloop-thread-0 BaseServiceProxy     : -> GET /v1/api/iserver/account/orders,200|63ms
18:38:55.390 INFO  vert.x-eventloop-thread-0 BaseServiceProxy     : -> GET /v1/api/iserver/marketdata/history?conid=108649896&period=30d&bar=1d&outsideRth=false,200|65ms
18:38:55.465 INFO  vert.x-eventloop-thread-0 BaseServiceProxy     : -> GET /v1/api/iserver/marketdata/history?conid=108649896&period=30d&bar=1d&outsideRth=false,200|73ms
18:38:55.561 INFO  vert.x-eventloop-thread-0 BaseServiceProxy     : -> GET /v1/api/iserver/account/orders,200|60ms
18:38:57.868 INFO  vert.x-eventloop-thread-0 BaseServiceProxy     : -> GET /v1/api/tickle,200|88ms
18:38:57.870 DEBUG vert.x-eventloop-thread-0 ClientPortalService  : tickle {"session":"6fbbfa842586c01e7e1893f7d65be1a7","ssoExpires":330125,"collission":false,"userId":50301190,"hmds":{"error":"no bridge"},"iserver":{"authStatus":{"authenticated":true,"established":true,"competing":false,"connected":true,"message":"","MAC":"06:A8:C0:D9:D5:E3","serverInfo":{"serverName":"JifS17068","serverVersion":"Build 10.44.1f, Apr 7, 2026 1:49:24 PM"},"hardware_info":"275c5aa2|06:A8:C0:D9:D5:E3"}}}
18:39:23.075 INFO  vert.x-eventloop-thread-0 BaseServiceProxy     : -> GET /sso/ping,200|443ms
18:39:23.076 INFO  vert.x-eventloop-thread-0 SsoService           : sso ping {"result": "true"}
18:39:27.837 INFO  vert.x-eventloop-thread-0 BaseServiceProxy     : -> GET /v1/api/tickle,200|62ms
18:39:27.837 DEBUG vert.x-eventloop-thread-0 ClientPortalService  : tickle {"session":"6fbbfa842586c01e7e1893f7d65be1a7","ssoExpires":300154,"collission":false,"userId":50301190,"hmds":{"error":"no bridge"},"iserver":{"authStatus":{"authenticated":true,"established":true,"competing":false,"connected":true,"message":"","MAC":"06:A8:C0:D9:D5:E3","serverInfo":{"serverName":"JifS17068","serverVersion":"Build 10.44.1f, Apr 7, 2026 1:49:24 PM"},"hardware_info":"275c5aa2|06:A8:C0:D9:D5:E3"}}}
18:39:57.998 INFO  vert.x-eventloop-thread-0 BaseServiceProxy     : -> GET /v1/api/tickle,200|223ms
18:39:57.999 DEBUG vert.x-eventloop-thread-0 ClientPortalService  : tickle {"session":"6fbbfa842586c01e7e1893f7d65be1a7","ssoExpires":269990,"collission":false,"userId":50301190,"hmds":{"error":"no bridge"},"iserver":{"authStatus":{"authenticated":true,"established":true,"competing":false,"connected":true,"message":"","MAC":"06:A8:C0:D9:D5:E3","serverInfo":{"serverName":"JifS17068","serverVersion":"Build 10.44.1f, Apr 7, 2026 1:49:24 PM"},"hardware_info":"275c5aa2|06:A8:C0:D9:D5:E3"}}}
18:40:27.847 INFO  vert.x-eventloop-thread-0 BaseServiceProxy     : -> GET /v1/api/tickle,200|73ms
18:40:27.848 DEBUG vert.x-eventloop-thread-0 ClientPortalService  : tickle {"session":"6fbbfa842586c01e7e1893f7d65be1a7","ssoExpires":240151,"collission":false,"userId":50301190,"hmds":{"error":"no bridge"},"iserver":{"authStatus":{"authenticated":true,"established":true,"competing":false,"connected":true,"message":"","MAC":"06:A8:C0:D9:D5:E3","serverInfo":{"serverName":"JifS17068","serverVersion":"Build 10.44.1f, Apr 7, 2026 1:49:24 PM"},"hardware_info":"275c5aa2|06:A8:C0:D9:D5:E3"}}}
18:40:57.847 INFO  vert.x-eventloop-thread-0 BaseServiceProxy     : -> GET /v1/api/tickle,200|72ms
18:40:57.850 DEBUG vert.x-eventloop-thread-0 ClientPortalService  : tickle {"session":"6fbbfa842586c01e7e1893f7d65be1a7","ssoExpires":210143,"collission":false,"userId":50301190,"hmds":{"error":"no bridge"},"iserver":{"authStatus":{"authenticated":true,"established":true,"competing":false,"connected":true,"message":"","MAC":"06:A8:C0:D9:D5:E3","serverInfo":{"serverName":"JifS17068","serverVersion":"Build 10.44.1f, Apr 7, 2026 1:49:24 PM"},"hardware_info":"275c5aa2|06:A8:C0:D9:D5:E3"}}}
18:41:28.114 INFO  vert.x-eventloop-thread-0 BaseServiceProxy     : -> GET /v1/api/tickle,200|339ms
18:41:28.117 DEBUG vert.x-eventloop-thread-0 ClientPortalService  : tickle {"session":"6fbbfa842586c01e7e1893f7d65be1a7","ssoExpires":179899,"collission":false,"userId":50301190,"hmds":{"error":"no bridge"},"iserver":{"authStatus":{"authenticated":true,"established":true,"competing":false,"connected":true,"message":"","MAC":"06:A8:C0:D9:D5:E3","serverInfo":{"serverName":"JifS17068","serverVersion":"Build 10.44.1f, Apr 7, 2026 1:49:24 PM"},"hardware_info":"275c5aa2|06:A8:C0:D9:D5:E3"}}}
18:41:35.873 INFO  vert.x-eventloop-thread-0 BaseServiceProxy     : -> GET /v1/api/tickle,200|71ms
18:41:58.083 INFO  vert.x-eventloop-thread-0 BaseServiceProxy     : -> GET /v1/api/tickle,200|308ms
18:41:58.084 DEBUG vert.x-eventloop-thread-0 ClientPortalService  : tickle {"session":"6fbbfa842586c01e7e1893f7d65be1a7","ssoExpires":149907,"collission":false,"userId":50301190,"hmds":{"error":"no bridge"},"iserver":{"authStatus":{"authenticated":true,"established":true,"competing":false,"connected":true,"message":"","MAC":"06:A8:C0:D9:D5:E3","serverInfo":{"serverName":"JifS17068","serverVersion":"Build 10.44.1f, Apr 7, 2026 1:49:24 PM"},"hardware_info":"275c5aa2|06:A8:C0:D9:D5:E3"}}}
18:42:27.831 INFO  vert.x-eventloop-thread-0 BaseServiceProxy     : -> GET /v1/api/tickle,200|57ms
18:42:27.832 DEBUG vert.x-eventloop-thread-0 ClientPortalService  : tickle {"session":"6fbbfa842586c01e7e1893f7d65be1a7","ssoExpires":120156,"collission":false,"userId":50301190,"hmds":{"error":"no bridge"},"iserver":{"authStatus":{"authenticated":true,"established":true,"competing":false,"connected":true,"message":"","MAC":"06:A8:C0:D9:D5:E3","serverInfo":{"serverName":"JifS17068","serverVersion":"Build 10.44.1f, Apr 7, 2026 1:49:24 PM"},"hardware_info":"275c5aa2|06:A8:C0:D9:D5:E3"}}}
18:42:57.841 INFO  vert.x-eventloop-thread-0 BaseServiceProxy     : -> GET /v1/api/tickle,200|66ms
18:42:57.843 DEBUG vert.x-eventloop-thread-0 ClientPortalService  : tickle {"session":"6fbbfa842586c01e7e1893f7d65be1a7","ssoExpires":90146,"collission":false,"userId":50301190,"hmds":{"error":"no bridge"},"iserver":{"authStatus":{"authenticated":true,"established":true,"competing":false,"connected":true,"message":"","MAC":"06:A8:C0:D9:D5:E3","serverInfo":{"serverName":"JifS17068","serverVersion":"Build 10.44.1f, Apr 7, 2026 1:49:24 PM"},"hardware_info":"275c5aa2|06:A8:C0:D9:D5:E3"}}}
18:43:27.865 INFO  vert.x-eventloop-thread-0 BaseServiceProxy     : -> GET /v1/api/tickle,200|88ms
18:43:27.868 DEBUG vert.x-eventloop-thread-0 ClientPortalService  : tickle {"session":"6fbbfa842586c01e7e1893f7d65be1a7","ssoExpires":60128,"collission":false,"userId":50301190,"hmds":{"error":"no bridge"},"iserver":{"authStatus":{"authenticated":true,"established":true,"competing":false,"connected":true,"message":"","MAC":"06:A8:C0:D9:D5:E3","serverInfo":{"serverName":"JifS17068","serverVersion":"Build 10.44.1f, Apr 7, 2026 1:49:24 PM"},"hardware_info":"275c5aa2|06:A8:C0:D9:D5:E3"}}}
18:43:57.884 INFO  vert.x-eventloop-thread-0 BaseServiceProxy     : -> GET /v1/api/tickle,200|111ms
18:43:57.887 DEBUG vert.x-eventloop-thread-0 ClientPortalService  : tickle {"session":"6fbbfa842586c01e7e1893f7d65be1a7","ssoExpires":30102,"collission":false,"userId":50301190,"hmds":{"error":"no bridge"},"iserver":{"authStatus":{"authenticated":true,"established":true,"competing":false,"connected":true,"message":"","MAC":"06:A8:C0:D9:D5:E3","serverInfo":{"serverName":"JifS17068","serverVersion":"Build 10.44.1f, Apr 7, 2026 1:49:24 PM"},"hardware_info":"275c5aa2|06:A8:C0:D9:D5:E3"}}}
18:44:23.101 INFO  vert.x-eventloop-thread-0 BaseServiceProxy     : -> GET /sso/ping,200|471ms
18:44:23.102 INFO  vert.x-eventloop-thread-0 SsoService           : sso ping {"result": "true"}
18:44:27.991 INFO  vert.x-eventloop-thread-0 BaseServiceProxy     : -> GET /v1/api/tickle,200|218ms
18:44:27.991 DEBUG vert.x-eventloop-thread-0 ClientPortalService  : tickle {"session":"6fbbfa842586c01e7e1893f7d65be1a7","ssoExpires":600000,"collission":false,"userId":50301190,"hmds":{"error":"no bridge"},"iserver":{"authStatus":{"authenticated":true,"established":true,"competing":false,"connected":true,"message":"","MAC":"06:A8:C0:D9:D5:E3","serverInfo":{"serverName":"JifS17068","serverVersion":"Build 10.44.1f, Apr 7, 2026 1:49:24 PM"},"hardware_info":"275c5aa2|06:A8:C0:D9:D5:E3"}}}
18:44:36.311 INFO  vert.x-eventloop-thread-0 BaseServiceProxy     : -> GET /v1/api/tickle,200|316ms
18:44:57.996 INFO  vert.x-eventloop-thread-0 BaseServiceProxy     : -> GET /v1/api/tickle,200|222ms
18:44:57.998 DEBUG vert.x-eventloop-thread-0 ClientPortalService  : tickle {"session":"6fbbfa842586c01e7e1893f7d65be1a7","ssoExpires":569994,"collission":false,"userId":50301190,"hmds":{"error":"no bridge"},"iserver":{"authStatus":{"authenticated":true,"established":true,"competing":false,"connected":true,"message":"","MAC":"06:A8:C0:D9:D5:E3","serverInfo":{"serverName":"JifS17068","serverVersion":"Build 10.44.1f, Apr 7, 2026 1:49:24 PM"},"hardware_info":"275c5aa2|06:A8:C0:D9:D5:E3"}}}
18:44:59.463 INFO  vert.x-eventloop-thread-0 BaseServiceProxy     : -> GET /v1/api/portfolio/U5799398/summary,200|122ms
18:44:59.585 INFO  vert.x-eventloop-thread-0 BaseServiceProxy     : -> GET /v1/api/iserver/account/orders,200|66ms
18:44:59.611 INFO  vert.x-eventloop-thread-0 BaseServiceProxy     : -> GET /v1/api/portfolio/U5799398/positions/0?direction=a&period=1W&sort=position,200|140ms
18:45:06.782 INFO  vert.x-eventloop-thread-0 BaseServiceProxy     : -> GET /v1/api/iserver/secdef/search?symbol=MU&secType=STK,200|98ms
18:45:06.850 INFO  vert.x-eventloop-thread-0 BaseServiceProxy     : -> GET /v1/api/iserver/account/orders,200|65ms
18:45:06.963 INFO  vert.x-eventloop-thread-0 BaseServiceProxy     : -> GET /v1/api/portfolio/U5799398/summary,200|98ms
18:45:07.441 INFO  vert.x-eventloop-thread-0 BaseServiceProxy     : -> GET /v1/api/iserver/account/U5799398/orders,200|474ms
18:45:07.505 INFO  vert.x-eventloop-thread-0 BaseServiceProxy     : -> GET /v1/api/iserver/reply/f0bd7079-3d1a-41d7-b863-ea86ec1b5aeb,200|63ms
18:45:07.567 INFO  vert.x-eventloop-thread-0 BaseServiceProxy     : -> GET /v1/api/iserver/reply/414b54b0-98ec-4256-8688-cfa07ac46a17,200|61ms
18:45:07.631 INFO  vert.x-eventloop-thread-0 BaseServiceProxy     : -> GET /v1/api/iserver/reply/d62e0ad9-967e-4e5b-aaf0-c01651b8df2d,200|60ms
18:45:07.703 INFO  vert.x-eventloop-thread-0 BaseServiceProxy     : -> GET /v1/api/iserver/reply/082a5214-f5ea-483d-a641-a28f18daf0bf,200|70ms
18:45:07.765 INFO  vert.x-eventloop-thread-0 BaseServiceProxy     : -> GET /v1/api/iserver/reply/77c0e49b-9532-4188-a2f2-7b56b79e164f,200|60ms
18:45:07.834 INFO  vert.x-eventloop-thread-0 BaseServiceProxy     : -> GET /v1/api/iserver/reply/4803c4a0-5b71-4bca-ab9a-5f62910fbfe6,200|66ms
18:45:07.901 INFO  vert.x-eventloop-thread-0 BaseServiceProxy     : -> GET /v1/api/iserver/account/orders,200|65ms
18:45:08.217 INFO  vert.x-eventloop-thread-0 BaseServiceProxy     : -> GET /v1/api/iserver/marketdata/history?conid=9939&period=30d&bar=1d&outsideRth=false,200|297ms
18:45:08.324 INFO  vert.x-eventloop-thread-0 BaseServiceProxy     : -> GET /v1/api/iserver/marketdata/history?conid=9939&period=30d&bar=1d&outsideRth=false,200|100ms
18:45:15.954 INFO  vert.x-eventloop-thread-0 BaseServiceProxy     : -> GET /v1/api/iserver/account/orders,200|61ms
18:45:16.033 INFO  vert.x-eventloop-thread-0 BaseServiceProxy     : -> GET /v1/api/iserver/marketdata/history?conid=9939&period=30d&bar=1d&outsideRth=false,200|64ms
18:45:16.099 INFO  vert.x-eventloop-thread-0 BaseServiceProxy     : -> GET /v1/api/iserver/marketdata/history?conid=9939&period=30d&bar=1d&outsideRth=false,200|64ms
18:45:16.209 INFO  vert.x-eventloop-thread-0 BaseServiceProxy     : -> GET /v1/api/iserver/account/orders,200|57ms
18:45:16.294 INFO  vert.x-eventloop-thread-0 BaseServiceProxy     : -> GET /v1/api/iserver/account/orders,200|66ms
18:45:16.662 INFO  vert.x-eventloop-thread-0 BaseServiceProxy     : -> GET /v1/api/iserver/account/U5799398/order/1272000591,200|353ms
18:45:16.795 INFO  vert.x-eventloop-thread-0 BaseServiceProxy     : -> GET /v1/api/iserver/account/orders,200|131ms
18:45:16.883 INFO  vert.x-eventloop-thread-0 BaseServiceProxy     : -> GET /v1/api/iserver/marketdata/history?conid=9939&period=30d&bar=1d&outsideRth=false,200|60ms
18:45:16.943 INFO  vert.x-eventloop-thread-0 BaseServiceProxy     : -> GET /v1/api/iserver/marketdata/history?conid=9939&period=30d&bar=1d&outsideRth=false,200|59ms
18:45:17.055 INFO  vert.x-eventloop-thread-0 BaseServiceProxy     : -> GET /v1/api/iserver/account/orders,200|62ms
18:45:27.833 INFO  vert.x-eventloop-thread-0 BaseServiceProxy     : -> GET /v1/api/tickle,200|60ms
18:45:27.838 DEBUG vert.x-eventloop-thread-0 ClientPortalService  : tickle {"session":"6fbbfa842586c01e7e1893f7d65be1a7","ssoExpires":540158,"collission":false,"userId":50301190,"hmds":{"error":"no bridge"},"iserver":{"authStatus":{"authenticated":true,"established":true,"competing":false,"connected":true,"message":"","MAC":"06:A8:C0:D9:D5:E3","serverInfo":{"serverName":"JifS17068","serverVersion":"Build 10.44.1f, Apr 7, 2026 1:49:24 PM"},"hardware_info":"275c5aa2|06:A8:C0:D9:D5:E3"}}}
18:45:58.011 INFO  vert.x-eventloop-thread-0 BaseServiceProxy     : -> GET /v1/api/tickle,200|237ms
18:45:58.014 DEBUG vert.x-eventloop-thread-0 ClientPortalService  : tickle {"session":"6fbbfa842586c01e7e1893f7d65be1a7","ssoExpires":509983,"collission":false,"userId":50301190,"hmds":{"error":"no bridge"},"iserver":{"authStatus":{"authenticated":true,"established":true,"competing":false,"connected":true,"message":"","MAC":"06:A8:C0:D9:D5:E3","serverInfo":{"serverName":"JifS17068","serverVersion":"Build 10.44.1f, Apr 7, 2026 1:49:24 PM"},"hardware_info":"275c5aa2|06:A8:C0:D9:D5:E3"}}}
18:46:27.843 INFO  vert.x-eventloop-thread-0 BaseServiceProxy     : -> GET /v1/api/tickle,200|68ms
18:46:27.846 DEBUG vert.x-eventloop-thread-0 ClientPortalService  : tickle {"session":"6fbbfa842586c01e7e1893f7d65be1a7","ssoExpires":480152,"collission":false,"userId":50301190,"hmds":{"error":"no bridge"},"iserver":{"authStatus":{"authenticated":true,"established":true,"competing":false,"connected":true,"message":"","MAC":"06:A8:C0:D9:D5:E3","serverInfo":{"serverName":"JifS17068","serverVersion":"Build 10.44.1f, Apr 7, 2026 1:49:24 PM"},"hardware_info":"275c5aa2|06:A8:C0:D9:D5:E3"}}}
18:46:57.867 INFO  vert.x-eventloop-thread-0 BaseServiceProxy     : -> GET /v1/api/tickle,200|94ms
18:46:57.869 DEBUG vert.x-eventloop-thread-0 ClientPortalService  : tickle {"session":"6fbbfa842586c01e7e1893f7d65be1a7","ssoExpires":450121,"collission":false,"userId":50301190,"hmds":{"error":"no bridge"},"iserver":{"authStatus":{"authenticated":true,"established":true,"competing":false,"connected":true,"message":"","MAC":"06:A8:C0:D9:D5:E3","serverInfo":{"serverName":"JifS17068","serverVersion":"Build 10.44.1f, Apr 7, 2026 1:49:24 PM"},"hardware_info":"275c5aa2|06:A8:C0:D9:D5:E3"}}}
18:47:27.846 INFO  vert.x-eventloop-thread-0 BaseServiceProxy     : -> GET /v1/api/tickle,200|72ms
18:47:27.848 DEBUG vert.x-eventloop-thread-0 ClientPortalService  : tickle {"session":"6fbbfa842586c01e7e1893f7d65be1a7","ssoExpires":420142,"collission":false,"userId":50301190,"hmds":{"error":"no bridge"},"iserver":{"authStatus":{"authenticated":true,"established":true,"competing":false,"connected":true,"message":"","MAC":"06:A8:C0:D9:D5:E3","serverInfo":{"serverName":"JifS17068","serverVersion":"Build 10.44.1f, Apr 7, 2026 1:49:24 PM"},"hardware_info":"275c5aa2|06:A8:C0:D9:D5:E3"}}}
18:47:36.716 INFO  vert.x-eventloop-thread-0 BaseServiceProxy     : -> GET /v1/api/tickle,200|303ms
18:47:57.844 INFO  vert.x-eventloop-thread-0 BaseServiceProxy     : -> GET /v1/api/tickle,200|70ms
18:47:57.846 DEBUG vert.x-eventloop-thread-0 ClientPortalService  : tickle {"session":"6fbbfa842586c01e7e1893f7d65be1a7","ssoExpires":390146,"collission":false,"userId":50301190,"hmds":{"error":"no bridge"},"iserver":{"authStatus":{"authenticated":true,"established":true,"competing":false,"connected":true,"message":"","MAC":"06:A8:C0:D9:D5:E3","serverInfo":{"serverName":"JifS17068","serverVersion":"Build 10.44.1f, Apr 7, 2026 1:49:24 PM"},"hardware_info":"275c5aa2|06:A8:C0:D9:D5:E3"}}}
18:48:27.993 INFO  vert.x-eventloop-thread-0 BaseServiceProxy     : -> GET /v1/api/tickle,200|220ms
18:48:27.996 DEBUG vert.x-eventloop-thread-0 ClientPortalService  : tickle {"session":"6fbbfa842586c01e7e1893f7d65be1a7","ssoExpires":359998,"collission":false,"userId":50301190,"hmds":{"error":"no bridge"},"iserver":{"authStatus":{"authenticated":true,"established":true,"competing":false,"connected":true,"message":"","MAC":"06:A8:C0:D9:D5:E3","serverInfo":{"serverName":"JifS17068","serverVersion":"Build 10.44.1f, Apr 7, 2026 1:49:24 PM"},"hardware_info":"275c5aa2|06:A8:C0:D9:D5:E3"}}}
18:48:58.014 INFO  vert.x-eventloop-thread-0 BaseServiceProxy     : -> GET /v1/api/tickle,200|241ms
18:48:58.015 DEBUG vert.x-eventloop-thread-0 ClientPortalService  : tickle {"session":"6fbbfa842586c01e7e1893f7d65be1a7","ssoExpires":329990,"collission":false,"userId":50301190,"hmds":{"error":"no bridge"},"iserver":{"authStatus":{"authenticated":true,"established":true,"competing":false,"connected":true,"message":"","MAC":"06:A8:C0:D9:D5:E3","serverInfo":{"serverName":"JifS17068","serverVersion":"Build 10.44.1f, Apr 7, 2026 1:49:24 PM"},"hardware_info":"275c5aa2|06:A8:C0:D9:D5:E3"}}}
18:49:22.924 INFO  vert.x-eventloop-thread-0 BaseServiceProxy     : -> GET /sso/ping,200|294ms
18:49:22.926 INFO  vert.x-eventloop-thread-0 SsoService           : sso ping {"result": "true"}
18:49:28.072 INFO  vert.x-eventloop-thread-0 BaseServiceProxy     : -> GET /v1/api/tickle,200|300ms
18:49:28.072 DEBUG vert.x-eventloop-thread-0 ClientPortalService  : tickle {"session":"6fbbfa842586c01e7e1893f7d65be1a7","ssoExpires":299921,"collission":false,"userId":50301190,"hmds":{"error":"no bridge"},"iserver":{"authStatus":{"authenticated":true,"established":true,"competing":false,"connected":true,"message":"","MAC":"06:A8:C0:D9:D5:E3","serverInfo":{"serverName":"JifS17068","serverVersion":"Build 10.44.1f, Apr 7, 2026 1:49:24 PM"},"hardware_info":"275c5aa2|06:A8:C0:D9:D5:E3"}}}
18:49:57.843 INFO  vert.x-eventloop-thread-0 BaseServiceProxy     : -> GET /v1/api/tickle,200|70ms
18:49:57.846 DEBUG vert.x-eventloop-thread-0 ClientPortalService  : tickle {"session":"6fbbfa842586c01e7e1893f7d65be1a7","ssoExpires":270149,"collission":false,"userId":50301190,"hmds":{"error":"no bridge"},"iserver":{"authStatus":{"authenticated":true,"established":true,"competing":false,"connected":true,"message":"","MAC":"06:A8:C0:D9:D5:E3","serverInfo":{"serverName":"JifS17068","serverVersion":"Build 10.44.1f, Apr 7, 2026 1:49:24 PM"},"hardware_info":"275c5aa2|06:A8:C0:D9:D5:E3"}}}
18:50:27.849 INFO  vert.x-eventloop-thread-0 BaseServiceProxy     : -> GET /v1/api/tickle,200|77ms
18:50:27.850 DEBUG vert.x-eventloop-thread-0 ClientPortalService  : tickle {"session":"6fbbfa842586c01e7e1893f7d65be1a7","ssoExpires":240139,"collission":false,"userId":50301190,"hmds":{"error":"no bridge"},"iserver":{"authStatus":{"authenticated":true,"established":true,"competing":false,"connected":true,"message":"","MAC":"06:A8:C0:D9:D5:E3","serverInfo":{"serverName":"JifS17068","serverVersion":"Build 10.44.1f, Apr 7, 2026 1:49:24 PM"},"hardware_info":"275c5aa2|06:A8:C0:D9:D5:E3"}}}
18:50:36.910 INFO  vert.x-eventloop-thread-0 BaseServiceProxy     : -> GET /v1/api/tickle,200|79ms
18:50:57.841 INFO  vert.x-eventloop-thread-0 BaseServiceProxy     : -> GET /v1/api/tickle,200|69ms
18:50:57.842 DEBUG vert.x-eventloop-thread-0 ClientPortalService  : tickle {"session":"6fbbfa842586c01e7e1893f7d65be1a7","ssoExpires":210145,"collission":false,"userId":50301190,"hmds":{"error":"no bridge"},"iserver":{"authStatus":{"authenticated":true,"established":true,"competing":false,"connected":true,"message":"","MAC":"06:A8:C0:D9:D5:E3","serverInfo":{"serverName":"JifS17068","serverVersion":"Build 10.44.1f, Apr 7, 2026 1:49:24 PM"},"hardware_info":"275c5aa2|06:A8:C0:D9:D5:E3"}}}
18:51:27.998 INFO  vert.x-eventloop-thread-0 BaseServiceProxy     : -> GET /v1/api/tickle,200|226ms
18:51:28.000 DEBUG vert.x-eventloop-thread-0 ClientPortalService  : tickle {"session":"6fbbfa842586c01e7e1893f7d65be1a7","ssoExpires":179991,"collission":false,"userId":50301190,"hmds":{"error":"no bridge"},"iserver":{"authStatus":{"authenticated":true,"established":true,"competing":false,"connected":true,"message":"","MAC":"06:A8:C0:D9:D5:E3","serverInfo":{"serverName":"JifS17068","serverVersion":"Build 10.44.1f, Apr 7, 2026 1:49:24 PM"},"hardware_info":"275c5aa2|06:A8:C0:D9:D5:E3"}}}
18:51:35.444 INFO  vert.x-eventloop-thread-0 BaseServiceProxy     : -> GET /v1/api/iserver/account/trades,200|54ms
18:51:58.004 INFO  vert.x-eventloop-thread-0 BaseServiceProxy     : -> GET /v1/api/tickle,200|231ms
18:51:58.006 DEBUG vert.x-eventloop-thread-0 ClientPortalService  : tickle {"session":"6fbbfa842586c01e7e1893f7d65be1a7","ssoExpires":149992,"collission":false,"userId":50301190,"hmds":{"error":"no bridge"},"iserver":{"authStatus":{"authenticated":true,"established":true,"competing":false,"connected":true,"message":"","MAC":"06:A8:C0:D9:D5:E3","serverInfo":{"serverName":"JifS17068","serverVersion":"Build 10.44.1f, Apr 7, 2026 1:49:24 PM"},"hardware_info":"275c5aa2|06:A8:C0:D9:D5:E3"}}}
18:52:28.043 INFO  vert.x-eventloop-thread-0 BaseServiceProxy     : -> GET /v1/api/tickle,200|271ms
18:52:28.069 DEBUG vert.x-eventloop-thread-0 ClientPortalService  : tickle {"session":"6fbbfa842586c01e7e1893f7d65be1a7","ssoExpires":119969,"collission":false,"userId":50301190,"hmds":{"error":"no bridge"},"iserver":{"authStatus":{"authenticated":true,"established":true,"competing":false,"connected":true,"message":"","MAC":"06:A8:C0:D9:D5:E3","serverInfo":{"serverName":"JifS17068","serverVersion":"Build 10.44.1f, Apr 7, 2026 1:49:24 PM"},"hardware_info":"275c5aa2|06:A8:C0:D9:D5:E3"}}}
18:52:57.838 INFO  vert.x-eventloop-thread-0 BaseServiceProxy     : -> GET /v1/api/tickle,200|65ms
18:52:57.840 DEBUG vert.x-eventloop-thread-0 ClientPortalService  : tickle {"session":"6fbbfa842586c01e7e1893f7d65be1a7","ssoExpires":90152,"collission":false,"userId":50301190,"hmds":{"error":"no bridge"},"iserver":{"authStatus":{"authenticated":true,"established":true,"competing":false,"connected":true,"message":"","MAC":"06:A8:C0:D9:D5:E3","serverInfo":{"serverName":"JifS17068","serverVersion":"Build 10.44.1f, Apr 7, 2026 1:49:24 PM"},"hardware_info":"275c5aa2|06:A8:C0:D9:D5:E3"}}}
18:53:27.997 INFO  vert.x-eventloop-thread-0 BaseServiceProxy     : -> GET /v1/api/tickle,200|225ms
18:53:27.999 DEBUG vert.x-eventloop-thread-0 ClientPortalService  : tickle {"session":"6fbbfa842586c01e7e1893f7d65be1a7","ssoExpires":59994,"collission":false,"userId":50301190,"hmds":{"error":"no bridge"},"iserver":{"authStatus":{"authenticated":true,"established":true,"competing":false,"connected":true,"message":"","MAC":"06:A8:C0:D9:D5:E3","serverInfo":{"serverName":"JifS17068","serverVersion":"Build 10.44.1f, Apr 7, 2026 1:49:24 PM"},"hardware_info":"275c5aa2|06:A8:C0:D9:D5:E3"}}}
18:53:37.118 INFO  vert.x-eventloop-thread-0 BaseServiceProxy     : -> GET /v1/api/tickle,200|69ms
18:53:57.854 INFO  vert.x-eventloop-thread-0 BaseServiceProxy     : -> GET /v1/api/tickle,200|82ms
18:53:57.856 DEBUG vert.x-eventloop-thread-0 ClientPortalService  : tickle {"session":"6fbbfa842586c01e7e1893f7d65be1a7","ssoExpires":30135,"collission":false,"userId":50301190,"hmds":{"error":"no bridge"},"iserver":{"authStatus":{"authenticated":true,"established":true,"competing":false,"connected":true,"message":"","MAC":"06:A8:C0:D9:D5:E3","serverInfo":{"serverName":"JifS17068","serverVersion":"Build 10.44.1f, Apr 7, 2026 1:49:24 PM"},"hardware_info":"275c5aa2|06:A8:C0:D9:D5:E3"}}}
18:54:23.298 INFO  vert.x-eventloop-thread-0 BaseServiceProxy     : -> GET /sso/ping,200|669ms
18:54:23.300 INFO  vert.x-eventloop-thread-0 SsoService           : sso ping {"result": "true"}
18:54:27.831 INFO  vert.x-eventloop-thread-0 BaseServiceProxy     : -> GET /v1/api/tickle,200|60ms
18:54:27.832 DEBUG vert.x-eventloop-thread-0 ClientPortalService  : tickle {"session":"6fbbfa842586c01e7e1893f7d65be1a7","ssoExpires":158,"collission":false,"userId":50301190,"hmds":{"error":"no bridge"},"iserver":{"authStatus":{"authenticated":true,"established":true,"competing":false,"connected":true,"message":"","MAC":"06:A8:C0:D9:D5:E3","serverInfo":{"serverName":"JifS17068","serverVersion":"Build 10.44.1f, Apr 7, 2026 1:49:24 PM"},"hardware_info":"275c5aa2|06:A8:C0:D9:D5:E3"}}}
18:54:58.070 INFO  vert.x-eventloop-thread-0 BaseServiceProxy     : -> GET /v1/api/tickle,200|298ms
18:54:58.072 DEBUG vert.x-eventloop-thread-0 ClientPortalService  : tickle {"session":"6fbbfa842586c01e7e1893f7d65be1a7","ssoExpires":600000,"collission":false,"userId":50301190,"hmds":{"error":"no bridge"},"iserver":{"authStatus":{"authenticated":true,"established":true,"competing":false,"connected":true,"message":"","MAC":"06:A8:C0:D9:D5:E3","serverInfo":{"serverName":"JifS17068","serverVersion":"Build 10.44.1f, Apr 7, 2026 1:49:24 PM"},"hardware_info":"275c5aa2|06:A8:C0:D9:D5:E3"}}}
18:55:28.188 INFO  vert.x-eventloop-thread-0 BaseServiceProxy     : -> GET /v1/api/tickle,200|418ms
18:55:28.190 DEBUG vert.x-eventloop-thread-0 ClientPortalService  : tickle {"session":"6fbbfa842586c01e7e1893f7d65be1a7","ssoExpires":569976,"collission":false,"userId":50301190,"hmds":{"error":"no bridge"},"iserver":{"authStatus":{"authenticated":true,"established":true,"competing":false,"connected":true,"message":"","MAC":"06:A8:C0:D9:D5:E3","serverInfo":{"serverName":"JifS17068","serverVersion":"Build 10.44.1f, Apr 7, 2026 1:49:24 PM"},"hardware_info":"275c5aa2|06:A8:C0:D9:D5:E3"}}}
18:55:57.903 INFO  vert.x-eventloop-thread-0 BaseServiceProxy     : -> GET /v1/api/tickle,200|131ms
18:55:57.905 DEBUG vert.x-eventloop-thread-0 ClientPortalService  : tickle {"session":"6fbbfa842586c01e7e1893f7d65be1a7","ssoExpires":540228,"collission":false,"userId":50301190,"hmds":{"error":"no bridge"},"iserver":{"authStatus":{"authenticated":true,"established":true,"competing":false,"connected":true,"message":"","MAC":"06:A8:C0:D9:D5:E3","serverInfo":{"serverName":"JifS17068","serverVersion":"Build 10.44.1f, Apr 7, 2026 1:49:24 PM"},"hardware_info":"275c5aa2|06:A8:C0:D9:D5:E3"}}}
18:56:27.844 INFO  vert.x-eventloop-thread-0 BaseServiceProxy     : -> GET /v1/api/tickle,200|73ms
18:56:27.844 DEBUG vert.x-eventloop-thread-0 ClientPortalService  : tickle {"session":"6fbbfa842586c01e7e1893f7d65be1a7","ssoExpires":510224,"collission":false,"userId":50301190,"hmds":{"error":"no bridge"},"iserver":{"authStatus":{"authenticated":true,"established":true,"competing":false,"connected":true,"message":"","MAC":"06:A8:C0:D9:D5:E3","serverInfo":{"serverName":"JifS17068","serverVersion":"Build 10.44.1f, Apr 7, 2026 1:49:24 PM"},"hardware_info":"275c5aa2|06:A8:C0:D9:D5:E3"}}}
18:56:37.285 INFO  vert.x-eventloop-thread-0 BaseServiceProxy     : -> GET /v1/api/tickle,200|78ms
18:56:58.006 INFO  vert.x-eventloop-thread-0 BaseServiceProxy     : -> GET /v1/api/tickle,200|235ms
18:56:58.007 DEBUG vert.x-eventloop-thread-0 ClientPortalService  : tickle {"session":"6fbbfa842586c01e7e1893f7d65be1a7","ssoExpires":480070,"collission":false,"userId":50301190,"hmds":{"error":"no bridge"},"iserver":{"authStatus":{"authenticated":true,"established":true,"competing":false,"connected":true,"message":"","MAC":"06:A8:C0:D9:D5:E3","serverInfo":{"serverName":"JifS17068","serverVersion":"Build 10.44.1f, Apr 7, 2026 1:49:24 PM"},"hardware_info":"275c5aa2|06:A8:C0:D9:D5:E3"}}}
18:57:27.862 INFO  vert.x-eventloop-thread-0 BaseServiceProxy     : -> GET /v1/api/tickle,200|90ms
18:57:27.864 DEBUG vert.x-eventloop-thread-0 ClientPortalService  : tickle {"session":"6fbbfa842586c01e7e1893f7d65be1a7","ssoExpires":450216,"collission":false,"userId":50301190,"hmds":{"error":"no bridge"},"iserver":{"authStatus":{"authenticated":true,"established":true,"competing":false,"connected":true,"message":"","MAC":"06:A8:C0:D9:D5:E3","serverInfo":{"serverName":"JifS17068","serverVersion":"Build 10.44.1f, Apr 7, 2026 1:49:24 PM"},"hardware_info":"275c5aa2|06:A8:C0:D9:D5:E3"}}}
18:57:57.992 INFO  vert.x-eventloop-thread-0 BaseServiceProxy     : -> GET /v1/api/tickle,200|221ms
18:57:57.992 DEBUG vert.x-eventloop-thread-0 ClientPortalService  : tickle {"session":"6fbbfa842586c01e7e1893f7d65be1a7","ssoExpires":420080,"collission":false,"userId":50301190,"hmds":{"error":"no bridge"},"iserver":{"authStatus":{"authenticated":true,"established":true,"competing":false,"connected":true,"message":"","MAC":"06:A8:C0:D9:D5:E3","serverInfo":{"serverName":"JifS17068","serverVersion":"Build 10.44.1f, Apr 7, 2026 1:49:24 PM"},"hardware_info":"275c5aa2|06:A8:C0:D9:D5:E3"}}}
18:58:28.004 INFO  vert.x-eventloop-thread-0 BaseServiceProxy     : -> GET /v1/api/tickle,200|232ms
18:58:28.005 DEBUG vert.x-eventloop-thread-0 ClientPortalService  : tickle {"session":"6fbbfa842586c01e7e1893f7d65be1a7","ssoExpires":390070,"collission":false,"userId":50301190,"hmds":{"error":"no bridge"},"iserver":{"authStatus":{"authenticated":true,"established":true,"competing":false,"connected":true,"message":"","MAC":"06:A8:C0:D9:D5:E3","serverInfo":{"serverName":"JifS17068","serverVersion":"Build 10.44.1f, Apr 7, 2026 1:49:24 PM"},"hardware_info":"275c5aa2|06:A8:C0:D9:D5:E3"}}}
18:58:57.838 INFO  vert.x-eventloop-thread-0 BaseServiceProxy     : -> GET /v1/api/tickle,200|68ms
18:58:57.839 DEBUG vert.x-eventloop-thread-0 ClientPortalService  : tickle {"session":"6fbbfa842586c01e7e1893f7d65be1a7","ssoExpires":360230,"collission":false,"userId":50301190,"hmds":{"error":"no bridge"},"iserver":{"authStatus":{"authenticated":true,"established":true,"competing":false,"connected":true,"message":"","MAC":"06:A8:C0:D9:D5:E3","serverInfo":{"serverName":"JifS17068","serverVersion":"Build 10.44.1f, Apr 7, 2026 1:49:24 PM"},"hardware_info":"275c5aa2|06:A8:C0:D9:D5:E3"}}}
18:59:23.197 INFO  vert.x-eventloop-thread-0 BaseServiceProxy     : -> GET /sso/ping,200|568ms
18:59:23.199 INFO  vert.x-eventloop-thread-0 SsoService           : sso ping {"result": "true"}
18:59:28.085 INFO  vert.x-eventloop-thread-0 BaseServiceProxy     : -> GET /v1/api/tickle,200|315ms
18:59:28.085 DEBUG vert.x-eventloop-thread-0 ClientPortalService  : tickle {"session":"6fbbfa842586c01e7e1893f7d65be1a7","ssoExpires":330000,"collission":false,"userId":50301190,"hmds":{"error":"no bridge"},"iserver":{"authStatus":{"authenticated":true,"established":true,"competing":false,"connected":true,"message":"","MAC":"06:A8:C0:D9:D5:E3","serverInfo":{"serverName":"JifS17068","serverVersion":"Build 10.44.1f, Apr 7, 2026 1:49:24 PM"},"hardware_info":"275c5aa2|06:A8:C0:D9:D5:E3"}}}
18:59:37.701 INFO  vert.x-eventloop-thread-0 BaseServiceProxy     : -> GET /v1/api/tickle,200|291ms
18:59:58.007 INFO  vert.x-eventloop-thread-0 BaseServiceProxy     : -> GET /v1/api/tickle,200|236ms
18:59:58.010 DEBUG vert.x-eventloop-thread-0 ClientPortalService  : tickle {"session":"6fbbfa842586c01e7e1893f7d65be1a7","ssoExpires":300065,"collission":false,"userId":50301190,"hmds":{"error":"no bridge"},"iserver":{"authStatus":{"authenticated":true,"established":true,"competing":false,"connected":true,"message":"","MAC":"06:A8:C0:D9:D5:E3","serverInfo":{"serverName":"JifS17068","serverVersion":"Build 10.44.1f, Apr 7, 2026 1:49:24 PM"},"hardware_info":"275c5aa2|06:A8:C0:D9:D5:E3"}}}
19:00:27.845 INFO  vert.x-eventloop-thread-0 BaseServiceProxy     : -> GET /v1/api/tickle,200|75ms
19:00:27.846 DEBUG vert.x-eventloop-thread-0 ClientPortalService  : tickle {"session":"6fbbfa842586c01e7e1893f7d65be1a7","ssoExpires":270225,"collission":false,"userId":50301190,"hmds":{"error":"no bridge"},"iserver":{"authStatus":{"authenticated":true,"established":true,"competing":false,"connected":true,"message":"","MAC":"06:A8:C0:D9:D5:E3","serverInfo":{"serverName":"JifS17068","serverVersion":"Build 10.44.1f, Apr 7, 2026 1:49:24 PM"},"hardware_info":"275c5aa2|06:A8:C0:D9:D5:E3"}}}
19:00:57.840 INFO  vert.x-eventloop-thread-0 BaseServiceProxy     : -> GET /v1/api/tickle,200|70ms
19:00:57.841 DEBUG vert.x-eventloop-thread-0 ClientPortalService  : tickle {"session":"6fbbfa842586c01e7e1893f7d65be1a7","ssoExpires":240228,"collission":false,"userId":50301190,"hmds":{"error":"no bridge"},"iserver":{"authStatus":{"authenticated":true,"established":true,"competing":false,"connected":true,"message":"","MAC":"06:A8:C0:D9:D5:E3","serverInfo":{"serverName":"JifS17068","serverVersion":"Build 10.44.1f, Apr 7, 2026 1:49:24 PM"},"hardware_info":"275c5aa2|06:A8:C0:D9:D5:E3"}}}
19:01:27.832 INFO  vert.x-eventloop-thread-0 BaseServiceProxy     : -> GET /v1/api/tickle,200|62ms
19:01:27.833 DEBUG vert.x-eventloop-thread-0 ClientPortalService  : tickle {"session":"6fbbfa842586c01e7e1893f7d65be1a7","ssoExpires":210234,"collission":false,"userId":50301190,"hmds":{"error":"no bridge"},"iserver":{"authStatus":{"authenticated":true,"established":true,"competing":false,"connected":true,"message":"","MAC":"06:A8:C0:D9:D5:E3","serverInfo":{"serverName":"JifS17068","serverVersion":"Build 10.44.1f, Apr 7, 2026 1:49:24 PM"},"hardware_info":"275c5aa2|06:A8:C0:D9:D5:E3"}}}
19:01:57.863 INFO  vert.x-eventloop-thread-0 BaseServiceProxy     : -> GET /v1/api/tickle,200|93ms
19:01:57.865 DEBUG vert.x-eventloop-thread-0 ClientPortalService  : tickle {"session":"6fbbfa842586c01e7e1893f7d65be1a7","ssoExpires":180204,"collission":false,"userId":50301190,"hmds":{"error":"no bridge"},"iserver":{"authStatus":{"authenticated":true,"established":true,"competing":false,"connected":true,"message":"","MAC":"06:A8:C0:D9:D5:E3","serverInfo":{"serverName":"JifS17068","serverVersion":"Build 10.44.1f, Apr 7, 2026 1:49:24 PM"},"hardware_info":"275c5aa2|06:A8:C0:D9:D5:E3"}}}
19:02:28.095 INFO  vert.x-eventloop-thread-0 BaseServiceProxy     : -> GET /v1/api/tickle,200|325ms
19:02:28.097 DEBUG vert.x-eventloop-thread-0 ClientPortalService  : tickle {"session":"6fbbfa842586c01e7e1893f7d65be1a7","ssoExpires":149972,"collission":false,"userId":50301190,"hmds":{"error":"no bridge"},"iserver":{"authStatus":{"authenticated":true,"established":true,"competing":false,"connected":true,"message":"","MAC":"06:A8:C0:D9:D5:E3","serverInfo":{"serverName":"JifS17068","serverVersion":"Build 10.44.1f, Apr 7, 2026 1:49:24 PM"},"hardware_info":"275c5aa2|06:A8:C0:D9:D5:E3"}}}
19:02:37.914 INFO  vert.x-eventloop-thread-0 BaseServiceProxy     : -> GET /v1/api/tickle,200|70ms
19:02:57.839 INFO  vert.x-eventloop-thread-0 BaseServiceProxy     : -> GET /v1/api/tickle,200|68ms
19:02:57.840 DEBUG vert.x-eventloop-thread-0 ClientPortalService  : tickle {"session":"6fbbfa842586c01e7e1893f7d65be1a7","ssoExpires":120228,"collission":false,"userId":50301190,"hmds":{"error":"no bridge"},"iserver":{"authStatus":{"authenticated":true,"established":true,"competing":false,"connected":true,"message":"","MAC":"06:A8:C0:D9:D5:E3","serverInfo":{"serverName":"JifS17068","serverVersion":"Build 10.44.1f, Apr 7, 2026 1:49:24 PM"},"hardware_info":"275c5aa2|06:A8:C0:D9:D5:E3"}}}
19:03:28.069 INFO  vert.x-eventloop-thread-0 BaseServiceProxy     : -> GET /v1/api/tickle,200|301ms
19:03:28.070 DEBUG vert.x-eventloop-thread-0 ClientPortalService  : tickle {"session":"6fbbfa842586c01e7e1893f7d65be1a7","ssoExpires":89999,"collission":false,"userId":50301190,"hmds":{"error":"no bridge"},"iserver":{"authStatus":{"authenticated":true,"established":true,"competing":false,"connected":true,"message":"","MAC":"06:A8:C0:D9:D5:E3","serverInfo":{"serverName":"JifS17068","serverVersion":"Build 10.44.1f, Apr 7, 2026 1:49:24 PM"},"hardware_info":"275c5aa2|06:A8:C0:D9:D5:E3"}}}
19:03:58.002 INFO  vert.x-eventloop-thread-0 BaseServiceProxy     : -> GET /v1/api/tickle,200|233ms
19:03:58.004 DEBUG vert.x-eventloop-thread-0 ClientPortalService  : tickle {"session":"6fbbfa842586c01e7e1893f7d65be1a7","ssoExpires":60066,"collission":false,"userId":50301190,"hmds":{"error":"no bridge"},"iserver":{"authStatus":{"authenticated":true,"established":true,"competing":false,"connected":true,"message":"","MAC":"06:A8:C0:D9:D5:E3","serverInfo":{"serverName":"JifS17068","serverVersion":"Build 10.44.1f, Apr 7, 2026 1:49:24 PM"},"hardware_info":"275c5aa2|06:A8:C0:D9:D5:E3"}}}
19:04:23.226 INFO  vert.x-eventloop-thread-0 BaseServiceProxy     : -> GET /sso/ping,200|600ms
19:04:23.226 INFO  vert.x-eventloop-thread-0 SsoService           : sso ping {"result": "true"}
19:04:27.829 INFO  vert.x-eventloop-thread-0 BaseServiceProxy     : -> GET /v1/api/tickle,200|60ms
19:04:27.830 DEBUG vert.x-eventloop-thread-0 ClientPortalService  : tickle {"session":"6fbbfa842586c01e7e1893f7d65be1a7","ssoExpires":30236,"collission":false,"userId":50301190,"hmds":{"error":"no bridge"},"iserver":{"authStatus":{"authenticated":true,"established":true,"competing":false,"connected":true,"message":"","MAC":"06:A8:C0:D9:D5:E3","serverInfo":{"serverName":"JifS17068","serverVersion":"Build 10.44.1f, Apr 7, 2026 1:49:24 PM"},"hardware_info":"275c5aa2|06:A8:C0:D9:D5:E3"}}}
19:04:58.017 INFO  vert.x-eventloop-thread-0 BaseServiceProxy     : -> GET /v1/api/tickle,200|248ms
19:04:58.019 DEBUG vert.x-eventloop-thread-0 ClientPortalService  : tickle {"session":"6fbbfa842586c01e7e1893f7d65be1a7","ssoExpires":76,"collission":false,"userId":50301190,"hmds":{"error":"no bridge"},"iserver":{"authStatus":{"authenticated":true,"established":true,"competing":false,"connected":true,"message":"","MAC":"06:A8:C0:D9:D5:E3","serverInfo":{"serverName":"JifS17068","serverVersion":"Build 10.44.1f, Apr 7, 2026 1:49:24 PM"},"hardware_info":"275c5aa2|06:A8:C0:D9:D5:E3"}}}
19:05:27.839 INFO  vert.x-eventloop-thread-0 BaseServiceProxy     : -> GET /v1/api/tickle,200|69ms
19:05:27.839 DEBUG vert.x-eventloop-thread-0 ClientPortalService  : tickle {"session":"6fbbfa842586c01e7e1893f7d65be1a7","ssoExpires":600000,"collission":false,"userId":50301190,"hmds":{"error":"no bridge"},"iserver":{"authStatus":{"authenticated":true,"established":true,"competing":false,"connected":true,"message":"","MAC":"06:A8:C0:D9:D5:E3","serverInfo":{"serverName":"JifS17068","serverVersion":"Build 10.44.1f, Apr 7, 2026 1:49:24 PM"},"hardware_info":"275c5aa2|06:A8:C0:D9:D5:E3"}}}
19:05:38.512 INFO  vert.x-eventloop-thread-0 BaseServiceProxy     : -> GET /v1/api/tickle,200|475ms
19:05:57.854 INFO  vert.x-eventloop-thread-0 BaseServiceProxy     : -> GET /v1/api/tickle,200|82ms
19:05:57.857 DEBUG vert.x-eventloop-thread-0 ClientPortalService  : tickle {"session":"6fbbfa842586c01e7e1893f7d65be1a7","ssoExpires":569985,"collission":false,"userId":50301190,"hmds":{"error":"no bridge"},"iserver":{"authStatus":{"authenticated":true,"established":true,"competing":false,"connected":true,"message":"","MAC":"06:A8:C0:D9:D5:E3","serverInfo":{"serverName":"JifS17068","serverVersion":"Build 10.44.1f, Apr 7, 2026 1:49:24 PM"},"hardware_info":"275c5aa2|06:A8:C0:D9:D5:E3"}}}
19:06:27.844 INFO  vert.x-eventloop-thread-0 BaseServiceProxy     : -> GET /v1/api/tickle,200|75ms
19:06:27.846 DEBUG vert.x-eventloop-thread-0 ClientPortalService  : tickle {"session":"6fbbfa842586c01e7e1893f7d65be1a7","ssoExpires":539996,"collission":false,"userId":50301190,"hmds":{"error":"no bridge"},"iserver":{"authStatus":{"authenticated":true,"established":true,"competing":false,"connected":true,"message":"","MAC":"06:A8:C0:D9:D5:E3","serverInfo":{"serverName":"JifS17068","serverVersion":"Build 10.44.1f, Apr 7, 2026 1:49:24 PM"},"hardware_info":"275c5aa2|06:A8:C0:D9:D5:E3"}}}
19:06:58.021 INFO  vert.x-eventloop-thread-0 BaseServiceProxy     : -> GET /v1/api/tickle,200|252ms
19:06:58.023 DEBUG vert.x-eventloop-thread-0 ClientPortalService  : tickle {"session":"6fbbfa842586c01e7e1893f7d65be1a7","ssoExpires":509829,"collission":false,"userId":50301190,"hmds":{"error":"no bridge"},"iserver":{"authStatus":{"authenticated":true,"established":true,"competing":false,"connected":true,"message":"","MAC":"06:A8:C0:D9:D5:E3","serverInfo":{"serverName":"JifS17068","serverVersion":"Build 10.44.1f, Apr 7, 2026 1:49:24 PM"},"hardware_info":"275c5aa2|06:A8:C0:D9:D5:E3"}}}
19:07:27.838 INFO  vert.x-eventloop-thread-0 BaseServiceProxy     : -> GET /v1/api/tickle,200|70ms
19:07:27.840 DEBUG vert.x-eventloop-thread-0 ClientPortalService  : tickle {"session":"6fbbfa842586c01e7e1893f7d65be1a7","ssoExpires":480002,"collission":false,"userId":50301190,"hmds":{"error":"no bridge"},"iserver":{"authStatus":{"authenticated":true,"established":true,"competing":false,"connected":true,"message":"","MAC":"06:A8:C0:D9:D5:E3","serverInfo":{"serverName":"JifS17068","serverVersion":"Build 10.44.1f, Apr 7, 2026 1:49:24 PM"},"hardware_info":"275c5aa2|06:A8:C0:D9:D5:E3"}}}
19:07:57.884 INFO  vert.x-eventloop-thread-0 BaseServiceProxy     : -> GET /v1/api/tickle,200|115ms
19:07:57.886 DEBUG vert.x-eventloop-thread-0 ClientPortalService  : tickle {"session":"6fbbfa842586c01e7e1893f7d65be1a7","ssoExpires":449963,"collission":false,"userId":50301190,"hmds":{"error":"no bridge"},"iserver":{"authStatus":{"authenticated":true,"established":true,"competing":false,"connected":true,"message":"","MAC":"06:A8:C0:D9:D5:E3","serverInfo":{"serverName":"JifS17068","serverVersion":"Build 10.44.1f, Apr 7, 2026 1:49:24 PM"},"hardware_info":"275c5aa2|06:A8:C0:D9:D5:E3"}}}
19:08:27.840 INFO  vert.x-eventloop-thread-0 BaseServiceProxy     : -> GET /v1/api/tickle,200|72ms
19:08:27.840 DEBUG vert.x-eventloop-thread-0 ClientPortalService  : tickle {"session":"6fbbfa842586c01e7e1893f7d65be1a7","ssoExpires":420002,"collission":false,"userId":50301190,"hmds":{"error":"no bridge"},"iserver":{"authStatus":{"authenticated":true,"established":true,"competing":false,"connected":true,"message":"","MAC":"06:A8:C0:D9:D5:E3","serverInfo":{"serverName":"JifS17068","serverVersion":"Build 10.44.1f, Apr 7, 2026 1:49:24 PM"},"hardware_info":"275c5aa2|06:A8:C0:D9:D5:E3"}}}
19:08:38.666 INFO  vert.x-eventloop-thread-0 BaseServiceProxy     : -> GET /v1/api/tickle,200|70ms
19:08:58.070 INFO  vert.x-eventloop-thread-0 BaseServiceProxy     : -> GET /v1/api/tickle,200|301ms
19:08:58.072 DEBUG vert.x-eventloop-thread-0 ClientPortalService  : tickle {"session":"6fbbfa842586c01e7e1893f7d65be1a7","ssoExpires":389769,"collission":false,"userId":50301190,"hmds":{"error":"no bridge"},"iserver":{"authStatus":{"authenticated":true,"established":true,"competing":false,"connected":true,"message":"","MAC":"06:A8:C0:D9:D5:E3","serverInfo":{"serverName":"JifS17068","serverVersion":"Build 10.44.1f, Apr 7, 2026 1:49:24 PM"},"hardware_info":"275c5aa2|06:A8:C0:D9:D5:E3"}}}
19:09:23.156 INFO  vert.x-eventloop-thread-0 BaseServiceProxy     : -> GET /sso/ping,200|530ms
19:09:23.158 INFO  vert.x-eventloop-thread-0 SsoService           : sso ping {"result": "true"}
19:09:28.070 INFO  vert.x-eventloop-thread-0 BaseServiceProxy     : -> GET /v1/api/tickle,200|302ms
19:09:28.070 DEBUG vert.x-eventloop-thread-0 ClientPortalService  : tickle {"session":"6fbbfa842586c01e7e1893f7d65be1a7","ssoExpires":359766,"collission":false,"userId":50301190,"hmds":{"error":"no bridge"},"iserver":{"authStatus":{"authenticated":true,"established":true,"competing":false,"connected":true,"message":"","MAC":"06:A8:C0:D9:D5:E3","serverInfo":{"serverName":"JifS17068","serverVersion":"Build 10.44.1f, Apr 7, 2026 1:49:24 PM"},"hardware_info":"275c5aa2|06:A8:C0:D9:D5:E3"}}}
19:09:57.989 INFO  vert.x-eventloop-thread-0 BaseServiceProxy     : -> GET /v1/api/tickle,200|220ms
19:09:57.991 DEBUG vert.x-eventloop-thread-0 ClientPortalService  : tickle {"session":"6fbbfa842586c01e7e1893f7d65be1a7","ssoExpires":329850,"collission":false,"userId":50301190,"hmds":{"error":"no bridge"},"iserver":{"authStatus":{"authenticated":true,"established":true,"competing":false,"connected":true,"message":"","MAC":"06:A8:C0:D9:D5:E3","serverInfo":{"serverName":"JifS17068","serverVersion":"Build 10.44.1f, Apr 7, 2026 1:49:24 PM"},"hardware_info":"275c5aa2|06:A8:C0:D9:D5:E3"}}}
19:10:27.864 INFO  vert.x-eventloop-thread-0 BaseServiceProxy     : -> GET /v1/api/tickle,200|90ms
19:10:27.865 DEBUG vert.x-eventloop-thread-0 ClientPortalService  : tickle {"session":"6fbbfa842586c01e7e1893f7d65be1a7","ssoExpires":299974,"collission":false,"userId":50301190,"hmds":{"error":"no bridge"},"iserver":{"authStatus":{"authenticated":true,"established":true,"competing":false,"connected":true,"message":"","MAC":"06:A8:C0:D9:D5:E3","serverInfo":{"serverName":"JifS17068","serverVersion":"Build 10.44.1f, Apr 7, 2026 1:49:24 PM"},"hardware_info":"275c5aa2|06:A8:C0:D9:D5:E3"}}}
19:10:57.874 INFO  vert.x-eventloop-thread-0 BaseServiceProxy     : -> GET /v1/api/tickle,200|105ms
19:10:57.875 DEBUG vert.x-eventloop-thread-0 ClientPortalService  : tickle {"session":"6fbbfa842586c01e7e1893f7d65be1a7","ssoExpires":269961,"collission":false,"userId":50301190,"hmds":{"error":"no bridge"},"iserver":{"authStatus":{"authenticated":true,"established":true,"competing":false,"connected":true,"message":"","MAC":"06:A8:C0:D9:D5:E3","serverInfo":{"serverName":"JifS17068","serverVersion":"Build 10.44.1f, Apr 7, 2026 1:49:24 PM"},"hardware_info":"275c5aa2|06:A8:C0:D9:D5:E3"}}}
19:11:27.834 INFO  vert.x-eventloop-thread-0 BaseServiceProxy     : -> GET /v1/api/tickle,200|65ms
19:11:27.836 DEBUG vert.x-eventloop-thread-0 ClientPortalService  : tickle {"session":"6fbbfa842586c01e7e1893f7d65be1a7","ssoExpires":240002,"collission":false,"userId":50301190,"hmds":{"error":"no bridge"},"iserver":{"authStatus":{"authenticated":true,"established":true,"competing":false,"connected":true,"message":"","MAC":"06:A8:C0:D9:D5:E3","serverInfo":{"serverName":"JifS17068","serverVersion":"Build 10.44.1f, Apr 7, 2026 1:49:24 PM"},"hardware_info":"275c5aa2|06:A8:C0:D9:D5:E3"}}}
19:11:38.853 INFO  vert.x-eventloop-thread-0 BaseServiceProxy     : -> GET /v1/api/tickle,200|64ms
19:11:57.829 INFO  vert.x-eventloop-thread-0 BaseServiceProxy     : -> GET /v1/api/tickle,200|62ms
19:11:57.829 DEBUG vert.x-eventloop-thread-0 ClientPortalService  : tickle {"session":"6fbbfa842586c01e7e1893f7d65be1a7","ssoExpires":210005,"collission":false,"userId":50301190,"hmds":{"error":"no bridge"},"iserver":{"authStatus":{"authenticated":true,"established":true,"competing":false,"connected":true,"message":"","MAC":"06:A8:C0:D9:D5:E3","serverInfo":{"serverName":"JifS17068","serverVersion":"Build 10.44.1f, Apr 7, 2026 1:49:24 PM"},"hardware_info":"275c5aa2|06:A8:C0:D9:D5:E3"}}}
19:12:27.857 INFO  vert.x-eventloop-thread-0 BaseServiceProxy     : -> GET /v1/api/tickle,200|77ms
19:12:27.859 DEBUG vert.x-eventloop-thread-0 ClientPortalService  : tickle {"session":"6fbbfa842586c01e7e1893f7d65be1a7","ssoExpires":179989,"collission":false,"userId":50301190,"hmds":{"error":"no bridge"},"iserver":{"authStatus":{"authenticated":true,"established":true,"competing":false,"connected":true,"message":"","MAC":"06:A8:C0:D9:D5:E3","serverInfo":{"serverName":"JifS17068","serverVersion":"Build 10.44.1f, Apr 7, 2026 1:49:24 PM"},"hardware_info":"275c5aa2|06:A8:C0:D9:D5:E3"}}}
19:12:57.905 INFO  vert.x-eventloop-thread-0 BaseServiceProxy     : -> GET /v1/api/tickle,200|118ms
19:12:57.906 DEBUG vert.x-eventloop-thread-0 ClientPortalService  : tickle {"session":"6fbbfa842586c01e7e1893f7d65be1a7","ssoExpires":149986,"collission":false,"userId":50301190,"hmds":{"error":"no bridge"},"iserver":{"authStatus":{"authenticated":true,"established":true,"competing":false,"connected":true,"message":"","MAC":"06:A8:C0:D9:D5:E3","serverInfo":{"serverName":"JifS17068","serverVersion":"Build 10.44.1f, Apr 7, 2026 1:49:24 PM"},"hardware_info":"275c5aa2|06:A8:C0:D9:D5:E3"}}}
19:13:27.847 INFO  vert.x-eventloop-thread-0 BaseServiceProxy     : -> GET /v1/api/tickle,200|59ms
19:13:27.847 DEBUG vert.x-eventloop-thread-0 ClientPortalService  : tickle {"session":"6fbbfa842586c01e7e1893f7d65be1a7","ssoExpires":120009,"collission":false,"userId":50301190,"hmds":{"error":"no bridge"},"iserver":{"authStatus":{"authenticated":true,"established":true,"competing":false,"connected":true,"message":"","MAC":"06:A8:C0:D9:D5:E3","serverInfo":{"serverName":"JifS17068","serverVersion":"Build 10.44.1f, Apr 7, 2026 1:49:24 PM"},"hardware_info":"275c5aa2|06:A8:C0:D9:D5:E3"}}}
19:13:58.042 INFO  vert.x-eventloop-thread-0 BaseServiceProxy     : -> GET /v1/api/tickle,200|254ms
19:13:58.044 DEBUG vert.x-eventloop-thread-0 ClientPortalService  : tickle {"session":"6fbbfa842586c01e7e1893f7d65be1a7","ssoExpires":89816,"collission":false,"userId":50301190,"hmds":{"error":"no bridge"},"iserver":{"authStatus":{"authenticated":true,"established":true,"competing":false,"connected":true,"message":"","MAC":"06:A8:C0:D9:D5:E3","serverInfo":{"serverName":"JifS17068","serverVersion":"Build 10.44.1f, Apr 7, 2026 1:49:24 PM"},"hardware_info":"275c5aa2|06:A8:C0:D9:D5:E3"}}}
19:14:23.212 INFO  vert.x-eventloop-thread-0 BaseServiceProxy     : -> GET /sso/ping,200|567ms
19:14:23.212 INFO  vert.x-eventloop-thread-0 SsoService           : sso ping {"result": "true"}
19:14:27.871 INFO  vert.x-eventloop-thread-0 BaseServiceProxy     : -> GET /v1/api/tickle,200|83ms
19:14:27.871 DEBUG vert.x-eventloop-thread-0 ClientPortalService  : tickle {"session":"6fbbfa842586c01e7e1893f7d65be1a7","ssoExpires":59991,"collission":false,"userId":50301190,"hmds":{"error":"no bridge"},"iserver":{"authStatus":{"authenticated":true,"established":true,"competing":false,"connected":true,"message":"","MAC":"06:A8:C0:D9:D5:E3","serverInfo":{"serverName":"JifS17068","serverVersion":"Build 10.44.1f, Apr 7, 2026 1:49:24 PM"},"hardware_info":"275c5aa2|06:A8:C0:D9:D5:E3"}}}
19:14:39.076 INFO  vert.x-eventloop-thread-0 BaseServiceProxy     : -> GET /v1/api/tickle,200|93ms
19:14:57.860 INFO  vert.x-eventloop-thread-0 BaseServiceProxy     : -> GET /v1/api/tickle,200|70ms
19:14:57.861 DEBUG vert.x-eventloop-thread-0 ClientPortalService  : tickle {"session":"6fbbfa842586c01e7e1893f7d65be1a7","ssoExpires":29998,"collission":false,"userId":50301190,"hmds":{"error":"no bridge"},"iserver":{"authStatus":{"authenticated":true,"established":true,"competing":false,"connected":true,"message":"","MAC":"06:A8:C0:D9:D5:E3","serverInfo":{"serverName":"JifS17068","serverVersion":"Build 10.44.1f, Apr 7, 2026 1:49:24 PM"},"hardware_info":"275c5aa2|06:A8:C0:D9:D5:E3"}}}
19:15:28.091 INFO  vert.x-eventloop-thread-0 BaseServiceProxy     : -> GET /v1/api/tickle,200|304ms
19:15:28.093 DEBUG vert.x-eventloop-thread-0 ClientPortalService  : tickle {"session":"6fbbfa842586c01e7e1893f7d65be1a7","ssoExpires":600000,"collission":false,"userId":50301190,"hmds":{"error":"no bridge"},"iserver":{"authStatus":{"authenticated":true,"established":true,"competing":false,"connected":true,"message":"","MAC":"06:A8:C0:D9:D5:E3","serverInfo":{"serverName":"JifS17068","serverVersion":"Build 10.44.1f, Apr 7, 2026 1:49:24 PM"},"hardware_info":"275c5aa2|06:A8:C0:D9:D5:E3"}}}
19:15:58.339 INFO  vert.x-eventloop-thread-0 BaseServiceProxy     : -> GET /v1/api/tickle,200|551ms
19:15:58.341 DEBUG vert.x-eventloop-thread-0 ClientPortalService  : tickle {"session":"6fbbfa842586c01e7e1893f7d65be1a7","ssoExpires":569817,"collission":false,"userId":50301190,"hmds":{"error":"no bridge"},"iserver":{"authStatus":{"authenticated":true,"established":true,"competing":false,"connected":true,"message":"","MAC":"06:A8:C0:D9:D5:E3","serverInfo":{"serverName":"JifS17068","serverVersion":"Build 10.44.1f, Apr 7, 2026 1:49:24 PM"},"hardware_info":"275c5aa2|06:A8:C0:D9:D5:E3"}}}
19:16:27.861 INFO  vert.x-eventloop-thread-0 BaseServiceProxy     : -> GET /v1/api/tickle,200|73ms
19:16:27.862 DEBUG vert.x-eventloop-thread-0 ClientPortalService  : tickle {"session":"6fbbfa842586c01e7e1893f7d65be1a7","ssoExpires":540225,"collission":false,"userId":50301190,"hmds":{"error":"no bridge"},"iserver":{"authStatus":{"authenticated":true,"established":true,"competing":false,"connected":true,"message":"","MAC":"06:A8:C0:D9:D5:E3","serverInfo":{"serverName":"JifS17068","serverVersion":"Build 10.44.1f, Apr 7, 2026 1:49:24 PM"},"hardware_info":"275c5aa2|06:A8:C0:D9:D5:E3"}}}
19:16:57.857 INFO  vert.x-eventloop-thread-0 BaseServiceProxy     : -> GET /v1/api/tickle,200|69ms
19:16:57.858 DEBUG vert.x-eventloop-thread-0 ClientPortalService  : tickle {"session":"6fbbfa842586c01e7e1893f7d65be1a7","ssoExpires":510228,"collission":false,"userId":50301190,"hmds":{"error":"no bridge"},"iserver":{"authStatus":{"authenticated":true,"established":true,"competing":false,"connected":true,"message":"","MAC":"06:A8:C0:D9:D5:E3","serverInfo":{"serverName":"JifS17068","serverVersion":"Build 10.44.1f, Apr 7, 2026 1:49:24 PM"},"hardware_info":"275c5aa2|06:A8:C0:D9:D5:E3"}}}
19:17:27.850 INFO  vert.x-eventloop-thread-0 BaseServiceProxy     : -> GET /v1/api/tickle,200|63ms
19:17:27.851 DEBUG vert.x-eventloop-thread-0 ClientPortalService  : tickle {"session":"6fbbfa842586c01e7e1893f7d65be1a7","ssoExpires":480232,"collission":false,"userId":50301190,"hmds":{"error":"no bridge"},"iserver":{"authStatus":{"authenticated":true,"established":true,"competing":false,"connected":true,"message":"","MAC":"06:A8:C0:D9:D5:E3","serverInfo":{"serverName":"JifS17068","serverVersion":"Build 10.44.1f, Apr 7, 2026 1:49:24 PM"},"hardware_info":"275c5aa2|06:A8:C0:D9:D5:E3"}}}
19:17:39.514 INFO  vert.x-eventloop-thread-0 BaseServiceProxy     : -> GET /v1/api/tickle,200|338ms
19:17:58.019 INFO  vert.x-eventloop-thread-0 BaseServiceProxy     : -> GET /v1/api/tickle,200|231ms
19:17:58.021 DEBUG vert.x-eventloop-thread-0 ClientPortalService  : tickle {"session":"6fbbfa842586c01e7e1893f7d65be1a7","ssoExpires":450067,"collission":false,"userId":50301190,"hmds":{"error":"no bridge"},"iserver":{"authStatus":{"authenticated":true,"established":true,"competing":false,"connected":true,"message":"","MAC":"06:A8:C0:D9:D5:E3","serverInfo":{"serverName":"JifS17068","serverVersion":"Build 10.44.1f, Apr 7, 2026 1:49:24 PM"},"hardware_info":"275c5aa2|06:A8:C0:D9:D5:E3"}}}
19:18:27.859 INFO  vert.x-eventloop-thread-0 BaseServiceProxy     : -> GET /v1/api/tickle,200|72ms
19:18:27.860 DEBUG vert.x-eventloop-thread-0 ClientPortalService  : tickle {"session":"6fbbfa842586c01e7e1893f7d65be1a7","ssoExpires":420225,"collission":false,"userId":50301190,"hmds":{"error":"no bridge"},"iserver":{"authStatus":{"authenticated":true,"established":true,"competing":false,"connected":true,"message":"","MAC":"06:A8:C0:D9:D5:E3","serverInfo":{"serverName":"JifS17068","serverVersion":"Build 10.44.1f, Apr 7, 2026 1:49:24 PM"},"hardware_info":"275c5aa2|06:A8:C0:D9:D5:E3"}}}
19:18:58.087 INFO  vert.x-eventloop-thread-0 BaseServiceProxy     : -> GET /v1/api/tickle,200|298ms
19:18:58.089 DEBUG vert.x-eventloop-thread-0 ClientPortalService  : tickle {"session":"6fbbfa842586c01e7e1893f7d65be1a7","ssoExpires":389997,"collission":false,"userId":50301190,"hmds":{"error":"no bridge"},"iserver":{"authStatus":{"authenticated":true,"established":true,"competing":false,"connected":true,"message":"","MAC":"06:A8:C0:D9:D5:E3","serverInfo":{"serverName":"JifS17068","serverVersion":"Build 10.44.1f, Apr 7, 2026 1:49:24 PM"},"hardware_info":"275c5aa2|06:A8:C0:D9:D5:E3"}}}
19:19:23.139 INFO  vert.x-eventloop-thread-0 BaseServiceProxy     : -> GET /sso/ping,200|494ms
19:19:23.141 INFO  vert.x-eventloop-thread-0 SsoService           : sso ping {"result": "true"}
19:19:28.101 INFO  vert.x-eventloop-thread-0 BaseServiceProxy     : -> GET /v1/api/tickle,200|313ms
19:19:28.101 DEBUG vert.x-eventloop-thread-0 ClientPortalService  : tickle {"session":"6fbbfa842586c01e7e1893f7d65be1a7","ssoExpires":359983,"collission":false,"userId":50301190,"hmds":{"error":"no bridge"},"iserver":{"authStatus":{"authenticated":true,"established":true,"competing":false,"connected":true,"message":"","MAC":"06:A8:C0:D9:D5:E3","serverInfo":{"serverName":"JifS17068","serverVersion":"Build 10.44.1f, Apr 7, 2026 1:49:24 PM"},"hardware_info":"275c5aa2|06:A8:C0:D9:D5:E3"}}}
19:19:58.013 INFO  vert.x-eventloop-thread-0 BaseServiceProxy     : -> GET /v1/api/tickle,200|223ms
19:19:58.016 DEBUG vert.x-eventloop-thread-0 ClientPortalService  : tickle {"session":"6fbbfa842586c01e7e1893f7d65be1a7","ssoExpires":330071,"collission":false,"userId":50301190,"hmds":{"error":"no bridge"},"iserver":{"authStatus":{"authenticated":true,"established":true,"competing":false,"connected":true,"message":"","MAC":"06:A8:C0:D9:D5:E3","serverInfo":{"serverName":"JifS17068","serverVersion":"Build 10.44.1f, Apr 7, 2026 1:49:24 PM"},"hardware_info":"275c5aa2|06:A8:C0:D9:D5:E3"}}}
19:20:27.853 INFO  vert.x-eventloop-thread-0 BaseServiceProxy     : -> GET /v1/api/tickle,200|65ms
19:20:27.855 DEBUG vert.x-eventloop-thread-0 ClientPortalService  : tickle {"session":"6fbbfa842586c01e7e1893f7d65be1a7","ssoExpires":300236,"collission":false,"userId":50301190,"hmds":{"error":"no bridge"},"iserver":{"authStatus":{"authenticated":true,"established":true,"competing":false,"connected":true,"message":"","MAC":"06:A8:C0:D9:D5:E3","serverInfo":{"serverName":"JifS17068","serverVersion":"Build 10.44.1f, Apr 7, 2026 1:49:24 PM"},"hardware_info":"275c5aa2|06:A8:C0:D9:D5:E3"}}}
19:20:39.999 INFO  vert.x-eventloop-thread-0 BaseServiceProxy     : -> GET /v1/api/tickle,200|301ms
19:20:57.878 INFO  vert.x-eventloop-thread-0 BaseServiceProxy     : -> GET /v1/api/tickle,200|90ms
19:20:57.887 DEBUG vert.x-eventloop-thread-0 ClientPortalService  : tickle {"session":"6fbbfa842586c01e7e1893f7d65be1a7","ssoExpires":270213,"collission":false,"userId":50301190,"hmds":{"error":"no bridge"},"iserver":{"authStatus":{"authenticated":true,"established":true,"competing":false,"connected":true,"message":"","MAC":"06:A8:C0:D9:D5:E3","serverInfo":{"serverName":"JifS17068","serverVersion":"Build 10.44.1f, Apr 7, 2026 1:49:24 PM"},"hardware_info":"275c5aa2|06:A8:C0:D9:D5:E3"}}}
19:21:28.112 INFO  vert.x-eventloop-thread-0 BaseServiceProxy     : -> GET /v1/api/tickle,200|324ms
19:21:28.114 DEBUG vert.x-eventloop-thread-0 ClientPortalService  : tickle {"session":"6fbbfa842586c01e7e1893f7d65be1a7","ssoExpires":239991,"collission":false,"userId":50301190,"hmds":{"error":"no bridge"},"iserver":{"authStatus":{"authenticated":true,"established":true,"competing":false,"connected":true,"message":"","MAC":"06:A8:C0:D9:D5:E3","serverInfo":{"serverName":"JifS17068","serverVersion":"Build 10.44.1f, Apr 7, 2026 1:49:24 PM"},"hardware_info":"275c5aa2|06:A8:C0:D9:D5:E3"}}}
19:21:58.020 INFO  vert.x-eventloop-thread-0 BaseServiceProxy     : -> GET /v1/api/tickle,200|232ms
19:21:58.022 DEBUG vert.x-eventloop-thread-0 ClientPortalService  : tickle {"session":"6fbbfa842586c01e7e1893f7d65be1a7","ssoExpires":210065,"collission":false,"userId":50301190,"hmds":{"error":"no bridge"},"iserver":{"authStatus":{"authenticated":true,"established":true,"competing":false,"connected":true,"message":"","MAC":"06:A8:C0:D9:D5:E3","serverInfo":{"serverName":"JifS17068","serverVersion":"Build 10.44.1f, Apr 7, 2026 1:49:24 PM"},"hardware_info":"275c5aa2|06:A8:C0:D9:D5:E3"}}}
19:22:27.851 INFO  vert.x-eventloop-thread-0 BaseServiceProxy     : -> GET /v1/api/tickle,200|62ms
19:22:27.854 DEBUG vert.x-eventloop-thread-0 ClientPortalService  : tickle {"session":"6fbbfa842586c01e7e1893f7d65be1a7","ssoExpires":180231,"collission":false,"userId":50301190,"hmds":{"error":"no bridge"},"iserver":{"authStatus":{"authenticated":true,"established":true,"competing":false,"connected":true,"message":"","MAC":"06:A8:C0:D9:D5:E3","serverInfo":{"serverName":"JifS17068","serverVersion":"Build 10.44.1f, Apr 7, 2026 1:49:24 PM"},"hardware_info":"275c5aa2|06:A8:C0:D9:D5:E3"}}}
19:22:57.849 INFO  vert.x-eventloop-thread-0 BaseServiceProxy     : -> GET /v1/api/tickle,200|61ms
19:22:57.851 DEBUG vert.x-eventloop-thread-0 ClientPortalService  : tickle {"session":"6fbbfa842586c01e7e1893f7d65be1a7","ssoExpires":150234,"collission":false,"userId":50301190,"hmds":{"error":"no bridge"},"iserver":{"authStatus":{"authenticated":true,"established":true,"competing":false,"connected":true,"message":"","MAC":"06:A8:C0:D9:D5:E3","serverInfo":{"serverName":"JifS17068","serverVersion":"Build 10.44.1f, Apr 7, 2026 1:49:24 PM"},"hardware_info":"275c5aa2|06:A8:C0:D9:D5:E3"}}}
19:23:27.844 INFO  vert.x-eventloop-thread-0 BaseServiceProxy     : -> GET /v1/api/tickle,200|57ms
19:23:27.846 DEBUG vert.x-eventloop-thread-0 ClientPortalService  : tickle {"session":"6fbbfa842586c01e7e1893f7d65be1a7","ssoExpires":120238,"collission":false,"userId":50301190,"hmds":{"error":"no bridge"},"iserver":{"authStatus":{"authenticated":true,"established":true,"competing":false,"connected":true,"message":"","MAC":"06:A8:C0:D9:D5:E3","serverInfo":{"serverName":"JifS17068","serverVersion":"Build 10.44.1f, Apr 7, 2026 1:49:24 PM"},"hardware_info":"275c5aa2|06:A8:C0:D9:D5:E3"}}}
19:23:40.186 INFO  vert.x-eventloop-thread-0 BaseServiceProxy     : -> GET /v1/api/tickle,200|71ms
19:23:57.873 INFO  vert.x-eventloop-thread-0 BaseServiceProxy     : -> GET /v1/api/tickle,200|85ms
19:23:57.876 DEBUG vert.x-eventloop-thread-0 ClientPortalService  : tickle {"session":"6fbbfa842586c01e7e1893f7d65be1a7","ssoExpires":90214,"collission":false,"userId":50301190,"hmds":{"error":"no bridge"},"iserver":{"authStatus":{"authenticated":true,"established":true,"competing":false,"connected":true,"message":"","MAC":"06:A8:C0:D9:D5:E3","serverInfo":{"serverName":"JifS17068","serverVersion":"Build 10.44.1f, Apr 7, 2026 1:49:24 PM"},"hardware_info":"275c5aa2|06:A8:C0:D9:D5:E3"}}}
19:24:23.088 INFO  vert.x-eventloop-thread-0 BaseServiceProxy     : -> GET /sso/ping,200|444ms
19:24:23.089 INFO  vert.x-eventloop-thread-0 SsoService           : sso ping {"result": "true"}
19:24:28.003 INFO  vert.x-eventloop-thread-0 BaseServiceProxy     : -> GET /v1/api/tickle,200|216ms
19:24:28.003 DEBUG vert.x-eventloop-thread-0 ClientPortalService  : tickle {"session":"6fbbfa842586c01e7e1893f7d65be1a7","ssoExpires":60080,"collission":false,"userId":50301190,"hmds":{"error":"no bridge"},"iserver":{"authStatus":{"authenticated":true,"established":true,"competing":false,"connected":true,"message":"","MAC":"06:A8:C0:D9:D5:E3","serverInfo":{"serverName":"JifS17068","serverVersion":"Build 10.44.1f, Apr 7, 2026 1:49:24 PM"},"hardware_info":"275c5aa2|06:A8:C0:D9:D5:E3"}}}
19:24:57.860 INFO  vert.x-eventloop-thread-0 BaseServiceProxy     : -> GET /v1/api/tickle,200|72ms
19:24:57.861 DEBUG vert.x-eventloop-thread-0 ClientPortalService  : tickle {"session":"6fbbfa842586c01e7e1893f7d65be1a7","ssoExpires":30222,"collission":false,"userId":50301190,"hmds":{"error":"no bridge"},"iserver":{"authStatus":{"authenticated":true,"established":true,"competing":false,"connected":true,"message":"","MAC":"06:A8:C0:D9:D5:E3","serverInfo":{"serverName":"JifS17068","serverVersion":"Build 10.44.1f, Apr 7, 2026 1:49:24 PM"},"hardware_info":"275c5aa2|06:A8:C0:D9:D5:E3"}}}
19:25:27.858 INFO  vert.x-eventloop-thread-0 BaseServiceProxy     : -> GET /v1/api/tickle,200|70ms
19:25:27.860 DEBUG vert.x-eventloop-thread-0 ClientPortalService  : tickle {"session":"6fbbfa842586c01e7e1893f7d65be1a7","ssoExpires":224,"collission":false,"userId":50301190,"hmds":{"error":"no bridge"},"iserver":{"authStatus":{"authenticated":true,"established":true,"competing":false,"connected":true,"message":"","MAC":"06:A8:C0:D9:D5:E3","serverInfo":{"serverName":"JifS17068","serverVersion":"Build 10.44.1f, Apr 7, 2026 1:49:24 PM"},"hardware_info":"275c5aa2|06:A8:C0:D9:D5:E3"}}}
19:25:58.034 INFO  vert.x-eventloop-thread-0 BaseServiceProxy     : -> GET /v1/api/tickle,200|246ms
19:25:58.036 DEBUG vert.x-eventloop-thread-0 ClientPortalService  : tickle {"session":"6fbbfa842586c01e7e1893f7d65be1a7","ssoExpires":600000,"collission":false,"userId":50301190,"hmds":{"error":"no bridge"},"iserver":{"authStatus":{"authenticated":true,"established":true,"competing":false,"connected":true,"message":"","MAC":"06:A8:C0:D9:D5:E3","serverInfo":{"serverName":"JifS17068","serverVersion":"Build 10.44.1f, Apr 7, 2026 1:49:24 PM"},"hardware_info":"275c5aa2|06:A8:C0:D9:D5:E3"}}}
19:26:28.137 INFO  vert.x-eventloop-thread-0 BaseServiceProxy     : -> GET /v1/api/tickle,200|350ms
19:26:28.139 DEBUG vert.x-eventloop-thread-0 ClientPortalService  : tickle {"session":"6fbbfa842586c01e7e1893f7d65be1a7","ssoExpires":569888,"collission":false,"userId":50301190,"hmds":{"error":"no bridge"},"iserver":{"authStatus":{"authenticated":true,"established":true,"competing":false,"connected":true,"message":"","MAC":"06:A8:C0:D9:D5:E3","serverInfo":{"serverName":"JifS17068","serverVersion":"Build 10.44.1f, Apr 7, 2026 1:49:24 PM"},"hardware_info":"275c5aa2|06:A8:C0:D9:D5:E3"}}}
19:26:40.580 INFO  vert.x-eventloop-thread-0 BaseServiceProxy     : -> GET /v1/api/tickle,200|260ms
19:26:57.864 INFO  vert.x-eventloop-thread-0 BaseServiceProxy     : -> GET /v1/api/tickle,200|75ms
19:26:57.865 DEBUG vert.x-eventloop-thread-0 ClientPortalService  : tickle {"session":"6fbbfa842586c01e7e1893f7d65be1a7","ssoExpires":540161,"collission":false,"userId":50301190,"hmds":{"error":"no bridge"},"iserver":{"authStatus":{"authenticated":true,"established":true,"competing":false,"connected":true,"message":"","MAC":"06:A8:C0:D9:D5:E3","serverInfo":{"serverName":"JifS17068","serverVersion":"Build 10.44.1f, Apr 7, 2026 1:49:24 PM"},"hardware_info":"275c5aa2|06:A8:C0:D9:D5:E3"}}}
19:27:27.863 INFO  vert.x-eventloop-thread-0 BaseServiceProxy     : -> GET /v1/api/tickle,200|76ms
19:27:27.864 DEBUG vert.x-eventloop-thread-0 ClientPortalService  : tickle {"session":"6fbbfa842586c01e7e1893f7d65be1a7","ssoExpires":510160,"collission":false,"userId":50301190,"hmds":{"error":"no bridge"},"iserver":{"authStatus":{"authenticated":true,"established":true,"competing":false,"connected":true,"message":"","MAC":"06:A8:C0:D9:D5:E3","serverInfo":{"serverName":"JifS17068","serverVersion":"Build 10.44.1f, Apr 7, 2026 1:49:24 PM"},"hardware_info":"275c5aa2|06:A8:C0:D9:D5:E3"}}}
19:27:58.035 INFO  vert.x-eventloop-thread-0 BaseServiceProxy     : -> GET /v1/api/tickle,200|239ms
19:27:58.038 DEBUG vert.x-eventloop-thread-0 ClientPortalService  : tickle {"session":"6fbbfa842586c01e7e1893f7d65be1a7","ssoExpires":479998,"collission":false,"userId":50301190,"hmds":{"error":"no bridge"},"iserver":{"authStatus":{"authenticated":true,"established":true,"competing":false,"connected":true,"message":"","MAC":"06:A8:C0:D9:D5:E3","serverInfo":{"serverName":"JifS17068","serverVersion":"Build 10.44.1f, Apr 7, 2026 1:49:24 PM"},"hardware_info":"275c5aa2|06:A8:C0:D9:D5:E3"}}}
19:28:28.029 INFO  vert.x-eventloop-thread-0 BaseServiceProxy     : -> GET /v1/api/tickle,200|231ms
19:28:28.030 DEBUG vert.x-eventloop-thread-0 ClientPortalService  : tickle {"session":"6fbbfa842586c01e7e1893f7d65be1a7","ssoExpires":450002,"collission":false,"userId":50301190,"hmds":{"error":"no bridge"},"iserver":{"authStatus":{"authenticated":true,"established":true,"competing":false,"connected":true,"message":"","MAC":"06:A8:C0:D9:D5:E3","serverInfo":{"serverName":"JifS17068","serverVersion":"Build 10.44.1f, Apr 7, 2026 1:49:24 PM"},"hardware_info":"275c5aa2|06:A8:C0:D9:D5:E3"}}}
19:28:58.048 INFO  vert.x-eventloop-thread-0 BaseServiceProxy     : -> GET /v1/api/tickle,200|248ms
19:28:58.051 DEBUG vert.x-eventloop-thread-0 ClientPortalService  : tickle {"session":"6fbbfa842586c01e7e1893f7d65be1a7","ssoExpires":420002,"collission":false,"userId":50301190,"hmds":{"error":"no bridge"},"iserver":{"authStatus":{"authenticated":true,"established":true,"competing":false,"connected":true,"message":"","MAC":"06:A8:C0:D9:D5:E3","serverInfo":{"serverName":"JifS17068","serverVersion":"Build 10.44.1f, Apr 7, 2026 1:49:24 PM"},"hardware_info":"275c5aa2|06:A8:C0:D9:D5:E3"}}}
19:29:22.937 INFO  vert.x-eventloop-thread-0 BaseServiceProxy     : -> GET /sso/ping,200|282ms
19:29:22.938 INFO  vert.x-eventloop-thread-0 SsoService           : sso ping {"result": "true"}
19:29:28.031 INFO  vert.x-eventloop-thread-0 BaseServiceProxy     : -> GET /v1/api/tickle,200|234ms
19:29:28.031 DEBUG vert.x-eventloop-thread-0 ClientPortalService  : tickle {"session":"6fbbfa842586c01e7e1893f7d65be1a7","ssoExpires":390003,"collission":false,"userId":50301190,"hmds":{"error":"no bridge"},"iserver":{"authStatus":{"authenticated":true,"established":true,"competing":false,"connected":true,"message":"","MAC":"06:A8:C0:D9:D5:E3","serverInfo":{"serverName":"JifS17068","serverVersion":"Build 10.44.1f, Apr 7, 2026 1:49:24 PM"},"hardware_info":"275c5aa2|06:A8:C0:D9:D5:E3"}}}
19:29:41.016 INFO  vert.x-eventloop-thread-0 BaseServiceProxy     : -> GET /v1/api/tickle,200|275ms
19:29:57.871 INFO  vert.x-eventloop-thread-0 BaseServiceProxy     : -> GET /v1/api/tickle,200|71ms
19:29:57.873 DEBUG vert.x-eventloop-thread-0 ClientPortalService  : tickle {"session":"6fbbfa842586c01e7e1893f7d65be1a7","ssoExpires":360164,"collission":false,"userId":50301190,"hmds":{"error":"no bridge"},"iserver":{"authStatus":{"authenticated":true,"established":true,"competing":false,"connected":true,"message":"","MAC":"06:A8:C0:D9:D5:E3","serverInfo":{"serverName":"JifS17068","serverVersion":"Build 10.44.1f, Apr 7, 2026 1:49:24 PM"},"hardware_info":"275c5aa2|06:A8:C0:D9:D5:E3"}}}
19:30:28.016 INFO  vert.x-eventloop-thread-0 BaseServiceProxy     : -> GET /v1/api/tickle,200|219ms
19:30:28.016 DEBUG vert.x-eventloop-thread-0 ClientPortalService  : tickle {"session":"6fbbfa842586c01e7e1893f7d65be1a7","ssoExpires":330020,"collission":false,"userId":50301190,"hmds":{"error":"no bridge"},"iserver":{"authStatus":{"authenticated":true,"established":true,"competing":false,"connected":true,"message":"","MAC":"06:A8:C0:D9:D5:E3","serverInfo":{"serverName":"JifS17068","serverVersion":"Build 10.44.1f, Apr 7, 2026 1:49:24 PM"},"hardware_info":"275c5aa2|06:A8:C0:D9:D5:E3"}}}
19:30:57.912 INFO  vert.x-eventloop-thread-0 BaseServiceProxy     : -> GET /v1/api/tickle,200|114ms
19:30:57.914 DEBUG vert.x-eventloop-thread-0 ClientPortalService  : tickle {"session":"6fbbfa842586c01e7e1893f7d65be1a7","ssoExpires":300124,"collission":false,"userId":50301190,"hmds":{"error":"no bridge"},"iserver":{"authStatus":{"authenticated":true,"established":true,"competing":false,"connected":true,"message":"","MAC":"06:A8:C0:D9:D5:E3","serverInfo":{"serverName":"JifS17068","serverVersion":"Build 10.44.1f, Apr 7, 2026 1:49:24 PM"},"hardware_info":"275c5aa2|06:A8:C0:D9:D5:E3"}}}
19:31:27.875 INFO  vert.x-eventloop-thread-0 BaseServiceProxy     : -> GET /v1/api/tickle,200|77ms
19:31:27.877 DEBUG vert.x-eventloop-thread-0 ClientPortalService  : tickle {"session":"6fbbfa842586c01e7e1893f7d65be1a7","ssoExpires":270164,"collission":false,"userId":50301190,"hmds":{"error":"no bridge"},"iserver":{"authStatus":{"authenticated":true,"established":true,"competing":false,"connected":true,"message":"","MAC":"06:A8:C0:D9:D5:E3","serverInfo":{"serverName":"JifS17068","serverVersion":"Build 10.44.1f, Apr 7, 2026 1:49:24 PM"},"hardware_info":"275c5aa2|06:A8:C0:D9:D5:E3"}}}
19:31:57.964 INFO  vert.x-eventloop-thread-0 BaseServiceProxy     : -> GET /v1/api/tickle,200|164ms
19:31:57.966 DEBUG vert.x-eventloop-thread-0 ClientPortalService  : tickle {"session":"6fbbfa842586c01e7e1893f7d65be1a7","ssoExpires":240078,"collission":false,"userId":50301190,"hmds":{"error":"no bridge"},"iserver":{"authStatus":{"authenticated":true,"established":true,"competing":false,"connected":true,"message":"","MAC":"06:A8:C0:D9:D5:E3","serverInfo":{"serverName":"JifS17068","serverVersion":"Build 10.44.1f, Apr 7, 2026 1:49:24 PM"},"hardware_info":"275c5aa2|06:A8:C0:D9:D5:E3"}}}
19:32:27.875 INFO  vert.x-eventloop-thread-0 BaseServiceProxy     : -> GET /v1/api/tickle,200|76ms
19:32:27.877 DEBUG vert.x-eventloop-thread-0 ClientPortalService  : tickle {"session":"6fbbfa842586c01e7e1893f7d65be1a7","ssoExpires":210160,"collission":false,"userId":50301190,"hmds":{"error":"no bridge"},"iserver":{"authStatus":{"authenticated":true,"established":true,"competing":false,"connected":true,"message":"","MAC":"06:A8:C0:D9:D5:E3","serverInfo":{"serverName":"JifS17068","serverVersion":"Build 10.44.1f, Apr 7, 2026 1:49:24 PM"},"hardware_info":"275c5aa2|06:A8:C0:D9:D5:E3"}}}
19:32:41.351 INFO  vert.x-eventloop-thread-0 BaseServiceProxy     : -> GET /v1/api/tickle,200|240ms
19:32:57.870 INFO  vert.x-eventloop-thread-0 BaseServiceProxy     : -> GET /v1/api/tickle,200|71ms
19:32:57.871 DEBUG vert.x-eventloop-thread-0 ClientPortalService  : tickle {"session":"6fbbfa842586c01e7e1893f7d65be1a7","ssoExpires":180165,"collission":false,"userId":50301190,"hmds":{"error":"no bridge"},"iserver":{"authStatus":{"authenticated":true,"established":true,"competing":false,"connected":true,"message":"","MAC":"06:A8:C0:D9:D5:E3","serverInfo":{"serverName":"JifS17068","serverVersion":"Build 10.44.1f, Apr 7, 2026 1:49:24 PM"},"hardware_info":"275c5aa2|06:A8:C0:D9:D5:E3"}}}
19:33:28.017 INFO  vert.x-eventloop-thread-0 BaseServiceProxy     : -> GET /v1/api/tickle,200|220ms
19:33:28.018 DEBUG vert.x-eventloop-thread-0 ClientPortalService  : tickle {"session":"6fbbfa842586c01e7e1893f7d65be1a7","ssoExpires":150020,"collission":false,"userId":50301190,"hmds":{"error":"no bridge"},"iserver":{"authStatus":{"authenticated":true,"established":true,"competing":false,"connected":true,"message":"","MAC":"06:A8:C0:D9:D5:E3","serverInfo":{"serverName":"JifS17068","serverVersion":"Build 10.44.1f, Apr 7, 2026 1:49:24 PM"},"hardware_info":"275c5aa2|06:A8:C0:D9:D5:E3"}}}
19:33:57.894 INFO  vert.x-eventloop-thread-0 BaseServiceProxy     : -> GET /v1/api/tickle,200|95ms
19:33:57.896 DEBUG vert.x-eventloop-thread-0 ClientPortalService  : tickle {"session":"6fbbfa842586c01e7e1893f7d65be1a7","ssoExpires":120141,"collission":false,"userId":50301190,"hmds":{"error":"no bridge"},"iserver":{"authStatus":{"authenticated":true,"established":true,"competing":false,"connected":true,"message":"","MAC":"06:A8:C0:D9:D5:E3","serverInfo":{"serverName":"JifS17068","serverVersion":"Build 10.44.1f, Apr 7, 2026 1:49:24 PM"},"hardware_info":"275c5aa2|06:A8:C0:D9:D5:E3"}}}
19:34:23.248 INFO  vert.x-eventloop-thread-0 BaseServiceProxy     : -> GET /sso/ping,200|593ms
19:34:23.249 INFO  vert.x-eventloop-thread-0 SsoService           : sso ping {"result": "true"}
19:34:27.882 INFO  vert.x-eventloop-thread-0 BaseServiceProxy     : -> GET /v1/api/tickle,200|84ms
19:34:27.883 DEBUG vert.x-eventloop-thread-0 ClientPortalService  : tickle {"session":"6fbbfa842586c01e7e1893f7d65be1a7","ssoExpires":90155,"collission":false,"userId":50301190,"hmds":{"error":"no bridge"},"iserver":{"authStatus":{"authenticated":true,"established":true,"competing":false,"connected":true,"message":"","MAC":"06:A8:C0:D9:D5:E3","serverInfo":{"serverName":"JifS17068","serverVersion":"Build 10.44.1f, Apr 7, 2026 1:49:24 PM"},"hardware_info":"275c5aa2|06:A8:C0:D9:D5:E3"}}}
19:34:57.860 INFO  vert.x-eventloop-thread-0 BaseServiceProxy     : -> GET /v1/api/tickle,200|62ms
19:34:57.862 DEBUG vert.x-eventloop-thread-0 ClientPortalService  : tickle {"session":"6fbbfa842586c01e7e1893f7d65be1a7","ssoExpires":60176,"collission":false,"userId":50301190,"hmds":{"error":"no bridge"},"iserver":{"authStatus":{"authenticated":true,"established":true,"competing":false,"connected":true,"message":"","MAC":"06:A8:C0:D9:D5:E3","serverInfo":{"serverName":"JifS17068","serverVersion":"Build 10.44.1f, Apr 7, 2026 1:49:24 PM"},"hardware_info":"275c5aa2|06:A8:C0:D9:D5:E3"}}}
19:35:28.037 INFO  vert.x-eventloop-thread-0 BaseServiceProxy     : -> GET /v1/api/tickle,200|239ms
19:35:28.038 DEBUG vert.x-eventloop-thread-0 ClientPortalService  : tickle {"session":"6fbbfa842586c01e7e1893f7d65be1a7","ssoExpires":30007,"collission":false,"userId":50301190,"hmds":{"error":"no bridge"},"iserver":{"authStatus":{"authenticated":true,"established":true,"competing":false,"connected":true,"message":"","MAC":"06:A8:C0:D9:D5:E3","serverInfo":{"serverName":"JifS17068","serverVersion":"Build 10.44.1f, Apr 7, 2026 1:49:24 PM"},"hardware_info":"275c5aa2|06:A8:C0:D9:D5:E3"}}}
19:35:41.763 INFO  vert.x-eventloop-thread-0 BaseServiceProxy     : -> GET /v1/api/tickle,200|290ms
19:35:57.871 INFO  vert.x-eventloop-thread-0 BaseServiceProxy     : -> GET /v1/api/tickle,200|72ms
19:35:57.874 DEBUG vert.x-eventloop-thread-0 ClientPortalService  : tickle {"session":"6fbbfa842586c01e7e1893f7d65be1a7","ssoExpires":164,"collission":false,"userId":50301190,"hmds":{"error":"no bridge"},"iserver":{"authStatus":{"authenticated":true,"established":true,"competing":false,"connected":true,"message":"","MAC":"06:A8:C0:D9:D5:E3","serverInfo":{"serverName":"JifS17068","serverVersion":"Build 10.44.1f, Apr 7, 2026 1:49:24 PM"},"hardware_info":"275c5aa2|06:A8:C0:D9:D5:E3"}}}
19:36:27.887 INFO  vert.x-eventloop-thread-0 BaseServiceProxy     : -> GET /v1/api/tickle,200|88ms
19:36:27.889 DEBUG vert.x-eventloop-thread-0 ClientPortalService  : tickle {"session":"6fbbfa842586c01e7e1893f7d65be1a7","ssoExpires":600000,"collission":false,"userId":50301190,"hmds":{"error":"no bridge"},"iserver":{"authStatus":{"authenticated":true,"established":true,"competing":false,"connected":true,"message":"","MAC":"06:A8:C0:D9:D5:E3","serverInfo":{"serverName":"JifS17068","serverVersion":"Build 10.44.1f, Apr 7, 2026 1:49:24 PM"},"hardware_info":"275c5aa2|06:A8:C0:D9:D5:E3"}}}
19:36:58.174 INFO  vert.x-eventloop-thread-0 BaseServiceProxy     : -> GET /v1/api/tickle,200|376ms
19:36:58.179 DEBUG vert.x-eventloop-thread-0 ClientPortalService  : tickle {"session":"6fbbfa842586c01e7e1893f7d65be1a7","ssoExpires":569711,"collission":false,"userId":50301190,"hmds":{"error":"no bridge"},"iserver":{"authStatus":{"authenticated":true,"established":true,"competing":false,"connected":true,"message":"","MAC":"06:A8:C0:D9:D5:E3","serverInfo":{"serverName":"JifS17068","serverVersion":"Build 10.44.1f, Apr 7, 2026 1:49:24 PM"},"hardware_info":"275c5aa2|06:A8:C0:D9:D5:E3"}}}
19:37:28.069 INFO  vert.x-eventloop-thread-0 BaseServiceProxy     : -> GET /v1/api/tickle,200|271ms
19:37:28.071 DEBUG vert.x-eventloop-thread-0 ClientPortalService  : tickle {"session":"6fbbfa842586c01e7e1893f7d65be1a7","ssoExpires":539829,"collission":false,"userId":50301190,"hmds":{"error":"no bridge"},"iserver":{"authStatus":{"authenticated":true,"established":true,"competing":false,"connected":true,"message":"","MAC":"06:A8:C0:D9:D5:E3","serverInfo":{"serverName":"JifS17068","serverVersion":"Build 10.44.1f, Apr 7, 2026 1:49:24 PM"},"hardware_info":"275c5aa2|06:A8:C0:D9:D5:E3"}}}
19:37:58.053 INFO  vert.x-eventloop-thread-0 BaseServiceProxy     : -> GET /v1/api/tickle,200|255ms
19:37:58.061 DEBUG vert.x-eventloop-thread-0 ClientPortalService  : tickle {"session":"6fbbfa842586c01e7e1893f7d65be1a7","ssoExpires":509845,"collission":false,"userId":50301190,"hmds":{"error":"no bridge"},"iserver":{"authStatus":{"authenticated":true,"established":true,"competing":false,"connected":true,"message":"","MAC":"06:A8:C0:D9:D5:E3","serverInfo":{"serverName":"JifS17068","serverVersion":"Build 10.44.1f, Apr 7, 2026 1:49:24 PM"},"hardware_info":"275c5aa2|06:A8:C0:D9:D5:E3"}}}
19:38:27.861 INFO  vert.x-eventloop-thread-0 BaseServiceProxy     : -> GET /v1/api/tickle,200|63ms
19:38:27.863 DEBUG vert.x-eventloop-thread-0 ClientPortalService  : tickle {"session":"6fbbfa842586c01e7e1893f7d65be1a7","ssoExpires":480009,"collission":false,"userId":50301190,"hmds":{"error":"no bridge"},"iserver":{"authStatus":{"authenticated":true,"established":true,"competing":false,"connected":true,"message":"","MAC":"06:A8:C0:D9:D5:E3","serverInfo":{"serverName":"JifS17068","serverVersion":"Build 10.44.1f, Apr 7, 2026 1:49:24 PM"},"hardware_info":"275c5aa2|06:A8:C0:D9:D5:E3"}}}
19:38:42.137 INFO  vert.x-eventloop-thread-0 BaseServiceProxy     : -> GET /v1/api/tickle,200|248ms
19:38:57.868 INFO  vert.x-eventloop-thread-0 BaseServiceProxy     : -> GET /v1/api/tickle,200|68ms
19:38:57.869 DEBUG vert.x-eventloop-thread-0 ClientPortalService  : tickle {"session":"6fbbfa842586c01e7e1893f7d65be1a7","ssoExpires":450006,"collission":false,"userId":50301190,"hmds":{"error":"no bridge"},"iserver":{"authStatus":{"authenticated":true,"established":true,"competing":false,"connected":true,"message":"","MAC":"06:A8:C0:D9:D5:E3","serverInfo":{"serverName":"JifS17068","serverVersion":"Build 10.44.1f, Apr 7, 2026 1:49:24 PM"},"hardware_info":"275c5aa2|06:A8:C0:D9:D5:E3"}}}
19:39:23.315 INFO  vert.x-eventloop-thread-0 BaseServiceProxy     : -> GET /sso/ping,200|659ms
19:39:23.317 INFO  vert.x-eventloop-thread-0 SsoService           : sso ping {"result": "true"}
19:39:28.024 INFO  vert.x-eventloop-thread-0 BaseServiceProxy     : -> GET /v1/api/tickle,200|225ms
19:39:28.024 DEBUG vert.x-eventloop-thread-0 ClientPortalService  : tickle {"session":"6fbbfa842586c01e7e1893f7d65be1a7","ssoExpires":419850,"collission":false,"userId":50301190,"hmds":{"error":"no bridge"},"iserver":{"authStatus":{"authenticated":true,"established":true,"competing":false,"connected":true,"message":"","MAC":"06:A8:C0:D9:D5:E3","serverInfo":{"serverName":"JifS17068","serverVersion":"Build 10.44.1f, Apr 7, 2026 1:49:24 PM"},"hardware_info":"275c5aa2|06:A8:C0:D9:D5:E3"}}}
19:39:57.903 INFO  vert.x-eventloop-thread-0 BaseServiceProxy     : -> GET /v1/api/tickle,200|105ms
19:39:57.904 DEBUG vert.x-eventloop-thread-0 ClientPortalService  : tickle {"session":"6fbbfa842586c01e7e1893f7d65be1a7","ssoExpires":389969,"collission":false,"userId":50301190,"hmds":{"error":"no bridge"},"iserver":{"authStatus":{"authenticated":true,"established":true,"competing":false,"connected":true,"message":"","MAC":"06:A8:C0:D9:D5:E3","serverInfo":{"serverName":"JifS17068","serverVersion":"Build 10.44.1f, Apr 7, 2026 1:49:24 PM"},"hardware_info":"275c5aa2|06:A8:C0:D9:D5:E3"}}}
19:40:28.097 INFO  vert.x-eventloop-thread-0 BaseServiceProxy     : -> GET /v1/api/tickle,200|299ms
19:40:28.098 DEBUG vert.x-eventloop-thread-0 ClientPortalService  : tickle {"session":"6fbbfa842586c01e7e1893f7d65be1a7","ssoExpires":359777,"collission":false,"userId":50301190,"hmds":{"error":"no bridge"},"iserver":{"authStatus":{"authenticated":true,"established":true,"competing":false,"connected":true,"message":"","MAC":"06:A8:C0:D9:D5:E3","serverInfo":{"serverName":"JifS17068","serverVersion":"Build 10.44.1f, Apr 7, 2026 1:49:24 PM"},"hardware_info":"275c5aa2|06:A8:C0:D9:D5:E3"}}}
19:40:57.901 INFO  vert.x-eventloop-thread-0 BaseServiceProxy     : -> GET /v1/api/tickle,200|102ms
19:40:57.904 DEBUG vert.x-eventloop-thread-0 ClientPortalService  : tickle {"session":"6fbbfa842586c01e7e1893f7d65be1a7","ssoExpires":330003,"collission":false,"userId":50301190,"hmds":{"error":"no bridge"},"iserver":{"authStatus":{"authenticated":true,"established":true,"competing":false,"connected":true,"message":"","MAC":"06:A8:C0:D9:D5:E3","serverInfo":{"serverName":"JifS17068","serverVersion":"Build 10.44.1f, Apr 7, 2026 1:49:24 PM"},"hardware_info":"275c5aa2|06:A8:C0:D9:D5:E3"}}}
19:41:27.885 INFO  vert.x-eventloop-thread-0 BaseServiceProxy     : -> GET /v1/api/tickle,200|87ms
19:41:27.887 DEBUG vert.x-eventloop-thread-0 ClientPortalService  : tickle {"session":"6fbbfa842586c01e7e1893f7d65be1a7","ssoExpires":299995,"collission":false,"userId":50301190,"hmds":{"error":"no bridge"},"iserver":{"authStatus":{"authenticated":true,"established":true,"competing":false,"connected":true,"message":"","MAC":"06:A8:C0:D9:D5:E3","serverInfo":{"serverName":"JifS17068","serverVersion":"Build 10.44.1f, Apr 7, 2026 1:49:24 PM"},"hardware_info":"275c5aa2|06:A8:C0:D9:D5:E3"}}}
19:41:42.650 INFO  vert.x-eventloop-thread-0 BaseServiceProxy     : -> GET /v1/api/tickle,200|403ms
19:41:57.866 INFO  vert.x-eventloop-thread-0 BaseServiceProxy     : -> GET /v1/api/tickle,200|67ms
19:41:57.868 DEBUG vert.x-eventloop-thread-0 ClientPortalService  : tickle {"session":"6fbbfa842586c01e7e1893f7d65be1a7","ssoExpires":270005,"collission":false,"userId":50301190,"hmds":{"error":"no bridge"},"iserver":{"authStatus":{"authenticated":true,"established":true,"competing":false,"connected":true,"message":"","MAC":"06:A8:C0:D9:D5:E3","serverInfo":{"serverName":"JifS17068","serverVersion":"Build 10.44.1f, Apr 7, 2026 1:49:24 PM"},"hardware_info":"275c5aa2|06:A8:C0:D9:D5:E3"}}}
19:42:28.134 INFO  vert.x-eventloop-thread-0 BaseServiceProxy     : -> GET /v1/api/tickle,200|335ms
19:42:28.135 DEBUG vert.x-eventloop-thread-0 ClientPortalService  : tickle {"session":"6fbbfa842586c01e7e1893f7d65be1a7","ssoExpires":239755,"collission":false,"userId":50301190,"hmds":{"error":"no bridge"},"iserver":{"authStatus":{"authenticated":true,"established":true,"competing":false,"connected":true,"message":"","MAC":"06:A8:C0:D9:D5:E3","serverInfo":{"serverName":"JifS17068","serverVersion":"Build 10.44.1f, Apr 7, 2026 1:49:24 PM"},"hardware_info":"275c5aa2|06:A8:C0:D9:D5:E3"}}}
19:42:57.872 INFO  vert.x-eventloop-thread-0 BaseServiceProxy     : -> GET /v1/api/tickle,200|70ms
19:42:57.874 DEBUG vert.x-eventloop-thread-0 ClientPortalService  : tickle {"session":"6fbbfa842586c01e7e1893f7d65be1a7","ssoExpires":210007,"collission":false,"userId":50301190,"hmds":{"error":"no bridge"},"iserver":{"authStatus":{"authenticated":true,"established":true,"competing":false,"connected":true,"message":"","MAC":"06:A8:C0:D9:D5:E3","serverInfo":{"serverName":"JifS17068","serverVersion":"Build 10.44.1f, Apr 7, 2026 1:49:24 PM"},"hardware_info":"275c5aa2|06:A8:C0:D9:D5:E3"}}}
19:43:27.869 INFO  vert.x-eventloop-thread-0 BaseServiceProxy     : -> GET /v1/api/tickle,200|66ms
19:43:27.870 DEBUG vert.x-eventloop-thread-0 ClientPortalService  : tickle {"session":"6fbbfa842586c01e7e1893f7d65be1a7","ssoExpires":180006,"collission":false,"userId":50301190,"hmds":{"error":"no bridge"},"iserver":{"authStatus":{"authenticated":true,"established":true,"competing":false,"connected":true,"message":"","MAC":"06:A8:C0:D9:D5:E3","serverInfo":{"serverName":"JifS17068","serverVersion":"Build 10.44.1f, Apr 7, 2026 1:49:24 PM"},"hardware_info":"275c5aa2|06:A8:C0:D9:D5:E3"}}}
19:43:58.034 INFO  vert.x-eventloop-thread-0 BaseServiceProxy     : -> GET /v1/api/tickle,200|230ms
19:43:58.037 DEBUG vert.x-eventloop-thread-0 ClientPortalService  : tickle {"session":"6fbbfa842586c01e7e1893f7d65be1a7","ssoExpires":149849,"collission":false,"userId":50301190,"hmds":{"error":"no bridge"},"iserver":{"authStatus":{"authenticated":true,"established":true,"competing":false,"connected":true,"message":"","MAC":"06:A8:C0:D9:D5:E3","serverInfo":{"serverName":"JifS17068","serverVersion":"Build 10.44.1f, Apr 7, 2026 1:49:24 PM"},"hardware_info":"275c5aa2|06:A8:C0:D9:D5:E3"}}}
19:44:08.730 INFO  vert.x-eventloop-thread-0 BaseServiceProxy     : -> GET /v1/api/iserver/account/orders,200|74ms
19:44:23.125 INFO  vert.x-eventloop-thread-0 BaseServiceProxy     : -> GET /sso/ping,200|464ms
19:44:23.127 INFO  vert.x-eventloop-thread-0 SsoService           : sso ping {"result": "true"}
19:44:28.077 INFO  vert.x-eventloop-thread-0 BaseServiceProxy     : -> GET /v1/api/tickle,200|274ms
19:44:28.078 DEBUG vert.x-eventloop-thread-0 ClientPortalService  : tickle {"session":"6fbbfa842586c01e7e1893f7d65be1a7","ssoExpires":119801,"collission":false,"userId":50301190,"hmds":{"error":"no bridge"},"iserver":{"authStatus":{"authenticated":true,"established":true,"competing":false,"connected":true,"message":"","MAC":"06:A8:C0:D9:D5:E3","serverInfo":{"serverName":"JifS17068","serverVersion":"Build 10.44.1f, Apr 7, 2026 1:49:24 PM"},"hardware_info":"275c5aa2|06:A8:C0:D9:D5:E3"}}}
19:44:43.031 INFO  vert.x-eventloop-thread-0 BaseServiceProxy     : -> GET /v1/api/tickle,200|240ms
19:44:57.870 INFO  vert.x-eventloop-thread-0 BaseServiceProxy     : -> GET /v1/api/tickle,200|66ms
19:44:57.872 DEBUG vert.x-eventloop-thread-0 ClientPortalService  : tickle {"session":"6fbbfa842586c01e7e1893f7d65be1a7","ssoExpires":90007,"collission":false,"userId":50301190,"hmds":{"error":"no bridge"},"iserver":{"authStatus":{"authenticated":true,"established":true,"competing":false,"connected":true,"message":"","MAC":"06:A8:C0:D9:D5:E3","serverInfo":{"serverName":"JifS17068","serverVersion":"Build 10.44.1f, Apr 7, 2026 1:49:24 PM"},"hardware_info":"275c5aa2|06:A8:C0:D9:D5:E3"}}}
19:45:27.888 INFO  vert.x-eventloop-thread-0 BaseServiceProxy     : -> GET /v1/api/tickle,200|83ms
19:45:27.889 DEBUG vert.x-eventloop-thread-0 ClientPortalService  : tickle {"session":"6fbbfa842586c01e7e1893f7d65be1a7","ssoExpires":59988,"collission":false,"userId":50301190,"hmds":{"error":"no bridge"},"iserver":{"authStatus":{"authenticated":true,"established":true,"competing":false,"connected":true,"message":"","MAC":"06:A8:C0:D9:D5:E3","serverInfo":{"serverName":"JifS17068","serverVersion":"Build 10.44.1f, Apr 7, 2026 1:49:24 PM"},"hardware_info":"275c5aa2|06:A8:C0:D9:D5:E3"}}}
19:45:58.028 INFO  vert.x-eventloop-thread-0 BaseServiceProxy     : -> GET /v1/api/tickle,200|224ms
19:45:58.031 DEBUG vert.x-eventloop-thread-0 ClientPortalService  : tickle {"session":"6fbbfa842586c01e7e1893f7d65be1a7","ssoExpires":29856,"collission":false,"userId":50301190,"hmds":{"error":"no bridge"},"iserver":{"authStatus":{"authenticated":true,"established":true,"competing":false,"connected":true,"message":"","MAC":"06:A8:C0:D9:D5:E3","serverInfo":{"serverName":"JifS17068","serverVersion":"Build 10.44.1f, Apr 7, 2026 1:49:24 PM"},"hardware_info":"275c5aa2|06:A8:C0:D9:D5:E3"}}}
19:46:27.861 INFO  vert.x-eventloop-thread-0 BaseServiceProxy     : -> GET /v1/api/tickle,200|57ms
19:46:27.863 DEBUG vert.x-eventloop-thread-0 ClientPortalService  : tickle {"session":"6fbbfa842586c01e7e1893f7d65be1a7","ssoExpires":15,"collission":false,"userId":50301190,"hmds":{"error":"no bridge"},"iserver":{"authStatus":{"authenticated":true,"established":true,"competing":false,"connected":true,"message":"","MAC":"06:A8:C0:D9:D5:E3","serverInfo":{"serverName":"JifS17068","serverVersion":"Build 10.44.1f, Apr 7, 2026 1:49:24 PM"},"hardware_info":"275c5aa2|06:A8:C0:D9:D5:E3"}}}
19:46:58.062 INFO  vert.x-eventloop-thread-0 BaseServiceProxy     : -> GET /v1/api/tickle,200|256ms
19:46:58.064 DEBUG vert.x-eventloop-thread-0 ClientPortalService  : tickle {"session":"6fbbfa842586c01e7e1893f7d65be1a7","ssoExpires":600000,"collission":false,"userId":50301190,"hmds":{"error":"no bridge"},"iserver":{"authStatus":{"authenticated":true,"established":true,"competing":false,"connected":true,"message":"","MAC":"06:A8:C0:D9:D5:E3","serverInfo":{"serverName":"JifS17068","serverVersion":"Build 10.44.1f, Apr 7, 2026 1:49:24 PM"},"hardware_info":"275c5aa2|06:A8:C0:D9:D5:E3"}}}
19:47:28.387 INFO  vert.x-eventloop-thread-0 BaseServiceProxy     : -> GET /v1/api/tickle,200|579ms
19:47:28.390 DEBUG vert.x-eventloop-thread-0 ClientPortalService  : tickle {"session":"6fbbfa842586c01e7e1893f7d65be1a7","ssoExpires":569667,"collission":false,"userId":50301190,"hmds":{"error":"no bridge"},"iserver":{"authStatus":{"authenticated":true,"established":true,"competing":false,"connected":true,"message":"","MAC":"06:A8:C0:D9:D5:E3","serverInfo":{"serverName":"JifS17068","serverVersion":"Build 10.44.1f, Apr 7, 2026 1:49:24 PM"},"hardware_info":"275c5aa2|06:A8:C0:D9:D5:E3"}}}
19:47:43.227 INFO  vert.x-eventloop-thread-0 BaseServiceProxy     : -> GET /v1/api/tickle,200|60ms
19:47:57.876 INFO  vert.x-eventloop-thread-0 BaseServiceProxy     : -> GET /v1/api/tickle,200|72ms
19:47:57.877 DEBUG vert.x-eventloop-thread-0 ClientPortalService  : tickle {"session":"6fbbfa842586c01e7e1893f7d65be1a7","ssoExpires":540177,"collission":false,"userId":50301190,"hmds":{"error":"no bridge"},"iserver":{"authStatus":{"authenticated":true,"established":true,"competing":false,"connected":true,"message":"","MAC":"06:A8:C0:D9:D5:E3","serverInfo":{"serverName":"JifS17068","serverVersion":"Build 10.44.1f, Apr 7, 2026 1:49:24 PM"},"hardware_info":"275c5aa2|06:A8:C0:D9:D5:E3"}}}
19:48:27.864 INFO  vert.x-eventloop-thread-0 BaseServiceProxy     : -> GET /v1/api/tickle,200|61ms
19:48:27.866 DEBUG vert.x-eventloop-thread-0 ClientPortalService  : tickle {"session":"6fbbfa842586c01e7e1893f7d65be1a7","ssoExpires":510190,"collission":false,"userId":50301190,"hmds":{"error":"no bridge"},"iserver":{"authStatus":{"authenticated":true,"established":true,"competing":false,"connected":true,"message":"","MAC":"06:A8:C0:D9:D5:E3","serverInfo":{"serverName":"JifS17068","serverVersion":"Build 10.44.1f, Apr 7, 2026 1:49:24 PM"},"hardware_info":"275c5aa2|06:A8:C0:D9:D5:E3"}}}
19:48:57.868 INFO  vert.x-eventloop-thread-0 BaseServiceProxy     : -> GET /v1/api/tickle,200|64ms
19:48:57.870 DEBUG vert.x-eventloop-thread-0 ClientPortalService  : tickle {"session":"6fbbfa842586c01e7e1893f7d65be1a7","ssoExpires":480184,"collission":false,"userId":50301190,"hmds":{"error":"no bridge"},"iserver":{"authStatus":{"authenticated":true,"established":true,"competing":false,"connected":true,"message":"","MAC":"06:A8:C0:D9:D5:E3","serverInfo":{"serverName":"JifS17068","serverVersion":"Build 10.44.1f, Apr 7, 2026 1:49:24 PM"},"hardware_info":"275c5aa2|06:A8:C0:D9:D5:E3"}}}
19:49:23.114 INFO  vert.x-eventloop-thread-0 BaseServiceProxy     : -> GET /sso/ping,200|453ms
19:49:23.115 INFO  vert.x-eventloop-thread-0 SsoService           : sso ping {"result": "true"}
19:49:27.860 INFO  vert.x-eventloop-thread-0 BaseServiceProxy     : -> GET /v1/api/tickle,200|56ms
19:49:27.861 DEBUG vert.x-eventloop-thread-0 ClientPortalService  : tickle {"session":"6fbbfa842586c01e7e1893f7d65be1a7","ssoExpires":450192,"collission":false,"userId":50301190,"hmds":{"error":"no bridge"},"iserver":{"authStatus":{"authenticated":true,"established":true,"competing":false,"connected":true,"message":"","MAC":"06:A8:C0:D9:D5:E3","serverInfo":{"serverName":"JifS17068","serverVersion":"Build 10.44.1f, Apr 7, 2026 1:49:24 PM"},"hardware_info":"275c5aa2|06:A8:C0:D9:D5:E3"}}}
19:49:58.028 INFO  vert.x-eventloop-thread-0 BaseServiceProxy     : -> GET /v1/api/tickle,200|223ms
19:49:58.030 DEBUG vert.x-eventloop-thread-0 ClientPortalService  : tickle {"session":"6fbbfa842586c01e7e1893f7d65be1a7","ssoExpires":420027,"collission":false,"userId":50301190,"hmds":{"error":"no bridge"},"iserver":{"authStatus":{"authenticated":true,"established":true,"competing":false,"connected":true,"message":"","MAC":"06:A8:C0:D9:D5:E3","serverInfo":{"serverName":"JifS17068","serverVersion":"Build 10.44.1f, Apr 7, 2026 1:49:24 PM"},"hardware_info":"275c5aa2|06:A8:C0:D9:D5:E3"}}}
19:50:27.874 INFO  vert.x-eventloop-thread-0 BaseServiceProxy     : -> GET /v1/api/tickle,200|69ms
19:50:27.876 DEBUG vert.x-eventloop-thread-0 ClientPortalService  : tickle {"session":"6fbbfa842586c01e7e1893f7d65be1a7","ssoExpires":390179,"collission":false,"userId":50301190,"hmds":{"error":"no bridge"},"iserver":{"authStatus":{"authenticated":true,"established":true,"competing":false,"connected":true,"message":"","MAC":"06:A8:C0:D9:D5:E3","serverInfo":{"serverName":"JifS17068","serverVersion":"Build 10.44.1f, Apr 7, 2026 1:49:24 PM"},"hardware_info":"275c5aa2|06:A8:C0:D9:D5:E3"}}}
19:50:43.576 INFO  vert.x-eventloop-thread-0 BaseServiceProxy     : -> GET /v1/api/tickle,200|225ms
19:50:58.031 INFO  vert.x-eventloop-thread-0 BaseServiceProxy     : -> GET /v1/api/tickle,200|226ms
19:50:58.032 DEBUG vert.x-eventloop-thread-0 ClientPortalService  : tickle {"session":"6fbbfa842586c01e7e1893f7d65be1a7","ssoExpires":360028,"collission":false,"userId":50301190,"hmds":{"error":"no bridge"},"iserver":{"authStatus":{"authenticated":true,"established":true,"competing":false,"connected":true,"message":"","MAC":"06:A8:C0:D9:D5:E3","serverInfo":{"serverName":"JifS17068","serverVersion":"Build 10.44.1f, Apr 7, 2026 1:49:24 PM"},"hardware_info":"275c5aa2|06:A8:C0:D9:D5:E3"}}}
19:51:27.869 INFO  vert.x-eventloop-thread-0 BaseServiceProxy     : -> GET /v1/api/tickle,200|64ms
19:51:27.871 DEBUG vert.x-eventloop-thread-0 ClientPortalService  : tickle {"session":"6fbbfa842586c01e7e1893f7d65be1a7","ssoExpires":330183,"collission":false,"userId":50301190,"hmds":{"error":"no bridge"},"iserver":{"authStatus":{"authenticated":true,"established":true,"competing":false,"connected":true,"message":"","MAC":"06:A8:C0:D9:D5:E3","serverInfo":{"serverName":"JifS17068","serverVersion":"Build 10.44.1f, Apr 7, 2026 1:49:24 PM"},"hardware_info":"275c5aa2|06:A8:C0:D9:D5:E3"}}}
19:51:57.875 INFO  vert.x-eventloop-thread-0 BaseServiceProxy     : -> GET /v1/api/tickle,200|63ms
19:51:57.876 DEBUG vert.x-eventloop-thread-0 ClientPortalService  : tickle {"session":"6fbbfa842586c01e7e1893f7d65be1a7","ssoExpires":300178,"collission":false,"userId":50301190,"hmds":{"error":"no bridge"},"iserver":{"authStatus":{"authenticated":true,"established":true,"competing":false,"connected":true,"message":"","MAC":"06:A8:C0:D9:D5:E3","serverInfo":{"serverName":"JifS17068","serverVersion":"Build 10.44.1f, Apr 7, 2026 1:49:24 PM"},"hardware_info":"275c5aa2|06:A8:C0:D9:D5:E3"}}}
19:52:27.874 INFO  vert.x-eventloop-thread-0 BaseServiceProxy     : -> GET /v1/api/tickle,200|67ms
19:52:27.875 DEBUG vert.x-eventloop-thread-0 ClientPortalService  : tickle {"session":"6fbbfa842586c01e7e1893f7d65be1a7","ssoExpires":270178,"collission":false,"userId":50301190,"hmds":{"error":"no bridge"},"iserver":{"authStatus":{"authenticated":true,"established":true,"competing":false,"connected":true,"message":"","MAC":"06:A8:C0:D9:D5:E3","serverInfo":{"serverName":"JifS17068","serverVersion":"Build 10.44.1f, Apr 7, 2026 1:49:24 PM"},"hardware_info":"275c5aa2|06:A8:C0:D9:D5:E3"}}}
19:52:58.035 INFO  vert.x-eventloop-thread-0 BaseServiceProxy     : -> GET /v1/api/tickle,200|226ms
19:52:58.037 DEBUG vert.x-eventloop-thread-0 ClientPortalService  : tickle {"session":"6fbbfa842586c01e7e1893f7d65be1a7","ssoExpires":240017,"collission":false,"userId":50301190,"hmds":{"error":"no bridge"},"iserver":{"authStatus":{"authenticated":true,"established":true,"competing":false,"connected":true,"message":"","MAC":"06:A8:C0:D9:D5:E3","serverInfo":{"serverName":"JifS17068","serverVersion":"Build 10.44.1f, Apr 7, 2026 1:49:24 PM"},"hardware_info":"275c5aa2|06:A8:C0:D9:D5:E3"}}}
19:53:28.107 INFO  vert.x-eventloop-thread-0 BaseServiceProxy     : -> GET /v1/api/tickle,200|303ms
19:53:28.109 DEBUG vert.x-eventloop-thread-0 ClientPortalService  : tickle {"session":"6fbbfa842586c01e7e1893f7d65be1a7","ssoExpires":209946,"collission":false,"userId":50301190,"hmds":{"error":"no bridge"},"iserver":{"authStatus":{"authenticated":true,"established":true,"competing":false,"connected":true,"message":"","MAC":"06:A8:C0:D9:D5:E3","serverInfo":{"serverName":"JifS17068","serverVersion":"Build 10.44.1f, Apr 7, 2026 1:49:24 PM"},"hardware_info":"275c5aa2|06:A8:C0:D9:D5:E3"}}}
19:53:43.735 INFO  vert.x-eventloop-thread-0 BaseServiceProxy     : -> GET /v1/api/tickle,200|67ms
19:53:58.045 INFO  vert.x-eventloop-thread-0 BaseServiceProxy     : -> GET /v1/api/tickle,200|238ms
19:53:58.046 DEBUG vert.x-eventloop-thread-0 ClientPortalService  : tickle {"session":"6fbbfa842586c01e7e1893f7d65be1a7","ssoExpires":180014,"collission":false,"userId":50301190,"hmds":{"error":"no bridge"},"iserver":{"authStatus":{"authenticated":true,"established":true,"competing":false,"connected":true,"message":"","MAC":"06:A8:C0:D9:D5:E3","serverInfo":{"serverName":"JifS17068","serverVersion":"Build 10.44.1f, Apr 7, 2026 1:49:24 PM"},"hardware_info":"275c5aa2|06:A8:C0:D9:D5:E3"}}}
19:54:23.301 INFO  vert.x-eventloop-thread-0 BaseServiceProxy     : -> GET /sso/ping,200|639ms
19:54:23.302 INFO  vert.x-eventloop-thread-0 SsoService           : sso ping {"result": "true"}
19:54:28.109 INFO  vert.x-eventloop-thread-0 BaseServiceProxy     : -> GET /v1/api/tickle,200|305ms
19:54:28.111 DEBUG vert.x-eventloop-thread-0 ClientPortalService  : tickle {"session":"6fbbfa842586c01e7e1893f7d65be1a7","ssoExpires":149945,"collission":false,"userId":50301190,"hmds":{"error":"no bridge"},"iserver":{"authStatus":{"authenticated":true,"established":true,"competing":false,"connected":true,"message":"","MAC":"06:A8:C0:D9:D5:E3","serverInfo":{"serverName":"JifS17068","serverVersion":"Build 10.44.1f, Apr 7, 2026 1:49:24 PM"},"hardware_info":"275c5aa2|06:A8:C0:D9:D5:E3"}}}
19:54:58.101 INFO  vert.x-eventloop-thread-0 BaseServiceProxy     : -> GET /v1/api/tickle,200|296ms
19:54:58.103 DEBUG vert.x-eventloop-thread-0 ClientPortalService  : tickle {"session":"6fbbfa842586c01e7e1893f7d65be1a7","ssoExpires":119950,"collission":false,"userId":50301190,"hmds":{"error":"no bridge"},"iserver":{"authStatus":{"authenticated":true,"established":true,"competing":false,"connected":true,"message":"","MAC":"06:A8:C0:D9:D5:E3","serverInfo":{"serverName":"JifS17068","serverVersion":"Build 10.44.1f, Apr 7, 2026 1:49:24 PM"},"hardware_info":"275c5aa2|06:A8:C0:D9:D5:E3"}}}
19:55:27.865 INFO  vert.x-eventloop-thread-0 BaseServiceProxy     : -> GET /v1/api/tickle,200|60ms
19:55:27.866 DEBUG vert.x-eventloop-thread-0 ClientPortalService  : tickle {"session":"6fbbfa842586c01e7e1893f7d65be1a7","ssoExpires":90189,"collission":false,"userId":50301190,"hmds":{"error":"no bridge"},"iserver":{"authStatus":{"authenticated":true,"established":true,"competing":false,"connected":true,"message":"","MAC":"06:A8:C0:D9:D5:E3","serverInfo":{"serverName":"JifS17068","serverVersion":"Build 10.44.1f, Apr 7, 2026 1:49:24 PM"},"hardware_info":"275c5aa2|06:A8:C0:D9:D5:E3"}}}
19:55:57.880 INFO  vert.x-eventloop-thread-0 BaseServiceProxy     : -> GET /v1/api/tickle,200|74ms
19:55:57.881 DEBUG vert.x-eventloop-thread-0 ClientPortalService  : tickle {"session":"6fbbfa842586c01e7e1893f7d65be1a7","ssoExpires":60172,"collission":false,"userId":50301190,"hmds":{"error":"no bridge"},"iserver":{"authStatus":{"authenticated":true,"established":true,"competing":false,"connected":true,"message":"","MAC":"06:A8:C0:D9:D5:E3","serverInfo":{"serverName":"JifS17068","serverVersion":"Build 10.44.1f, Apr 7, 2026 1:49:24 PM"},"hardware_info":"275c5aa2|06:A8:C0:D9:D5:E3"}}}
19:56:27.884 INFO  vert.x-eventloop-thread-0 BaseServiceProxy     : -> GET /v1/api/tickle,200|80ms
19:56:27.885 DEBUG vert.x-eventloop-thread-0 ClientPortalService  : tickle {"session":"6fbbfa842586c01e7e1893f7d65be1a7","ssoExpires":30167,"collission":false,"userId":50301190,"hmds":{"error":"no bridge"},"iserver":{"authStatus":{"authenticated":true,"established":true,"competing":false,"connected":true,"message":"","MAC":"06:A8:C0:D9:D5:E3","serverInfo":{"serverName":"JifS17068","serverVersion":"Build 10.44.1f, Apr 7, 2026 1:49:24 PM"},"hardware_info":"275c5aa2|06:A8:C0:D9:D5:E3"}}}
19:56:43.939 INFO  vert.x-eventloop-thread-0 BaseServiceProxy     : -> GET /v1/api/tickle,200|59ms
19:56:58.115 INFO  vert.x-eventloop-thread-0 BaseServiceProxy     : -> GET /v1/api/tickle,200|309ms
19:56:58.118 DEBUG vert.x-eventloop-thread-0 ClientPortalService  : tickle {"session":"6fbbfa842586c01e7e1893f7d65be1a7","ssoExpires":13,"collission":false,"userId":50301190,"hmds":{"error":"no bridge"},"iserver":{"authStatus":{"authenticated":true,"established":true,"competing":false,"connected":true,"message":"","MAC":"06:A8:C0:D9:D5:E3","serverInfo":{"serverName":"JifS17068","serverVersion":"Build 10.44.1f, Apr 7, 2026 1:49:24 PM"},"hardware_info":"275c5aa2|06:A8:C0:D9:D5:E3"}}}
19:57:27.876 INFO  vert.x-eventloop-thread-0 BaseServiceProxy     : -> GET /v1/api/tickle,200|70ms
19:57:27.878 DEBUG vert.x-eventloop-thread-0 ClientPortalService  : tickle {"session":"6fbbfa842586c01e7e1893f7d65be1a7","ssoExpires":600000,"collission":false,"userId":50301190,"hmds":{"error":"no bridge"},"iserver":{"authStatus":{"authenticated":true,"established":true,"competing":false,"connected":true,"message":"","MAC":"06:A8:C0:D9:D5:E3","serverInfo":{"serverName":"JifS17068","serverVersion":"Build 10.44.1f, Apr 7, 2026 1:49:24 PM"},"hardware_info":"275c5aa2|06:A8:C0:D9:D5:E3"}}}
19:57:58.304 INFO  vert.x-eventloop-thread-0 BaseServiceProxy     : -> GET /v1/api/tickle,200|500ms
19:57:58.306 DEBUG vert.x-eventloop-thread-0 ClientPortalService  : tickle {"session":"6fbbfa842586c01e7e1893f7d65be1a7","ssoExpires":569570,"collission":false,"userId":50301190,"hmds":{"error":"no bridge"},"iserver":{"authStatus":{"authenticated":true,"established":true,"competing":false,"connected":true,"message":"","MAC":"06:A8:C0:D9:D5:E3","serverInfo":{"serverName":"JifS17068","serverVersion":"Build 10.44.1f, Apr 7, 2026 1:49:24 PM"},"hardware_info":"275c5aa2|06:A8:C0:D9:D5:E3"}}}
19:58:27.876 INFO  vert.x-eventloop-thread-0 BaseServiceProxy     : -> GET /v1/api/tickle,200|71ms
19:58:27.878 DEBUG vert.x-eventloop-thread-0 ClientPortalService  : tickle {"session":"6fbbfa842586c01e7e1893f7d65be1a7","ssoExpires":540001,"collission":false,"userId":50301190,"hmds":{"error":"no bridge"},"iserver":{"authStatus":{"authenticated":true,"established":true,"competing":false,"connected":true,"message":"","MAC":"06:A8:C0:D9:D5:E3","serverInfo":{"serverName":"JifS17068","serverVersion":"Build 10.44.1f, Apr 7, 2026 1:49:24 PM"},"hardware_info":"275c5aa2|06:A8:C0:D9:D5:E3"}}}
19:58:58.107 INFO  vert.x-eventloop-thread-0 BaseServiceProxy     : -> GET /v1/api/tickle,200|301ms
19:58:58.112 DEBUG vert.x-eventloop-thread-0 ClientPortalService  : tickle {"session":"6fbbfa842586c01e7e1893f7d65be1a7","ssoExpires":509765,"collission":false,"userId":50301190,"hmds":{"error":"no bridge"},"iserver":{"authStatus":{"authenticated":true,"established":true,"competing":false,"connected":true,"message":"","MAC":"06:A8:C0:D9:D5:E3","serverInfo":{"serverName":"JifS17068","serverVersion":"Build 10.44.1f, Apr 7, 2026 1:49:24 PM"},"hardware_info":"275c5aa2|06:A8:C0:D9:D5:E3"}}}
19:59:23.005 INFO  vert.x-eventloop-thread-0 BaseServiceProxy     : -> GET /sso/ping,200|343ms
19:59:23.006 INFO  vert.x-eventloop-thread-0 SsoService           : sso ping {"result": "true"}
19:59:27.867 INFO  vert.x-eventloop-thread-0 BaseServiceProxy     : -> GET /v1/api/tickle,200|62ms
19:59:27.867 DEBUG vert.x-eventloop-thread-0 ClientPortalService  : tickle {"session":"6fbbfa842586c01e7e1893f7d65be1a7","ssoExpires":480009,"collission":false,"userId":50301190,"hmds":{"error":"no bridge"},"iserver":{"authStatus":{"authenticated":true,"established":true,"competing":false,"connected":true,"message":"","MAC":"06:A8:C0:D9:D5:E3","serverInfo":{"serverName":"JifS17068","serverVersion":"Build 10.44.1f, Apr 7, 2026 1:49:24 PM"},"hardware_info":"275c5aa2|06:A8:C0:D9:D5:E3"}}}
19:59:44.262 INFO  vert.x-eventloop-thread-0 BaseServiceProxy     : -> GET /v1/api/tickle,200|223ms
19:59:57.872 INFO  vert.x-eventloop-thread-0 BaseServiceProxy     : -> GET /v1/api/tickle,200|67ms
19:59:57.873 DEBUG vert.x-eventloop-thread-0 ClientPortalService  : tickle {"session":"6fbbfa842586c01e7e1893f7d65be1a7","ssoExpires":450001,"collission":false,"userId":50301190,"hmds":{"error":"no bridge"},"iserver":{"authStatus":{"authenticated":true,"established":true,"competing":false,"connected":true,"message":"","MAC":"06:A8:C0:D9:D5:E3","serverInfo":{"serverName":"JifS17068","serverVersion":"Build 10.44.1f, Apr 7, 2026 1:49:24 PM"},"hardware_info":"275c5aa2|06:A8:C0:D9:D5:E3"}}}
20:00:28.032 INFO  vert.x-eventloop-thread-0 BaseServiceProxy     : -> GET /v1/api/tickle,200|226ms
20:00:28.034 DEBUG vert.x-eventloop-thread-0 ClientPortalService  : tickle {"session":"6fbbfa842586c01e7e1893f7d65be1a7","ssoExpires":419843,"collission":false,"userId":50301190,"hmds":{"error":"no bridge"},"iserver":{"authStatus":{"authenticated":true,"established":true,"competing":false,"connected":true,"message":"","MAC":"06:A8:C0:D9:D5:E3","serverInfo":{"serverName":"JifS17068","serverVersion":"Build 10.44.1f, Apr 7, 2026 1:49:24 PM"},"hardware_info":"275c5aa2|06:A8:C0:D9:D5:E3"}}}
20:00:57.887 INFO  vert.x-eventloop-thread-0 BaseServiceProxy     : -> GET /v1/api/tickle,200|82ms
20:00:57.889 DEBUG vert.x-eventloop-thread-0 ClientPortalService  : tickle {"session":"6fbbfa842586c01e7e1893f7d65be1a7","ssoExpires":389989,"collission":false,"userId":50301190,"hmds":{"error":"no bridge"},"iserver":{"authStatus":{"authenticated":true,"established":true,"competing":false,"connected":true,"message":"","MAC":"06:A8:C0:D9:D5:E3","serverInfo":{"serverName":"JifS17068","serverVersion":"Build 10.44.1f, Apr 7, 2026 1:49:24 PM"},"hardware_info":"275c5aa2|06:A8:C0:D9:D5:E3"}}}
20:01:27.885 INFO  vert.x-eventloop-thread-0 BaseServiceProxy     : -> GET /v1/api/tickle,200|80ms
20:01:27.887 DEBUG vert.x-eventloop-thread-0 ClientPortalService  : tickle {"session":"6fbbfa842586c01e7e1893f7d65be1a7","ssoExpires":359986,"collission":false,"userId":50301190,"hmds":{"error":"no bridge"},"iserver":{"authStatus":{"authenticated":true,"established":true,"competing":false,"connected":true,"message":"","MAC":"06:A8:C0:D9:D5:E3","serverInfo":{"serverName":"JifS17068","serverVersion":"Build 10.44.1f, Apr 7, 2026 1:49:24 PM"},"hardware_info":"275c5aa2|06:A8:C0:D9:D5:E3"}}}
20:01:58.053 INFO  vert.x-eventloop-thread-0 BaseServiceProxy     : -> GET /v1/api/tickle,200|248ms
20:01:58.054 DEBUG vert.x-eventloop-thread-0 ClientPortalService  : tickle {"session":"6fbbfa842586c01e7e1893f7d65be1a7","ssoExpires":329819,"collission":false,"userId":50301190,"hmds":{"error":"no bridge"},"iserver":{"authStatus":{"authenticated":true,"established":true,"competing":false,"connected":true,"message":"","MAC":"06:A8:C0:D9:D5:E3","serverInfo":{"serverName":"JifS17068","serverVersion":"Build 10.44.1f, Apr 7, 2026 1:49:24 PM"},"hardware_info":"275c5aa2|06:A8:C0:D9:D5:E3"}}}
20:02:27.863 INFO  vert.x-eventloop-thread-0 BaseServiceProxy     : -> GET /v1/api/tickle,200|59ms
20:02:27.864 DEBUG vert.x-eventloop-thread-0 ClientPortalService  : tickle {"session":"6fbbfa842586c01e7e1893f7d65be1a7","ssoExpires":300007,"collission":false,"userId":50301190,"hmds":{"error":"no bridge"},"iserver":{"authStatus":{"authenticated":true,"established":true,"competing":false,"connected":true,"message":"","MAC":"06:A8:C0:D9:D5:E3","serverInfo":{"serverName":"JifS17068","serverVersion":"Build 10.44.1f, Apr 7, 2026 1:49:24 PM"},"hardware_info":"275c5aa2|06:A8:C0:D9:D5:E3"}}}
20:02:44.491 INFO  vert.x-eventloop-thread-0 BaseServiceProxy     : -> GET /v1/api/tickle,200|87ms
20:02:57.868 INFO  vert.x-eventloop-thread-0 BaseServiceProxy     : -> GET /v1/api/tickle,200|62ms
20:02:57.870 DEBUG vert.x-eventloop-thread-0 ClientPortalService  : tickle {"session":"6fbbfa842586c01e7e1893f7d65be1a7","ssoExpires":270004,"collission":false,"userId":50301190,"hmds":{"error":"no bridge"},"iserver":{"authStatus":{"authenticated":true,"established":true,"competing":false,"connected":true,"message":"","MAC":"06:A8:C0:D9:D5:E3","serverInfo":{"serverName":"JifS17068","serverVersion":"Build 10.44.1f, Apr 7, 2026 1:49:24 PM"},"hardware_info":"275c5aa2|06:A8:C0:D9:D5:E3"}}}
20:03:27.871 INFO  vert.x-eventloop-thread-0 BaseServiceProxy     : -> GET /v1/api/tickle,200|66ms
20:03:27.873 DEBUG vert.x-eventloop-thread-0 ClientPortalService  : tickle {"session":"6fbbfa842586c01e7e1893f7d65be1a7","ssoExpires":240005,"collission":false,"userId":50301190,"hmds":{"error":"no bridge"},"iserver":{"authStatus":{"authenticated":true,"established":true,"competing":false,"connected":true,"message":"","MAC":"06:A8:C0:D9:D5:E3","serverInfo":{"serverName":"JifS17068","serverVersion":"Build 10.44.1f, Apr 7, 2026 1:49:24 PM"},"hardware_info":"275c5aa2|06:A8:C0:D9:D5:E3"}}}
20:03:55.950 INFO  vert.x-eventloop-thread-0 BaseServiceProxy     : -> GET /v1/api/logout,200|295ms
