16:35:40.158 INFO  main GatewayStart         : config ../root/conf.yaml !!ibgroup.web.core.clientportal.gw.Config
authDelay: 3000
ccp: false
cors: {origin.allowed: '*', allowCredentials: false}
ip2loc: US
ips:
  allow: [192.*, 131.216.*, 127.0.0.1]
  deny: [212.90.324.10]
listenPort: 8080
listenSsl: true
portalBaseURL: ''
proxyRemoteHost: https://api.ibkr.com
proxyRemoteSsl: true
sslCert: vertx.jks
sslPwd: mywebapi
ssoPing: 5
svcEnvironment: v1
tst: false
twsBaseURL: /tws.proxy
webApps:
- {cache: true, index: index.html, listing: false, name: demo, proxy: ''}

16:35:40.282 INFO  vert.x-eventloop-thread-0 GatewayHttpProxy     :  -> mount demo on /demo
16:35:40.293 INFO  vert.x-eventloop-thread-0 GatewayVerticle      : version: a27ed42161ad96c53e715ca5c5e3e3fa4cff5262 Mon, 24 Apr 2023 15:41:53 -0400
16:35:40.293 INFO  vert.x-eventloop-thread-0 GatewayVerticle      : Java Version: 17.0.10
16:35:40.707 WARN  vert.x-eventloop-thread-0 DefaultChannelPipeline : An exceptionCaught() event was fired, and it reached at the tail of the pipeline. It usually means the last handler in the pipeline did not handle the exception.
io.netty.handler.codec.DecoderException: javax.net.ssl.SSLHandshakeException: Received fatal alert: certificate_unknown
	at io.netty.handler.codec.ByteToMessageDecoder.callDecode(ByteToMessageDecoder.java:459)
	at io.netty.handler.codec.ByteToMessageDecoder.channelRead(ByteToMessageDecoder.java:265)
	at io.netty.channel.AbstractChannelHandlerContext.invokeChannelRead(AbstractChannelHandlerContext.java:362)
	at io.netty.channel.AbstractChannelHandlerContext.invokeChannelRead(AbstractChannelHandlerContext.java:348)
	at io.netty.channel.AbstractChannelHandlerContext.fireChannelRead(AbstractChannelHandlerContext.java:340)
	at io.netty.channel.DefaultChannelPipeline$HeadContext.channelRead(DefaultChannelPipeline.java:1359)
	at io.netty.channel.AbstractChannelHandlerContext.invokeChannelRead(AbstractChannelHandlerContext.java:362)
	at io.netty.channel.AbstractChannelHandlerContext.invokeChannelRead(AbstractChannelHandlerContext.java:348)
	at io.netty.channel.DefaultChannelPipeline.fireChannelRead(DefaultChannelPipeline.java:935)
	at io.netty.channel.nio.AbstractNioByteChannel$NioByteUnsafe.read(AbstractNioByteChannel.java:134)
	at io.netty.channel.nio.NioEventLoop.processSelectedKey(NioEventLoop.java:645)
	at io.netty.channel.nio.NioEventLoop.processSelectedKeysPlain(NioEventLoop.java:545)
	at io.netty.channel.nio.NioEventLoop.processSelectedKeys(NioEventLoop.java:499)
	at io.netty.channel.nio.NioEventLoop.run(NioEventLoop.java:459)
	at io.netty.util.concurrent.SingleThreadEventExecutor$5.run(SingleThreadEventExecutor.java:858)
	at java.base/java.lang.Thread.run(Thread.java:842)
Caused by: javax.net.ssl.SSLHandshakeException: Received fatal alert: certificate_unknown
	at java.base/sun.security.ssl.Alert.createSSLException(Alert.java:131)
	at java.base/sun.security.ssl.Alert.createSSLException(Alert.java:117)
	at java.base/sun.security.ssl.TransportContext.fatal(TransportContext.java:365)
	at java.base/sun.security.ssl.Alert$AlertConsumer.consume(Alert.java:293)
	at java.base/sun.security.ssl.TransportContext.dispatch(TransportContext.java:204)
	at java.base/sun.security.ssl.SSLTransport.decode(SSLTransport.java:172)
	at java.base/sun.security.ssl.SSLEngineImpl.decode(SSLEngineImpl.java:736)
	at java.base/sun.security.ssl.SSLEngineImpl.readRecord(SSLEngineImpl.java:691)
	at java.base/sun.security.ssl.SSLEngineImpl.unwrap(SSLEngineImpl.java:506)
	at java.base/sun.security.ssl.SSLEngineImpl.unwrap(SSLEngineImpl.java:482)
	at java.base/javax.net.ssl.SSLEngine.unwrap(SSLEngine.java:679)
	at io.netty.handler.ssl.SslHandler$SslEngineType$3.unwrap(SslHandler.java:281)
	at io.netty.handler.ssl.SslHandler.unwrap(SslHandler.java:1215)
	at io.netty.handler.ssl.SslHandler.decodeJdkCompatible(SslHandler.java:1127)
	at io.netty.handler.ssl.SslHandler.decode(SslHandler.java:1162)
	at io.netty.handler.codec.ByteToMessageDecoder.decodeRemovalReentryProtection(ByteToMessageDecoder.java:489)
	at io.netty.handler.codec.ByteToMessageDecoder.callDecode(ByteToMessageDecoder.java:428)
	... 15 common frames omitted
16:35:40.720 WARN  vert.x-eventloop-thread-0 DefaultChannelPipeline : An exceptionCaught() event was fired, and it reached at the tail of the pipeline. It usually means the last handler in the pipeline did not handle the exception.
io.netty.handler.codec.DecoderException: javax.net.ssl.SSLHandshakeException: Received fatal alert: certificate_unknown
	at io.netty.handler.codec.ByteToMessageDecoder.callDecode(ByteToMessageDecoder.java:459)
	at io.netty.handler.codec.ByteToMessageDecoder.channelRead(ByteToMessageDecoder.java:265)
	at io.netty.channel.AbstractChannelHandlerContext.invokeChannelRead(AbstractChannelHandlerContext.java:362)
	at io.netty.channel.AbstractChannelHandlerContext.invokeChannelRead(AbstractChannelHandlerContext.java:348)
	at io.netty.channel.AbstractChannelHandlerContext.fireChannelRead(AbstractChannelHandlerContext.java:340)
	at io.netty.channel.DefaultChannelPipeline$HeadContext.channelRead(DefaultChannelPipeline.java:1359)
	at io.netty.channel.AbstractChannelHandlerContext.invokeChannelRead(AbstractChannelHandlerContext.java:362)
	at io.netty.channel.AbstractChannelHandlerContext.invokeChannelRead(AbstractChannelHandlerContext.java:348)
	at io.netty.channel.DefaultChannelPipeline.fireChannelRead(DefaultChannelPipeline.java:935)
	at io.netty.channel.nio.AbstractNioByteChannel$NioByteUnsafe.read(AbstractNioByteChannel.java:134)
	at io.netty.channel.nio.NioEventLoop.processSelectedKey(NioEventLoop.java:645)
	at io.netty.channel.nio.NioEventLoop.processSelectedKeysPlain(NioEventLoop.java:545)
	at io.netty.channel.nio.NioEventLoop.processSelectedKeys(NioEventLoop.java:499)
	at io.netty.channel.nio.NioEventLoop.run(NioEventLoop.java:459)
	at io.netty.util.concurrent.SingleThreadEventExecutor$5.run(SingleThreadEventExecutor.java:858)
	at java.base/java.lang.Thread.run(Thread.java:842)
Caused by: javax.net.ssl.SSLHandshakeException: Received fatal alert: certificate_unknown
	at java.base/sun.security.ssl.Alert.createSSLException(Alert.java:131)
	at java.base/sun.security.ssl.Alert.createSSLException(Alert.java:117)
	at java.base/sun.security.ssl.TransportContext.fatal(TransportContext.java:365)
	at java.base/sun.security.ssl.Alert$AlertConsumer.consume(Alert.java:293)
	at java.base/sun.security.ssl.TransportContext.dispatch(TransportContext.java:204)
	at java.base/sun.security.ssl.SSLTransport.decode(SSLTransport.java:172)
	at java.base/sun.security.ssl.SSLEngineImpl.decode(SSLEngineImpl.java:736)
	at java.base/sun.security.ssl.SSLEngineImpl.readRecord(SSLEngineImpl.java:691)
	at java.base/sun.security.ssl.SSLEngineImpl.unwrap(SSLEngineImpl.java:506)
	at java.base/sun.security.ssl.SSLEngineImpl.unwrap(SSLEngineImpl.java:482)
	at java.base/javax.net.ssl.SSLEngine.unwrap(SSLEngine.java:679)
	at io.netty.handler.ssl.SslHandler$SslEngineType$3.unwrap(SslHandler.java:281)
	at io.netty.handler.ssl.SslHandler.unwrap(SslHandler.java:1215)
	at io.netty.handler.ssl.SslHandler.decodeJdkCompatible(SslHandler.java:1127)
	at io.netty.handler.ssl.SslHandler.decode(SslHandler.java:1162)
	at io.netty.handler.codec.ByteToMessageDecoder.decodeRemovalReentryProtection(ByteToMessageDecoder.java:489)
	at io.netty.handler.codec.ByteToMessageDecoder.callDecode(ByteToMessageDecoder.java:428)
	... 15 common frames omitted
16:35:41.229 INFO  vert.x-eventloop-thread-0 BaseServiceProxy     : -> GET /sso/Login?forwardTo=22&RL=1&ip2loc=US,200|380ms
16:35:41.230 INFO  vert.x-eventloop-thread-0 CookieManager        : set cookies [partnerID=""; Domain=.ibkr.com; Expires=Thu, 01 Jan 1970 00:00:10 GMT; Path=/;Secure;SameSite=None, partnerID=""; Domain=.ibkr.com; Expires=Thu, 01 Jan 1970 00:00:10 GMT; Path=/;Secure;SameSite=None, URL_PARAM=forwardTo%3D22&RL%3D1&ip2loc%3DUS; Domain=.ibkr.com; Path=/;Secure, JSESSIONID=AB9CFA76E81D2DAB2C4D59A152753F62.ny5wwwdam2-internet; Path=/sso; HttpOnly;Secure;SameSite=None, x-sess-uuid=0.c5a4c117.1776760541.20b52db6; secure; HttpOnly]
16:35:41.230 DEBUG vert.x-eventloop-thread-0 BaseServiceProxy     : Remapping Set-cookies [partnerID=""; Domain=.ibkr.com; Expires=Thu, 01 Jan 1970 00:00:10 GMT; Path=/;Secure;SameSite=None, partnerID=""; Domain=.ibkr.com; Expires=Thu, 01 Jan 1970 00:00:10 GMT; Path=/;Secure;SameSite=None, URL_PARAM=forwardTo%3D22&RL%3D1&ip2loc%3DUS; Domain=.ibkr.com; Path=/;Secure, JSESSIONID=AB9CFA76E81D2DAB2C4D59A152753F62.ny5wwwdam2-internet; Path=/sso; HttpOnly;Secure;SameSite=None, x-sess-uuid=0.c5a4c117.1776760541.20b52db6; secure; HttpOnly] -> 
16:35:41.295 WARN  vert.x-eventloop-thread-0 DefaultChannelPipeline : An exceptionCaught() event was fired, and it reached at the tail of the pipeline. It usually means the last handler in the pipeline did not handle the exception.
io.netty.handler.codec.DecoderException: javax.net.ssl.SSLHandshakeException: Received fatal alert: certificate_unknown
	at io.netty.handler.codec.ByteToMessageDecoder.callDecode(ByteToMessageDecoder.java:459)
	at io.netty.handler.codec.ByteToMessageDecoder.channelRead(ByteToMessageDecoder.java:265)
	at io.netty.channel.AbstractChannelHandlerContext.invokeChannelRead(AbstractChannelHandlerContext.java:362)
	at io.netty.channel.AbstractChannelHandlerContext.invokeChannelRead(AbstractChannelHandlerContext.java:348)
	at io.netty.channel.AbstractChannelHandlerContext.fireChannelRead(AbstractChannelHandlerContext.java:340)
	at io.netty.channel.DefaultChannelPipeline$HeadContext.channelRead(DefaultChannelPipeline.java:1359)
	at io.netty.channel.AbstractChannelHandlerContext.invokeChannelRead(AbstractChannelHandlerContext.java:362)
	at io.netty.channel.AbstractChannelHandlerContext.invokeChannelRead(AbstractChannelHandlerContext.java:348)
	at io.netty.channel.DefaultChannelPipeline.fireChannelRead(DefaultChannelPipeline.java:935)
	at io.netty.channel.nio.AbstractNioByteChannel$NioByteUnsafe.read(AbstractNioByteChannel.java:134)
	at io.netty.channel.nio.NioEventLoop.processSelectedKey(NioEventLoop.java:645)
	at io.netty.channel.nio.NioEventLoop.processSelectedKeysPlain(NioEventLoop.java:545)
	at io.netty.channel.nio.NioEventLoop.processSelectedKeys(NioEventLoop.java:499)
	at io.netty.channel.nio.NioEventLoop.run(NioEventLoop.java:459)
	at io.netty.util.concurrent.SingleThreadEventExecutor$5.run(SingleThreadEventExecutor.java:858)
	at java.base/java.lang.Thread.run(Thread.java:842)
Caused by: javax.net.ssl.SSLHandshakeException: Received fatal alert: certificate_unknown
	at java.base/sun.security.ssl.Alert.createSSLException(Alert.java:131)
	at java.base/sun.security.ssl.Alert.createSSLException(Alert.java:117)
	at java.base/sun.security.ssl.TransportContext.fatal(TransportContext.java:365)
	at java.base/sun.security.ssl.Alert$AlertConsumer.consume(Alert.java:293)
	at java.base/sun.security.ssl.TransportContext.dispatch(TransportContext.java:204)
	at java.base/sun.security.ssl.SSLTransport.decode(SSLTransport.java:172)
	at java.base/sun.security.ssl.SSLEngineImpl.decode(SSLEngineImpl.java:736)
	at java.base/sun.security.ssl.SSLEngineImpl.readRecord(SSLEngineImpl.java:691)
	at java.base/sun.security.ssl.SSLEngineImpl.unwrap(SSLEngineImpl.java:506)
	at java.base/sun.security.ssl.SSLEngineImpl.unwrap(SSLEngineImpl.java:482)
	at java.base/javax.net.ssl.SSLEngine.unwrap(SSLEngine.java:679)
	at io.netty.handler.ssl.SslHandler$SslEngineType$3.unwrap(SslHandler.java:281)
	at io.netty.handler.ssl.SslHandler.unwrap(SslHandler.java:1215)
	at io.netty.handler.ssl.SslHandler.decodeJdkCompatible(SslHandler.java:1127)
	at io.netty.handler.ssl.SslHandler.decode(SslHandler.java:1162)
	at io.netty.handler.codec.ByteToMessageDecoder.decodeRemovalReentryProtection(ByteToMessageDecoder.java:489)
	at io.netty.handler.codec.ByteToMessageDecoder.callDecode(ByteToMessageDecoder.java:428)
	... 15 common frames omitted
16:35:41.298 WARN  vert.x-eventloop-thread-0 DefaultChannelPipeline : An exceptionCaught() event was fired, and it reached at the tail of the pipeline. It usually means the last handler in the pipeline did not handle the exception.
io.netty.handler.codec.DecoderException: javax.net.ssl.SSLHandshakeException: Received fatal alert: certificate_unknown
	at io.netty.handler.codec.ByteToMessageDecoder.callDecode(ByteToMessageDecoder.java:459)
	at io.netty.handler.codec.ByteToMessageDecoder.channelRead(ByteToMessageDecoder.java:265)
	at io.netty.channel.AbstractChannelHandlerContext.invokeChannelRead(AbstractChannelHandlerContext.java:362)
	at io.netty.channel.AbstractChannelHandlerContext.invokeChannelRead(AbstractChannelHandlerContext.java:348)
	at io.netty.channel.AbstractChannelHandlerContext.fireChannelRead(AbstractChannelHandlerContext.java:340)
	at io.netty.channel.DefaultChannelPipeline$HeadContext.channelRead(DefaultChannelPipeline.java:1359)
	at io.netty.channel.AbstractChannelHandlerContext.invokeChannelRead(AbstractChannelHandlerContext.java:362)
	at io.netty.channel.AbstractChannelHandlerContext.invokeChannelRead(AbstractChannelHandlerContext.java:348)
	at io.netty.channel.DefaultChannelPipeline.fireChannelRead(DefaultChannelPipeline.java:935)
	at io.netty.channel.nio.AbstractNioByteChannel$NioByteUnsafe.read(AbstractNioByteChannel.java:134)
	at io.netty.channel.nio.NioEventLoop.processSelectedKey(NioEventLoop.java:645)
	at io.netty.channel.nio.NioEventLoop.processSelectedKeysPlain(NioEventLoop.java:545)
	at io.netty.channel.nio.NioEventLoop.processSelectedKeys(NioEventLoop.java:499)
	at io.netty.channel.nio.NioEventLoop.run(NioEventLoop.java:459)
	at io.netty.util.concurrent.SingleThreadEventExecutor$5.run(SingleThreadEventExecutor.java:858)
	at java.base/java.lang.Thread.run(Thread.java:842)
Caused by: javax.net.ssl.SSLHandshakeException: Received fatal alert: certificate_unknown
	at java.base/sun.security.ssl.Alert.createSSLException(Alert.java:131)
	at java.base/sun.security.ssl.Alert.createSSLException(Alert.java:117)
	at java.base/sun.security.ssl.TransportContext.fatal(TransportContext.java:365)
	at java.base/sun.security.ssl.Alert$AlertConsumer.consume(Alert.java:293)
	at java.base/sun.security.ssl.TransportContext.dispatch(TransportContext.java:204)
	at java.base/sun.security.ssl.SSLTransport.decode(SSLTransport.java:172)
	at java.base/sun.security.ssl.SSLEngineImpl.decode(SSLEngineImpl.java:736)
	at java.base/sun.security.ssl.SSLEngineImpl.readRecord(SSLEngineImpl.java:691)
	at java.base/sun.security.ssl.SSLEngineImpl.unwrap(SSLEngineImpl.java:506)
	at java.base/sun.security.ssl.SSLEngineImpl.unwrap(SSLEngineImpl.java:482)
	at java.base/javax.net.ssl.SSLEngine.unwrap(SSLEngine.java:679)
	at io.netty.handler.ssl.SslHandler$SslEngineType$3.unwrap(SslHandler.java:281)
	at io.netty.handler.ssl.SslHandler.unwrap(SslHandler.java:1215)
	at io.netty.handler.ssl.SslHandler.decodeJdkCompatible(SslHandler.java:1127)
	at io.netty.handler.ssl.SslHandler.decode(SslHandler.java:1162)
	at io.netty.handler.codec.ByteToMessageDecoder.decodeRemovalReentryProtection(ByteToMessageDecoder.java:489)
	at io.netty.handler.codec.ByteToMessageDecoder.callDecode(ByteToMessageDecoder.java:428)
	... 15 common frames omitted
16:35:41.299 WARN  vert.x-eventloop-thread-0 DefaultChannelPipeline : An exceptionCaught() event was fired, and it reached at the tail of the pipeline. It usually means the last handler in the pipeline did not handle the exception.
io.netty.handler.codec.DecoderException: javax.net.ssl.SSLHandshakeException: Received fatal alert: certificate_unknown
	at io.netty.handler.codec.ByteToMessageDecoder.callDecode(ByteToMessageDecoder.java:459)
	at io.netty.handler.codec.ByteToMessageDecoder.channelRead(ByteToMessageDecoder.java:265)
	at io.netty.channel.AbstractChannelHandlerContext.invokeChannelRead(AbstractChannelHandlerContext.java:362)
	at io.netty.channel.AbstractChannelHandlerContext.invokeChannelRead(AbstractChannelHandlerContext.java:348)
	at io.netty.channel.AbstractChannelHandlerContext.fireChannelRead(AbstractChannelHandlerContext.java:340)
	at io.netty.channel.DefaultChannelPipeline$HeadContext.channelRead(DefaultChannelPipeline.java:1359)
	at io.netty.channel.AbstractChannelHandlerContext.invokeChannelRead(AbstractChannelHandlerContext.java:362)
	at io.netty.channel.AbstractChannelHandlerContext.invokeChannelRead(AbstractChannelHandlerContext.java:348)
	at io.netty.channel.DefaultChannelPipeline.fireChannelRead(DefaultChannelPipeline.java:935)
	at io.netty.channel.nio.AbstractNioByteChannel$NioByteUnsafe.read(AbstractNioByteChannel.java:134)
	at io.netty.channel.nio.NioEventLoop.processSelectedKey(NioEventLoop.java:645)
	at io.netty.channel.nio.NioEventLoop.processSelectedKeysPlain(NioEventLoop.java:545)
	at io.netty.channel.nio.NioEventLoop.processSelectedKeys(NioEventLoop.java:499)
	at io.netty.channel.nio.NioEventLoop.run(NioEventLoop.java:459)
	at io.netty.util.concurrent.SingleThreadEventExecutor$5.run(SingleThreadEventExecutor.java:858)
	at java.base/java.lang.Thread.run(Thread.java:842)
Caused by: javax.net.ssl.SSLHandshakeException: Received fatal alert: certificate_unknown
	at java.base/sun.security.ssl.Alert.createSSLException(Alert.java:131)
	at java.base/sun.security.ssl.Alert.createSSLException(Alert.java:117)
	at java.base/sun.security.ssl.TransportContext.fatal(TransportContext.java:365)
	at java.base/sun.security.ssl.Alert$AlertConsumer.consume(Alert.java:293)
	at java.base/sun.security.ssl.TransportContext.dispatch(TransportContext.java:204)
	at java.base/sun.security.ssl.SSLTransport.decode(SSLTransport.java:172)
	at java.base/sun.security.ssl.SSLEngineImpl.decode(SSLEngineImpl.java:736)
	at java.base/sun.security.ssl.SSLEngineImpl.readRecord(SSLEngineImpl.java:691)
	at java.base/sun.security.ssl.SSLEngineImpl.unwrap(SSLEngineImpl.java:506)
	at java.base/sun.security.ssl.SSLEngineImpl.unwrap(SSLEngineImpl.java:482)
	at java.base/javax.net.ssl.SSLEngine.unwrap(SSLEngine.java:679)
	at io.netty.handler.ssl.SslHandler$SslEngineType$3.unwrap(SslHandler.java:281)
	at io.netty.handler.ssl.SslHandler.unwrap(SslHandler.java:1215)
	at io.netty.handler.ssl.SslHandler.decodeJdkCompatible(SslHandler.java:1127)
	at io.netty.handler.ssl.SslHandler.decode(SslHandler.java:1162)
	at io.netty.handler.codec.ByteToMessageDecoder.decodeRemovalReentryProtection(ByteToMessageDecoder.java:489)
	at io.netty.handler.codec.ByteToMessageDecoder.callDecode(ByteToMessageDecoder.java:428)
	... 15 common frames omitted
16:35:41.301 WARN  vert.x-eventloop-thread-0 DefaultChannelPipeline : An exceptionCaught() event was fired, and it reached at the tail of the pipeline. It usually means the last handler in the pipeline did not handle the exception.
io.netty.handler.codec.DecoderException: javax.net.ssl.SSLHandshakeException: Received fatal alert: certificate_unknown
	at io.netty.handler.codec.ByteToMessageDecoder.callDecode(ByteToMessageDecoder.java:459)
	at io.netty.handler.codec.ByteToMessageDecoder.channelRead(ByteToMessageDecoder.java:265)
	at io.netty.channel.AbstractChannelHandlerContext.invokeChannelRead(AbstractChannelHandlerContext.java:362)
	at io.netty.channel.AbstractChannelHandlerContext.invokeChannelRead(AbstractChannelHandlerContext.java:348)
	at io.netty.channel.AbstractChannelHandlerContext.fireChannelRead(AbstractChannelHandlerContext.java:340)
	at io.netty.channel.DefaultChannelPipeline$HeadContext.channelRead(DefaultChannelPipeline.java:1359)
	at io.netty.channel.AbstractChannelHandlerContext.invokeChannelRead(AbstractChannelHandlerContext.java:362)
	at io.netty.channel.AbstractChannelHandlerContext.invokeChannelRead(AbstractChannelHandlerContext.java:348)
	at io.netty.channel.DefaultChannelPipeline.fireChannelRead(DefaultChannelPipeline.java:935)
	at io.netty.channel.nio.AbstractNioByteChannel$NioByteUnsafe.read(AbstractNioByteChannel.java:134)
	at io.netty.channel.nio.NioEventLoop.processSelectedKey(NioEventLoop.java:645)
	at io.netty.channel.nio.NioEventLoop.processSelectedKeysPlain(NioEventLoop.java:545)
	at io.netty.channel.nio.NioEventLoop.processSelectedKeys(NioEventLoop.java:499)
	at io.netty.channel.nio.NioEventLoop.run(NioEventLoop.java:459)
	at io.netty.util.concurrent.SingleThreadEventExecutor$5.run(SingleThreadEventExecutor.java:858)
	at java.base/java.lang.Thread.run(Thread.java:842)
Caused by: javax.net.ssl.SSLHandshakeException: Received fatal alert: certificate_unknown
	at java.base/sun.security.ssl.Alert.createSSLException(Alert.java:131)
	at java.base/sun.security.ssl.Alert.createSSLException(Alert.java:117)
	at java.base/sun.security.ssl.TransportContext.fatal(TransportContext.java:365)
	at java.base/sun.security.ssl.Alert$AlertConsumer.consume(Alert.java:293)
	at java.base/sun.security.ssl.TransportContext.dispatch(TransportContext.java:204)
	at java.base/sun.security.ssl.SSLTransport.decode(SSLTransport.java:172)
	at java.base/sun.security.ssl.SSLEngineImpl.decode(SSLEngineImpl.java:736)
	at java.base/sun.security.ssl.SSLEngineImpl.readRecord(SSLEngineImpl.java:691)
	at java.base/sun.security.ssl.SSLEngineImpl.unwrap(SSLEngineImpl.java:506)
	at java.base/sun.security.ssl.SSLEngineImpl.unwrap(SSLEngineImpl.java:482)
	at java.base/javax.net.ssl.SSLEngine.unwrap(SSLEngine.java:679)
	at io.netty.handler.ssl.SslHandler$SslEngineType$3.unwrap(SslHandler.java:281)
	at io.netty.handler.ssl.SslHandler.unwrap(SslHandler.java:1215)
	at io.netty.handler.ssl.SslHandler.decodeJdkCompatible(SslHandler.java:1127)
	at io.netty.handler.ssl.SslHandler.decode(SslHandler.java:1162)
	at io.netty.handler.codec.ByteToMessageDecoder.decodeRemovalReentryProtection(ByteToMessageDecoder.java:489)
	at io.netty.handler.codec.ByteToMessageDecoder.callDecode(ByteToMessageDecoder.java:428)
	... 15 common frames omitted
16:35:41.304 WARN  vert.x-eventloop-thread-0 DefaultChannelPipeline : An exceptionCaught() event was fired, and it reached at the tail of the pipeline. It usually means the last handler in the pipeline did not handle the exception.
io.netty.handler.codec.DecoderException: javax.net.ssl.SSLHandshakeException: Received fatal alert: certificate_unknown
	at io.netty.handler.codec.ByteToMessageDecoder.callDecode(ByteToMessageDecoder.java:459)
	at io.netty.handler.codec.ByteToMessageDecoder.channelRead(ByteToMessageDecoder.java:265)
	at io.netty.channel.AbstractChannelHandlerContext.invokeChannelRead(AbstractChannelHandlerContext.java:362)
	at io.netty.channel.AbstractChannelHandlerContext.invokeChannelRead(AbstractChannelHandlerContext.java:348)
	at io.netty.channel.AbstractChannelHandlerContext.fireChannelRead(AbstractChannelHandlerContext.java:340)
	at io.netty.channel.DefaultChannelPipeline$HeadContext.channelRead(DefaultChannelPipeline.java:1359)
	at io.netty.channel.AbstractChannelHandlerContext.invokeChannelRead(AbstractChannelHandlerContext.java:362)
	at io.netty.channel.AbstractChannelHandlerContext.invokeChannelRead(AbstractChannelHandlerContext.java:348)
	at io.netty.channel.DefaultChannelPipeline.fireChannelRead(DefaultChannelPipeline.java:935)
	at io.netty.channel.nio.AbstractNioByteChannel$NioByteUnsafe.read(AbstractNioByteChannel.java:134)
	at io.netty.channel.nio.NioEventLoop.processSelectedKey(NioEventLoop.java:645)
	at io.netty.channel.nio.NioEventLoop.processSelectedKeysPlain(NioEventLoop.java:545)
	at io.netty.channel.nio.NioEventLoop.processSelectedKeys(NioEventLoop.java:499)
	at io.netty.channel.nio.NioEventLoop.run(NioEventLoop.java:459)
	at io.netty.util.concurrent.SingleThreadEventExecutor$5.run(SingleThreadEventExecutor.java:858)
	at java.base/java.lang.Thread.run(Thread.java:842)
Caused by: javax.net.ssl.SSLHandshakeException: Received fatal alert: certificate_unknown
	at java.base/sun.security.ssl.Alert.createSSLException(Alert.java:131)
	at java.base/sun.security.ssl.Alert.createSSLException(Alert.java:117)
	at java.base/sun.security.ssl.TransportContext.fatal(TransportContext.java:365)
	at java.base/sun.security.ssl.Alert$AlertConsumer.consume(Alert.java:293)
	at java.base/sun.security.ssl.TransportContext.dispatch(TransportContext.java:204)
	at java.base/sun.security.ssl.SSLTransport.decode(SSLTransport.java:172)
	at java.base/sun.security.ssl.SSLEngineImpl.decode(SSLEngineImpl.java:736)
	at java.base/sun.security.ssl.SSLEngineImpl.readRecord(SSLEngineImpl.java:691)
	at java.base/sun.security.ssl.SSLEngineImpl.unwrap(SSLEngineImpl.java:506)
	at java.base/sun.security.ssl.SSLEngineImpl.unwrap(SSLEngineImpl.java:482)
	at java.base/javax.net.ssl.SSLEngine.unwrap(SSLEngine.java:679)
	at io.netty.handler.ssl.SslHandler$SslEngineType$3.unwrap(SslHandler.java:281)
	at io.netty.handler.ssl.SslHandler.unwrap(SslHandler.java:1215)
	at io.netty.handler.ssl.SslHandler.decodeJdkCompatible(SslHandler.java:1127)
	at io.netty.handler.ssl.SslHandler.decode(SslHandler.java:1162)
	at io.netty.handler.codec.ByteToMessageDecoder.decodeRemovalReentryProtection(ByteToMessageDecoder.java:489)
	at io.netty.handler.codec.ByteToMessageDecoder.callDecode(ByteToMessageDecoder.java:428)
	... 15 common frames omitted
16:35:41.306 WARN  vert.x-eventloop-thread-0 DefaultChannelPipeline : An exceptionCaught() event was fired, and it reached at the tail of the pipeline. It usually means the last handler in the pipeline did not handle the exception.
io.netty.handler.codec.DecoderException: javax.net.ssl.SSLHandshakeException: Received fatal alert: certificate_unknown
	at io.netty.handler.codec.ByteToMessageDecoder.callDecode(ByteToMessageDecoder.java:459)
	at io.netty.handler.codec.ByteToMessageDecoder.channelRead(ByteToMessageDecoder.java:265)
	at io.netty.channel.AbstractChannelHandlerContext.invokeChannelRead(AbstractChannelHandlerContext.java:362)
	at io.netty.channel.AbstractChannelHandlerContext.invokeChannelRead(AbstractChannelHandlerContext.java:348)
	at io.netty.channel.AbstractChannelHandlerContext.fireChannelRead(AbstractChannelHandlerContext.java:340)
	at io.netty.channel.DefaultChannelPipeline$HeadContext.channelRead(DefaultChannelPipeline.java:1359)
	at io.netty.channel.AbstractChannelHandlerContext.invokeChannelRead(AbstractChannelHandlerContext.java:362)
	at io.netty.channel.AbstractChannelHandlerContext.invokeChannelRead(AbstractChannelHandlerContext.java:348)
	at io.netty.channel.DefaultChannelPipeline.fireChannelRead(DefaultChannelPipeline.java:935)
	at io.netty.channel.nio.AbstractNioByteChannel$NioByteUnsafe.read(AbstractNioByteChannel.java:134)
	at io.netty.channel.nio.NioEventLoop.processSelectedKey(NioEventLoop.java:645)
	at io.netty.channel.nio.NioEventLoop.processSelectedKeysPlain(NioEventLoop.java:545)
	at io.netty.channel.nio.NioEventLoop.processSelectedKeys(NioEventLoop.java:499)
	at io.netty.channel.nio.NioEventLoop.run(NioEventLoop.java:459)
	at io.netty.util.concurrent.SingleThreadEventExecutor$5.run(SingleThreadEventExecutor.java:858)
	at java.base/java.lang.Thread.run(Thread.java:842)
Caused by: javax.net.ssl.SSLHandshakeException: Received fatal alert: certificate_unknown
	at java.base/sun.security.ssl.Alert.createSSLException(Alert.java:131)
	at java.base/sun.security.ssl.Alert.createSSLException(Alert.java:117)
	at java.base/sun.security.ssl.TransportContext.fatal(TransportContext.java:365)
	at java.base/sun.security.ssl.Alert$AlertConsumer.consume(Alert.java:293)
	at java.base/sun.security.ssl.TransportContext.dispatch(TransportContext.java:204)
	at java.base/sun.security.ssl.SSLTransport.decode(SSLTransport.java:172)
	at java.base/sun.security.ssl.SSLEngineImpl.decode(SSLEngineImpl.java:736)
	at java.base/sun.security.ssl.SSLEngineImpl.readRecord(SSLEngineImpl.java:691)
	at java.base/sun.security.ssl.SSLEngineImpl.unwrap(SSLEngineImpl.java:506)
	at java.base/sun.security.ssl.SSLEngineImpl.unwrap(SSLEngineImpl.java:482)
	at java.base/javax.net.ssl.SSLEngine.unwrap(SSLEngine.java:679)
	at io.netty.handler.ssl.SslHandler$SslEngineType$3.unwrap(SslHandler.java:281)
	at io.netty.handler.ssl.SslHandler.unwrap(SslHandler.java:1215)
	at io.netty.handler.ssl.SslHandler.decodeJdkCompatible(SslHandler.java:1127)
	at io.netty.handler.ssl.SslHandler.decode(SslHandler.java:1162)
	at io.netty.handler.codec.ByteToMessageDecoder.decodeRemovalReentryProtection(ByteToMessageDecoder.java:489)
	at io.netty.handler.codec.ByteToMessageDecoder.callDecode(ByteToMessageDecoder.java:428)
	... 15 common frames omitted
16:35:41.312 WARN  vert.x-eventloop-thread-0 DefaultChannelPipeline : An exceptionCaught() event was fired, and it reached at the tail of the pipeline. It usually means the last handler in the pipeline did not handle the exception.
io.netty.handler.codec.DecoderException: javax.net.ssl.SSLHandshakeException: Received fatal alert: certificate_unknown
	at io.netty.handler.codec.ByteToMessageDecoder.callDecode(ByteToMessageDecoder.java:459)
	at io.netty.handler.codec.ByteToMessageDecoder.channelRead(ByteToMessageDecoder.java:265)
	at io.netty.channel.AbstractChannelHandlerContext.invokeChannelRead(AbstractChannelHandlerContext.java:362)
	at io.netty.channel.AbstractChannelHandlerContext.invokeChannelRead(AbstractChannelHandlerContext.java:348)
	at io.netty.channel.AbstractChannelHandlerContext.fireChannelRead(AbstractChannelHandlerContext.java:340)
	at io.netty.channel.DefaultChannelPipeline$HeadContext.channelRead(DefaultChannelPipeline.java:1359)
	at io.netty.channel.AbstractChannelHandlerContext.invokeChannelRead(AbstractChannelHandlerContext.java:362)
	at io.netty.channel.AbstractChannelHandlerContext.invokeChannelRead(AbstractChannelHandlerContext.java:348)
	at io.netty.channel.DefaultChannelPipeline.fireChannelRead(DefaultChannelPipeline.java:935)
	at io.netty.channel.nio.AbstractNioByteChannel$NioByteUnsafe.read(AbstractNioByteChannel.java:134)
	at io.netty.channel.nio.NioEventLoop.processSelectedKey(NioEventLoop.java:645)
	at io.netty.channel.nio.NioEventLoop.processSelectedKeysPlain(NioEventLoop.java:545)
	at io.netty.channel.nio.NioEventLoop.processSelectedKeys(NioEventLoop.java:499)
	at io.netty.channel.nio.NioEventLoop.run(NioEventLoop.java:459)
	at io.netty.util.concurrent.SingleThreadEventExecutor$5.run(SingleThreadEventExecutor.java:858)
	at java.base/java.lang.Thread.run(Thread.java:842)
Caused by: javax.net.ssl.SSLHandshakeException: Received fatal alert: certificate_unknown
	at java.base/sun.security.ssl.Alert.createSSLException(Alert.java:131)
	at java.base/sun.security.ssl.Alert.createSSLException(Alert.java:117)
	at java.base/sun.security.ssl.TransportContext.fatal(TransportContext.java:365)
	at java.base/sun.security.ssl.Alert$AlertConsumer.consume(Alert.java:293)
	at java.base/sun.security.ssl.TransportContext.dispatch(TransportContext.java:204)
	at java.base/sun.security.ssl.SSLTransport.decode(SSLTransport.java:172)
	at java.base/sun.security.ssl.SSLEngineImpl.decode(SSLEngineImpl.java:736)
	at java.base/sun.security.ssl.SSLEngineImpl.readRecord(SSLEngineImpl.java:691)
	at java.base/sun.security.ssl.SSLEngineImpl.unwrap(SSLEngineImpl.java:506)
	at java.base/sun.security.ssl.SSLEngineImpl.unwrap(SSLEngineImpl.java:482)
	at java.base/javax.net.ssl.SSLEngine.unwrap(SSLEngine.java:679)
	at io.netty.handler.ssl.SslHandler$SslEngineType$3.unwrap(SslHandler.java:281)
	at io.netty.handler.ssl.SslHandler.unwrap(SslHandler.java:1215)
	at io.netty.handler.ssl.SslHandler.decodeJdkCompatible(SslHandler.java:1127)
	at io.netty.handler.ssl.SslHandler.decode(SslHandler.java:1162)
	at io.netty.handler.codec.ByteToMessageDecoder.decodeRemovalReentryProtection(ByteToMessageDecoder.java:489)
	at io.netty.handler.codec.ByteToMessageDecoder.callDecode(ByteToMessageDecoder.java:428)
	... 15 common frames omitted
16:35:41.313 WARN  vert.x-eventloop-thread-0 DefaultChannelPipeline : An exceptionCaught() event was fired, and it reached at the tail of the pipeline. It usually means the last handler in the pipeline did not handle the exception.
io.netty.handler.codec.DecoderException: javax.net.ssl.SSLHandshakeException: Received fatal alert: certificate_unknown
	at io.netty.handler.codec.ByteToMessageDecoder.callDecode(ByteToMessageDecoder.java:459)
	at io.netty.handler.codec.ByteToMessageDecoder.channelRead(ByteToMessageDecoder.java:265)
	at io.netty.channel.AbstractChannelHandlerContext.invokeChannelRead(AbstractChannelHandlerContext.java:362)
	at io.netty.channel.AbstractChannelHandlerContext.invokeChannelRead(AbstractChannelHandlerContext.java:348)
	at io.netty.channel.AbstractChannelHandlerContext.fireChannelRead(AbstractChannelHandlerContext.java:340)
	at io.netty.channel.DefaultChannelPipeline$HeadContext.channelRead(DefaultChannelPipeline.java:1359)
	at io.netty.channel.AbstractChannelHandlerContext.invokeChannelRead(AbstractChannelHandlerContext.java:362)
	at io.netty.channel.AbstractChannelHandlerContext.invokeChannelRead(AbstractChannelHandlerContext.java:348)
	at io.netty.channel.DefaultChannelPipeline.fireChannelRead(DefaultChannelPipeline.java:935)
	at io.netty.channel.nio.AbstractNioByteChannel$NioByteUnsafe.read(AbstractNioByteChannel.java:134)
	at io.netty.channel.nio.NioEventLoop.processSelectedKey(NioEventLoop.java:645)
	at io.netty.channel.nio.NioEventLoop.processSelectedKeysPlain(NioEventLoop.java:545)
	at io.netty.channel.nio.NioEventLoop.processSelectedKeys(NioEventLoop.java:499)
	at io.netty.channel.nio.NioEventLoop.run(NioEventLoop.java:459)
	at io.netty.util.concurrent.SingleThreadEventExecutor$5.run(SingleThreadEventExecutor.java:858)
	at java.base/java.lang.Thread.run(Thread.java:842)
Caused by: javax.net.ssl.SSLHandshakeException: Received fatal alert: certificate_unknown
	at java.base/sun.security.ssl.Alert.createSSLException(Alert.java:131)
	at java.base/sun.security.ssl.Alert.createSSLException(Alert.java:117)
	at java.base/sun.security.ssl.TransportContext.fatal(TransportContext.java:365)
	at java.base/sun.security.ssl.Alert$AlertConsumer.consume(Alert.java:293)
	at java.base/sun.security.ssl.TransportContext.dispatch(TransportContext.java:204)
	at java.base/sun.security.ssl.SSLTransport.decode(SSLTransport.java:172)
	at java.base/sun.security.ssl.SSLEngineImpl.decode(SSLEngineImpl.java:736)
	at java.base/sun.security.ssl.SSLEngineImpl.readRecord(SSLEngineImpl.java:691)
	at java.base/sun.security.ssl.SSLEngineImpl.unwrap(SSLEngineImpl.java:506)
	at java.base/sun.security.ssl.SSLEngineImpl.unwrap(SSLEngineImpl.java:482)
	at java.base/javax.net.ssl.SSLEngine.unwrap(SSLEngine.java:679)
	at io.netty.handler.ssl.SslHandler$SslEngineType$3.unwrap(SslHandler.java:281)
	at io.netty.handler.ssl.SslHandler.unwrap(SslHandler.java:1215)
	at io.netty.handler.ssl.SslHandler.decodeJdkCompatible(SslHandler.java:1127)
	at io.netty.handler.ssl.SslHandler.decode(SslHandler.java:1162)
	at io.netty.handler.codec.ByteToMessageDecoder.decodeRemovalReentryProtection(ByteToMessageDecoder.java:489)
	at io.netty.handler.codec.ByteToMessageDecoder.callDecode(ByteToMessageDecoder.java:428)
	... 15 common frames omitted
16:35:41.410 INFO  vert.x-eventloop-thread-0 BaseServiceProxy     : -> GET /css/bootstrap-5.2.2/bootstrap.min.css,200|121ms
16:35:41.427 INFO  vert.x-eventloop-thread-0 BaseServiceProxy     : -> GET /css/ibkr/theme-ibkr-portal.min.css,200|117ms
16:35:41.434 INFO  vert.x-eventloop-thread-0 BaseServiceProxy     : -> GET /css/fontawesome-6.4.2/all.min.css,200|119ms
16:35:41.494 INFO  vert.x-eventloop-thread-0 BaseServiceProxy     : -> GET /scripts/common/js/bootstrap-5.2.2/bootstrap.bundle.min.js,200|52ms
16:35:41.523 INFO  vert.x-eventloop-thread-0 BaseServiceProxy     : -> GET /sso/lib/xyz.bundle.min.js,200|78ms
16:35:41.524 INFO  vert.x-eventloop-thread-0 CookieManager        : set cookies [x-sess-uuid=0.c5a4c117.1776760541.20b5442d; secure; HttpOnly]
16:35:41.524 DEBUG vert.x-eventloop-thread-0 BaseServiceProxy     : Remapping Set-cookies [x-sess-uuid=0.c5a4c117.1776760541.20b5442d; secure; HttpOnly] -> 
16:35:41.559 INFO  vert.x-eventloop-thread-0 BaseServiceProxy     : -> GET /css/reg-am/login.min.css,200|252ms
16:35:41.574 INFO  vert.x-eventloop-thread-0 BaseServiceProxy     : -> GET /scripts/common/js/jquery-3.7.0/jquery.min.js,200|255ms
16:35:41.600 INFO  vert.x-eventloop-thread-0 BaseServiceProxy     : -> GET /css/bootstrap-switch-3.3.2/bootstrap-switch.min.css,200|283ms
16:35:41.660 INFO  vert.x-eventloop-thread-0 BaseServiceProxy     : -> GET /images/common/logos/ibkr/interactive-brokers.svg,200|35ms
16:35:41.674 INFO  vert.x-eventloop-thread-0 BaseServiceProxy     : -> GET /fonts/fontawesome-6.4.2/webfonts/fa-brands-400.woff2,200|25ms
16:35:41.684 INFO  vert.x-eventloop-thread-0 BaseServiceProxy     : -> GET /fonts/proxima-nova/Proxima-Nova-Regular.woff2,200|38ms
16:35:41.705 INFO  vert.x-eventloop-thread-0 BaseServiceProxy     : -> GET /fonts/fontawesome-6.4.2/webfonts/fa-solid-900.woff2,200|54ms
16:35:41.759 INFO  vert.x-eventloop-thread-0 BaseServiceProxy     : -> GET /images/web/favicons/home-screen-icon-128x128.png,200|23ms
16:35:41.775 INFO  vert.x-eventloop-thread-0 BaseServiceProxy     : -> GET /portal.proxy/v1/gstat/bulletins,204|86ms
16:35:41.965 INFO  vert.x-eventloop-thread-0 BaseServiceProxy     : -> GET /sso/report,200|275ms
16:35:41.965 INFO  vert.x-eventloop-thread-0 CookieManager        : set cookies [x-sess-uuid=0.c5a4c117.1776760541.20b54f64; secure; HttpOnly]
16:35:41.966 DEBUG vert.x-eventloop-thread-0 BaseServiceProxy     : Remapping Set-cookies [x-sess-uuid=0.c5a4c117.1776760541.20b54f64; secure; HttpOnly] -> 
16:35:47.020 INFO  vert.x-eventloop-thread-0 BaseServiceProxy     : -> GET /sso/Authenticator,200|387ms
16:35:47.020 INFO  vert.x-eventloop-thread-0 CookieManager        : set cookies [x-sess-uuid=0.c5a4c117.1776760546.20b5504f; secure; HttpOnly]
16:35:47.020 DEBUG vert.x-eventloop-thread-0 BaseServiceProxy     : Remapping Set-cookies [x-sess-uuid=0.c5a4c117.1776760546.20b5504f; secure; HttpOnly] -> 
16:35:47.430 INFO  vert.x-eventloop-thread-0 BaseServiceProxy     : -> GET /sso/Authenticator,200|387ms
16:35:47.430 INFO  vert.x-eventloop-thread-0 CookieManager        : set cookies [web=3343352782; Domain=.ibkr.com; Expires=Wed, 21 Apr 2027 08:35:47 GMT; Path=/; Secure;Secure;SameSite=None, x-sess-uuid=0.c9a4c117.1776760547.3a0c7d8b; secure; HttpOnly]
16:35:47.431 DEBUG vert.x-eventloop-thread-0 BaseServiceProxy     : Remapping Set-cookies [web=3343352782; Domain=.ibkr.com; Expires=Wed, 21 Apr 2027 08:35:47 GMT; Path=/; Secure;Secure;SameSite=None, x-sess-uuid=0.c9a4c117.1776760547.3a0c7d8b; secure; HttpOnly] -> 
16:35:47.732 INFO  vert.x-eventloop-thread-0 BaseServiceProxy     : -> GET /sso/Authenticator,200|292ms
16:35:47.733 INFO  vert.x-eventloop-thread-0 CookieManager        : set cookies [x-sess-uuid=0.c5a4c117.1776760547.20b55379; secure; HttpOnly]
16:35:47.733 DEBUG vert.x-eventloop-thread-0 BaseServiceProxy     : Remapping Set-cookies [x-sess-uuid=0.c5a4c117.1776760547.20b55379; secure; HttpOnly] -> 
16:35:51.370 INFO  vert.x-eventloop-thread-0 BaseServiceProxy     : -> GET /sso/Authenticator,200|624ms
16:35:51.371 INFO  vert.x-eventloop-thread-0 CookieManager        : set cookies [x-sess-uuid=0.c9a4c117.1776760551.3a0c8030; secure; HttpOnly]
16:35:51.371 DEBUG vert.x-eventloop-thread-0 BaseServiceProxy     : Remapping Set-cookies [x-sess-uuid=0.c9a4c117.1776760551.3a0c8030; secure; HttpOnly] -> 
16:35:54.451 INFO  vert.x-eventloop-thread-0 BaseServiceProxy     : -> GET /sso/Authenticator,200|704ms
16:35:54.451 INFO  vert.x-eventloop-thread-0 CookieManager        : set cookies [x-sess-uuid=0.c5a4c117.1776760553.20b55e86; secure; HttpOnly]
16:35:54.451 DEBUG vert.x-eventloop-thread-0 BaseServiceProxy     : Remapping Set-cookies [x-sess-uuid=0.c5a4c117.1776760553.20b55e86; secure; HttpOnly] -> 
16:35:54.975 INFO  vert.x-eventloop-thread-0 BaseServiceProxy     : -> GET /sso/Dispatcher,302|507ms
16:35:54.975 INFO  vert.x-eventloop-thread-0 CookieManager        : set cookies [USERID=50301190; Domain=.ibkr.com; Path=/;Secure;SameSite=None, x-sess-uuid=0.c5a4c117.1776760554.20b6580e; secure; HttpOnly]
16:35:54.975 DEBUG vert.x-eventloop-thread-0 BaseServiceProxy     : Remapping Set-cookies [USERID=50301190; Domain=.ibkr.com; Path=/;Secure;SameSite=None, x-sess-uuid=0.c5a4c117.1776760554.20b6580e; secure; HttpOnly] -> 
16:35:54.976 INFO  vert.x-eventloop-thread-0 GatewayHttpProxy     : Client login succeeds
16:35:55.498 INFO  vert.x-eventloop-thread-0 BaseServiceProxy     : -> GET /v1/api/sso/validate?gw=1,200|520ms
16:35:55.501 DEBUG vert.x-eventloop-thread-0 ClientPortalService  : portal validate response: {"SFT":"5.2a","IS_PENDING_APPLICANT":false,"SF_ENABLED":true,"HARDWARE_INFO":"","UNIQUE_LOGIN_ID":"50301190-1776760551873","AUTH_TIME":1776760551923,"SF_CONFIG":"5.2a","USER_NAME":"pragu1020","CREDENTIAL_TYPE":0,"IS_FREE_TRIAL":false,"LOGIN_TYPE":1,"LANDING_APP":"PORTAL","CREDENTIAL":"pragu1020","ANOMALOUS_LOGIN":false,"RESULT":true,"IP":"116.88.81.189","USER_ID":50301190,"EXPIRES":1776760555476,"TOKEN":"316665c4599786418e8da38ce4000604636152bd","took":260,"IS_MASTER":false,"features":{"env":"PROD","wlms":true,"realtime":true,"bond":true,"optionChains":true,"calendar":true,"newMf":true},"region":"SG"}
16:35:55.641 INFO  vert.x-eventloop-thread-0 GatewayHttpProxy     : authenticated to cp
16:35:55.642 DEBUG vert.x-eventloop-thread-0 BaseServiceProxy     : cancel timer SsoService 0
16:35:55.642 DEBUG vert.x-eventloop-thread-0 BaseServiceProxy     : start timer 300000 SsoService
16:35:55.645 DEBUG vert.x-eventloop-thread-0 BaseServiceProxy     : forward event ON_SSO_VALIDATION, payload 50301190
16:35:56.023 INFO  vert.x-eventloop-thread-0 BaseServiceProxy     : -> GET /v1/api/one/user,200|382ms
16:35:56.024 INFO  vert.x-eventloop-thread-0 ClientPortalService  : get user reply {"username":"pragu1020","features":{"env":"PROD","wlms":true,"realtime":true,"bond":true,"optionChains":true,"calendar":true,"newMf":true},"wbId":"","uar":{"portfolioAnalyst":true,"userInfo":true,"messageCenter":true,"accountDetails":true,"tradingRestrictions":false,"tws":true,"fyi":true,"voting":true,"forum":true,"recentTransactions":true},"props":{"isIBAMClient":false,"ReadOnlySession":null},"firstApprovedDate":1592755200000,"accts":{"U5799398F":{"isIBAMClient":false,"clearingStatus":"O","openDate":1667577600000,"isFAClient":false,"isFunded":true,"tradingPermissions":["CMDTY"]},"U5799398":{"isIBAMClient":false,"clearingStatus":"O","openDate":1592150400000,"isFAClient":false,"isFunded":true,"tradingPermissions":["OPT","IOPT","WAR","STK","CASH","FOP"]}},"hasBrokerageAccessInd":true,"hfcipEligibleInd":false,"fa":false,"has2fa":false,"islite":false,"ispaper":false,"applicants":[{"id":6062329,"type":"INDIVIDUAL","businessType":"INDEPENDENT","nlcode":"en_US","legalCountry":{"name":"Singapore","alpha3":"SGP"}}]}
16:35:57.206 INFO  vert.x-eventloop-thread-0 SsoService           : sso init status=200, url=https://api.ibkr.com/v1/api/ssodh/init
16:35:57.321 DEBUG vert.x-eventloop-thread-0 SsoService           : K a11fea4d9600ad83ce079f43b3d94513c45ce7bb
16:35:57.321 DEBUG vert.x-eventloop-thread-0 BaseServiceProxy     : forward event ON_SSODH_COMPLETED, payload none
16:35:57.321 DEBUG vert.x-eventloop-thread-0 GatewayHttpProxy     : delaying authentication for 3000
16:35:57.325 ERROR vert.x-eventloop-thread-0 ContextImpl          : Unhandled exception
java.lang.NullPointerException: Cannot read the array length because "mac" is null
	at ibgroup.web.core.clientportal.gw.utils.TstTokenUtils.getMacAddress(TstTokenUtils.java:22)
	at ibgroup.web.core.clientportal.gw.services.SsoService.getMac(SsoService.java:81)
	at ibgroup.web.core.clientportal.gw.services.SsoService.getDeviceId(SsoService.java:70)
	at ibgroup.web.core.clientportal.gw.services.SsoService.setTstToken(SsoService.java:88)
	at ibgroup.web.core.clientportal.gw.http.GatewayHttpProxy.onEvent(GatewayHttpProxy.java:213)
	at ibgroup.web.core.clientportal.gw.http.GatewayHttpProxy.lambda$new$1(GatewayHttpProxy.java:56)
	at ibgroup.web.core.clientportal.gw.services.BaseServiceProxy.lambda$null$0(BaseServiceProxy.java:67)
	at java.base/java.util.ArrayList.forEach(ArrayList.java:1511)
	at ibgroup.web.core.clientportal.gw.services.BaseServiceProxy.lambda$on$1(BaseServiceProxy.java:67)
	at io.vertx.core.impl.ContextImpl.lambda$wrapTask$2(ContextImpl.java:344)
	at io.netty.util.concurrent.AbstractEventExecutor.safeExecute(AbstractEventExecutor.java:163)
	at io.netty.util.concurrent.SingleThreadEventExecutor.runAllTasks(SingleThreadEventExecutor.java:403)
	at io.netty.channel.nio.NioEventLoop.run(NioEventLoop.java:463)
	at io.netty.util.concurrent.SingleThreadEventExecutor$5.run(SingleThreadEventExecutor.java:858)
	at java.base/java.lang.Thread.run(Thread.java:842)
16:35:58.383 INFO  vert.x-eventloop-thread-0 BaseServiceProxy     : -> GET /v1/api/iserver/auth/ssodh/init?publish=true&compete=true,200|382ms
16:35:58.481 INFO  vert.x-eventloop-thread-0 BaseServiceProxy     : -> GET /v1/api/iserver/account/orders,500|54ms
16:35:58.643 INFO  vert.x-eventloop-thread-0 BaseServiceProxy     : -> GET /v1/api/tickle,200|127ms
16:36:00.405 INFO  vert.x-eventloop-thread-0 BaseServiceProxy     : -> GET /v1/api/iserver/auth/status,200|80ms
16:36:00.406 DEBUG vert.x-eventloop-thread-0 ClientPortalService  : status {"authenticated":true,"established":true,"competing":false,"connected":true,"message":"","MAC":"06:A8:C0:D9:D5:E3","serverInfo":{"serverName":"JifS17036","serverVersion":"Build 10.44.1f, Apr 7, 2026 1:49:24 PM"},"hardware_info":"275c5aa2|06:A8:C0:D9:D5:E3","fail":""}
16:36:00.408 INFO  vert.x-eventloop-thread-0 ClientPortalService  : process auth status {"authenticated":true,"established":true,"competing":false,"connected":true,"message":"","MAC":"06:A8:C0:D9:D5:E3","serverInfo":{"serverName":"JifS17036","serverVersion":"Build 10.44.1f, Apr 7, 2026 1:49:24 PM"},"hardware_info":"275c5aa2|06:A8:C0:D9:D5:E3","fail":""}
16:36:00.436 DEBUG vert.x-eventloop-thread-0 BaseServiceProxy     : start timer 30000 ClientPortalService
16:36:00.512 INFO  vert.x-eventloop-thread-0 BaseServiceProxy     : -> GET /v1/api/iserver/accounts,200|76ms
16:36:00.513 DEBUG vert.x-eventloop-thread-0 ClientPortalService  : iserver accounts {"accounts":["U5799398"],"acctProps":{"U5799398":{"hasChildAccounts":false,"supportsCashQty":true,"liteUnderPro":false,"noFXConv":false,"isProp":false,"supportsFractions":false,"allowCustomerTime":false,"autoFx":false}},"aliases":{"U5799398":"U5799398"},"allowFeatures":{"showGFIS":true,"showEUCostReport":false,"allowEventContract":true,"allowFXConv":true,"allowFinancialLens":false,"allowMTA":true,"allowTypeAhead":true,"allowEventTrading":true,"snapshotRefreshTimeout":30,"liteUser":false,"showWebNews":true,"research":true,"debugPnl":true,"showTaxOpt":true,"showImpactDashboard":true,"allowDynAccount":false,"allowCrypto":false,"allowFA":false,"allowLiteUnderPro":false,"allowedAssetTypes":"STK,CFD,OPT,FOP,WAR,FUT,BAG,PDC,CASH,IND,BOND,BILL,FUND,SLB,News,CMDTY,IOPT,ICU,ICS,PHYSS,CRYPTO","restrictTradeSubscription":false,"showUkUserLabels":true,"sideBySide":true},"chartPeriods":{"STK":["*"],"CFD":["*"],"OPT":["2h","1d","2d","1w","1m"],"FOP":["2h","1d","2d","1w","1m"],"WAR":["*"],"IOPT":["*"],"FUT":["*"],"CASH":["*"],"IND":["*"],"BOND":["*"],"FUND":["*"],"CMDTY":["*"],"PHYSS":["*"],"CRYPTO":["*"]},"groups":[],"profiles":[],"selectedAccount":"U5799398","serverInfo":{"serverName":"JifS17036","serverVersion":"Build 10.44.1f, Apr 7, 2026 1:49:24 PM"},"sessionId":"69e69556.00000045","isFT":false,"isPaper":false}
16:36:05.708 INFO  vert.x-eventloop-thread-0 BaseServiceProxy     : -> GET /v1/api/iserver/account/orders,200|51ms
16:36:06.022 INFO  vert.x-eventloop-thread-0 BaseServiceProxy     : -> GET /v1/api/portfolio/U5799398/positions/0?direction=a&period=1W&sort=position,200|365ms
16:36:08.138 INFO  vert.x-eventloop-thread-0 BaseServiceProxy     : -> GET /v1/api/iserver/account/orders,200|57ms
16:36:10.237 INFO  vert.x-eventloop-thread-0 BaseServiceProxy     : -> GET /v1/api/portfolio/U5799398/positions/0?direction=a&period=1W&sort=position,200|2155ms
16:36:11.571 INFO  vert.x-eventloop-thread-0 BaseServiceProxy     : -> GET /v1/api/iserver/account/trades,200|65ms
16:36:13.730 INFO  vert.x-eventloop-thread-0 BaseServiceProxy     : -> GET /v1/api/iserver/account/trades,200|112ms
16:36:30.594 INFO  vert.x-eventloop-thread-0 BaseServiceProxy     : -> GET /v1/api/tickle,200|152ms
16:36:30.596 DEBUG vert.x-eventloop-thread-0 ClientPortalService  : tickle {"session":"f4eb67a51b57bd65db03e9b6b5ab5572","ssoExpires":564746,"collission":false,"userId":50301190,"hmds":{"error":"no bridge"},"iserver":{"authStatus":{"authenticated":true,"established":true,"competing":false,"connected":true,"message":"","MAC":"06:A8:C0:D9:D5:E3","serverInfo":{"serverName":"JifS17036","serverVersion":"Build 10.44.1f, Apr 7, 2026 1:49:24 PM"},"hardware_info":"275c5aa2|06:A8:C0:D9:D5:E3"}}}
16:36:55.871 INFO  vert.x-eventloop-thread-0 BaseServiceProxy     : -> GET /v1/api/iserver/account/trades,200|83ms
16:37:00.515 INFO  vert.x-eventloop-thread-0 BaseServiceProxy     : -> GET /v1/api/tickle,200|79ms
16:37:00.517 DEBUG vert.x-eventloop-thread-0 ClientPortalService  : tickle {"session":"f4eb67a51b57bd65db03e9b6b5ab5572","ssoExpires":534802,"collission":false,"userId":50301190,"hmds":{"error":"no bridge"},"iserver":{"authStatus":{"authenticated":true,"established":true,"competing":false,"connected":true,"message":"","MAC":"06:A8:C0:D9:D5:E3","serverInfo":{"serverName":"JifS17036","serverVersion":"Build 10.44.1f, Apr 7, 2026 1:49:24 PM"},"hardware_info":"275c5aa2|06:A8:C0:D9:D5:E3"}}}
16:37:30.655 INFO  vert.x-eventloop-thread-0 BaseServiceProxy     : -> GET /v1/api/tickle,200|217ms
16:37:30.658 DEBUG vert.x-eventloop-thread-0 ClientPortalService  : tickle {"session":"f4eb67a51b57bd65db03e9b6b5ab5572","ssoExpires":504761,"collission":false,"userId":50301190,"hmds":{"error":"no bridge"},"iserver":{"authStatus":{"authenticated":true,"established":true,"competing":false,"connected":true,"message":"","MAC":"06:A8:C0:D9:D5:E3","serverInfo":{"serverName":"JifS17036","serverVersion":"Build 10.44.1f, Apr 7, 2026 1:49:24 PM"},"hardware_info":"275c5aa2|06:A8:C0:D9:D5:E3"}}}
16:38:00.595 INFO  vert.x-eventloop-thread-0 BaseServiceProxy     : -> GET /v1/api/tickle,200|158ms
16:38:00.597 DEBUG vert.x-eventloop-thread-0 ClientPortalService  : tickle {"session":"f4eb67a51b57bd65db03e9b6b5ab5572","ssoExpires":474749,"collission":false,"userId":50301190,"hmds":{"error":"no bridge"},"iserver":{"authStatus":{"authenticated":true,"established":true,"competing":false,"connected":true,"message":"","MAC":"06:A8:C0:D9:D5:E3","serverInfo":{"serverName":"JifS17036","serverVersion":"Build 10.44.1f, Apr 7, 2026 1:49:24 PM"},"hardware_info":"275c5aa2|06:A8:C0:D9:D5:E3"}}}
16:38:30.528 INFO  vert.x-eventloop-thread-0 BaseServiceProxy     : -> GET /v1/api/tickle,200|89ms
16:38:30.532 DEBUG vert.x-eventloop-thread-0 ClientPortalService  : tickle {"session":"f4eb67a51b57bd65db03e9b6b5ab5572","ssoExpires":444803,"collission":false,"userId":50301190,"hmds":{"error":"no bridge"},"iserver":{"authStatus":{"authenticated":true,"established":true,"competing":false,"connected":true,"message":"","MAC":"06:A8:C0:D9:D5:E3","serverInfo":{"serverName":"JifS17036","serverVersion":"Build 10.44.1f, Apr 7, 2026 1:49:24 PM"},"hardware_info":"275c5aa2|06:A8:C0:D9:D5:E3"}}}
16:38:59.021 INFO  vert.x-eventloop-thread-0 BaseServiceProxy     : -> GET /v1/api/tickle,200|121ms
16:39:00.534 INFO  vert.x-eventloop-thread-0 BaseServiceProxy     : -> GET /v1/api/tickle,200|84ms
16:39:00.535 DEBUG vert.x-eventloop-thread-0 ClientPortalService  : tickle {"session":"f4eb67a51b57bd65db03e9b6b5ab5572","ssoExpires":414806,"collission":false,"userId":50301190,"hmds":{"error":"no bridge"},"iserver":{"authStatus":{"authenticated":true,"established":true,"competing":false,"connected":true,"message":"","MAC":"06:A8:C0:D9:D5:E3","serverInfo":{"serverName":"JifS17036","serverVersion":"Build 10.44.1f, Apr 7, 2026 1:49:24 PM"},"hardware_info":"275c5aa2|06:A8:C0:D9:D5:E3"}}}
16:39:30.521 INFO  vert.x-eventloop-thread-0 BaseServiceProxy     : -> GET /v1/api/tickle,200|69ms
16:39:30.523 DEBUG vert.x-eventloop-thread-0 ClientPortalService  : tickle {"session":"f4eb67a51b57bd65db03e9b6b5ab5572","ssoExpires":384814,"collission":false,"userId":50301190,"hmds":{"error":"no bridge"},"iserver":{"authStatus":{"authenticated":true,"established":true,"competing":false,"connected":true,"message":"","MAC":"06:A8:C0:D9:D5:E3","serverInfo":{"serverName":"JifS17036","serverVersion":"Build 10.44.1f, Apr 7, 2026 1:49:24 PM"},"hardware_info":"275c5aa2|06:A8:C0:D9:D5:E3"}}}
16:40:00.571 INFO  vert.x-eventloop-thread-0 BaseServiceProxy     : -> GET /v1/api/tickle,200|112ms
16:40:00.572 DEBUG vert.x-eventloop-thread-0 ClientPortalService  : tickle {"session":"f4eb67a51b57bd65db03e9b6b5ab5572","ssoExpires":354789,"collission":false,"userId":50301190,"hmds":{"error":"no bridge"},"iserver":{"authStatus":{"authenticated":true,"established":true,"competing":false,"connected":true,"message":"","MAC":"06:A8:C0:D9:D5:E3","serverInfo":{"serverName":"JifS17036","serverVersion":"Build 10.44.1f, Apr 7, 2026 1:49:24 PM"},"hardware_info":"275c5aa2|06:A8:C0:D9:D5:E3"}}}
16:40:30.551 INFO  vert.x-eventloop-thread-0 BaseServiceProxy     : -> GET /v1/api/tickle,200|99ms
16:40:30.554 DEBUG vert.x-eventloop-thread-0 ClientPortalService  : tickle {"session":"f4eb67a51b57bd65db03e9b6b5ab5572","ssoExpires":324787,"collission":false,"userId":50301190,"hmds":{"error":"no bridge"},"iserver":{"authStatus":{"authenticated":true,"established":true,"competing":false,"connected":true,"message":"","MAC":"06:A8:C0:D9:D5:E3","serverInfo":{"serverName":"JifS17036","serverVersion":"Build 10.44.1f, Apr 7, 2026 1:49:24 PM"},"hardware_info":"275c5aa2|06:A8:C0:D9:D5:E3"}}}
16:40:55.997 INFO  vert.x-eventloop-thread-0 BaseServiceProxy     : -> GET /sso/ping,200|331ms
16:40:56.001 INFO  vert.x-eventloop-thread-0 SsoService           : sso ping {"result": "true"}
16:41:00.575 INFO  vert.x-eventloop-thread-0 BaseServiceProxy     : -> GET /v1/api/tickle,200|118ms
16:41:00.576 DEBUG vert.x-eventloop-thread-0 ClientPortalService  : tickle {"session":"f4eb67a51b57bd65db03e9b6b5ab5572","ssoExpires":294779,"collission":false,"userId":50301190,"hmds":{"error":"no bridge"},"iserver":{"authStatus":{"authenticated":true,"established":true,"competing":false,"connected":true,"message":"","MAC":"06:A8:C0:D9:D5:E3","serverInfo":{"serverName":"JifS17036","serverVersion":"Build 10.44.1f, Apr 7, 2026 1:49:24 PM"},"hardware_info":"275c5aa2|06:A8:C0:D9:D5:E3"}}}
16:41:30.539 INFO  vert.x-eventloop-thread-0 BaseServiceProxy     : -> GET /v1/api/tickle,200|86ms
16:41:30.542 DEBUG vert.x-eventloop-thread-0 ClientPortalService  : tickle {"session":"f4eb67a51b57bd65db03e9b6b5ab5572","ssoExpires":264794,"collission":false,"userId":50301190,"hmds":{"error":"no bridge"},"iserver":{"authStatus":{"authenticated":true,"established":true,"competing":false,"connected":true,"message":"","MAC":"06:A8:C0:D9:D5:E3","serverInfo":{"serverName":"JifS17036","serverVersion":"Build 10.44.1f, Apr 7, 2026 1:49:24 PM"},"hardware_info":"275c5aa2|06:A8:C0:D9:D5:E3"}}}
16:41:59.201 INFO  vert.x-eventloop-thread-0 BaseServiceProxy     : -> GET /v1/api/tickle,200|58ms
16:42:00.519 INFO  vert.x-eventloop-thread-0 BaseServiceProxy     : -> GET /v1/api/tickle,200|69ms
16:42:00.520 DEBUG vert.x-eventloop-thread-0 ClientPortalService  : tickle {"session":"f4eb67a51b57bd65db03e9b6b5ab5572","ssoExpires":234821,"collission":false,"userId":50301190,"hmds":{"error":"no bridge"},"iserver":{"authStatus":{"authenticated":true,"established":true,"competing":false,"connected":true,"message":"","MAC":"06:A8:C0:D9:D5:E3","serverInfo":{"serverName":"JifS17036","serverVersion":"Build 10.44.1f, Apr 7, 2026 1:49:24 PM"},"hardware_info":"275c5aa2|06:A8:C0:D9:D5:E3"}}}
16:42:30.575 INFO  vert.x-eventloop-thread-0 BaseServiceProxy     : -> GET /v1/api/tickle,200|125ms
16:42:30.576 DEBUG vert.x-eventloop-thread-0 ClientPortalService  : tickle {"session":"f4eb67a51b57bd65db03e9b6b5ab5572","ssoExpires":204800,"collission":false,"userId":50301190,"hmds":{"error":"no bridge"},"iserver":{"authStatus":{"authenticated":true,"established":true,"competing":false,"connected":true,"message":"","MAC":"06:A8:C0:D9:D5:E3","serverInfo":{"serverName":"JifS17036","serverVersion":"Build 10.44.1f, Apr 7, 2026 1:49:24 PM"},"hardware_info":"275c5aa2|06:A8:C0:D9:D5:E3"}}}
16:43:00.574 INFO  vert.x-eventloop-thread-0 BaseServiceProxy     : -> GET /v1/api/tickle,200|123ms
16:43:00.575 DEBUG vert.x-eventloop-thread-0 ClientPortalService  : tickle {"session":"f4eb67a51b57bd65db03e9b6b5ab5572","ssoExpires":174796,"collission":false,"userId":50301190,"hmds":{"error":"no bridge"},"iserver":{"authStatus":{"authenticated":true,"established":true,"competing":false,"connected":true,"message":"","MAC":"06:A8:C0:D9:D5:E3","serverInfo":{"serverName":"JifS17036","serverVersion":"Build 10.44.1f, Apr 7, 2026 1:49:24 PM"},"hardware_info":"275c5aa2|06:A8:C0:D9:D5:E3"}}}
16:43:30.533 INFO  vert.x-eventloop-thread-0 BaseServiceProxy     : -> GET /v1/api/tickle,200|83ms
16:43:30.535 DEBUG vert.x-eventloop-thread-0 ClientPortalService  : tickle {"session":"f4eb67a51b57bd65db03e9b6b5ab5572","ssoExpires":144794,"collission":false,"userId":50301190,"hmds":{"error":"no bridge"},"iserver":{"authStatus":{"authenticated":true,"established":true,"competing":false,"connected":true,"message":"","MAC":"06:A8:C0:D9:D5:E3","serverInfo":{"serverName":"JifS17036","serverVersion":"Build 10.44.1f, Apr 7, 2026 1:49:24 PM"},"hardware_info":"275c5aa2|06:A8:C0:D9:D5:E3"}}}
16:44:00.515 INFO  vert.x-eventloop-thread-0 BaseServiceProxy     : -> GET /v1/api/tickle,200|65ms
16:44:00.516 DEBUG vert.x-eventloop-thread-0 ClientPortalService  : tickle {"session":"f4eb67a51b57bd65db03e9b6b5ab5572","ssoExpires":114816,"collission":false,"userId":50301190,"hmds":{"error":"no bridge"},"iserver":{"authStatus":{"authenticated":true,"established":true,"competing":false,"connected":true,"message":"","MAC":"06:A8:C0:D9:D5:E3","serverInfo":{"serverName":"JifS17036","serverVersion":"Build 10.44.1f, Apr 7, 2026 1:49:24 PM"},"hardware_info":"275c5aa2|06:A8:C0:D9:D5:E3"}}}
16:44:30.527 INFO  vert.x-eventloop-thread-0 BaseServiceProxy     : -> GET /v1/api/tickle,200|77ms
16:44:30.531 DEBUG vert.x-eventloop-thread-0 ClientPortalService  : tickle {"session":"f4eb67a51b57bd65db03e9b6b5ab5572","ssoExpires":84804,"collission":false,"userId":50301190,"hmds":{"error":"no bridge"},"iserver":{"authStatus":{"authenticated":true,"established":true,"competing":false,"connected":true,"message":"","MAC":"06:A8:C0:D9:D5:E3","serverInfo":{"serverName":"JifS17036","serverVersion":"Build 10.44.1f, Apr 7, 2026 1:49:24 PM"},"hardware_info":"275c5aa2|06:A8:C0:D9:D5:E3"}}}
16:44:59.559 INFO  vert.x-eventloop-thread-0 BaseServiceProxy     : -> GET /v1/api/tickle,200|184ms
16:45:00.555 INFO  vert.x-eventloop-thread-0 BaseServiceProxy     : -> GET /v1/api/tickle,200|106ms
16:45:00.556 DEBUG vert.x-eventloop-thread-0 ClientPortalService  : tickle {"session":"f4eb67a51b57bd65db03e9b6b5ab5572","ssoExpires":54812,"collission":false,"userId":50301190,"hmds":{"error":"no bridge"},"iserver":{"authStatus":{"authenticated":true,"established":true,"competing":false,"connected":true,"message":"","MAC":"06:A8:C0:D9:D5:E3","serverInfo":{"serverName":"JifS17036","serverVersion":"Build 10.44.1f, Apr 7, 2026 1:49:24 PM"},"hardware_info":"275c5aa2|06:A8:C0:D9:D5:E3"}}}
16:45:30.513 INFO  vert.x-eventloop-thread-0 BaseServiceProxy     : -> GET /v1/api/tickle,200|64ms
16:45:30.514 DEBUG vert.x-eventloop-thread-0 ClientPortalService  : tickle {"session":"f4eb67a51b57bd65db03e9b6b5ab5572","ssoExpires":24819,"collission":false,"userId":50301190,"hmds":{"error":"no bridge"},"iserver":{"authStatus":{"authenticated":true,"established":true,"competing":false,"connected":true,"message":"","MAC":"06:A8:C0:D9:D5:E3","serverInfo":{"serverName":"JifS17036","serverVersion":"Build 10.44.1f, Apr 7, 2026 1:49:24 PM"},"hardware_info":"275c5aa2|06:A8:C0:D9:D5:E3"}}}
16:45:55.998 INFO  vert.x-eventloop-thread-0 BaseServiceProxy     : -> GET /sso/ping,200|342ms
16:45:55.999 INFO  vert.x-eventloop-thread-0 SsoService           : sso ping {"result": "true"}
16:46:00.762 INFO  vert.x-eventloop-thread-0 BaseServiceProxy     : -> GET /v1/api/tickle,200|314ms
16:46:00.763 DEBUG vert.x-eventloop-thread-0 ClientPortalService  : tickle {"session":"f4eb67a51b57bd65db03e9b6b5ab5572","ssoExpires":600000,"collission":false,"userId":50301190,"hmds":{"error":"no bridge"},"iserver":{"authStatus":{"authenticated":true,"established":true,"competing":false,"connected":true,"message":"","MAC":"06:A8:C0:D9:D5:E3","serverInfo":{"serverName":"JifS17036","serverVersion":"Build 10.44.1f, Apr 7, 2026 1:49:24 PM"},"hardware_info":"275c5aa2|06:A8:C0:D9:D5:E3"}}}
16:46:30.565 INFO  vert.x-eventloop-thread-0 BaseServiceProxy     : -> GET /v1/api/tickle,200|113ms
16:46:30.567 DEBUG vert.x-eventloop-thread-0 ClientPortalService  : tickle {"session":"f4eb67a51b57bd65db03e9b6b5ab5572","ssoExpires":570230,"collission":false,"userId":50301190,"hmds":{"error":"no bridge"},"iserver":{"authStatus":{"authenticated":true,"established":true,"competing":false,"connected":true,"message":"","MAC":"06:A8:C0:D9:D5:E3","serverInfo":{"serverName":"JifS17036","serverVersion":"Build 10.44.1f, Apr 7, 2026 1:49:24 PM"},"hardware_info":"275c5aa2|06:A8:C0:D9:D5:E3"}}}
16:47:00.524 INFO  vert.x-eventloop-thread-0 BaseServiceProxy     : -> GET /v1/api/tickle,200|77ms
16:47:00.525 DEBUG vert.x-eventloop-thread-0 ClientPortalService  : tickle {"session":"f4eb67a51b57bd65db03e9b6b5ab5572","ssoExpires":540249,"collission":false,"userId":50301190,"hmds":{"error":"no bridge"},"iserver":{"authStatus":{"authenticated":true,"established":true,"competing":false,"connected":true,"message":"","MAC":"06:A8:C0:D9:D5:E3","serverInfo":{"serverName":"JifS17036","serverVersion":"Build 10.44.1f, Apr 7, 2026 1:49:24 PM"},"hardware_info":"275c5aa2|06:A8:C0:D9:D5:E3"}}}
16:47:30.535 INFO  vert.x-eventloop-thread-0 BaseServiceProxy     : -> GET /v1/api/tickle,200|88ms
16:47:30.541 DEBUG vert.x-eventloop-thread-0 ClientPortalService  : tickle {"session":"f4eb67a51b57bd65db03e9b6b5ab5572","ssoExpires":510247,"collission":false,"userId":50301190,"hmds":{"error":"no bridge"},"iserver":{"authStatus":{"authenticated":true,"established":true,"competing":false,"connected":true,"message":"","MAC":"06:A8:C0:D9:D5:E3","serverInfo":{"serverName":"JifS17036","serverVersion":"Build 10.44.1f, Apr 7, 2026 1:49:24 PM"},"hardware_info":"275c5aa2|06:A8:C0:D9:D5:E3"}}}
16:47:59.772 INFO  vert.x-eventloop-thread-0 BaseServiceProxy     : -> GET /v1/api/tickle,200|68ms
16:48:00.507 INFO  vert.x-eventloop-thread-0 BaseServiceProxy     : -> GET /v1/api/tickle,200|60ms
16:48:00.508 DEBUG vert.x-eventloop-thread-0 ClientPortalService  : tickle {"session":"f4eb67a51b57bd65db03e9b6b5ab5572","ssoExpires":480253,"collission":false,"userId":50301190,"hmds":{"error":"no bridge"},"iserver":{"authStatus":{"authenticated":true,"established":true,"competing":false,"connected":true,"message":"","MAC":"06:A8:C0:D9:D5:E3","serverInfo":{"serverName":"JifS17036","serverVersion":"Build 10.44.1f, Apr 7, 2026 1:49:24 PM"},"hardware_info":"275c5aa2|06:A8:C0:D9:D5:E3"}}}
16:48:30.519 INFO  vert.x-eventloop-thread-0 BaseServiceProxy     : -> GET /v1/api/tickle,200|71ms
16:48:30.521 DEBUG vert.x-eventloop-thread-0 ClientPortalService  : tickle {"session":"f4eb67a51b57bd65db03e9b6b5ab5572","ssoExpires":450247,"collission":false,"userId":50301190,"hmds":{"error":"no bridge"},"iserver":{"authStatus":{"authenticated":true,"established":true,"competing":false,"connected":true,"message":"","MAC":"06:A8:C0:D9:D5:E3","serverInfo":{"serverName":"JifS17036","serverVersion":"Build 10.44.1f, Apr 7, 2026 1:49:24 PM"},"hardware_info":"275c5aa2|06:A8:C0:D9:D5:E3"}}}
16:49:00.519 INFO  vert.x-eventloop-thread-0 BaseServiceProxy     : -> GET /v1/api/tickle,200|72ms
16:49:00.521 DEBUG vert.x-eventloop-thread-0 ClientPortalService  : tickle {"session":"f4eb67a51b57bd65db03e9b6b5ab5572","ssoExpires":420244,"collission":false,"userId":50301190,"hmds":{"error":"no bridge"},"iserver":{"authStatus":{"authenticated":true,"established":true,"competing":false,"connected":true,"message":"","MAC":"06:A8:C0:D9:D5:E3","serverInfo":{"serverName":"JifS17036","serverVersion":"Build 10.44.1f, Apr 7, 2026 1:49:24 PM"},"hardware_info":"275c5aa2|06:A8:C0:D9:D5:E3"}}}
16:49:21.316 INFO  vert.x-eventloop-thread-0 BaseServiceProxy     : -> GET /v1/api/iserver/secdef/search?symbol=MAMA&secType=STK,200|75ms
16:49:30.535 INFO  vert.x-eventloop-thread-0 BaseServiceProxy     : -> GET /v1/api/tickle,200|89ms
16:49:30.535 DEBUG vert.x-eventloop-thread-0 ClientPortalService  : tickle {"session":"f4eb67a51b57bd65db03e9b6b5ab5572","ssoExpires":390242,"collission":false,"userId":50301190,"hmds":{"error":"no bridge"},"iserver":{"authStatus":{"authenticated":true,"established":true,"competing":false,"connected":true,"message":"","MAC":"06:A8:C0:D9:D5:E3","serverInfo":{"serverName":"JifS17036","serverVersion":"Build 10.44.1f, Apr 7, 2026 1:49:24 PM"},"hardware_info":"275c5aa2|06:A8:C0:D9:D5:E3"}}}
16:49:35.686 INFO  vert.x-eventloop-thread-0 BaseServiceProxy     : -> GET /v1/api/portfolio/U5799398/summary,200|146ms
16:49:35.777 INFO  vert.x-eventloop-thread-0 BaseServiceProxy     : -> GET /v1/api/iserver/account/orders,200|60ms
16:49:35.809 INFO  vert.x-eventloop-thread-0 BaseServiceProxy     : -> GET /v1/api/portfolio/U5799398/positions/0?direction=a&period=1W&sort=position,200|113ms
16:49:47.592 INFO  vert.x-eventloop-thread-0 BaseServiceProxy     : -> GET /v1/api/iserver/secdef/search?symbol=MAMA&secType=STK,200|68ms
16:49:47.659 INFO  vert.x-eventloop-thread-0 BaseServiceProxy     : -> GET /v1/api/iserver/account/orders,200|66ms
16:49:47.809 INFO  vert.x-eventloop-thread-0 BaseServiceProxy     : -> GET /v1/api/portfolio/U5799398/summary,200|134ms
16:49:48.228 INFO  vert.x-eventloop-thread-0 BaseServiceProxy     : -> GET /v1/api/iserver/account/U5799398/orders,200|411ms
16:49:48.283 INFO  vert.x-eventloop-thread-0 BaseServiceProxy     : -> GET /v1/api/iserver/reply/08758e63-5dd2-467a-9d67-4ec9cda0ff8e,200|54ms
16:49:48.342 INFO  vert.x-eventloop-thread-0 BaseServiceProxy     : -> GET /v1/api/iserver/reply/e1018783-f289-4e23-b586-1fe4dc9aa4fa,200|56ms
16:49:48.401 INFO  vert.x-eventloop-thread-0 BaseServiceProxy     : -> GET /v1/api/iserver/reply/2e371da1-5a28-42bd-9fc0-9a16f4045b8e,200|57ms
16:49:48.504 INFO  vert.x-eventloop-thread-0 BaseServiceProxy     : -> GET /v1/api/iserver/reply/5a85b705-2f04-40d3-9c7e-41fe5c6aec00,200|100ms
16:49:48.585 INFO  vert.x-eventloop-thread-0 BaseServiceProxy     : -> GET /v1/api/iserver/reply/9ccbcd7e-9ddf-4851-bb22-9793efe89da4,200|79ms
16:49:48.668 INFO  vert.x-eventloop-thread-0 BaseServiceProxy     : -> GET /v1/api/iserver/account/orders,200|70ms
16:49:49.034 INFO  vert.x-eventloop-thread-0 BaseServiceProxy     : -> GET /v1/api/iserver/marketdata/history?conid=123882197&period=30d&bar=1d&outsideRth=false,200|347ms
16:49:49.127 INFO  vert.x-eventloop-thread-0 BaseServiceProxy     : -> GET /v1/api/iserver/account/orders,200|54ms
16:49:49.217 INFO  vert.x-eventloop-thread-0 BaseServiceProxy     : -> GET /v1/api/iserver/marketdata/history?conid=123882197&period=30d&bar=1d&outsideRth=false,200|58ms
16:50:00.500 INFO  vert.x-eventloop-thread-0 BaseServiceProxy     : -> GET /v1/api/tickle,200|55ms
16:50:00.501 DEBUG vert.x-eventloop-thread-0 ClientPortalService  : tickle {"session":"f4eb67a51b57bd65db03e9b6b5ab5572","ssoExpires":360258,"collission":false,"userId":50301190,"hmds":{"error":"no bridge"},"iserver":{"authStatus":{"authenticated":true,"established":true,"competing":false,"connected":true,"message":"","MAC":"06:A8:C0:D9:D5:E3","serverInfo":{"serverName":"JifS17036","serverVersion":"Build 10.44.1f, Apr 7, 2026 1:49:24 PM"},"hardware_info":"275c5aa2|06:A8:C0:D9:D5:E3"}}}
16:50:30.525 INFO  vert.x-eventloop-thread-0 BaseServiceProxy     : -> GET /v1/api/tickle,200|78ms
16:50:30.528 DEBUG vert.x-eventloop-thread-0 ClientPortalService  : tickle {"session":"f4eb67a51b57bd65db03e9b6b5ab5572","ssoExpires":330245,"collission":false,"userId":50301190,"hmds":{"error":"no bridge"},"iserver":{"authStatus":{"authenticated":true,"established":true,"competing":false,"connected":true,"message":"","MAC":"06:A8:C0:D9:D5:E3","serverInfo":{"serverName":"JifS17036","serverVersion":"Build 10.44.1f, Apr 7, 2026 1:49:24 PM"},"hardware_info":"275c5aa2|06:A8:C0:D9:D5:E3"}}}
16:50:55.943 INFO  vert.x-eventloop-thread-0 BaseServiceProxy     : -> GET /sso/ping,200|290ms
16:50:55.945 INFO  vert.x-eventloop-thread-0 SsoService           : sso ping {"result": "true"}
16:50:59.982 INFO  vert.x-eventloop-thread-0 BaseServiceProxy     : -> GET /v1/api/tickle,200|72ms
16:51:00.564 INFO  vert.x-eventloop-thread-0 BaseServiceProxy     : -> GET /v1/api/tickle,200|119ms
16:51:00.565 DEBUG vert.x-eventloop-thread-0 ClientPortalService  : tickle {"session":"f4eb67a51b57bd65db03e9b6b5ab5572","ssoExpires":300197,"collission":false,"userId":50301190,"hmds":{"error":"no bridge"},"iserver":{"authStatus":{"authenticated":true,"established":true,"competing":false,"connected":true,"message":"","MAC":"06:A8:C0:D9:D5:E3","serverInfo":{"serverName":"JifS17036","serverVersion":"Build 10.44.1f, Apr 7, 2026 1:49:24 PM"},"hardware_info":"275c5aa2|06:A8:C0:D9:D5:E3"}}}
16:51:30.501 INFO  vert.x-eventloop-thread-0 BaseServiceProxy     : -> GET /v1/api/tickle,200|56ms
16:51:30.503 DEBUG vert.x-eventloop-thread-0 ClientPortalService  : tickle {"session":"f4eb67a51b57bd65db03e9b6b5ab5572","ssoExpires":270254,"collission":false,"userId":50301190,"hmds":{"error":"no bridge"},"iserver":{"authStatus":{"authenticated":true,"established":true,"competing":false,"connected":true,"message":"","MAC":"06:A8:C0:D9:D5:E3","serverInfo":{"serverName":"JifS17036","serverVersion":"Build 10.44.1f, Apr 7, 2026 1:49:24 PM"},"hardware_info":"275c5aa2|06:A8:C0:D9:D5:E3"}}}
16:52:00.598 INFO  vert.x-eventloop-thread-0 BaseServiceProxy     : -> GET /v1/api/tickle,200|153ms
16:52:00.600 DEBUG vert.x-eventloop-thread-0 ClientPortalService  : tickle {"session":"f4eb67a51b57bd65db03e9b6b5ab5572","ssoExpires":240183,"collission":false,"userId":50301190,"hmds":{"error":"no bridge"},"iserver":{"authStatus":{"authenticated":true,"established":true,"competing":false,"connected":true,"message":"","MAC":"06:A8:C0:D9:D5:E3","serverInfo":{"serverName":"JifS17036","serverVersion":"Build 10.44.1f, Apr 7, 2026 1:49:24 PM"},"hardware_info":"275c5aa2|06:A8:C0:D9:D5:E3"}}}
16:52:30.530 INFO  vert.x-eventloop-thread-0 BaseServiceProxy     : -> GET /v1/api/tickle,200|86ms
16:52:30.532 DEBUG vert.x-eventloop-thread-0 ClientPortalService  : tickle {"session":"f4eb67a51b57bd65db03e9b6b5ab5572","ssoExpires":210244,"collission":false,"userId":50301190,"hmds":{"error":"no bridge"},"iserver":{"authStatus":{"authenticated":true,"established":true,"competing":false,"connected":true,"message":"","MAC":"06:A8:C0:D9:D5:E3","serverInfo":{"serverName":"JifS17036","serverVersion":"Build 10.44.1f, Apr 7, 2026 1:49:24 PM"},"hardware_info":"275c5aa2|06:A8:C0:D9:D5:E3"}}}
16:53:00.518 INFO  vert.x-eventloop-thread-0 BaseServiceProxy     : -> GET /v1/api/tickle,200|73ms
16:53:00.520 DEBUG vert.x-eventloop-thread-0 ClientPortalService  : tickle {"session":"f4eb67a51b57bd65db03e9b6b5ab5572","ssoExpires":180243,"collission":false,"userId":50301190,"hmds":{"error":"no bridge"},"iserver":{"authStatus":{"authenticated":true,"established":true,"competing":false,"connected":true,"message":"","MAC":"06:A8:C0:D9:D5:E3","serverInfo":{"serverName":"JifS17036","serverVersion":"Build 10.44.1f, Apr 7, 2026 1:49:24 PM"},"hardware_info":"275c5aa2|06:A8:C0:D9:D5:E3"}}}
16:53:30.513 INFO  vert.x-eventloop-thread-0 BaseServiceProxy     : -> GET /v1/api/tickle,200|69ms
16:53:30.515 DEBUG vert.x-eventloop-thread-0 ClientPortalService  : tickle {"session":"f4eb67a51b57bd65db03e9b6b5ab5572","ssoExpires":150242,"collission":false,"userId":50301190,"hmds":{"error":"no bridge"},"iserver":{"authStatus":{"authenticated":true,"established":true,"competing":false,"connected":true,"message":"","MAC":"06:A8:C0:D9:D5:E3","serverInfo":{"serverName":"JifS17036","serverVersion":"Build 10.44.1f, Apr 7, 2026 1:49:24 PM"},"hardware_info":"275c5aa2|06:A8:C0:D9:D5:E3"}}}
16:54:00.208 INFO  vert.x-eventloop-thread-0 BaseServiceProxy     : -> GET /v1/api/tickle,200|59ms
16:54:00.501 INFO  vert.x-eventloop-thread-0 BaseServiceProxy     : -> GET /v1/api/tickle,200|54ms
16:54:00.502 DEBUG vert.x-eventloop-thread-0 ClientPortalService  : tickle {"session":"f4eb67a51b57bd65db03e9b6b5ab5572","ssoExpires":120256,"collission":false,"userId":50301190,"hmds":{"error":"no bridge"},"iserver":{"authStatus":{"authenticated":true,"established":true,"competing":false,"connected":true,"message":"","MAC":"06:A8:C0:D9:D5:E3","serverInfo":{"serverName":"JifS17036","serverVersion":"Build 10.44.1f, Apr 7, 2026 1:49:24 PM"},"hardware_info":"275c5aa2|06:A8:C0:D9:D5:E3"}}}
16:54:30.512 INFO  vert.x-eventloop-thread-0 BaseServiceProxy     : -> GET /v1/api/tickle,200|63ms
16:54:30.515 DEBUG vert.x-eventloop-thread-0 ClientPortalService  : tickle {"session":"f4eb67a51b57bd65db03e9b6b5ab5572","ssoExpires":90249,"collission":false,"userId":50301190,"hmds":{"error":"no bridge"},"iserver":{"authStatus":{"authenticated":true,"established":true,"competing":false,"connected":true,"message":"","MAC":"06:A8:C0:D9:D5:E3","serverInfo":{"serverName":"JifS17036","serverVersion":"Build 10.44.1f, Apr 7, 2026 1:49:24 PM"},"hardware_info":"275c5aa2|06:A8:C0:D9:D5:E3"}}}
16:55:00.546 INFO  vert.x-eventloop-thread-0 BaseServiceProxy     : -> GET /v1/api/tickle,200|96ms
16:55:00.549 DEBUG vert.x-eventloop-thread-0 ClientPortalService  : tickle {"session":"f4eb67a51b57bd65db03e9b6b5ab5572","ssoExpires":60227,"collission":false,"userId":50301190,"hmds":{"error":"no bridge"},"iserver":{"authStatus":{"authenticated":true,"established":true,"competing":false,"connected":true,"message":"","MAC":"06:A8:C0:D9:D5:E3","serverInfo":{"serverName":"JifS17036","serverVersion":"Build 10.44.1f, Apr 7, 2026 1:49:24 PM"},"hardware_info":"275c5aa2|06:A8:C0:D9:D5:E3"}}}
16:55:30.544 INFO  vert.x-eventloop-thread-0 BaseServiceProxy     : -> GET /v1/api/tickle,200|97ms
16:55:30.546 DEBUG vert.x-eventloop-thread-0 ClientPortalService  : tickle {"session":"f4eb67a51b57bd65db03e9b6b5ab5572","ssoExpires":30226,"collission":false,"userId":50301190,"hmds":{"error":"no bridge"},"iserver":{"authStatus":{"authenticated":true,"established":true,"competing":false,"connected":true,"message":"","MAC":"06:A8:C0:D9:D5:E3","serverInfo":{"serverName":"JifS17036","serverVersion":"Build 10.44.1f, Apr 7, 2026 1:49:24 PM"},"hardware_info":"275c5aa2|06:A8:C0:D9:D5:E3"}}}
16:55:56.138 INFO  vert.x-eventloop-thread-0 BaseServiceProxy     : -> GET /sso/ping,200|482ms
16:55:56.141 INFO  vert.x-eventloop-thread-0 SsoService           : sso ping {"result": "true"}
16:56:00.504 INFO  vert.x-eventloop-thread-0 BaseServiceProxy     : -> GET /v1/api/tickle,200|57ms
16:56:00.504 DEBUG vert.x-eventloop-thread-0 ClientPortalService  : tickle {"session":"f4eb67a51b57bd65db03e9b6b5ab5572","ssoExpires":253,"collission":false,"userId":50301190,"hmds":{"error":"no bridge"},"iserver":{"authStatus":{"authenticated":true,"established":true,"competing":false,"connected":true,"message":"","MAC":"06:A8:C0:D9:D5:E3","serverInfo":{"serverName":"JifS17036","serverVersion":"Build 10.44.1f, Apr 7, 2026 1:49:24 PM"},"hardware_info":"275c5aa2|06:A8:C0:D9:D5:E3"}}}
16:56:30.562 INFO  vert.x-eventloop-thread-0 BaseServiceProxy     : -> GET /v1/api/tickle,200|113ms
16:56:30.565 DEBUG vert.x-eventloop-thread-0 ClientPortalService  : tickle {"session":"f4eb67a51b57bd65db03e9b6b5ab5572","ssoExpires":600000,"collission":false,"userId":50301190,"hmds":{"error":"no bridge"},"iserver":{"authStatus":{"authenticated":true,"established":true,"competing":false,"connected":true,"message":"","MAC":"06:A8:C0:D9:D5:E3","serverInfo":{"serverName":"JifS17036","serverVersion":"Build 10.44.1f, Apr 7, 2026 1:49:24 PM"},"hardware_info":"275c5aa2|06:A8:C0:D9:D5:E3"}}}
16:57:00.403 INFO  vert.x-eventloop-thread-0 BaseServiceProxy     : -> GET /v1/api/tickle,200|60ms
16:57:00.514 INFO  vert.x-eventloop-thread-0 BaseServiceProxy     : -> GET /v1/api/tickle,200|67ms
16:57:00.514 DEBUG vert.x-eventloop-thread-0 ClientPortalService  : tickle {"session":"f4eb67a51b57bd65db03e9b6b5ab5572","ssoExpires":570043,"collission":false,"userId":50301190,"hmds":{"error":"no bridge"},"iserver":{"authStatus":{"authenticated":true,"established":true,"competing":false,"connected":true,"message":"","MAC":"06:A8:C0:D9:D5:E3","serverInfo":{"serverName":"JifS17036","serverVersion":"Build 10.44.1f, Apr 7, 2026 1:49:24 PM"},"hardware_info":"275c5aa2|06:A8:C0:D9:D5:E3"}}}
16:57:30.678 INFO  vert.x-eventloop-thread-0 BaseServiceProxy     : -> GET /v1/api/tickle,200|231ms
16:57:30.679 DEBUG vert.x-eventloop-thread-0 ClientPortalService  : tickle {"session":"f4eb67a51b57bd65db03e9b6b5ab5572","ssoExpires":539948,"collission":false,"userId":50301190,"hmds":{"error":"no bridge"},"iserver":{"authStatus":{"authenticated":true,"established":true,"competing":false,"connected":true,"message":"","MAC":"06:A8:C0:D9:D5:E3","serverInfo":{"serverName":"JifS17036","serverVersion":"Build 10.44.1f, Apr 7, 2026 1:49:24 PM"},"hardware_info":"275c5aa2|06:A8:C0:D9:D5:E3"}}}
16:58:00.514 INFO  vert.x-eventloop-thread-0 BaseServiceProxy     : -> GET /v1/api/tickle,200|66ms
16:58:00.516 DEBUG vert.x-eventloop-thread-0 ClientPortalService  : tickle {"session":"f4eb67a51b57bd65db03e9b6b5ab5572","ssoExpires":510043,"collission":false,"userId":50301190,"hmds":{"error":"no bridge"},"iserver":{"authStatus":{"authenticated":true,"established":true,"competing":false,"connected":true,"message":"","MAC":"06:A8:C0:D9:D5:E3","serverInfo":{"serverName":"JifS17036","serverVersion":"Build 10.44.1f, Apr 7, 2026 1:49:24 PM"},"hardware_info":"275c5aa2|06:A8:C0:D9:D5:E3"}}}
16:58:30.510 INFO  vert.x-eventloop-thread-0 BaseServiceProxy     : -> GET /v1/api/tickle,200|64ms
16:58:30.513 DEBUG vert.x-eventloop-thread-0 ClientPortalService  : tickle {"session":"f4eb67a51b57bd65db03e9b6b5ab5572","ssoExpires":480045,"collission":false,"userId":50301190,"hmds":{"error":"no bridge"},"iserver":{"authStatus":{"authenticated":true,"established":true,"competing":false,"connected":true,"message":"","MAC":"06:A8:C0:D9:D5:E3","serverInfo":{"serverName":"JifS17036","serverVersion":"Build 10.44.1f, Apr 7, 2026 1:49:24 PM"},"hardware_info":"275c5aa2|06:A8:C0:D9:D5:E3"}}}
16:59:00.532 INFO  vert.x-eventloop-thread-0 BaseServiceProxy     : -> GET /v1/api/tickle,200|86ms
16:59:00.534 DEBUG vert.x-eventloop-thread-0 ClientPortalService  : tickle {"session":"f4eb67a51b57bd65db03e9b6b5ab5572","ssoExpires":450041,"collission":false,"userId":50301190,"hmds":{"error":"no bridge"},"iserver":{"authStatus":{"authenticated":true,"established":true,"competing":false,"connected":true,"message":"","MAC":"06:A8:C0:D9:D5:E3","serverInfo":{"serverName":"JifS17036","serverVersion":"Build 10.44.1f, Apr 7, 2026 1:49:24 PM"},"hardware_info":"275c5aa2|06:A8:C0:D9:D5:E3"}}}
16:59:25.751 INFO  vert.x-eventloop-thread-0 BaseServiceProxy     : -> GET /v1/api/iserver/account/orders,200|64ms
16:59:26.162 INFO  vert.x-eventloop-thread-0 BaseServiceProxy     : -> GET /v1/api/iserver/account/U5799398/order/286524230,200|384ms
16:59:26.500 INFO  vert.x-eventloop-thread-0 BaseServiceProxy     : -> GET /v1/api/iserver/account/U5799398/order/286524231,400|335ms
16:59:26.834 INFO  vert.x-eventloop-thread-0 BaseServiceProxy     : -> GET /v1/api/iserver/account/U5799398/order/286524232,400|319ms
16:59:26.939 INFO  vert.x-eventloop-thread-0 BaseServiceProxy     : -> GET /v1/api/iserver/account/orders,200|68ms
16:59:27.276 INFO  vert.x-eventloop-thread-0 BaseServiceProxy     : -> GET /v1/api/iserver/account/U5799398/order/132108344,200|325ms
16:59:27.599 INFO  vert.x-eventloop-thread-0 BaseServiceProxy     : -> GET /v1/api/iserver/account/U5799398/order/132108343,400|320ms
16:59:27.938 INFO  vert.x-eventloop-thread-0 BaseServiceProxy     : -> GET /v1/api/iserver/account/U5799398/order/132108342,200|323ms
16:59:28.033 INFO  vert.x-eventloop-thread-0 BaseServiceProxy     : -> GET /v1/api/iserver/account/orders,200|61ms
16:59:28.391 INFO  vert.x-eventloop-thread-0 BaseServiceProxy     : -> GET /v1/api/iserver/account/U5799398/order/177393710,200|345ms
16:59:28.733 INFO  vert.x-eventloop-thread-0 BaseServiceProxy     : -> GET /v1/api/iserver/account/U5799398/order/177393711,400|338ms
16:59:29.155 INFO  vert.x-eventloop-thread-0 BaseServiceProxy     : -> GET /v1/api/iserver/account/U5799398/order/177393709,200|408ms
16:59:29.249 INFO  vert.x-eventloop-thread-0 BaseServiceProxy     : -> GET /v1/api/iserver/account/orders,200|63ms
16:59:29.580 INFO  vert.x-eventloop-thread-0 BaseServiceProxy     : -> GET /v1/api/iserver/account/U5799398/order/758547494,200|320ms
16:59:29.975 INFO  vert.x-eventloop-thread-0 BaseServiceProxy     : -> GET /v1/api/iserver/account/U5799398/order/758547495,400|393ms
16:59:30.541 INFO  vert.x-eventloop-thread-0 BaseServiceProxy     : -> GET /v1/api/tickle,200|96ms
16:59:30.542 DEBUG vert.x-eventloop-thread-0 ClientPortalService  : tickle {"session":"f4eb67a51b57bd65db03e9b6b5ab5572","ssoExpires":420049,"collission":false,"userId":50301190,"hmds":{"error":"no bridge"},"iserver":{"authStatus":{"authenticated":true,"established":true,"competing":false,"connected":true,"message":"","MAC":"06:A8:C0:D9:D5:E3","serverInfo":{"serverName":"JifS17036","serverVersion":"Build 10.44.1f, Apr 7, 2026 1:49:24 PM"},"hardware_info":"275c5aa2|06:A8:C0:D9:D5:E3"}}}
16:59:30.751 INFO  vert.x-eventloop-thread-0 BaseServiceProxy     : -> GET /v1/api/iserver/account/U5799398/order/758547493,200|763ms
16:59:30.920 INFO  vert.x-eventloop-thread-0 BaseServiceProxy     : -> GET /v1/api/iserver/account/orders,200|135ms
16:59:31.792 INFO  vert.x-eventloop-thread-0 BaseServiceProxy     : -> GET /v1/api/iserver/account/U5799398/order/281725798,200|843ms
16:59:32.131 INFO  vert.x-eventloop-thread-0 BaseServiceProxy     : -> GET /v1/api/iserver/account/U5799398/order/281725796,200|327ms
16:59:32.452 INFO  vert.x-eventloop-thread-0 BaseServiceProxy     : -> GET /v1/api/iserver/account/U5799398/order/281725797,400|319ms
16:59:32.545 INFO  vert.x-eventloop-thread-0 BaseServiceProxy     : -> GET /v1/api/iserver/account/orders,200|61ms
16:59:32.941 INFO  vert.x-eventloop-thread-0 BaseServiceProxy     : -> GET /v1/api/iserver/account/U5799398/order/132108347,200|360ms
16:59:33.265 INFO  vert.x-eventloop-thread-0 BaseServiceProxy     : -> GET /v1/api/iserver/account/U5799398/order/132108346,400|323ms
16:59:33.582 INFO  vert.x-eventloop-thread-0 BaseServiceProxy     : -> GET /v1/api/iserver/account/U5799398/order/132108345,200|311ms
16:59:33.713 INFO  vert.x-eventloop-thread-0 BaseServiceProxy     : -> GET /v1/api/iserver/account/orders,200|77ms
16:59:34.206 INFO  vert.x-eventloop-thread-0 BaseServiceProxy     : -> GET /v1/api/iserver/account/U5799398/order/515644892,200|347ms
16:59:34.521 INFO  vert.x-eventloop-thread-0 BaseServiceProxy     : -> GET /v1/api/iserver/account/U5799398/order/515644893,400|313ms
16:59:34.938 INFO  vert.x-eventloop-thread-0 BaseServiceProxy     : -> GET /v1/api/iserver/account/U5799398/order/515644891,200|350ms
16:59:35.025 INFO  vert.x-eventloop-thread-0 BaseServiceProxy     : -> GET /v1/api/iserver/account/orders,200|59ms
16:59:35.456 INFO  vert.x-eventloop-thread-0 BaseServiceProxy     : -> GET /v1/api/iserver/account/U5799398/order/2114802829,200|422ms
16:59:35.912 INFO  vert.x-eventloop-thread-0 BaseServiceProxy     : -> GET /v1/api/iserver/account/U5799398/order/2114802831,400|454ms
16:59:36.241 INFO  vert.x-eventloop-thread-0 BaseServiceProxy     : -> GET /v1/api/iserver/account/U5799398/order/2114802830,400|315ms
16:59:36.421 INFO  vert.x-eventloop-thread-0 BaseServiceProxy     : -> GET /v1/api/iserver/account/orders,200|140ms
16:59:36.777 INFO  vert.x-eventloop-thread-0 BaseServiceProxy     : -> GET /v1/api/iserver/account/U5799398/order/1848206515,200|342ms
16:59:37.134 INFO  vert.x-eventloop-thread-0 BaseServiceProxy     : -> GET /v1/api/iserver/account/U5799398/order/1848206517,400|356ms
16:59:37.553 INFO  vert.x-eventloop-thread-0 BaseServiceProxy     : -> GET /v1/api/iserver/account/U5799398/order/1848206516,400|406ms
16:59:37.657 INFO  vert.x-eventloop-thread-0 BaseServiceProxy     : -> GET /v1/api/iserver/account/orders,200|67ms
16:59:38.011 INFO  vert.x-eventloop-thread-0 BaseServiceProxy     : -> GET /v1/api/iserver/account/U5799398/order/2143754826,200|341ms
16:59:38.344 INFO  vert.x-eventloop-thread-0 BaseServiceProxy     : -> GET /v1/api/iserver/account/U5799398/order/2143754825,400|330ms
16:59:38.698 INFO  vert.x-eventloop-thread-0 BaseServiceProxy     : -> GET /v1/api/iserver/account/U5799398/order/2143754824,200|342ms
16:59:38.798 INFO  vert.x-eventloop-thread-0 BaseServiceProxy     : -> GET /v1/api/iserver/account/orders,200|64ms
16:59:39.191 INFO  vert.x-eventloop-thread-0 BaseServiceProxy     : -> GET /v1/api/iserver/account/U5799398/order/1848206459,200|381ms
16:59:39.511 INFO  vert.x-eventloop-thread-0 BaseServiceProxy     : -> GET /v1/api/iserver/account/U5799398/order/1848206458,200|317ms
16:59:39.905 INFO  vert.x-eventloop-thread-0 BaseServiceProxy     : -> GET /v1/api/iserver/account/U5799398/order/1848206460,400|391ms
16:59:39.998 INFO  vert.x-eventloop-thread-0 BaseServiceProxy     : -> GET /v1/api/iserver/account/orders,200|59ms
16:59:40.518 INFO  vert.x-eventloop-thread-0 BaseServiceProxy     : -> GET /v1/api/iserver/account/U5799398/order/286524228,200|491ms
16:59:40.929 INFO  vert.x-eventloop-thread-0 BaseServiceProxy     : -> GET /v1/api/iserver/account/U5799398/order/286524229,400|408ms
16:59:41.286 INFO  vert.x-eventloop-thread-0 BaseServiceProxy     : -> GET /v1/api/iserver/account/U5799398/order/286524227,200|342ms
17:00:00.518 INFO  vert.x-eventloop-thread-0 BaseServiceProxy     : -> GET /v1/api/tickle,200|73ms
17:00:00.518 DEBUG vert.x-eventloop-thread-0 ClientPortalService  : tickle {"session":"f4eb67a51b57bd65db03e9b6b5ab5572","ssoExpires":390046,"collission":false,"userId":50301190,"hmds":{"error":"no bridge"},"iserver":{"authStatus":{"authenticated":true,"established":true,"competing":false,"connected":true,"message":"","MAC":"06:A8:C0:D9:D5:E3","serverInfo":{"serverName":"JifS17036","serverVersion":"Build 10.44.1f, Apr 7, 2026 1:49:24 PM"},"hardware_info":"275c5aa2|06:A8:C0:D9:D5:E3"}}}
17:00:00.588 INFO  vert.x-eventloop-thread-0 BaseServiceProxy     : -> GET /v1/api/tickle,200|63ms
17:00:30.512 INFO  vert.x-eventloop-thread-0 BaseServiceProxy     : -> GET /v1/api/tickle,200|67ms
17:00:30.520 DEBUG vert.x-eventloop-thread-0 ClientPortalService  : tickle {"session":"f4eb67a51b57bd65db03e9b6b5ab5572","ssoExpires":360045,"collission":false,"userId":50301190,"hmds":{"error":"no bridge"},"iserver":{"authStatus":{"authenticated":true,"established":true,"competing":false,"connected":true,"message":"","MAC":"06:A8:C0:D9:D5:E3","serverInfo":{"serverName":"JifS17036","serverVersion":"Build 10.44.1f, Apr 7, 2026 1:49:24 PM"},"hardware_info":"275c5aa2|06:A8:C0:D9:D5:E3"}}}
17:00:55.989 INFO  vert.x-eventloop-thread-0 BaseServiceProxy     : -> GET /sso/ping,200|335ms
17:00:55.993 INFO  vert.x-eventloop-thread-0 SsoService           : sso ping {"result": "true"}
17:01:00.515 INFO  vert.x-eventloop-thread-0 BaseServiceProxy     : -> GET /v1/api/tickle,200|70ms
17:01:00.516 DEBUG vert.x-eventloop-thread-0 ClientPortalService  : tickle {"session":"f4eb67a51b57bd65db03e9b6b5ab5572","ssoExpires":330038,"collission":false,"userId":50301190,"hmds":{"error":"no bridge"},"iserver":{"authStatus":{"authenticated":true,"established":true,"competing":false,"connected":true,"message":"","MAC":"06:A8:C0:D9:D5:E3","serverInfo":{"serverName":"JifS17036","serverVersion":"Build 10.44.1f, Apr 7, 2026 1:49:24 PM"},"hardware_info":"275c5aa2|06:A8:C0:D9:D5:E3"}}}
17:01:30.501 INFO  vert.x-eventloop-thread-0 BaseServiceProxy     : -> GET /v1/api/tickle,200|56ms
17:01:30.502 DEBUG vert.x-eventloop-thread-0 ClientPortalService  : tickle {"session":"f4eb67a51b57bd65db03e9b6b5ab5572","ssoExpires":300049,"collission":false,"userId":50301190,"hmds":{"error":"no bridge"},"iserver":{"authStatus":{"authenticated":true,"established":true,"competing":false,"connected":true,"message":"","MAC":"06:A8:C0:D9:D5:E3","serverInfo":{"serverName":"JifS17036","serverVersion":"Build 10.44.1f, Apr 7, 2026 1:49:24 PM"},"hardware_info":"275c5aa2|06:A8:C0:D9:D5:E3"}}}
17:02:00.535 INFO  vert.x-eventloop-thread-0 BaseServiceProxy     : -> GET /v1/api/tickle,200|89ms
17:02:00.538 DEBUG vert.x-eventloop-thread-0 ClientPortalService  : tickle {"session":"f4eb67a51b57bd65db03e9b6b5ab5572","ssoExpires":270042,"collission":false,"userId":50301190,"hmds":{"error":"no bridge"},"iserver":{"authStatus":{"authenticated":true,"established":true,"competing":false,"connected":true,"message":"","MAC":"06:A8:C0:D9:D5:E3","serverInfo":{"serverName":"JifS17036","serverVersion":"Build 10.44.1f, Apr 7, 2026 1:49:24 PM"},"hardware_info":"275c5aa2|06:A8:C0:D9:D5:E3"}}}
17:02:30.606 INFO  vert.x-eventloop-thread-0 BaseServiceProxy     : -> GET /v1/api/tickle,200|162ms
17:02:30.608 DEBUG vert.x-eventloop-thread-0 ClientPortalService  : tickle {"session":"f4eb67a51b57bd65db03e9b6b5ab5572","ssoExpires":239960,"collission":false,"userId":50301190,"hmds":{"error":"no bridge"},"iserver":{"authStatus":{"authenticated":true,"established":true,"competing":false,"connected":true,"message":"","MAC":"06:A8:C0:D9:D5:E3","serverInfo":{"serverName":"JifS17036","serverVersion":"Build 10.44.1f, Apr 7, 2026 1:49:24 PM"},"hardware_info":"275c5aa2|06:A8:C0:D9:D5:E3"}}}
17:03:00.510 INFO  vert.x-eventloop-thread-0 BaseServiceProxy     : -> GET /v1/api/tickle,200|66ms
17:03:00.512 DEBUG vert.x-eventloop-thread-0 ClientPortalService  : tickle {"session":"f4eb67a51b57bd65db03e9b6b5ab5572","ssoExpires":210041,"collission":false,"userId":50301190,"hmds":{"error":"no bridge"},"iserver":{"authStatus":{"authenticated":true,"established":true,"competing":false,"connected":true,"message":"","MAC":"06:A8:C0:D9:D5:E3","serverInfo":{"serverName":"JifS17036","serverVersion":"Build 10.44.1f, Apr 7, 2026 1:49:24 PM"},"hardware_info":"275c5aa2|06:A8:C0:D9:D5:E3"}}}
17:03:00.848 INFO  vert.x-eventloop-thread-0 BaseServiceProxy     : -> GET /v1/api/tickle,200|148ms
17:03:30.538 INFO  vert.x-eventloop-thread-0 BaseServiceProxy     : -> GET /v1/api/tickle,200|93ms
17:03:30.541 DEBUG vert.x-eventloop-thread-0 ClientPortalService  : tickle {"session":"f4eb67a51b57bd65db03e9b6b5ab5572","ssoExpires":180039,"collission":false,"userId":50301190,"hmds":{"error":"no bridge"},"iserver":{"authStatus":{"authenticated":true,"established":true,"competing":false,"connected":true,"message":"","MAC":"06:A8:C0:D9:D5:E3","serverInfo":{"serverName":"JifS17036","serverVersion":"Build 10.44.1f, Apr 7, 2026 1:49:24 PM"},"hardware_info":"275c5aa2|06:A8:C0:D9:D5:E3"}}}
17:04:00.538 INFO  vert.x-eventloop-thread-0 BaseServiceProxy     : -> GET /v1/api/tickle,200|93ms
17:04:00.540 DEBUG vert.x-eventloop-thread-0 ClientPortalService  : tickle {"session":"f4eb67a51b57bd65db03e9b6b5ab5572","ssoExpires":150017,"collission":false,"userId":50301190,"hmds":{"error":"no bridge"},"iserver":{"authStatus":{"authenticated":true,"established":true,"competing":false,"connected":true,"message":"","MAC":"06:A8:C0:D9:D5:E3","serverInfo":{"serverName":"JifS17036","serverVersion":"Build 10.44.1f, Apr 7, 2026 1:49:24 PM"},"hardware_info":"275c5aa2|06:A8:C0:D9:D5:E3"}}}
17:04:30.555 INFO  vert.x-eventloop-thread-0 BaseServiceProxy     : -> GET /v1/api/tickle,200|112ms
17:04:30.556 DEBUG vert.x-eventloop-thread-0 ClientPortalService  : tickle {"session":"f4eb67a51b57bd65db03e9b6b5ab5572","ssoExpires":120032,"collission":false,"userId":50301190,"hmds":{"error":"no bridge"},"iserver":{"authStatus":{"authenticated":true,"established":true,"competing":false,"connected":true,"message":"","MAC":"06:A8:C0:D9:D5:E3","serverInfo":{"serverName":"JifS17036","serverVersion":"Build 10.44.1f, Apr 7, 2026 1:49:24 PM"},"hardware_info":"275c5aa2|06:A8:C0:D9:D5:E3"}}}
17:05:00.579 INFO  vert.x-eventloop-thread-0 BaseServiceProxy     : -> GET /v1/api/tickle,200|136ms
17:05:00.580 DEBUG vert.x-eventloop-thread-0 ClientPortalService  : tickle {"session":"f4eb67a51b57bd65db03e9b6b5ab5572","ssoExpires":90008,"collission":false,"userId":50301190,"hmds":{"error":"no bridge"},"iserver":{"authStatus":{"authenticated":true,"established":true,"competing":false,"connected":true,"message":"","MAC":"06:A8:C0:D9:D5:E3","serverInfo":{"serverName":"JifS17036","serverVersion":"Build 10.44.1f, Apr 7, 2026 1:49:24 PM"},"hardware_info":"275c5aa2|06:A8:C0:D9:D5:E3"}}}
17:05:30.528 INFO  vert.x-eventloop-thread-0 BaseServiceProxy     : -> GET /v1/api/tickle,200|85ms
17:05:30.529 DEBUG vert.x-eventloop-thread-0 ClientPortalService  : tickle {"session":"f4eb67a51b57bd65db03e9b6b5ab5572","ssoExpires":60043,"collission":false,"userId":50301190,"hmds":{"error":"no bridge"},"iserver":{"authStatus":{"authenticated":true,"established":true,"competing":false,"connected":true,"message":"","MAC":"06:A8:C0:D9:D5:E3","serverInfo":{"serverName":"JifS17036","serverVersion":"Build 10.44.1f, Apr 7, 2026 1:49:24 PM"},"hardware_info":"275c5aa2|06:A8:C0:D9:D5:E3"}}}
17:05:30.889 INFO  vert.x-eventloop-thread-0 BaseServiceProxy     : -> GET /v1/api/iserver/account/orders,200|73ms
17:05:30.940 INFO  vert.x-eventloop-thread-0 BaseServiceProxy     : -> GET /v1/api/portfolio/U5799398/positions/0?direction=a&period=1W&sort=position,200|125ms
17:05:56.025 INFO  vert.x-eventloop-thread-0 BaseServiceProxy     : -> GET /sso/ping,200|375ms
17:05:56.027 INFO  vert.x-eventloop-thread-0 SsoService           : sso ping {"result": "true"}
17:06:00.504 INFO  vert.x-eventloop-thread-0 BaseServiceProxy     : -> GET /v1/api/tickle,200|62ms
17:06:00.504 DEBUG vert.x-eventloop-thread-0 ClientPortalService  : tickle {"session":"f4eb67a51b57bd65db03e9b6b5ab5572","ssoExpires":30045,"collission":false,"userId":50301190,"hmds":{"error":"no bridge"},"iserver":{"authStatus":{"authenticated":true,"established":true,"competing":false,"connected":true,"message":"","MAC":"06:A8:C0:D9:D5:E3","serverInfo":{"serverName":"JifS17036","serverVersion":"Build 10.44.1f, Apr 7, 2026 1:49:24 PM"},"hardware_info":"275c5aa2|06:A8:C0:D9:D5:E3"}}}
17:06:01.052 INFO  vert.x-eventloop-thread-0 BaseServiceProxy     : -> GET /v1/api/tickle,200|64ms
17:06:30.541 INFO  vert.x-eventloop-thread-0 BaseServiceProxy     : -> GET /v1/api/tickle,200|99ms
17:06:30.543 DEBUG vert.x-eventloop-thread-0 ClientPortalService  : tickle {"session":"f4eb67a51b57bd65db03e9b6b5ab5572","ssoExpires":10,"collission":false,"userId":50301190,"hmds":{"error":"no bridge"},"iserver":{"authStatus":{"authenticated":true,"established":true,"competing":false,"connected":true,"message":"","MAC":"06:A8:C0:D9:D5:E3","serverInfo":{"serverName":"JifS17036","serverVersion":"Build 10.44.1f, Apr 7, 2026 1:49:24 PM"},"hardware_info":"275c5aa2|06:A8:C0:D9:D5:E3"}}}
17:07:00.516 INFO  vert.x-eventloop-thread-0 BaseServiceProxy     : -> GET /v1/api/tickle,200|72ms
17:07:00.518 DEBUG vert.x-eventloop-thread-0 ClientPortalService  : tickle {"session":"f4eb67a51b57bd65db03e9b6b5ab5572","ssoExpires":600000,"collission":false,"userId":50301190,"hmds":{"error":"no bridge"},"iserver":{"authStatus":{"authenticated":true,"established":true,"competing":false,"connected":true,"message":"","MAC":"06:A8:C0:D9:D5:E3","serverInfo":{"serverName":"JifS17036","serverVersion":"Build 10.44.1f, Apr 7, 2026 1:49:24 PM"},"hardware_info":"275c5aa2|06:A8:C0:D9:D5:E3"}}}
17:07:30.505 INFO  vert.x-eventloop-thread-0 BaseServiceProxy     : -> GET /v1/api/tickle,200|64ms
17:07:30.506 DEBUG vert.x-eventloop-thread-0 ClientPortalService  : tickle {"session":"f4eb67a51b57bd65db03e9b6b5ab5572","ssoExpires":570009,"collission":false,"userId":50301190,"hmds":{"error":"no bridge"},"iserver":{"authStatus":{"authenticated":true,"established":true,"competing":false,"connected":true,"message":"","MAC":"06:A8:C0:D9:D5:E3","serverInfo":{"serverName":"JifS17036","serverVersion":"Build 10.44.1f, Apr 7, 2026 1:49:24 PM"},"hardware_info":"275c5aa2|06:A8:C0:D9:D5:E3"}}}
17:07:55.287 INFO  vert.x-eventloop-thread-0 BaseServiceProxy     : -> GET /v1/api/iserver/account/orders,200|65ms
17:07:55.676 INFO  vert.x-eventloop-thread-0 BaseServiceProxy     : -> GET /v1/api/iserver/marketdata/history?conid=268149&period=30d&bar=1d&outsideRth=false,200|377ms
17:08:00.494 INFO  vert.x-eventloop-thread-0 BaseServiceProxy     : -> GET /v1/api/tickle,200|53ms
17:08:00.494 DEBUG vert.x-eventloop-thread-0 ClientPortalService  : tickle {"session":"f4eb67a51b57bd65db03e9b6b5ab5572","ssoExpires":540018,"collission":false,"userId":50301190,"hmds":{"error":"no bridge"},"iserver":{"authStatus":{"authenticated":true,"established":true,"competing":false,"connected":true,"message":"","MAC":"06:A8:C0:D9:D5:E3","serverInfo":{"serverName":"JifS17036","serverVersion":"Build 10.44.1f, Apr 7, 2026 1:49:24 PM"},"hardware_info":"275c5aa2|06:A8:C0:D9:D5:E3"}}}
17:08:30.525 INFO  vert.x-eventloop-thread-0 BaseServiceProxy     : -> GET /v1/api/tickle,200|85ms
17:08:30.527 DEBUG vert.x-eventloop-thread-0 ClientPortalService  : tickle {"session":"f4eb67a51b57bd65db03e9b6b5ab5572","ssoExpires":510009,"collission":false,"userId":50301190,"hmds":{"error":"no bridge"},"iserver":{"authStatus":{"authenticated":true,"established":true,"competing":false,"connected":true,"message":"","MAC":"06:A8:C0:D9:D5:E3","serverInfo":{"serverName":"JifS17036","serverVersion":"Build 10.44.1f, Apr 7, 2026 1:49:24 PM"},"hardware_info":"275c5aa2|06:A8:C0:D9:D5:E3"}}}
17:08:31.210 INFO  vert.x-eventloop-thread-0 BaseServiceProxy     : -> GET /v1/api/iserver/account/orders,200|104ms
17:08:31.583 INFO  vert.x-eventloop-thread-0 BaseServiceProxy     : -> GET /v1/api/iserver/account/U5799398/order/1848206486,200|320ms
17:08:31.676 INFO  vert.x-eventloop-thread-0 BaseServiceProxy     : -> GET /v1/api/iserver/account/orders,200|76ms
17:08:32.078 INFO  vert.x-eventloop-thread-0 BaseServiceProxy     : -> GET /v1/api/iserver/account/U5799398/order/1848206487,400|370ms
17:08:32.295 INFO  vert.x-eventloop-thread-0 BaseServiceProxy     : -> GET /v1/api/iserver/account/orders,200|186ms
17:08:32.790 INFO  vert.x-eventloop-thread-0 BaseServiceProxy     : -> GET /v1/api/iserver/account/U5799398/order/1848206488,400|478ms
17:09:00.511 INFO  vert.x-eventloop-thread-0 BaseServiceProxy     : -> GET /v1/api/tickle,200|69ms
17:09:00.514 DEBUG vert.x-eventloop-thread-0 ClientPortalService  : tickle {"session":"f4eb67a51b57bd65db03e9b6b5ab5572","ssoExpires":480004,"collission":false,"userId":50301190,"hmds":{"error":"no bridge"},"iserver":{"authStatus":{"authenticated":true,"established":true,"competing":false,"connected":true,"message":"","MAC":"06:A8:C0:D9:D5:E3","serverInfo":{"serverName":"JifS17036","serverVersion":"Build 10.44.1f, Apr 7, 2026 1:49:24 PM"},"hardware_info":"275c5aa2|06:A8:C0:D9:D5:E3"}}}
17:09:01.289 INFO  vert.x-eventloop-thread-0 BaseServiceProxy     : -> GET /v1/api/tickle,200|81ms
17:09:23.475 INFO  vert.x-eventloop-thread-0 BaseServiceProxy     : -> GET /v1/api/iserver/account/orders,200|63ms
17:09:23.895 INFO  vert.x-eventloop-thread-0 BaseServiceProxy     : -> GET /v1/api/iserver/account/U5799398/order/286523797,200|405ms
17:09:24.224 INFO  vert.x-eventloop-thread-0 BaseServiceProxy     : -> GET /v1/api/iserver/account/U5799398/order/286523798,400|328ms
17:09:24.561 INFO  vert.x-eventloop-thread-0 BaseServiceProxy     : -> GET /v1/api/iserver/account/U5799398/order/286523799,400|325ms
17:09:30.536 INFO  vert.x-eventloop-thread-0 BaseServiceProxy     : -> GET /v1/api/tickle,200|90ms
17:09:30.552 DEBUG vert.x-eventloop-thread-0 ClientPortalService  : tickle {"session":"f4eb67a51b57bd65db03e9b6b5ab5572","ssoExpires":449988,"collission":false,"userId":50301190,"hmds":{"error":"no bridge"},"iserver":{"authStatus":{"authenticated":true,"established":true,"competing":false,"connected":true,"message":"","MAC":"06:A8:C0:D9:D5:E3","serverInfo":{"serverName":"JifS17036","serverVersion":"Build 10.44.1f, Apr 7, 2026 1:49:24 PM"},"hardware_info":"275c5aa2|06:A8:C0:D9:D5:E3"}}}
17:10:00.520 INFO  vert.x-eventloop-thread-0 BaseServiceProxy     : -> GET /v1/api/tickle,200|74ms
17:10:00.523 DEBUG vert.x-eventloop-thread-0 ClientPortalService  : tickle {"session":"f4eb67a51b57bd65db03e9b6b5ab5572","ssoExpires":419996,"collission":false,"userId":50301190,"hmds":{"error":"no bridge"},"iserver":{"authStatus":{"authenticated":true,"established":true,"competing":false,"connected":true,"message":"","MAC":"06:A8:C0:D9:D5:E3","serverInfo":{"serverName":"JifS17036","serverVersion":"Build 10.44.1f, Apr 7, 2026 1:49:24 PM"},"hardware_info":"275c5aa2|06:A8:C0:D9:D5:E3"}}}
17:10:30.520 INFO  vert.x-eventloop-thread-0 BaseServiceProxy     : -> GET /v1/api/tickle,200|76ms
17:10:30.521 DEBUG vert.x-eventloop-thread-0 ClientPortalService  : tickle {"session":"f4eb67a51b57bd65db03e9b6b5ab5572","ssoExpires":390008,"collission":false,"userId":50301190,"hmds":{"error":"no bridge"},"iserver":{"authStatus":{"authenticated":true,"established":true,"competing":false,"connected":true,"message":"","MAC":"06:A8:C0:D9:D5:E3","serverInfo":{"serverName":"JifS17036","serverVersion":"Build 10.44.1f, Apr 7, 2026 1:49:24 PM"},"hardware_info":"275c5aa2|06:A8:C0:D9:D5:E3"}}}
17:10:36.144 INFO  vert.x-eventloop-thread-0 BaseServiceProxy     : -> GET /v1/api/iserver/account/orders,200|91ms
17:10:36.590 INFO  vert.x-eventloop-thread-0 BaseServiceProxy     : -> GET /v1/api/iserver/account/U5799398/order/2069454544,200|430ms
17:10:37.005 INFO  vert.x-eventloop-thread-0 BaseServiceProxy     : -> GET /v1/api/iserver/account/U5799398/order/2069454543,400|413ms
17:10:37.367 INFO  vert.x-eventloop-thread-0 BaseServiceProxy     : -> GET /v1/api/iserver/account/U5799398/order/2069454542,200|347ms
17:10:56.021 INFO  vert.x-eventloop-thread-0 BaseServiceProxy     : -> GET /sso/ping,200|369ms
17:10:56.023 INFO  vert.x-eventloop-thread-0 SsoService           : sso ping {"result": "true"}
17:11:00.498 INFO  vert.x-eventloop-thread-0 BaseServiceProxy     : -> GET /v1/api/tickle,200|53ms
17:11:00.501 DEBUG vert.x-eventloop-thread-0 ClientPortalService  : tickle {"session":"f4eb67a51b57bd65db03e9b6b5ab5572","ssoExpires":360016,"collission":false,"userId":50301190,"hmds":{"error":"no bridge"},"iserver":{"authStatus":{"authenticated":true,"established":true,"competing":false,"connected":true,"message":"","MAC":"06:A8:C0:D9:D5:E3","serverInfo":{"serverName":"JifS17036","serverVersion":"Build 10.44.1f, Apr 7, 2026 1:49:24 PM"},"hardware_info":"275c5aa2|06:A8:C0:D9:D5:E3"}}}
17:11:30.539 INFO  vert.x-eventloop-thread-0 BaseServiceProxy     : -> GET /v1/api/tickle,200|95ms
17:11:30.541 DEBUG vert.x-eventloop-thread-0 ClientPortalService  : tickle {"session":"f4eb67a51b57bd65db03e9b6b5ab5572","ssoExpires":329982,"collission":false,"userId":50301190,"hmds":{"error":"no bridge"},"iserver":{"authStatus":{"authenticated":true,"established":true,"competing":false,"connected":true,"message":"","MAC":"06:A8:C0:D9:D5:E3","serverInfo":{"serverName":"JifS17036","serverVersion":"Build 10.44.1f, Apr 7, 2026 1:49:24 PM"},"hardware_info":"275c5aa2|06:A8:C0:D9:D5:E3"}}}
17:11:35.447 INFO  vert.x-eventloop-thread-0 BaseServiceProxy     : -> GET /v1/api/portfolio/U5799398/summary,200|109ms
17:11:35.563 INFO  vert.x-eventloop-thread-0 BaseServiceProxy     : -> GET /v1/api/iserver/account/orders,200|91ms
17:11:35.574 INFO  vert.x-eventloop-thread-0 BaseServiceProxy     : -> GET /v1/api/portfolio/U5799398/positions/0?direction=a&period=1W&sort=position,200|121ms
17:11:48.174 INFO  vert.x-eventloop-thread-0 BaseServiceProxy     : -> GET /v1/api/iserver/secdef/search?symbol=CTAS&secType=STK,200|103ms
17:11:48.265 INFO  vert.x-eventloop-thread-0 BaseServiceProxy     : -> GET /v1/api/iserver/account/orders,200|88ms
17:11:48.476 INFO  vert.x-eventloop-thread-0 BaseServiceProxy     : -> GET /v1/api/portfolio/U5799398/summary,200|186ms
17:11:48.876 INFO  vert.x-eventloop-thread-0 BaseServiceProxy     : -> GET /v1/api/iserver/account/U5799398/orders,200|393ms
17:11:48.991 INFO  vert.x-eventloop-thread-0 BaseServiceProxy     : -> GET /v1/api/iserver/reply/6712e541-0e00-4b24-869d-75c348017c46,200|113ms
17:11:49.113 INFO  vert.x-eventloop-thread-0 BaseServiceProxy     : -> GET /v1/api/iserver/reply/10f9849c-b5b7-4137-875c-d8dfd1d36b7f,200|119ms
17:11:49.257 INFO  vert.x-eventloop-thread-0 BaseServiceProxy     : -> GET /v1/api/iserver/reply/65d2150b-3362-45ff-ac7d-b48a5e91fb78,200|141ms
17:11:49.400 INFO  vert.x-eventloop-thread-0 BaseServiceProxy     : -> GET /v1/api/iserver/reply/3f832886-2aa4-4420-ab66-3359b55f7dec,200|140ms
17:11:49.539 INFO  vert.x-eventloop-thread-0 BaseServiceProxy     : -> GET /v1/api/iserver/reply/bee266e4-a976-49e0-9c04-109885e0a79d,200|136ms
17:11:49.653 INFO  vert.x-eventloop-thread-0 BaseServiceProxy     : -> GET /v1/api/iserver/reply/04575cac-b88f-4080-8693-1e3eae182116,200|111ms
17:11:49.737 INFO  vert.x-eventloop-thread-0 BaseServiceProxy     : -> GET /v1/api/iserver/account/orders,200|81ms
17:11:50.144 INFO  vert.x-eventloop-thread-0 BaseServiceProxy     : -> GET /v1/api/iserver/marketdata/history?conid=268149&period=30d&bar=1d&outsideRth=false,200|390ms
17:11:50.364 INFO  vert.x-eventloop-thread-0 BaseServiceProxy     : -> GET /v1/api/iserver/account/orders,200|187ms
17:11:50.525 INFO  vert.x-eventloop-thread-0 BaseServiceProxy     : -> GET /v1/api/iserver/marketdata/history?conid=268149&period=30d&bar=1d&outsideRth=false,200|134ms
17:12:00.595 INFO  vert.x-eventloop-thread-0 BaseServiceProxy     : -> GET /v1/api/tickle,200|151ms
17:12:00.597 DEBUG vert.x-eventloop-thread-0 ClientPortalService  : tickle {"session":"f4eb67a51b57bd65db03e9b6b5ab5572","ssoExpires":300005,"collission":false,"userId":50301190,"hmds":{"error":"no bridge"},"iserver":{"authStatus":{"authenticated":true,"established":true,"competing":false,"connected":true,"message":"","MAC":"06:A8:C0:D9:D5:E3","serverInfo":{"serverName":"JifS17036","serverVersion":"Build 10.44.1f, Apr 7, 2026 1:49:24 PM"},"hardware_info":"275c5aa2|06:A8:C0:D9:D5:E3"}}}
17:12:01.520 INFO  vert.x-eventloop-thread-0 BaseServiceProxy     : -> GET /v1/api/tickle,200|101ms
17:12:30.563 INFO  vert.x-eventloop-thread-0 BaseServiceProxy     : -> GET /v1/api/tickle,200|118ms
17:12:30.566 DEBUG vert.x-eventloop-thread-0 ClientPortalService  : tickle {"session":"f4eb67a51b57bd65db03e9b6b5ab5572","ssoExpires":269969,"collission":false,"userId":50301190,"hmds":{"error":"no bridge"},"iserver":{"authStatus":{"authenticated":true,"established":true,"competing":false,"connected":true,"message":"","MAC":"06:A8:C0:D9:D5:E3","serverInfo":{"serverName":"JifS17036","serverVersion":"Build 10.44.1f, Apr 7, 2026 1:49:24 PM"},"hardware_info":"275c5aa2|06:A8:C0:D9:D5:E3"}}}
17:13:00.505 INFO  vert.x-eventloop-thread-0 BaseServiceProxy     : -> GET /v1/api/tickle,200|62ms
17:13:00.506 DEBUG vert.x-eventloop-thread-0 ClientPortalService  : tickle {"session":"f4eb67a51b57bd65db03e9b6b5ab5572","ssoExpires":240010,"collission":false,"userId":50301190,"hmds":{"error":"no bridge"},"iserver":{"authStatus":{"authenticated":true,"established":true,"competing":false,"connected":true,"message":"","MAC":"06:A8:C0:D9:D5:E3","serverInfo":{"serverName":"JifS17036","serverVersion":"Build 10.44.1f, Apr 7, 2026 1:49:24 PM"},"hardware_info":"275c5aa2|06:A8:C0:D9:D5:E3"}}}
17:13:30.532 INFO  vert.x-eventloop-thread-0 BaseServiceProxy     : -> GET /v1/api/tickle,200|88ms
17:13:30.533 DEBUG vert.x-eventloop-thread-0 ClientPortalService  : tickle {"session":"f4eb67a51b57bd65db03e9b6b5ab5572","ssoExpires":210000,"collission":false,"userId":50301190,"hmds":{"error":"no bridge"},"iserver":{"authStatus":{"authenticated":true,"established":true,"competing":false,"connected":true,"message":"","MAC":"06:A8:C0:D9:D5:E3","serverInfo":{"serverName":"JifS17036","serverVersion":"Build 10.44.1f, Apr 7, 2026 1:49:24 PM"},"hardware_info":"275c5aa2|06:A8:C0:D9:D5:E3"}}}
17:14:00.562 INFO  vert.x-eventloop-thread-0 BaseServiceProxy     : -> GET /v1/api/tickle,200|117ms
17:14:00.564 DEBUG vert.x-eventloop-thread-0 ClientPortalService  : tickle {"session":"f4eb67a51b57bd65db03e9b6b5ab5572","ssoExpires":179980,"collission":false,"userId":50301190,"hmds":{"error":"no bridge"},"iserver":{"authStatus":{"authenticated":true,"established":true,"competing":false,"connected":true,"message":"","MAC":"06:A8:C0:D9:D5:E3","serverInfo":{"serverName":"JifS17036","serverVersion":"Build 10.44.1f, Apr 7, 2026 1:49:24 PM"},"hardware_info":"275c5aa2|06:A8:C0:D9:D5:E3"}}}
17:14:30.530 INFO  vert.x-eventloop-thread-0 BaseServiceProxy     : -> GET /v1/api/tickle,200|86ms
17:14:30.533 DEBUG vert.x-eventloop-thread-0 ClientPortalService  : tickle {"session":"f4eb67a51b57bd65db03e9b6b5ab5572","ssoExpires":149995,"collission":false,"userId":50301190,"hmds":{"error":"no bridge"},"iserver":{"authStatus":{"authenticated":true,"established":true,"competing":false,"connected":true,"message":"","MAC":"06:A8:C0:D9:D5:E3","serverInfo":{"serverName":"JifS17036","serverVersion":"Build 10.44.1f, Apr 7, 2026 1:49:24 PM"},"hardware_info":"275c5aa2|06:A8:C0:D9:D5:E3"}}}
17:15:00.527 INFO  vert.x-eventloop-thread-0 BaseServiceProxy     : -> GET /v1/api/tickle,200|83ms
17:15:00.530 DEBUG vert.x-eventloop-thread-0 ClientPortalService  : tickle {"session":"f4eb67a51b57bd65db03e9b6b5ab5572","ssoExpires":119990,"collission":false,"userId":50301190,"hmds":{"error":"no bridge"},"iserver":{"authStatus":{"authenticated":true,"established":true,"competing":false,"connected":true,"message":"","MAC":"06:A8:C0:D9:D5:E3","serverInfo":{"serverName":"JifS17036","serverVersion":"Build 10.44.1f, Apr 7, 2026 1:49:24 PM"},"hardware_info":"275c5aa2|06:A8:C0:D9:D5:E3"}}}
17:15:01.734 INFO  vert.x-eventloop-thread-0 BaseServiceProxy     : -> GET /v1/api/tickle,200|86ms
17:15:30.526 INFO  vert.x-eventloop-thread-0 BaseServiceProxy     : -> GET /v1/api/tickle,200|83ms
17:15:30.527 DEBUG vert.x-eventloop-thread-0 ClientPortalService  : tickle {"session":"f4eb67a51b57bd65db03e9b6b5ab5572","ssoExpires":90004,"collission":false,"userId":50301190,"hmds":{"error":"no bridge"},"iserver":{"authStatus":{"authenticated":true,"established":true,"competing":false,"connected":true,"message":"","MAC":"06:A8:C0:D9:D5:E3","serverInfo":{"serverName":"JifS17036","serverVersion":"Build 10.44.1f, Apr 7, 2026 1:49:24 PM"},"hardware_info":"275c5aa2|06:A8:C0:D9:D5:E3"}}}
17:15:55.920 INFO  vert.x-eventloop-thread-0 BaseServiceProxy     : -> GET /sso/ping,200|270ms
17:15:55.922 INFO  vert.x-eventloop-thread-0 SsoService           : sso ping {"result": "true"}
17:16:00.507 INFO  vert.x-eventloop-thread-0 BaseServiceProxy     : -> GET /v1/api/tickle,200|65ms
17:16:00.508 DEBUG vert.x-eventloop-thread-0 ClientPortalService  : tickle {"session":"f4eb67a51b57bd65db03e9b6b5ab5572","ssoExpires":60005,"collission":false,"userId":50301190,"hmds":{"error":"no bridge"},"iserver":{"authStatus":{"authenticated":true,"established":true,"competing":false,"connected":true,"message":"","MAC":"06:A8:C0:D9:D5:E3","serverInfo":{"serverName":"JifS17036","serverVersion":"Build 10.44.1f, Apr 7, 2026 1:49:24 PM"},"hardware_info":"275c5aa2|06:A8:C0:D9:D5:E3"}}}
17:16:30.504 INFO  vert.x-eventloop-thread-0 BaseServiceProxy     : -> GET /v1/api/tickle,200|61ms
17:16:30.505 DEBUG vert.x-eventloop-thread-0 ClientPortalService  : tickle {"session":"f4eb67a51b57bd65db03e9b6b5ab5572","ssoExpires":30010,"collission":false,"userId":50301190,"hmds":{"error":"no bridge"},"iserver":{"authStatus":{"authenticated":true,"established":true,"competing":false,"connected":true,"message":"","MAC":"06:A8:C0:D9:D5:E3","serverInfo":{"serverName":"JifS17036","serverVersion":"Build 10.44.1f, Apr 7, 2026 1:49:24 PM"},"hardware_info":"275c5aa2|06:A8:C0:D9:D5:E3"}}}
17:17:00.511 INFO  vert.x-eventloop-thread-0 BaseServiceProxy     : -> GET /v1/api/tickle,200|67ms
17:17:00.513 DEBUG vert.x-eventloop-thread-0 ClientPortalService  : tickle {"session":"f4eb67a51b57bd65db03e9b6b5ab5572","ssoExpires":1,"collission":false,"userId":50301190,"hmds":{"error":"no bridge"},"iserver":{"authStatus":{"authenticated":true,"established":true,"competing":false,"connected":true,"message":"","MAC":"06:A8:C0:D9:D5:E3","serverInfo":{"serverName":"JifS17036","serverVersion":"Build 10.44.1f, Apr 7, 2026 1:49:24 PM"},"hardware_info":"275c5aa2|06:A8:C0:D9:D5:E3"}}}
17:17:30.537 INFO  vert.x-eventloop-thread-0 BaseServiceProxy     : -> GET /v1/api/tickle,200|95ms
17:17:30.537 DEBUG vert.x-eventloop-thread-0 ClientPortalService  : tickle {"session":"f4eb67a51b57bd65db03e9b6b5ab5572","ssoExpires":600000,"collission":false,"userId":50301190,"hmds":{"error":"no bridge"},"iserver":{"authStatus":{"authenticated":true,"established":true,"competing":false,"connected":true,"message":"","MAC":"06:A8:C0:D9:D5:E3","serverInfo":{"serverName":"JifS17036","serverVersion":"Build 10.44.1f, Apr 7, 2026 1:49:24 PM"},"hardware_info":"275c5aa2|06:A8:C0:D9:D5:E3"}}}
17:18:00.530 INFO  vert.x-eventloop-thread-0 BaseServiceProxy     : -> GET /v1/api/tickle,200|89ms
17:18:00.532 DEBUG vert.x-eventloop-thread-0 ClientPortalService  : tickle {"session":"f4eb67a51b57bd65db03e9b6b5ab5572","ssoExpires":569993,"collission":false,"userId":50301190,"hmds":{"error":"no bridge"},"iserver":{"authStatus":{"authenticated":true,"established":true,"competing":false,"connected":true,"message":"","MAC":"06:A8:C0:D9:D5:E3","serverInfo":{"serverName":"JifS17036","serverVersion":"Build 10.44.1f, Apr 7, 2026 1:49:24 PM"},"hardware_info":"275c5aa2|06:A8:C0:D9:D5:E3"}}}
17:18:01.923 INFO  vert.x-eventloop-thread-0 BaseServiceProxy     : -> GET /v1/api/tickle,200|67ms
17:18:30.540 INFO  vert.x-eventloop-thread-0 BaseServiceProxy     : -> GET /v1/api/tickle,200|100ms
17:18:30.542 DEBUG vert.x-eventloop-thread-0 ClientPortalService  : tickle {"session":"f4eb67a51b57bd65db03e9b6b5ab5572","ssoExpires":540003,"collission":false,"userId":50301190,"hmds":{"error":"no bridge"},"iserver":{"authStatus":{"authenticated":true,"established":true,"competing":false,"connected":true,"message":"","MAC":"06:A8:C0:D9:D5:E3","serverInfo":{"serverName":"JifS17036","serverVersion":"Build 10.44.1f, Apr 7, 2026 1:49:24 PM"},"hardware_info":"275c5aa2|06:A8:C0:D9:D5:E3"}}}
17:18:34.940 INFO  vert.x-eventloop-thread-0 BaseServiceProxy     : -> GET /v1/api/iserver/account/orders,200|93ms
17:18:35.011 INFO  vert.x-eventloop-thread-0 BaseServiceProxy     : -> GET /v1/api/iserver/account/orders,200|59ms
17:18:35.413 INFO  vert.x-eventloop-thread-0 BaseServiceProxy     : -> GET /v1/api/iserver/account/U5799398/order/974920092,200|385ms
17:18:35.707 INFO  vert.x-eventloop-thread-0 BaseServiceProxy     : -> GET /v1/api/iserver/reply/4fff4384-25ba-4079-a4b0-e14ec20e4b94,200|291ms
17:18:35.770 INFO  vert.x-eventloop-thread-0 BaseServiceProxy     : -> GET /v1/api/iserver/account/orders,200|60ms
17:18:36.334 INFO  vert.x-eventloop-thread-0 BaseServiceProxy     : -> GET /v1/api/iserver/marketdata/history?conid=31832526&period=30d&bar=1d&outsideRth=false,200|531ms
17:18:36.409 INFO  vert.x-eventloop-thread-0 BaseServiceProxy     : -> GET /v1/api/iserver/marketdata/history?conid=31832526&period=30d&bar=1d&outsideRth=false,200|72ms
17:18:36.522 INFO  vert.x-eventloop-thread-0 BaseServiceProxy     : -> GET /v1/api/iserver/account/orders,200|78ms
17:19:00.514 INFO  vert.x-eventloop-thread-0 BaseServiceProxy     : -> GET /v1/api/tickle,200|72ms
17:19:00.517 DEBUG vert.x-eventloop-thread-0 ClientPortalService  : tickle {"session":"f4eb67a51b57bd65db03e9b6b5ab5572","ssoExpires":510009,"collission":false,"userId":50301190,"hmds":{"error":"no bridge"},"iserver":{"authStatus":{"authenticated":true,"established":true,"competing":false,"connected":true,"message":"","MAC":"06:A8:C0:D9:D5:E3","serverInfo":{"serverName":"JifS17036","serverVersion":"Build 10.44.1f, Apr 7, 2026 1:49:24 PM"},"hardware_info":"275c5aa2|06:A8:C0:D9:D5:E3"}}}
17:19:30.621 INFO  vert.x-eventloop-thread-0 BaseServiceProxy     : -> GET /v1/api/tickle,200|180ms
17:19:30.621 DEBUG vert.x-eventloop-thread-0 ClientPortalService  : tickle {"session":"f4eb67a51b57bd65db03e9b6b5ab5572","ssoExpires":479953,"collission":false,"userId":50301190,"hmds":{"error":"no bridge"},"iserver":{"authStatus":{"authenticated":true,"established":true,"competing":false,"connected":true,"message":"","MAC":"06:A8:C0:D9:D5:E3","serverInfo":{"serverName":"JifS17036","serverVersion":"Build 10.44.1f, Apr 7, 2026 1:49:24 PM"},"hardware_info":"275c5aa2|06:A8:C0:D9:D5:E3"}}}
17:20:00.623 INFO  vert.x-eventloop-thread-0 BaseServiceProxy     : -> GET /v1/api/tickle,200|181ms
17:20:00.625 DEBUG vert.x-eventloop-thread-0 ClientPortalService  : tickle {"session":"f4eb67a51b57bd65db03e9b6b5ab5572","ssoExpires":449967,"collission":false,"userId":50301190,"hmds":{"error":"no bridge"},"iserver":{"authStatus":{"authenticated":true,"established":true,"competing":false,"connected":true,"message":"","MAC":"06:A8:C0:D9:D5:E3","serverInfo":{"serverName":"JifS17036","serverVersion":"Build 10.44.1f, Apr 7, 2026 1:49:24 PM"},"hardware_info":"275c5aa2|06:A8:C0:D9:D5:E3"}}}
17:20:23.452 INFO  vert.x-eventloop-thread-0 BaseServiceProxy     : -> GET /v1/api/iserver/account/orders,200|88ms
17:20:23.530 INFO  vert.x-eventloop-thread-0 BaseServiceProxy     : -> GET /v1/api/iserver/account/orders,200|63ms
17:20:23.899 INFO  vert.x-eventloop-thread-0 BaseServiceProxy     : -> GET /v1/api/iserver/account/U5799398/order/658676822,200|352ms
17:20:24.048 INFO  vert.x-eventloop-thread-0 BaseServiceProxy     : -> GET /v1/api/iserver/reply/33b41adc-25e4-48bc-90fa-9eb5c9b74b21,200|148ms
17:20:24.125 INFO  vert.x-eventloop-thread-0 BaseServiceProxy     : -> GET /v1/api/iserver/account/orders,200|75ms
17:20:24.567 INFO  vert.x-eventloop-thread-0 BaseServiceProxy     : -> GET /v1/api/iserver/marketdata/history?conid=12374&period=30d&bar=1d&outsideRth=false,200|428ms
17:20:24.690 INFO  vert.x-eventloop-thread-0 BaseServiceProxy     : -> GET /v1/api/iserver/marketdata/history?conid=12374&period=30d&bar=1d&outsideRth=false,200|120ms
17:20:24.836 INFO  vert.x-eventloop-thread-0 BaseServiceProxy     : -> GET /v1/api/iserver/account/orders,200|66ms
17:20:30.588 INFO  vert.x-eventloop-thread-0 BaseServiceProxy     : -> GET /v1/api/tickle,200|148ms
17:20:30.589 DEBUG vert.x-eventloop-thread-0 ClientPortalService  : tickle {"session":"f4eb67a51b57bd65db03e9b6b5ab5572","ssoExpires":419979,"collission":false,"userId":50301190,"hmds":{"error":"no bridge"},"iserver":{"authStatus":{"authenticated":true,"established":true,"competing":false,"connected":true,"message":"","MAC":"06:A8:C0:D9:D5:E3","serverInfo":{"serverName":"JifS17036","serverVersion":"Build 10.44.1f, Apr 7, 2026 1:49:24 PM"},"hardware_info":"275c5aa2|06:A8:C0:D9:D5:E3"}}}
17:20:56.112 INFO  vert.x-eventloop-thread-0 BaseServiceProxy     : -> GET /sso/ping,200|464ms
17:20:56.113 INFO  vert.x-eventloop-thread-0 SsoService           : sso ping {"result": "true"}
17:21:00.530 INFO  vert.x-eventloop-thread-0 BaseServiceProxy     : -> GET /v1/api/tickle,200|90ms
17:21:00.530 DEBUG vert.x-eventloop-thread-0 ClientPortalService  : tickle {"session":"f4eb67a51b57bd65db03e9b6b5ab5572","ssoExpires":390007,"collission":false,"userId":50301190,"hmds":{"error":"no bridge"},"iserver":{"authStatus":{"authenticated":true,"established":true,"competing":false,"connected":true,"message":"","MAC":"06:A8:C0:D9:D5:E3","serverInfo":{"serverName":"JifS17036","serverVersion":"Build 10.44.1f, Apr 7, 2026 1:49:24 PM"},"hardware_info":"275c5aa2|06:A8:C0:D9:D5:E3"}}}
17:21:02.259 INFO  vert.x-eventloop-thread-0 BaseServiceProxy     : -> GET /v1/api/tickle,200|194ms
17:21:30.526 INFO  vert.x-eventloop-thread-0 BaseServiceProxy     : -> GET /v1/api/tickle,200|85ms
17:21:30.528 DEBUG vert.x-eventloop-thread-0 ClientPortalService  : tickle {"session":"f4eb67a51b57bd65db03e9b6b5ab5572","ssoExpires":359994,"collission":false,"userId":50301190,"hmds":{"error":"no bridge"},"iserver":{"authStatus":{"authenticated":true,"established":true,"competing":false,"connected":true,"message":"","MAC":"06:A8:C0:D9:D5:E3","serverInfo":{"serverName":"JifS17036","serverVersion":"Build 10.44.1f, Apr 7, 2026 1:49:24 PM"},"hardware_info":"275c5aa2|06:A8:C0:D9:D5:E3"}}}
17:22:00.555 INFO  vert.x-eventloop-thread-0 BaseServiceProxy     : -> GET /v1/api/tickle,200|115ms
17:22:00.557 DEBUG vert.x-eventloop-thread-0 ClientPortalService  : tickle {"session":"f4eb67a51b57bd65db03e9b6b5ab5572","ssoExpires":330000,"collission":false,"userId":50301190,"hmds":{"error":"no bridge"},"iserver":{"authStatus":{"authenticated":true,"established":true,"competing":false,"connected":true,"message":"","MAC":"06:A8:C0:D9:D5:E3","serverInfo":{"serverName":"JifS17036","serverVersion":"Build 10.44.1f, Apr 7, 2026 1:49:24 PM"},"hardware_info":"275c5aa2|06:A8:C0:D9:D5:E3"}}}
17:22:30.562 INFO  vert.x-eventloop-thread-0 BaseServiceProxy     : -> GET /v1/api/tickle,200|123ms
17:22:30.563 DEBUG vert.x-eventloop-thread-0 ClientPortalService  : tickle {"session":"f4eb67a51b57bd65db03e9b6b5ab5572","ssoExpires":299980,"collission":false,"userId":50301190,"hmds":{"error":"no bridge"},"iserver":{"authStatus":{"authenticated":true,"established":true,"competing":false,"connected":true,"message":"","MAC":"06:A8:C0:D9:D5:E3","serverInfo":{"serverName":"JifS17036","serverVersion":"Build 10.44.1f, Apr 7, 2026 1:49:24 PM"},"hardware_info":"275c5aa2|06:A8:C0:D9:D5:E3"}}}
17:23:00.513 INFO  vert.x-eventloop-thread-0 BaseServiceProxy     : -> GET /v1/api/tickle,200|74ms
17:23:00.516 DEBUG vert.x-eventloop-thread-0 ClientPortalService  : tickle {"session":"f4eb67a51b57bd65db03e9b6b5ab5572","ssoExpires":270010,"collission":false,"userId":50301190,"hmds":{"error":"no bridge"},"iserver":{"authStatus":{"authenticated":true,"established":true,"competing":false,"connected":true,"message":"","MAC":"06:A8:C0:D9:D5:E3","serverInfo":{"serverName":"JifS17036","serverVersion":"Build 10.44.1f, Apr 7, 2026 1:49:24 PM"},"hardware_info":"275c5aa2|06:A8:C0:D9:D5:E3"}}}
17:23:16.622 INFO  vert.x-eventloop-thread-0 BaseServiceProxy     : -> GET /v1/api/iserver/account/orders,200|75ms
17:23:16.692 INFO  vert.x-eventloop-thread-0 BaseServiceProxy     : -> GET /v1/api/iserver/account/orders,200|57ms
17:23:17.122 INFO  vert.x-eventloop-thread-0 BaseServiceProxy     : -> GET /v1/api/iserver/account/U5799398/order/1833693389,200|412ms
17:23:17.237 INFO  vert.x-eventloop-thread-0 BaseServiceProxy     : -> GET /v1/api/iserver/reply/48b83677-75d1-422d-bc09-208f72a7e195,200|113ms
17:23:17.300 INFO  vert.x-eventloop-thread-0 BaseServiceProxy     : -> GET /v1/api/iserver/account/orders,200|62ms
17:23:17.623 INFO  vert.x-eventloop-thread-0 BaseServiceProxy     : -> GET /v1/api/iserver/marketdata/history?conid=273165&period=30d&bar=1d&outsideRth=false,200|299ms
17:23:17.696 INFO  vert.x-eventloop-thread-0 BaseServiceProxy     : -> GET /v1/api/iserver/marketdata/history?conid=273165&period=30d&bar=1d&outsideRth=false,200|71ms
17:23:17.789 INFO  vert.x-eventloop-thread-0 BaseServiceProxy     : -> GET /v1/api/iserver/account/orders,200|55ms
17:23:30.514 INFO  vert.x-eventloop-thread-0 BaseServiceProxy     : -> GET /v1/api/tickle,200|75ms
17:23:30.515 DEBUG vert.x-eventloop-thread-0 ClientPortalService  : tickle {"session":"f4eb67a51b57bd65db03e9b6b5ab5572","ssoExpires":240003,"collission":false,"userId":50301190,"hmds":{"error":"no bridge"},"iserver":{"authStatus":{"authenticated":true,"established":true,"competing":false,"connected":true,"message":"","MAC":"06:A8:C0:D9:D5:E3","serverInfo":{"serverName":"JifS17036","serverVersion":"Build 10.44.1f, Apr 7, 2026 1:49:24 PM"},"hardware_info":"275c5aa2|06:A8:C0:D9:D5:E3"}}}
17:23:59.023 INFO  vert.x-eventloop-thread-0 BaseServiceProxy     : -> GET /v1/api/iserver/account/orders,200|259ms
17:23:59.130 INFO  vert.x-eventloop-thread-0 BaseServiceProxy     : -> GET /v1/api/iserver/account/orders,200|76ms
17:23:59.503 INFO  vert.x-eventloop-thread-0 BaseServiceProxy     : -> GET /v1/api/iserver/account/U5799398/order/343587882,200|333ms
17:23:59.718 INFO  vert.x-eventloop-thread-0 BaseServiceProxy     : -> GET /v1/api/iserver/reply/d5a035c7-a6aa-4a03-9c0f-46053ae66d8c,200|213ms
17:23:59.849 INFO  vert.x-eventloop-thread-0 BaseServiceProxy     : -> GET /v1/api/iserver/account/orders,200|128ms
17:24:00.225 INFO  vert.x-eventloop-thread-0 BaseServiceProxy     : -> GET /v1/api/iserver/marketdata/history?conid=359130923&period=30d&bar=1d&outsideRth=false,200|360ms
17:24:00.308 INFO  vert.x-eventloop-thread-0 BaseServiceProxy     : -> GET /v1/api/iserver/marketdata/history?conid=359130923&period=30d&bar=1d&outsideRth=false,200|80ms
17:24:00.470 INFO  vert.x-eventloop-thread-0 BaseServiceProxy     : -> GET /v1/api/iserver/account/orders,200|88ms
17:24:00.497 INFO  vert.x-eventloop-thread-0 BaseServiceProxy     : -> GET /v1/api/tickle,200|59ms
17:24:00.497 DEBUG vert.x-eventloop-thread-0 ClientPortalService  : tickle {"session":"f4eb67a51b57bd65db03e9b6b5ab5572","ssoExpires":210020,"collission":false,"userId":50301190,"hmds":{"error":"no bridge"},"iserver":{"authStatus":{"authenticated":true,"established":true,"competing":false,"connected":true,"message":"","MAC":"06:A8:C0:D9:D5:E3","serverInfo":{"serverName":"JifS17036","serverVersion":"Build 10.44.1f, Apr 7, 2026 1:49:24 PM"},"hardware_info":"275c5aa2|06:A8:C0:D9:D5:E3"}}}
17:24:02.436 INFO  vert.x-eventloop-thread-0 BaseServiceProxy     : -> GET /v1/api/tickle,200|61ms
17:24:30.509 INFO  vert.x-eventloop-thread-0 BaseServiceProxy     : -> GET /v1/api/tickle,200|67ms
17:24:30.510 DEBUG vert.x-eventloop-thread-0 ClientPortalService  : tickle {"session":"f4eb67a51b57bd65db03e9b6b5ab5572","ssoExpires":180012,"collission":false,"userId":50301190,"hmds":{"error":"no bridge"},"iserver":{"authStatus":{"authenticated":true,"established":true,"competing":false,"connected":true,"message":"","MAC":"06:A8:C0:D9:D5:E3","serverInfo":{"serverName":"JifS17036","serverVersion":"Build 10.44.1f, Apr 7, 2026 1:49:24 PM"},"hardware_info":"275c5aa2|06:A8:C0:D9:D5:E3"}}}
17:25:00.504 INFO  vert.x-eventloop-thread-0 BaseServiceProxy     : -> GET /v1/api/tickle,200|66ms
17:25:00.506 DEBUG vert.x-eventloop-thread-0 ClientPortalService  : tickle {"session":"f4eb67a51b57bd65db03e9b6b5ab5572","ssoExpires":150014,"collission":false,"userId":50301190,"hmds":{"error":"no bridge"},"iserver":{"authStatus":{"authenticated":true,"established":true,"competing":false,"connected":true,"message":"","MAC":"06:A8:C0:D9:D5:E3","serverInfo":{"serverName":"JifS17036","serverVersion":"Build 10.44.1f, Apr 7, 2026 1:49:24 PM"},"hardware_info":"275c5aa2|06:A8:C0:D9:D5:E3"}}}
17:25:30.536 INFO  vert.x-eventloop-thread-0 BaseServiceProxy     : -> GET /v1/api/tickle,200|98ms
17:25:30.538 DEBUG vert.x-eventloop-thread-0 ClientPortalService  : tickle {"session":"f4eb67a51b57bd65db03e9b6b5ab5572","ssoExpires":119987,"collission":false,"userId":50301190,"hmds":{"error":"no bridge"},"iserver":{"authStatus":{"authenticated":true,"established":true,"competing":false,"connected":true,"message":"","MAC":"06:A8:C0:D9:D5:E3","serverInfo":{"serverName":"JifS17036","serverVersion":"Build 10.44.1f, Apr 7, 2026 1:49:24 PM"},"hardware_info":"275c5aa2|06:A8:C0:D9:D5:E3"}}}
17:25:38.872 INFO  vert.x-eventloop-thread-0 BaseServiceProxy     : -> GET /v1/api/iserver/account/orders,200|75ms
17:25:38.943 INFO  vert.x-eventloop-thread-0 BaseServiceProxy     : -> GET /v1/api/iserver/account/orders,200|57ms
17:25:39.299 INFO  vert.x-eventloop-thread-0 BaseServiceProxy     : -> GET /v1/api/iserver/account/U5799398/order/1272000587,200|333ms
17:25:39.364 INFO  vert.x-eventloop-thread-0 BaseServiceProxy     : -> GET /v1/api/iserver/reply/42aaa85e-f7c3-4243-9eb1-10c60d731568,200|64ms
17:25:39.431 INFO  vert.x-eventloop-thread-0 BaseServiceProxy     : -> GET /v1/api/iserver/account/orders,200|65ms
17:25:39.931 INFO  vert.x-eventloop-thread-0 BaseServiceProxy     : -> GET /v1/api/iserver/marketdata/history?conid=108649896&period=30d&bar=1d&outsideRth=false,200|465ms
17:25:40.023 INFO  vert.x-eventloop-thread-0 BaseServiceProxy     : -> GET /v1/api/iserver/marketdata/history?conid=108649896&period=30d&bar=1d&outsideRth=false,200|90ms
17:25:40.224 INFO  vert.x-eventloop-thread-0 BaseServiceProxy     : -> GET /v1/api/iserver/account/orders,200|119ms
17:25:56.149 INFO  vert.x-eventloop-thread-0 BaseServiceProxy     : -> GET /sso/ping,200|503ms
17:25:56.151 INFO  vert.x-eventloop-thread-0 SsoService           : sso ping {"result": "true"}
17:26:00.505 INFO  vert.x-eventloop-thread-0 BaseServiceProxy     : -> GET /v1/api/tickle,200|68ms
17:26:00.506 DEBUG vert.x-eventloop-thread-0 ClientPortalService  : tickle {"session":"f4eb67a51b57bd65db03e9b6b5ab5572","ssoExpires":90019,"collission":false,"userId":50301190,"hmds":{"error":"no bridge"},"iserver":{"authStatus":{"authenticated":true,"established":true,"competing":false,"connected":true,"message":"","MAC":"06:A8:C0:D9:D5:E3","serverInfo":{"serverName":"JifS17036","serverVersion":"Build 10.44.1f, Apr 7, 2026 1:49:24 PM"},"hardware_info":"275c5aa2|06:A8:C0:D9:D5:E3"}}}
17:26:30.503 INFO  vert.x-eventloop-thread-0 BaseServiceProxy     : -> GET /v1/api/tickle,200|66ms
17:26:30.505 DEBUG vert.x-eventloop-thread-0 ClientPortalService  : tickle {"session":"f4eb67a51b57bd65db03e9b6b5ab5572","ssoExpires":60010,"collission":false,"userId":50301190,"hmds":{"error":"no bridge"},"iserver":{"authStatus":{"authenticated":true,"established":true,"competing":false,"connected":true,"message":"","MAC":"06:A8:C0:D9:D5:E3","serverInfo":{"serverName":"JifS17036","serverVersion":"Build 10.44.1f, Apr 7, 2026 1:49:24 PM"},"hardware_info":"275c5aa2|06:A8:C0:D9:D5:E3"}}}
17:27:00.581 INFO  vert.x-eventloop-thread-0 BaseServiceProxy     : -> GET /v1/api/tickle,200|144ms
17:27:00.583 DEBUG vert.x-eventloop-thread-0 ClientPortalService  : tickle {"session":"f4eb67a51b57bd65db03e9b6b5ab5572","ssoExpires":30008,"collission":false,"userId":50301190,"hmds":{"error":"no bridge"},"iserver":{"authStatus":{"authenticated":true,"established":true,"competing":false,"connected":true,"message":"","MAC":"06:A8:C0:D9:D5:E3","serverInfo":{"serverName":"JifS17036","serverVersion":"Build 10.44.1f, Apr 7, 2026 1:49:24 PM"},"hardware_info":"275c5aa2|06:A8:C0:D9:D5:E3"}}}
17:27:02.738 INFO  vert.x-eventloop-thread-0 BaseServiceProxy     : -> GET /v1/api/tickle,200|141ms
17:27:30.532 INFO  vert.x-eventloop-thread-0 BaseServiceProxy     : -> GET /v1/api/tickle,200|96ms
17:27:30.534 DEBUG vert.x-eventloop-thread-0 ClientPortalService  : tickle {"session":"f4eb67a51b57bd65db03e9b6b5ab5572","ssoExpires":600000,"collission":false,"userId":50301190,"hmds":{"error":"no bridge"},"iserver":{"authStatus":{"authenticated":true,"established":true,"competing":false,"connected":true,"message":"","MAC":"06:A8:C0:D9:D5:E3","serverInfo":{"serverName":"JifS17036","serverVersion":"Build 10.44.1f, Apr 7, 2026 1:49:24 PM"},"hardware_info":"275c5aa2|06:A8:C0:D9:D5:E3"}}}
17:28:00.525 INFO  vert.x-eventloop-thread-0 BaseServiceProxy     : -> GET /v1/api/tickle,200|86ms
17:28:00.527 DEBUG vert.x-eventloop-thread-0 ClientPortalService  : tickle {"session":"f4eb67a51b57bd65db03e9b6b5ab5572","ssoExpires":569996,"collission":false,"userId":50301190,"hmds":{"error":"no bridge"},"iserver":{"authStatus":{"authenticated":true,"established":true,"competing":false,"connected":true,"message":"","MAC":"06:A8:C0:D9:D5:E3","serverInfo":{"serverName":"JifS17036","serverVersion":"Build 10.44.1f, Apr 7, 2026 1:49:24 PM"},"hardware_info":"275c5aa2|06:A8:C0:D9:D5:E3"}}}
17:28:30.504 INFO  vert.x-eventloop-thread-0 BaseServiceProxy     : -> GET /v1/api/tickle,200|69ms
17:28:30.506 DEBUG vert.x-eventloop-thread-0 ClientPortalService  : tickle {"session":"f4eb67a51b57bd65db03e9b6b5ab5572","ssoExpires":540013,"collission":false,"userId":50301190,"hmds":{"error":"no bridge"},"iserver":{"authStatus":{"authenticated":true,"established":true,"competing":false,"connected":true,"message":"","MAC":"06:A8:C0:D9:D5:E3","serverInfo":{"serverName":"JifS17036","serverVersion":"Build 10.44.1f, Apr 7, 2026 1:49:24 PM"},"hardware_info":"275c5aa2|06:A8:C0:D9:D5:E3"}}}
17:29:00.499 INFO  vert.x-eventloop-thread-0 BaseServiceProxy     : -> GET /v1/api/tickle,200|63ms
17:29:00.500 DEBUG vert.x-eventloop-thread-0 ClientPortalService  : tickle {"session":"f4eb67a51b57bd65db03e9b6b5ab5572","ssoExpires":510016,"collission":false,"userId":50301190,"hmds":{"error":"no bridge"},"iserver":{"authStatus":{"authenticated":true,"established":true,"competing":false,"connected":true,"message":"","MAC":"06:A8:C0:D9:D5:E3","serverInfo":{"serverName":"JifS17036","serverVersion":"Build 10.44.1f, Apr 7, 2026 1:49:24 PM"},"hardware_info":"275c5aa2|06:A8:C0:D9:D5:E3"}}}
17:29:30.505 INFO  vert.x-eventloop-thread-0 BaseServiceProxy     : -> GET /v1/api/tickle,200|70ms
17:29:30.507 DEBUG vert.x-eventloop-thread-0 ClientPortalService  : tickle {"session":"f4eb67a51b57bd65db03e9b6b5ab5572","ssoExpires":480020,"collission":false,"userId":50301190,"hmds":{"error":"no bridge"},"iserver":{"authStatus":{"authenticated":true,"established":true,"competing":false,"connected":true,"message":"","MAC":"06:A8:C0:D9:D5:E3","serverInfo":{"serverName":"JifS17036","serverVersion":"Build 10.44.1f, Apr 7, 2026 1:49:24 PM"},"hardware_info":"275c5aa2|06:A8:C0:D9:D5:E3"}}}
17:30:00.547 INFO  vert.x-eventloop-thread-0 BaseServiceProxy     : -> GET /v1/api/tickle,200|111ms
17:30:00.549 DEBUG vert.x-eventloop-thread-0 ClientPortalService  : tickle {"session":"f4eb67a51b57bd65db03e9b6b5ab5572","ssoExpires":450001,"collission":false,"userId":50301190,"hmds":{"error":"no bridge"},"iserver":{"authStatus":{"authenticated":true,"established":true,"competing":false,"connected":true,"message":"","MAC":"06:A8:C0:D9:D5:E3","serverInfo":{"serverName":"JifS17036","serverVersion":"Build 10.44.1f, Apr 7, 2026 1:49:24 PM"},"hardware_info":"275c5aa2|06:A8:C0:D9:D5:E3"}}}
17:30:02.966 INFO  vert.x-eventloop-thread-0 BaseServiceProxy     : -> GET /v1/api/tickle,200|56ms
17:30:30.510 INFO  vert.x-eventloop-thread-0 BaseServiceProxy     : -> GET /v1/api/tickle,200|75ms
17:30:30.512 DEBUG vert.x-eventloop-thread-0 ClientPortalService  : tickle {"session":"f4eb67a51b57bd65db03e9b6b5ab5572","ssoExpires":420018,"collission":false,"userId":50301190,"hmds":{"error":"no bridge"},"iserver":{"authStatus":{"authenticated":true,"established":true,"competing":false,"connected":true,"message":"","MAC":"06:A8:C0:D9:D5:E3","serverInfo":{"serverName":"JifS17036","serverVersion":"Build 10.44.1f, Apr 7, 2026 1:49:24 PM"},"hardware_info":"275c5aa2|06:A8:C0:D9:D5:E3"}}}
17:30:55.294 INFO  vert.x-eventloop-thread-0 BaseServiceProxy     : -> GET /v1/api/iserver/account/orders,200|98ms
17:30:55.377 INFO  vert.x-eventloop-thread-0 BaseServiceProxy     : -> GET /v1/api/iserver/account/orders,200|68ms
17:30:55.720 INFO  vert.x-eventloop-thread-0 BaseServiceProxy     : -> GET /v1/api/iserver/account/U5799398/order/1198175565,200|327ms
17:30:55.791 INFO  vert.x-eventloop-thread-0 BaseServiceProxy     : -> GET /v1/api/iserver/reply/791f41b3-c74b-46f3-8bcb-bbea2e42e8d7,200|70ms
17:30:55.872 INFO  vert.x-eventloop-thread-0 BaseServiceProxy     : -> GET /v1/api/iserver/account/orders,200|79ms
17:30:55.947 INFO  vert.x-eventloop-thread-0 BaseServiceProxy     : -> GET /sso/ping,200|305ms
17:30:55.948 INFO  vert.x-eventloop-thread-0 SsoService           : sso ping {"result": "true"}
17:30:56.192 INFO  vert.x-eventloop-thread-0 BaseServiceProxy     : -> GET /v1/api/iserver/marketdata/history?conid=239037320&period=30d&bar=1d&outsideRth=false,200|304ms
17:30:56.419 INFO  vert.x-eventloop-thread-0 BaseServiceProxy     : -> GET /v1/api/iserver/marketdata/history?conid=239037320&period=30d&bar=1d&outsideRth=false,200|224ms
17:30:56.555 INFO  vert.x-eventloop-thread-0 BaseServiceProxy     : -> GET /v1/api/iserver/account/orders,200|78ms
17:31:00.530 INFO  vert.x-eventloop-thread-0 BaseServiceProxy     : -> GET /v1/api/tickle,200|95ms
17:31:00.531 DEBUG vert.x-eventloop-thread-0 ClientPortalService  : tickle {"session":"f4eb67a51b57bd65db03e9b6b5ab5572","ssoExpires":390015,"collission":false,"userId":50301190,"hmds":{"error":"no bridge"},"iserver":{"authStatus":{"authenticated":true,"established":true,"competing":false,"connected":true,"message":"","MAC":"06:A8:C0:D9:D5:E3","serverInfo":{"serverName":"JifS17036","serverVersion":"Build 10.44.1f, Apr 7, 2026 1:49:24 PM"},"hardware_info":"275c5aa2|06:A8:C0:D9:D5:E3"}}}
17:31:30.495 INFO  vert.x-eventloop-thread-0 BaseServiceProxy     : -> GET /v1/api/tickle,200|60ms
17:31:30.496 DEBUG vert.x-eventloop-thread-0 ClientPortalService  : tickle {"session":"f4eb67a51b57bd65db03e9b6b5ab5572","ssoExpires":360016,"collission":false,"userId":50301190,"hmds":{"error":"no bridge"},"iserver":{"authStatus":{"authenticated":true,"established":true,"competing":false,"connected":true,"message":"","MAC":"06:A8:C0:D9:D5:E3","serverInfo":{"serverName":"JifS17036","serverVersion":"Build 10.44.1f, Apr 7, 2026 1:49:24 PM"},"hardware_info":"275c5aa2|06:A8:C0:D9:D5:E3"}}}
17:31:37.929 INFO  vert.x-eventloop-thread-0 BaseServiceProxy     : -> GET /v1/api/iserver/account/orders,200|107ms
17:31:38.077 INFO  vert.x-eventloop-thread-0 BaseServiceProxy     : -> GET /v1/api/iserver/account/orders,200|129ms
17:31:38.429 INFO  vert.x-eventloop-thread-0 BaseServiceProxy     : -> GET /v1/api/iserver/account/U5799398/order/1198175564,200|335ms
17:31:38.762 INFO  vert.x-eventloop-thread-0 BaseServiceProxy     : -> GET /v1/api/iserver/reply/37a735a7-1203-4362-a8f4-11b3512e867f,200|330ms
17:31:38.843 INFO  vert.x-eventloop-thread-0 BaseServiceProxy     : -> GET /v1/api/iserver/account/orders,200|78ms
17:31:38.944 INFO  vert.x-eventloop-thread-0 BaseServiceProxy     : -> GET /v1/api/iserver/marketdata/history?conid=239037320&period=30d&bar=1d&outsideRth=false,200|84ms
17:31:39.013 INFO  vert.x-eventloop-thread-0 BaseServiceProxy     : -> GET /v1/api/iserver/marketdata/history?conid=239037320&period=30d&bar=1d&outsideRth=false,200|65ms
17:31:39.106 INFO  vert.x-eventloop-thread-0 BaseServiceProxy     : -> GET /v1/api/iserver/account/orders,200|63ms
17:32:00.508 INFO  vert.x-eventloop-thread-0 BaseServiceProxy     : -> GET /v1/api/tickle,200|73ms
17:32:00.510 DEBUG vert.x-eventloop-thread-0 ClientPortalService  : tickle {"session":"f4eb67a51b57bd65db03e9b6b5ab5572","ssoExpires":330005,"collission":false,"userId":50301190,"hmds":{"error":"no bridge"},"iserver":{"authStatus":{"authenticated":true,"established":true,"competing":false,"connected":true,"message":"","MAC":"06:A8:C0:D9:D5:E3","serverInfo":{"serverName":"JifS17036","serverVersion":"Build 10.44.1f, Apr 7, 2026 1:49:24 PM"},"hardware_info":"275c5aa2|06:A8:C0:D9:D5:E3"}}}
17:32:30.511 INFO  vert.x-eventloop-thread-0 BaseServiceProxy     : -> GET /v1/api/tickle,200|75ms
17:32:30.514 DEBUG vert.x-eventloop-thread-0 ClientPortalService  : tickle {"session":"f4eb67a51b57bd65db03e9b6b5ab5572","ssoExpires":300007,"collission":false,"userId":50301190,"hmds":{"error":"no bridge"},"iserver":{"authStatus":{"authenticated":true,"established":true,"competing":false,"connected":true,"message":"","MAC":"06:A8:C0:D9:D5:E3","serverInfo":{"serverName":"JifS17036","serverVersion":"Build 10.44.1f, Apr 7, 2026 1:49:24 PM"},"hardware_info":"275c5aa2|06:A8:C0:D9:D5:E3"}}}
17:32:35.609 INFO  vert.x-eventloop-thread-0 BaseServiceProxy     : -> GET /v1/api/iserver/account/orders,200|57ms
17:32:35.713 INFO  vert.x-eventloop-thread-0 BaseServiceProxy     : -> GET /v1/api/iserver/account/orders,200|80ms
17:32:36.109 INFO  vert.x-eventloop-thread-0 BaseServiceProxy     : -> GET /v1/api/iserver/account/U5799398/order/343587882,200|380ms
17:32:36.201 INFO  vert.x-eventloop-thread-0 BaseServiceProxy     : -> GET /v1/api/iserver/account/orders,200|89ms
17:32:36.515 INFO  vert.x-eventloop-thread-0 BaseServiceProxy     : -> GET /v1/api/iserver/marketdata/history?conid=359130923&period=30d&bar=1d&outsideRth=false,200|294ms
17:32:36.583 INFO  vert.x-eventloop-thread-0 BaseServiceProxy     : -> GET /v1/api/iserver/marketdata/history?conid=359130923&period=30d&bar=1d&outsideRth=false,200|64ms
17:32:36.699 INFO  vert.x-eventloop-thread-0 BaseServiceProxy     : -> GET /v1/api/iserver/account/orders,200|68ms
17:33:00.513 INFO  vert.x-eventloop-thread-0 BaseServiceProxy     : -> GET /v1/api/tickle,200|79ms
17:33:00.515 DEBUG vert.x-eventloop-thread-0 ClientPortalService  : tickle {"session":"f4eb67a51b57bd65db03e9b6b5ab5572","ssoExpires":270014,"collission":false,"userId":50301190,"hmds":{"error":"no bridge"},"iserver":{"authStatus":{"authenticated":true,"established":true,"competing":false,"connected":true,"message":"","MAC":"06:A8:C0:D9:D5:E3","serverInfo":{"serverName":"JifS17036","serverVersion":"Build 10.44.1f, Apr 7, 2026 1:49:24 PM"},"hardware_info":"275c5aa2|06:A8:C0:D9:D5:E3"}}}
17:33:03.182 INFO  vert.x-eventloop-thread-0 BaseServiceProxy     : -> GET /v1/api/tickle,200|63ms
17:33:30.504 INFO  vert.x-eventloop-thread-0 BaseServiceProxy     : -> GET /v1/api/tickle,200|70ms
17:33:30.506 DEBUG vert.x-eventloop-thread-0 ClientPortalService  : tickle {"session":"f4eb67a51b57bd65db03e9b6b5ab5572","ssoExpires":240005,"collission":false,"userId":50301190,"hmds":{"error":"no bridge"},"iserver":{"authStatus":{"authenticated":true,"established":true,"competing":false,"connected":true,"message":"","MAC":"06:A8:C0:D9:D5:E3","serverInfo":{"serverName":"JifS17036","serverVersion":"Build 10.44.1f, Apr 7, 2026 1:49:24 PM"},"hardware_info":"275c5aa2|06:A8:C0:D9:D5:E3"}}}
17:34:00.571 INFO  vert.x-eventloop-thread-0 BaseServiceProxy     : -> GET /v1/api/tickle,200|137ms
17:34:00.573 DEBUG vert.x-eventloop-thread-0 ClientPortalService  : tickle {"session":"f4eb67a51b57bd65db03e9b6b5ab5572","ssoExpires":210006,"collission":false,"userId":50301190,"hmds":{"error":"no bridge"},"iserver":{"authStatus":{"authenticated":true,"established":true,"competing":false,"connected":true,"message":"","MAC":"06:A8:C0:D9:D5:E3","serverInfo":{"serverName":"JifS17036","serverVersion":"Build 10.44.1f, Apr 7, 2026 1:49:24 PM"},"hardware_info":"275c5aa2|06:A8:C0:D9:D5:E3"}}}
17:34:30.541 INFO  vert.x-eventloop-thread-0 BaseServiceProxy     : -> GET /v1/api/tickle,200|108ms
17:34:30.542 DEBUG vert.x-eventloop-thread-0 ClientPortalService  : tickle {"session":"f4eb67a51b57bd65db03e9b6b5ab5572","ssoExpires":179995,"collission":false,"userId":50301190,"hmds":{"error":"no bridge"},"iserver":{"authStatus":{"authenticated":true,"established":true,"competing":false,"connected":true,"message":"","MAC":"06:A8:C0:D9:D5:E3","serverInfo":{"serverName":"JifS17036","serverVersion":"Build 10.44.1f, Apr 7, 2026 1:49:24 PM"},"hardware_info":"275c5aa2|06:A8:C0:D9:D5:E3"}}}
17:35:00.508 INFO  vert.x-eventloop-thread-0 BaseServiceProxy     : -> GET /v1/api/tickle,200|75ms
17:35:00.509 DEBUG vert.x-eventloop-thread-0 ClientPortalService  : tickle {"session":"f4eb67a51b57bd65db03e9b6b5ab5572","ssoExpires":150014,"collission":false,"userId":50301190,"hmds":{"error":"no bridge"},"iserver":{"authStatus":{"authenticated":true,"established":true,"competing":false,"connected":true,"message":"","MAC":"06:A8:C0:D9:D5:E3","serverInfo":{"serverName":"JifS17036","serverVersion":"Build 10.44.1f, Apr 7, 2026 1:49:24 PM"},"hardware_info":"275c5aa2|06:A8:C0:D9:D5:E3"}}}
17:35:30.488 INFO  vert.x-eventloop-thread-0 BaseServiceProxy     : -> GET /v1/api/tickle,200|55ms
17:35:30.490 DEBUG vert.x-eventloop-thread-0 ClientPortalService  : tickle {"session":"f4eb67a51b57bd65db03e9b6b5ab5572","ssoExpires":120021,"collission":false,"userId":50301190,"hmds":{"error":"no bridge"},"iserver":{"authStatus":{"authenticated":true,"established":true,"competing":false,"connected":true,"message":"","MAC":"06:A8:C0:D9:D5:E3","serverInfo":{"serverName":"JifS17036","serverVersion":"Build 10.44.1f, Apr 7, 2026 1:49:24 PM"},"hardware_info":"275c5aa2|06:A8:C0:D9:D5:E3"}}}
17:35:55.995 INFO  vert.x-eventloop-thread-0 BaseServiceProxy     : -> GET /sso/ping,200|354ms
17:35:55.997 INFO  vert.x-eventloop-thread-0 SsoService           : sso ping {"result": "true"}
17:36:00.502 INFO  vert.x-eventloop-thread-0 BaseServiceProxy     : -> GET /v1/api/tickle,200|70ms
17:36:00.502 DEBUG vert.x-eventloop-thread-0 ClientPortalService  : tickle {"session":"f4eb67a51b57bd65db03e9b6b5ab5572","ssoExpires":90019,"collission":false,"userId":50301190,"hmds":{"error":"no bridge"},"iserver":{"authStatus":{"authenticated":true,"established":true,"competing":false,"connected":true,"message":"","MAC":"06:A8:C0:D9:D5:E3","serverInfo":{"serverName":"JifS17036","serverVersion":"Build 10.44.1f, Apr 7, 2026 1:49:24 PM"},"hardware_info":"275c5aa2|06:A8:C0:D9:D5:E3"}}}
17:36:03.329 INFO  vert.x-eventloop-thread-0 BaseServiceProxy     : -> GET /v1/api/tickle,200|58ms
17:36:30.538 INFO  vert.x-eventloop-thread-0 BaseServiceProxy     : -> GET /v1/api/tickle,200|106ms
17:36:30.538 DEBUG vert.x-eventloop-thread-0 ClientPortalService  : tickle {"session":"f4eb67a51b57bd65db03e9b6b5ab5572","ssoExpires":60003,"collission":false,"userId":50301190,"hmds":{"error":"no bridge"},"iserver":{"authStatus":{"authenticated":true,"established":true,"competing":false,"connected":true,"message":"","MAC":"06:A8:C0:D9:D5:E3","serverInfo":{"serverName":"JifS17036","serverVersion":"Build 10.44.1f, Apr 7, 2026 1:49:24 PM"},"hardware_info":"275c5aa2|06:A8:C0:D9:D5:E3"}}}
17:36:44.742 INFO  vert.x-eventloop-thread-0 BaseServiceProxy     : -> GET /v1/api/portfolio/U5799398/summary,200|329ms
17:36:44.829 INFO  vert.x-eventloop-thread-0 BaseServiceProxy     : -> GET /v1/api/iserver/account/orders,200|76ms
17:36:44.869 INFO  vert.x-eventloop-thread-0 BaseServiceProxy     : -> GET /v1/api/portfolio/U5799398/positions/0?direction=a&period=1W&sort=position,200|122ms
17:36:54.978 INFO  vert.x-eventloop-thread-0 BaseServiceProxy     : -> GET /v1/api/iserver/secdef/search?symbol=REMX&secType=STK,200|74ms
17:36:55.034 INFO  vert.x-eventloop-thread-0 BaseServiceProxy     : -> GET /v1/api/iserver/account/orders,200|55ms
17:36:55.148 INFO  vert.x-eventloop-thread-0 BaseServiceProxy     : -> GET /v1/api/portfolio/U5799398/summary,200|96ms
17:36:56.304 INFO  vert.x-eventloop-thread-0 BaseServiceProxy     : -> GET /v1/api/iserver/account/U5799398/orders,200|1149ms
17:36:56.366 INFO  vert.x-eventloop-thread-0 BaseServiceProxy     : -> GET /v1/api/iserver/reply/243583f9-83f8-4c3c-a96f-fa65e6be7fb7,200|60ms
17:36:56.425 INFO  vert.x-eventloop-thread-0 BaseServiceProxy     : -> GET /v1/api/iserver/reply/dcf3483b-7a9d-4825-8e64-ce3eb90b50cb,200|56ms
17:36:56.493 INFO  vert.x-eventloop-thread-0 BaseServiceProxy     : -> GET /v1/api/iserver/reply/6ed08150-3d71-440c-84a1-c58e99287d24,200|66ms
17:36:56.579 INFO  vert.x-eventloop-thread-0 BaseServiceProxy     : -> GET /v1/api/iserver/reply/00123ecc-6788-438a-8ba0-54df7b89d38e,200|85ms
17:36:56.637 INFO  vert.x-eventloop-thread-0 BaseServiceProxy     : -> GET /v1/api/iserver/reply/b68203fd-6e35-48ac-b98d-b8cb64433614,200|56ms
17:36:56.722 INFO  vert.x-eventloop-thread-0 BaseServiceProxy     : -> GET /v1/api/iserver/reply/03b36c52-5a79-4fde-bb3a-6f0d46a2bd70,200|83ms
17:36:56.815 INFO  vert.x-eventloop-thread-0 BaseServiceProxy     : -> GET /v1/api/iserver/account/orders,200|92ms
17:36:57.226 INFO  vert.x-eventloop-thread-0 BaseServiceProxy     : -> GET /v1/api/iserver/marketdata/history?conid=415578518&period=30d&bar=1d&outsideRth=false,200|393ms
17:36:57.287 INFO  vert.x-eventloop-thread-0 BaseServiceProxy     : -> GET /v1/api/iserver/marketdata/history?conid=415578518&period=30d&bar=1d&outsideRth=false,200|58ms
17:37:00.494 INFO  vert.x-eventloop-thread-0 BaseServiceProxy     : -> GET /v1/api/tickle,200|62ms
17:37:00.494 DEBUG vert.x-eventloop-thread-0 ClientPortalService  : tickle {"session":"f4eb67a51b57bd65db03e9b6b5ab5572","ssoExpires":30018,"collission":false,"userId":50301190,"hmds":{"error":"no bridge"},"iserver":{"authStatus":{"authenticated":true,"established":true,"competing":false,"connected":true,"message":"","MAC":"06:A8:C0:D9:D5:E3","serverInfo":{"serverName":"JifS17036","serverVersion":"Build 10.44.1f, Apr 7, 2026 1:49:24 PM"},"hardware_info":"275c5aa2|06:A8:C0:D9:D5:E3"}}}
17:37:11.630 INFO  vert.x-eventloop-thread-0 BaseServiceProxy     : -> GET /v1/api/iserver/account/orders,200|71ms
17:37:11.737 INFO  vert.x-eventloop-thread-0 BaseServiceProxy     : -> GET /v1/api/iserver/marketdata/history?conid=415578518&period=30d&bar=1d&outsideRth=false,200|90ms
17:37:11.797 INFO  vert.x-eventloop-thread-0 BaseServiceProxy     : -> GET /v1/api/iserver/marketdata/history?conid=415578518&period=30d&bar=1d&outsideRth=false,200|57ms
17:37:11.938 INFO  vert.x-eventloop-thread-0 BaseServiceProxy     : -> GET /v1/api/iserver/account/orders,200|74ms
17:37:12.028 INFO  vert.x-eventloop-thread-0 BaseServiceProxy     : -> GET /v1/api/iserver/account/orders,200|61ms
17:37:12.484 INFO  vert.x-eventloop-thread-0 BaseServiceProxy     : -> GET /v1/api/iserver/account/U5799398/order/520721154,200|447ms
17:37:12.561 INFO  vert.x-eventloop-thread-0 BaseServiceProxy     : -> GET /v1/api/iserver/account/orders,200|75ms
17:37:12.643 INFO  vert.x-eventloop-thread-0 BaseServiceProxy     : -> GET /v1/api/iserver/marketdata/history?conid=415578518&period=30d&bar=1d&outsideRth=false,200|64ms
17:37:12.704 INFO  vert.x-eventloop-thread-0 BaseServiceProxy     : -> GET /v1/api/iserver/marketdata/history?conid=415578518&period=30d&bar=1d&outsideRth=false,200|57ms
17:37:12.826 INFO  vert.x-eventloop-thread-0 BaseServiceProxy     : -> GET /v1/api/iserver/account/orders,200|87ms
17:37:30.531 INFO  vert.x-eventloop-thread-0 BaseServiceProxy     : -> GET /v1/api/tickle,200|99ms
17:37:30.532 DEBUG vert.x-eventloop-thread-0 ClientPortalService  : tickle {"session":"f4eb67a51b57bd65db03e9b6b5ab5572","ssoExpires":5,"collission":false,"userId":50301190,"hmds":{"error":"no bridge"},"iserver":{"authStatus":{"authenticated":true,"established":true,"competing":false,"connected":true,"message":"","MAC":"06:A8:C0:D9:D5:E3","serverInfo":{"serverName":"JifS17036","serverVersion":"Build 10.44.1f, Apr 7, 2026 1:49:24 PM"},"hardware_info":"275c5aa2|06:A8:C0:D9:D5:E3"}}}
17:38:00.495 INFO  vert.x-eventloop-thread-0 BaseServiceProxy     : -> GET /v1/api/tickle,200|63ms
17:38:00.497 DEBUG vert.x-eventloop-thread-0 ClientPortalService  : tickle {"session":"f4eb67a51b57bd65db03e9b6b5ab5572","ssoExpires":600000,"collission":false,"userId":50301190,"hmds":{"error":"no bridge"},"iserver":{"authStatus":{"authenticated":true,"established":true,"competing":false,"connected":true,"message":"","MAC":"06:A8:C0:D9:D5:E3","serverInfo":{"serverName":"JifS17036","serverVersion":"Build 10.44.1f, Apr 7, 2026 1:49:24 PM"},"hardware_info":"275c5aa2|06:A8:C0:D9:D5:E3"}}}
17:38:30.512 INFO  vert.x-eventloop-thread-0 BaseServiceProxy     : -> GET /v1/api/tickle,200|80ms
17:38:30.515 DEBUG vert.x-eventloop-thread-0 ClientPortalService  : tickle {"session":"f4eb67a51b57bd65db03e9b6b5ab5572","ssoExpires":569982,"collission":false,"userId":50301190,"hmds":{"error":"no bridge"},"iserver":{"authStatus":{"authenticated":true,"established":true,"competing":false,"connected":true,"message":"","MAC":"06:A8:C0:D9:D5:E3","serverInfo":{"serverName":"JifS17036","serverVersion":"Build 10.44.1f, Apr 7, 2026 1:49:24 PM"},"hardware_info":"275c5aa2|06:A8:C0:D9:D5:E3"}}}
17:39:00.516 INFO  vert.x-eventloop-thread-0 BaseServiceProxy     : -> GET /v1/api/tickle,200|85ms
17:39:00.517 DEBUG vert.x-eventloop-thread-0 ClientPortalService  : tickle {"session":"f4eb67a51b57bd65db03e9b6b5ab5572","ssoExpires":539992,"collission":false,"userId":50301190,"hmds":{"error":"no bridge"},"iserver":{"authStatus":{"authenticated":true,"established":true,"competing":false,"connected":true,"message":"","MAC":"06:A8:C0:D9:D5:E3","serverInfo":{"serverName":"JifS17036","serverVersion":"Build 10.44.1f, Apr 7, 2026 1:49:24 PM"},"hardware_info":"275c5aa2|06:A8:C0:D9:D5:E3"}}}
17:39:03.506 INFO  vert.x-eventloop-thread-0 BaseServiceProxy     : -> GET /v1/api/tickle,200|57ms
17:39:30.499 INFO  vert.x-eventloop-thread-0 BaseServiceProxy     : -> GET /v1/api/tickle,200|68ms
17:39:30.501 DEBUG vert.x-eventloop-thread-0 ClientPortalService  : tickle {"session":"f4eb67a51b57bd65db03e9b6b5ab5572","ssoExpires":509996,"collission":false,"userId":50301190,"hmds":{"error":"no bridge"},"iserver":{"authStatus":{"authenticated":true,"established":true,"competing":false,"connected":true,"message":"","MAC":"06:A8:C0:D9:D5:E3","serverInfo":{"serverName":"JifS17036","serverVersion":"Build 10.44.1f, Apr 7, 2026 1:49:24 PM"},"hardware_info":"275c5aa2|06:A8:C0:D9:D5:E3"}}}
17:40:00.502 INFO  vert.x-eventloop-thread-0 BaseServiceProxy     : -> GET /v1/api/tickle,200|71ms
17:40:00.504 DEBUG vert.x-eventloop-thread-0 ClientPortalService  : tickle {"session":"f4eb67a51b57bd65db03e9b6b5ab5572","ssoExpires":479995,"collission":false,"userId":50301190,"hmds":{"error":"no bridge"},"iserver":{"authStatus":{"authenticated":true,"established":true,"competing":false,"connected":true,"message":"","MAC":"06:A8:C0:D9:D5:E3","serverInfo":{"serverName":"JifS17036","serverVersion":"Build 10.44.1f, Apr 7, 2026 1:49:24 PM"},"hardware_info":"275c5aa2|06:A8:C0:D9:D5:E3"}}}
17:40:30.519 INFO  vert.x-eventloop-thread-0 BaseServiceProxy     : -> GET /v1/api/tickle,200|89ms
17:40:30.520 DEBUG vert.x-eventloop-thread-0 ClientPortalService  : tickle {"session":"f4eb67a51b57bd65db03e9b6b5ab5572","ssoExpires":450002,"collission":false,"userId":50301190,"hmds":{"error":"no bridge"},"iserver":{"authStatus":{"authenticated":true,"established":true,"competing":false,"connected":true,"message":"","MAC":"06:A8:C0:D9:D5:E3","serverInfo":{"serverName":"JifS17036","serverVersion":"Build 10.44.1f, Apr 7, 2026 1:49:24 PM"},"hardware_info":"275c5aa2|06:A8:C0:D9:D5:E3"}}}
17:40:34.778 INFO  vert.x-eventloop-thread-0 BaseServiceProxy     : -> GET /v1/api/iserver/account/orders,200|92ms
17:40:34.888 INFO  vert.x-eventloop-thread-0 BaseServiceProxy     : -> GET /v1/api/iserver/account/orders,200|82ms
17:40:35.269 INFO  vert.x-eventloop-thread-0 BaseServiceProxy     : -> GET /v1/api/iserver/account/U5799398/order/1198175476,200|354ms
17:40:35.352 INFO  vert.x-eventloop-thread-0 BaseServiceProxy     : -> GET /v1/api/iserver/reply/2096924e-f651-4668-b664-53e4cc41cfd3,200|70ms
17:40:35.463 INFO  vert.x-eventloop-thread-0 BaseServiceProxy     : -> GET /v1/api/iserver/account/orders,200|109ms
17:40:35.848 INFO  vert.x-eventloop-thread-0 BaseServiceProxy     : -> GET /v1/api/iserver/marketdata/history?conid=196689572&period=30d&bar=1d&outsideRth=false,200|368ms
17:40:35.925 INFO  vert.x-eventloop-thread-0 BaseServiceProxy     : -> GET /v1/api/iserver/marketdata/history?conid=196689572&period=30d&bar=1d&outsideRth=false,200|73ms
17:40:36.017 INFO  vert.x-eventloop-thread-0 BaseServiceProxy     : -> GET /v1/api/iserver/account/orders,200|59ms
17:40:55.914 INFO  vert.x-eventloop-thread-0 BaseServiceProxy     : -> GET /sso/ping,200|276ms
17:40:55.916 INFO  vert.x-eventloop-thread-0 SsoService           : sso ping {"result": "true"}
17:41:00.490 INFO  vert.x-eventloop-thread-0 BaseServiceProxy     : -> GET /v1/api/tickle,200|60ms
17:41:00.490 DEBUG vert.x-eventloop-thread-0 ClientPortalService  : tickle {"session":"f4eb67a51b57bd65db03e9b6b5ab5572","ssoExpires":420003,"collission":false,"userId":50301190,"hmds":{"error":"no bridge"},"iserver":{"authStatus":{"authenticated":true,"established":true,"competing":false,"connected":true,"message":"","MAC":"06:A8:C0:D9:D5:E3","serverInfo":{"serverName":"JifS17036","serverVersion":"Build 10.44.1f, Apr 7, 2026 1:49:24 PM"},"hardware_info":"275c5aa2|06:A8:C0:D9:D5:E3"}}}
17:41:30.492 INFO  vert.x-eventloop-thread-0 BaseServiceProxy     : -> GET /v1/api/tickle,200|61ms
17:41:30.495 DEBUG vert.x-eventloop-thread-0 ClientPortalService  : tickle {"session":"f4eb67a51b57bd65db03e9b6b5ab5572","ssoExpires":389998,"collission":false,"userId":50301190,"hmds":{"error":"no bridge"},"iserver":{"authStatus":{"authenticated":true,"established":true,"competing":false,"connected":true,"message":"","MAC":"06:A8:C0:D9:D5:E3","serverInfo":{"serverName":"JifS17036","serverVersion":"Build 10.44.1f, Apr 7, 2026 1:49:24 PM"},"hardware_info":"275c5aa2|06:A8:C0:D9:D5:E3"}}}
17:42:00.572 INFO  vert.x-eventloop-thread-0 BaseServiceProxy     : -> GET /v1/api/tickle,200|141ms
17:42:00.574 DEBUG vert.x-eventloop-thread-0 ClientPortalService  : tickle {"session":"f4eb67a51b57bd65db03e9b6b5ab5572","ssoExpires":359962,"collission":false,"userId":50301190,"hmds":{"error":"no bridge"},"iserver":{"authStatus":{"authenticated":true,"established":true,"competing":false,"connected":true,"message":"","MAC":"06:A8:C0:D9:D5:E3","serverInfo":{"serverName":"JifS17036","serverVersion":"Build 10.44.1f, Apr 7, 2026 1:49:24 PM"},"hardware_info":"275c5aa2|06:A8:C0:D9:D5:E3"}}}
17:42:03.683 INFO  vert.x-eventloop-thread-0 BaseServiceProxy     : -> GET /v1/api/tickle,200|59ms
17:42:30.581 INFO  vert.x-eventloop-thread-0 BaseServiceProxy     : -> GET /v1/api/tickle,200|152ms
17:42:30.583 DEBUG vert.x-eventloop-thread-0 ClientPortalService  : tickle {"session":"f4eb67a51b57bd65db03e9b6b5ab5572","ssoExpires":329975,"collission":false,"userId":50301190,"hmds":{"error":"no bridge"},"iserver":{"authStatus":{"authenticated":true,"established":true,"competing":false,"connected":true,"message":"","MAC":"06:A8:C0:D9:D5:E3","serverInfo":{"serverName":"JifS17036","serverVersion":"Build 10.44.1f, Apr 7, 2026 1:49:24 PM"},"hardware_info":"275c5aa2|06:A8:C0:D9:D5:E3"}}}
17:42:55.481 INFO  vert.x-eventloop-thread-0 BaseServiceProxy     : -> GET /v1/api/iserver/account/orders,200|94ms
17:42:55.930 INFO  vert.x-eventloop-thread-0 BaseServiceProxy     : -> GET /v1/api/iserver/marketdata/history?conid=239037320&period=30d&bar=1d&outsideRth=false,200|416ms
17:42:56.049 INFO  vert.x-eventloop-thread-0 BaseServiceProxy     : -> GET /v1/api/iserver/marketdata/history?conid=239037320&period=30d&bar=1d&outsideRth=false,200|117ms
17:43:00.516 INFO  vert.x-eventloop-thread-0 BaseServiceProxy     : -> GET /v1/api/tickle,200|86ms
17:43:00.516 DEBUG vert.x-eventloop-thread-0 ClientPortalService  : tickle {"session":"f4eb67a51b57bd65db03e9b6b5ab5572","ssoExpires":299983,"collission":false,"userId":50301190,"hmds":{"error":"no bridge"},"iserver":{"authStatus":{"authenticated":true,"established":true,"competing":false,"connected":true,"message":"","MAC":"06:A8:C0:D9:D5:E3","serverInfo":{"serverName":"JifS17036","serverVersion":"Build 10.44.1f, Apr 7, 2026 1:49:24 PM"},"hardware_info":"275c5aa2|06:A8:C0:D9:D5:E3"}}}
17:43:05.353 INFO  vert.x-eventloop-thread-0 BaseServiceProxy     : -> GET /v1/api/logout,200|88ms
17:43:06.217 ERROR vert.x-eventloop-thread-0 ConnectionBase       : java.net.SocketException: Connection reset
19:46:15.701 INFO  main GatewayStart         : config ../root/conf.yaml !!ibgroup.web.core.clientportal.gw.Config
authDelay: 3000
ccp: false
cors: {origin.allowed: '*', allowCredentials: false}
ip2loc: US
ips:
  allow: [192.*, 131.216.*, 127.0.0.1]
  deny: [212.90.324.10]
listenPort: 8080
listenSsl: true
portalBaseURL: ''
proxyRemoteHost: https://api.ibkr.com
proxyRemoteSsl: true
sslCert: vertx.jks
sslPwd: mywebapi
ssoPing: 5
svcEnvironment: v1
tst: false
twsBaseURL: /tws.proxy
webApps:
- {cache: true, index: index.html, listing: false, name: demo, proxy: ''}

19:46:15.821 INFO  vert.x-eventloop-thread-0 GatewayHttpProxy     :  -> mount demo on /demo
19:46:15.832 INFO  vert.x-eventloop-thread-0 GatewayVerticle      : version: a27ed42161ad96c53e715ca5c5e3e3fa4cff5262 Mon, 24 Apr 2023 15:41:53 -0400
19:46:15.832 INFO  vert.x-eventloop-thread-0 GatewayVerticle      : Java Version: 17.0.10
19:46:16.412 WARN  vert.x-eventloop-thread-0 DefaultChannelPipeline : An exceptionCaught() event was fired, and it reached at the tail of the pipeline. It usually means the last handler in the pipeline did not handle the exception.
io.netty.handler.codec.DecoderException: javax.net.ssl.SSLHandshakeException: Received fatal alert: certificate_unknown
	at io.netty.handler.codec.ByteToMessageDecoder.callDecode(ByteToMessageDecoder.java:459)
	at io.netty.handler.codec.ByteToMessageDecoder.channelRead(ByteToMessageDecoder.java:265)
	at io.netty.channel.AbstractChannelHandlerContext.invokeChannelRead(AbstractChannelHandlerContext.java:362)
	at io.netty.channel.AbstractChannelHandlerContext.invokeChannelRead(AbstractChannelHandlerContext.java:348)
	at io.netty.channel.AbstractChannelHandlerContext.fireChannelRead(AbstractChannelHandlerContext.java:340)
	at io.netty.channel.DefaultChannelPipeline$HeadContext.channelRead(DefaultChannelPipeline.java:1359)
	at io.netty.channel.AbstractChannelHandlerContext.invokeChannelRead(AbstractChannelHandlerContext.java:362)
	at io.netty.channel.AbstractChannelHandlerContext.invokeChannelRead(AbstractChannelHandlerContext.java:348)
	at io.netty.channel.DefaultChannelPipeline.fireChannelRead(DefaultChannelPipeline.java:935)
	at io.netty.channel.nio.AbstractNioByteChannel$NioByteUnsafe.read(AbstractNioByteChannel.java:134)
	at io.netty.channel.nio.NioEventLoop.processSelectedKey(NioEventLoop.java:645)
	at io.netty.channel.nio.NioEventLoop.processSelectedKeysPlain(NioEventLoop.java:545)
	at io.netty.channel.nio.NioEventLoop.processSelectedKeys(NioEventLoop.java:499)
	at io.netty.channel.nio.NioEventLoop.run(NioEventLoop.java:459)
	at io.netty.util.concurrent.SingleThreadEventExecutor$5.run(SingleThreadEventExecutor.java:858)
	at java.base/java.lang.Thread.run(Thread.java:842)
Caused by: javax.net.ssl.SSLHandshakeException: Received fatal alert: certificate_unknown
	at java.base/sun.security.ssl.Alert.createSSLException(Alert.java:131)
	at java.base/sun.security.ssl.Alert.createSSLException(Alert.java:117)
	at java.base/sun.security.ssl.TransportContext.fatal(TransportContext.java:365)
	at java.base/sun.security.ssl.Alert$AlertConsumer.consume(Alert.java:293)
	at java.base/sun.security.ssl.TransportContext.dispatch(TransportContext.java:204)
	at java.base/sun.security.ssl.SSLTransport.decode(SSLTransport.java:172)
	at java.base/sun.security.ssl.SSLEngineImpl.decode(SSLEngineImpl.java:736)
	at java.base/sun.security.ssl.SSLEngineImpl.readRecord(SSLEngineImpl.java:691)
	at java.base/sun.security.ssl.SSLEngineImpl.unwrap(SSLEngineImpl.java:506)
	at java.base/sun.security.ssl.SSLEngineImpl.unwrap(SSLEngineImpl.java:482)
	at java.base/javax.net.ssl.SSLEngine.unwrap(SSLEngine.java:679)
	at io.netty.handler.ssl.SslHandler$SslEngineType$3.unwrap(SslHandler.java:281)
	at io.netty.handler.ssl.SslHandler.unwrap(SslHandler.java:1215)
	at io.netty.handler.ssl.SslHandler.decodeJdkCompatible(SslHandler.java:1127)
	at io.netty.handler.ssl.SslHandler.decode(SslHandler.java:1162)
	at io.netty.handler.codec.ByteToMessageDecoder.decodeRemovalReentryProtection(ByteToMessageDecoder.java:489)
	at io.netty.handler.codec.ByteToMessageDecoder.callDecode(ByteToMessageDecoder.java:428)
	... 15 common frames omitted
19:46:16.413 WARN  vert.x-eventloop-thread-0 DefaultChannelPipeline : An exceptionCaught() event was fired, and it reached at the tail of the pipeline. It usually means the last handler in the pipeline did not handle the exception.
io.netty.handler.codec.DecoderException: javax.net.ssl.SSLHandshakeException: Received fatal alert: certificate_unknown
	at io.netty.handler.codec.ByteToMessageDecoder.callDecode(ByteToMessageDecoder.java:459)
	at io.netty.handler.codec.ByteToMessageDecoder.channelRead(ByteToMessageDecoder.java:265)
	at io.netty.channel.AbstractChannelHandlerContext.invokeChannelRead(AbstractChannelHandlerContext.java:362)
	at io.netty.channel.AbstractChannelHandlerContext.invokeChannelRead(AbstractChannelHandlerContext.java:348)
	at io.netty.channel.AbstractChannelHandlerContext.fireChannelRead(AbstractChannelHandlerContext.java:340)
	at io.netty.channel.DefaultChannelPipeline$HeadContext.channelRead(DefaultChannelPipeline.java:1359)
	at io.netty.channel.AbstractChannelHandlerContext.invokeChannelRead(AbstractChannelHandlerContext.java:362)
	at io.netty.channel.AbstractChannelHandlerContext.invokeChannelRead(AbstractChannelHandlerContext.java:348)
	at io.netty.channel.DefaultChannelPipeline.fireChannelRead(DefaultChannelPipeline.java:935)
	at io.netty.channel.nio.AbstractNioByteChannel$NioByteUnsafe.read(AbstractNioByteChannel.java:134)
	at io.netty.channel.nio.NioEventLoop.processSelectedKey(NioEventLoop.java:645)
	at io.netty.channel.nio.NioEventLoop.processSelectedKeysPlain(NioEventLoop.java:545)
	at io.netty.channel.nio.NioEventLoop.processSelectedKeys(NioEventLoop.java:499)
	at io.netty.channel.nio.NioEventLoop.run(NioEventLoop.java:459)
	at io.netty.util.concurrent.SingleThreadEventExecutor$5.run(SingleThreadEventExecutor.java:858)
	at java.base/java.lang.Thread.run(Thread.java:842)
Caused by: javax.net.ssl.SSLHandshakeException: Received fatal alert: certificate_unknown
	at java.base/sun.security.ssl.Alert.createSSLException(Alert.java:131)
	at java.base/sun.security.ssl.Alert.createSSLException(Alert.java:117)
	at java.base/sun.security.ssl.TransportContext.fatal(TransportContext.java:365)
	at java.base/sun.security.ssl.Alert$AlertConsumer.consume(Alert.java:293)
	at java.base/sun.security.ssl.TransportContext.dispatch(TransportContext.java:204)
	at java.base/sun.security.ssl.SSLTransport.decode(SSLTransport.java:172)
	at java.base/sun.security.ssl.SSLEngineImpl.decode(SSLEngineImpl.java:736)
	at java.base/sun.security.ssl.SSLEngineImpl.readRecord(SSLEngineImpl.java:691)
	at java.base/sun.security.ssl.SSLEngineImpl.unwrap(SSLEngineImpl.java:506)
	at java.base/sun.security.ssl.SSLEngineImpl.unwrap(SSLEngineImpl.java:482)
	at java.base/javax.net.ssl.SSLEngine.unwrap(SSLEngine.java:679)
	at io.netty.handler.ssl.SslHandler$SslEngineType$3.unwrap(SslHandler.java:281)
	at io.netty.handler.ssl.SslHandler.unwrap(SslHandler.java:1215)
	at io.netty.handler.ssl.SslHandler.decodeJdkCompatible(SslHandler.java:1127)
	at io.netty.handler.ssl.SslHandler.decode(SslHandler.java:1162)
	at io.netty.handler.codec.ByteToMessageDecoder.decodeRemovalReentryProtection(ByteToMessageDecoder.java:489)
	at io.netty.handler.codec.ByteToMessageDecoder.callDecode(ByteToMessageDecoder.java:428)
	... 15 common frames omitted
19:46:17.055 INFO  vert.x-eventloop-thread-0 BaseServiceProxy     : -> GET /sso/Login?forwardTo=22&RL=1&ip2loc=US,200|595ms
19:46:17.056 INFO  vert.x-eventloop-thread-0 CookieManager        : set cookies [partnerID=""; Domain=.ibkr.com; Expires=Thu, 01 Jan 1970 00:00:10 GMT; Path=/;Secure;SameSite=None, partnerID=""; Domain=.ibkr.com; Expires=Thu, 01 Jan 1970 00:00:10 GMT; Path=/;Secure;SameSite=None, URL_PARAM=forwardTo%3D22&RL%3D1&ip2loc%3DUS; Domain=.ibkr.com; Path=/;Secure, JSESSIONID=A43D8324D9A46E14C477E486F6C79E05.ny5wwwdam1-internet; Path=/sso; HttpOnly;Secure;SameSite=None, x-sess-uuid=0.a7af74cb.1776771976.16f6501; secure; HttpOnly]
19:46:17.058 DEBUG vert.x-eventloop-thread-0 BaseServiceProxy     : Remapping Set-cookies [partnerID=""; Domain=.ibkr.com; Expires=Thu, 01 Jan 1970 00:00:10 GMT; Path=/;Secure;SameSite=None, partnerID=""; Domain=.ibkr.com; Expires=Thu, 01 Jan 1970 00:00:10 GMT; Path=/;Secure;SameSite=None, URL_PARAM=forwardTo%3D22&RL%3D1&ip2loc%3DUS; Domain=.ibkr.com; Path=/;Secure, JSESSIONID=A43D8324D9A46E14C477E486F6C79E05.ny5wwwdam1-internet; Path=/sso; HttpOnly;Secure;SameSite=None, x-sess-uuid=0.a7af74cb.1776771976.16f6501; secure; HttpOnly] -> 
19:46:17.136 WARN  vert.x-eventloop-thread-0 DefaultChannelPipeline : An exceptionCaught() event was fired, and it reached at the tail of the pipeline. It usually means the last handler in the pipeline did not handle the exception.
io.netty.handler.codec.DecoderException: javax.net.ssl.SSLHandshakeException: Received fatal alert: certificate_unknown
	at io.netty.handler.codec.ByteToMessageDecoder.callDecode(ByteToMessageDecoder.java:459)
	at io.netty.handler.codec.ByteToMessageDecoder.channelRead(ByteToMessageDecoder.java:265)
	at io.netty.channel.AbstractChannelHandlerContext.invokeChannelRead(AbstractChannelHandlerContext.java:362)
	at io.netty.channel.AbstractChannelHandlerContext.invokeChannelRead(AbstractChannelHandlerContext.java:348)
	at io.netty.channel.AbstractChannelHandlerContext.fireChannelRead(AbstractChannelHandlerContext.java:340)
	at io.netty.channel.DefaultChannelPipeline$HeadContext.channelRead(DefaultChannelPipeline.java:1359)
	at io.netty.channel.AbstractChannelHandlerContext.invokeChannelRead(AbstractChannelHandlerContext.java:362)
	at io.netty.channel.AbstractChannelHandlerContext.invokeChannelRead(AbstractChannelHandlerContext.java:348)
	at io.netty.channel.DefaultChannelPipeline.fireChannelRead(DefaultChannelPipeline.java:935)
	at io.netty.channel.nio.AbstractNioByteChannel$NioByteUnsafe.read(AbstractNioByteChannel.java:134)
	at io.netty.channel.nio.NioEventLoop.processSelectedKey(NioEventLoop.java:645)
	at io.netty.channel.nio.NioEventLoop.processSelectedKeysPlain(NioEventLoop.java:545)
	at io.netty.channel.nio.NioEventLoop.processSelectedKeys(NioEventLoop.java:499)
	at io.netty.channel.nio.NioEventLoop.run(NioEventLoop.java:459)
	at io.netty.util.concurrent.SingleThreadEventExecutor$5.run(SingleThreadEventExecutor.java:858)
	at java.base/java.lang.Thread.run(Thread.java:842)
Caused by: javax.net.ssl.SSLHandshakeException: Received fatal alert: certificate_unknown
	at java.base/sun.security.ssl.Alert.createSSLException(Alert.java:131)
	at java.base/sun.security.ssl.Alert.createSSLException(Alert.java:117)
	at java.base/sun.security.ssl.TransportContext.fatal(TransportContext.java:365)
	at java.base/sun.security.ssl.Alert$AlertConsumer.consume(Alert.java:293)
	at java.base/sun.security.ssl.TransportContext.dispatch(TransportContext.java:204)
	at java.base/sun.security.ssl.SSLTransport.decode(SSLTransport.java:172)
	at java.base/sun.security.ssl.SSLEngineImpl.decode(SSLEngineImpl.java:736)
	at java.base/sun.security.ssl.SSLEngineImpl.readRecord(SSLEngineImpl.java:691)
	at java.base/sun.security.ssl.SSLEngineImpl.unwrap(SSLEngineImpl.java:506)
	at java.base/sun.security.ssl.SSLEngineImpl.unwrap(SSLEngineImpl.java:482)
	at java.base/javax.net.ssl.SSLEngine.unwrap(SSLEngine.java:679)
	at io.netty.handler.ssl.SslHandler$SslEngineType$3.unwrap(SslHandler.java:281)
	at io.netty.handler.ssl.SslHandler.unwrap(SslHandler.java:1215)
	at io.netty.handler.ssl.SslHandler.decodeJdkCompatible(SslHandler.java:1127)
	at io.netty.handler.ssl.SslHandler.decode(SslHandler.java:1162)
	at io.netty.handler.codec.ByteToMessageDecoder.decodeRemovalReentryProtection(ByteToMessageDecoder.java:489)
	at io.netty.handler.codec.ByteToMessageDecoder.callDecode(ByteToMessageDecoder.java:428)
	... 15 common frames omitted
19:46:17.137 WARN  vert.x-eventloop-thread-0 DefaultChannelPipeline : An exceptionCaught() event was fired, and it reached at the tail of the pipeline. It usually means the last handler in the pipeline did not handle the exception.
io.netty.handler.codec.DecoderException: javax.net.ssl.SSLHandshakeException: Received fatal alert: certificate_unknown
	at io.netty.handler.codec.ByteToMessageDecoder.callDecode(ByteToMessageDecoder.java:459)
	at io.netty.handler.codec.ByteToMessageDecoder.channelRead(ByteToMessageDecoder.java:265)
	at io.netty.channel.AbstractChannelHandlerContext.invokeChannelRead(AbstractChannelHandlerContext.java:362)
	at io.netty.channel.AbstractChannelHandlerContext.invokeChannelRead(AbstractChannelHandlerContext.java:348)
	at io.netty.channel.AbstractChannelHandlerContext.fireChannelRead(AbstractChannelHandlerContext.java:340)
	at io.netty.channel.DefaultChannelPipeline$HeadContext.channelRead(DefaultChannelPipeline.java:1359)
	at io.netty.channel.AbstractChannelHandlerContext.invokeChannelRead(AbstractChannelHandlerContext.java:362)
	at io.netty.channel.AbstractChannelHandlerContext.invokeChannelRead(AbstractChannelHandlerContext.java:348)
	at io.netty.channel.DefaultChannelPipeline.fireChannelRead(DefaultChannelPipeline.java:935)
	at io.netty.channel.nio.AbstractNioByteChannel$NioByteUnsafe.read(AbstractNioByteChannel.java:134)
	at io.netty.channel.nio.NioEventLoop.processSelectedKey(NioEventLoop.java:645)
	at io.netty.channel.nio.NioEventLoop.processSelectedKeysPlain(NioEventLoop.java:545)
	at io.netty.channel.nio.NioEventLoop.processSelectedKeys(NioEventLoop.java:499)
	at io.netty.channel.nio.NioEventLoop.run(NioEventLoop.java:459)
	at io.netty.util.concurrent.SingleThreadEventExecutor$5.run(SingleThreadEventExecutor.java:858)
	at java.base/java.lang.Thread.run(Thread.java:842)
Caused by: javax.net.ssl.SSLHandshakeException: Received fatal alert: certificate_unknown
	at java.base/sun.security.ssl.Alert.createSSLException(Alert.java:131)
	at java.base/sun.security.ssl.Alert.createSSLException(Alert.java:117)
	at java.base/sun.security.ssl.TransportContext.fatal(TransportContext.java:365)
	at java.base/sun.security.ssl.Alert$AlertConsumer.consume(Alert.java:293)
	at java.base/sun.security.ssl.TransportContext.dispatch(TransportContext.java:204)
	at java.base/sun.security.ssl.SSLTransport.decode(SSLTransport.java:172)
	at java.base/sun.security.ssl.SSLEngineImpl.decode(SSLEngineImpl.java:736)
	at java.base/sun.security.ssl.SSLEngineImpl.readRecord(SSLEngineImpl.java:691)
	at java.base/sun.security.ssl.SSLEngineImpl.unwrap(SSLEngineImpl.java:506)
	at java.base/sun.security.ssl.SSLEngineImpl.unwrap(SSLEngineImpl.java:482)
	at java.base/javax.net.ssl.SSLEngine.unwrap(SSLEngine.java:679)
	at io.netty.handler.ssl.SslHandler$SslEngineType$3.unwrap(SslHandler.java:281)
	at io.netty.handler.ssl.SslHandler.unwrap(SslHandler.java:1215)
	at io.netty.handler.ssl.SslHandler.decodeJdkCompatible(SslHandler.java:1127)
	at io.netty.handler.ssl.SslHandler.decode(SslHandler.java:1162)
	at io.netty.handler.codec.ByteToMessageDecoder.decodeRemovalReentryProtection(ByteToMessageDecoder.java:489)
	at io.netty.handler.codec.ByteToMessageDecoder.callDecode(ByteToMessageDecoder.java:428)
	... 15 common frames omitted
19:46:17.139 WARN  vert.x-eventloop-thread-0 DefaultChannelPipeline : An exceptionCaught() event was fired, and it reached at the tail of the pipeline. It usually means the last handler in the pipeline did not handle the exception.
io.netty.handler.codec.DecoderException: javax.net.ssl.SSLHandshakeException: Received fatal alert: certificate_unknown
	at io.netty.handler.codec.ByteToMessageDecoder.callDecode(ByteToMessageDecoder.java:459)
	at io.netty.handler.codec.ByteToMessageDecoder.channelRead(ByteToMessageDecoder.java:265)
	at io.netty.channel.AbstractChannelHandlerContext.invokeChannelRead(AbstractChannelHandlerContext.java:362)
	at io.netty.channel.AbstractChannelHandlerContext.invokeChannelRead(AbstractChannelHandlerContext.java:348)
	at io.netty.channel.AbstractChannelHandlerContext.fireChannelRead(AbstractChannelHandlerContext.java:340)
	at io.netty.channel.DefaultChannelPipeline$HeadContext.channelRead(DefaultChannelPipeline.java:1359)
	at io.netty.channel.AbstractChannelHandlerContext.invokeChannelRead(AbstractChannelHandlerContext.java:362)
	at io.netty.channel.AbstractChannelHandlerContext.invokeChannelRead(AbstractChannelHandlerContext.java:348)
	at io.netty.channel.DefaultChannelPipeline.fireChannelRead(DefaultChannelPipeline.java:935)
	at io.netty.channel.nio.AbstractNioByteChannel$NioByteUnsafe.read(AbstractNioByteChannel.java:134)
	at io.netty.channel.nio.NioEventLoop.processSelectedKey(NioEventLoop.java:645)
	at io.netty.channel.nio.NioEventLoop.processSelectedKeysPlain(NioEventLoop.java:545)
	at io.netty.channel.nio.NioEventLoop.processSelectedKeys(NioEventLoop.java:499)
	at io.netty.channel.nio.NioEventLoop.run(NioEventLoop.java:459)
	at io.netty.util.concurrent.SingleThreadEventExecutor$5.run(SingleThreadEventExecutor.java:858)
	at java.base/java.lang.Thread.run(Thread.java:842)
Caused by: javax.net.ssl.SSLHandshakeException: Received fatal alert: certificate_unknown
	at java.base/sun.security.ssl.Alert.createSSLException(Alert.java:131)
	at java.base/sun.security.ssl.Alert.createSSLException(Alert.java:117)
	at java.base/sun.security.ssl.TransportContext.fatal(TransportContext.java:365)
	at java.base/sun.security.ssl.Alert$AlertConsumer.consume(Alert.java:293)
	at java.base/sun.security.ssl.TransportContext.dispatch(TransportContext.java:204)
	at java.base/sun.security.ssl.SSLTransport.decode(SSLTransport.java:172)
	at java.base/sun.security.ssl.SSLEngineImpl.decode(SSLEngineImpl.java:736)
	at java.base/sun.security.ssl.SSLEngineImpl.readRecord(SSLEngineImpl.java:691)
	at java.base/sun.security.ssl.SSLEngineImpl.unwrap(SSLEngineImpl.java:506)
	at java.base/sun.security.ssl.SSLEngineImpl.unwrap(SSLEngineImpl.java:482)
	at java.base/javax.net.ssl.SSLEngine.unwrap(SSLEngine.java:679)
	at io.netty.handler.ssl.SslHandler$SslEngineType$3.unwrap(SslHandler.java:281)
	at io.netty.handler.ssl.SslHandler.unwrap(SslHandler.java:1215)
	at io.netty.handler.ssl.SslHandler.decodeJdkCompatible(SslHandler.java:1127)
	at io.netty.handler.ssl.SslHandler.decode(SslHandler.java:1162)
	at io.netty.handler.codec.ByteToMessageDecoder.decodeRemovalReentryProtection(ByteToMessageDecoder.java:489)
	at io.netty.handler.codec.ByteToMessageDecoder.callDecode(ByteToMessageDecoder.java:428)
	... 15 common frames omitted
19:46:17.140 WARN  vert.x-eventloop-thread-0 DefaultChannelPipeline : An exceptionCaught() event was fired, and it reached at the tail of the pipeline. It usually means the last handler in the pipeline did not handle the exception.
io.netty.handler.codec.DecoderException: javax.net.ssl.SSLHandshakeException: Received fatal alert: certificate_unknown
	at io.netty.handler.codec.ByteToMessageDecoder.callDecode(ByteToMessageDecoder.java:459)
	at io.netty.handler.codec.ByteToMessageDecoder.channelRead(ByteToMessageDecoder.java:265)
	at io.netty.channel.AbstractChannelHandlerContext.invokeChannelRead(AbstractChannelHandlerContext.java:362)
	at io.netty.channel.AbstractChannelHandlerContext.invokeChannelRead(AbstractChannelHandlerContext.java:348)
	at io.netty.channel.AbstractChannelHandlerContext.fireChannelRead(AbstractChannelHandlerContext.java:340)
	at io.netty.channel.DefaultChannelPipeline$HeadContext.channelRead(DefaultChannelPipeline.java:1359)
	at io.netty.channel.AbstractChannelHandlerContext.invokeChannelRead(AbstractChannelHandlerContext.java:362)
	at io.netty.channel.AbstractChannelHandlerContext.invokeChannelRead(AbstractChannelHandlerContext.java:348)
	at io.netty.channel.DefaultChannelPipeline.fireChannelRead(DefaultChannelPipeline.java:935)
	at io.netty.channel.nio.AbstractNioByteChannel$NioByteUnsafe.read(AbstractNioByteChannel.java:134)
	at io.netty.channel.nio.NioEventLoop.processSelectedKey(NioEventLoop.java:645)
	at io.netty.channel.nio.NioEventLoop.processSelectedKeysPlain(NioEventLoop.java:545)
	at io.netty.channel.nio.NioEventLoop.processSelectedKeys(NioEventLoop.java:499)
	at io.netty.channel.nio.NioEventLoop.run(NioEventLoop.java:459)
	at io.netty.util.concurrent.SingleThreadEventExecutor$5.run(SingleThreadEventExecutor.java:858)
	at java.base/java.lang.Thread.run(Thread.java:842)
Caused by: javax.net.ssl.SSLHandshakeException: Received fatal alert: certificate_unknown
	at java.base/sun.security.ssl.Alert.createSSLException(Alert.java:131)
	at java.base/sun.security.ssl.Alert.createSSLException(Alert.java:117)
	at java.base/sun.security.ssl.TransportContext.fatal(TransportContext.java:365)
	at java.base/sun.security.ssl.Alert$AlertConsumer.consume(Alert.java:293)
	at java.base/sun.security.ssl.TransportContext.dispatch(TransportContext.java:204)
	at java.base/sun.security.ssl.SSLTransport.decode(SSLTransport.java:172)
	at java.base/sun.security.ssl.SSLEngineImpl.decode(SSLEngineImpl.java:736)
	at java.base/sun.security.ssl.SSLEngineImpl.readRecord(SSLEngineImpl.java:691)
	at java.base/sun.security.ssl.SSLEngineImpl.unwrap(SSLEngineImpl.java:506)
	at java.base/sun.security.ssl.SSLEngineImpl.unwrap(SSLEngineImpl.java:482)
	at java.base/javax.net.ssl.SSLEngine.unwrap(SSLEngine.java:679)
	at io.netty.handler.ssl.SslHandler$SslEngineType$3.unwrap(SslHandler.java:281)
	at io.netty.handler.ssl.SslHandler.unwrap(SslHandler.java:1215)
	at io.netty.handler.ssl.SslHandler.decodeJdkCompatible(SslHandler.java:1127)
	at io.netty.handler.ssl.SslHandler.decode(SslHandler.java:1162)
	at io.netty.handler.codec.ByteToMessageDecoder.decodeRemovalReentryProtection(ByteToMessageDecoder.java:489)
	at io.netty.handler.codec.ByteToMessageDecoder.callDecode(ByteToMessageDecoder.java:428)
	... 15 common frames omitted
19:46:17.143 WARN  vert.x-eventloop-thread-0 DefaultChannelPipeline : An exceptionCaught() event was fired, and it reached at the tail of the pipeline. It usually means the last handler in the pipeline did not handle the exception.
io.netty.handler.codec.DecoderException: javax.net.ssl.SSLHandshakeException: Received fatal alert: certificate_unknown
	at io.netty.handler.codec.ByteToMessageDecoder.callDecode(ByteToMessageDecoder.java:459)
	at io.netty.handler.codec.ByteToMessageDecoder.channelRead(ByteToMessageDecoder.java:265)
	at io.netty.channel.AbstractChannelHandlerContext.invokeChannelRead(AbstractChannelHandlerContext.java:362)
	at io.netty.channel.AbstractChannelHandlerContext.invokeChannelRead(AbstractChannelHandlerContext.java:348)
	at io.netty.channel.AbstractChannelHandlerContext.fireChannelRead(AbstractChannelHandlerContext.java:340)
	at io.netty.channel.DefaultChannelPipeline$HeadContext.channelRead(DefaultChannelPipeline.java:1359)
	at io.netty.channel.AbstractChannelHandlerContext.invokeChannelRead(AbstractChannelHandlerContext.java:362)
	at io.netty.channel.AbstractChannelHandlerContext.invokeChannelRead(AbstractChannelHandlerContext.java:348)
	at io.netty.channel.DefaultChannelPipeline.fireChannelRead(DefaultChannelPipeline.java:935)
	at io.netty.channel.nio.AbstractNioByteChannel$NioByteUnsafe.read(AbstractNioByteChannel.java:134)
	at io.netty.channel.nio.NioEventLoop.processSelectedKey(NioEventLoop.java:645)
	at io.netty.channel.nio.NioEventLoop.processSelectedKeysPlain(NioEventLoop.java:545)
	at io.netty.channel.nio.NioEventLoop.processSelectedKeys(NioEventLoop.java:499)
	at io.netty.channel.nio.NioEventLoop.run(NioEventLoop.java:459)
	at io.netty.util.concurrent.SingleThreadEventExecutor$5.run(SingleThreadEventExecutor.java:858)
	at java.base/java.lang.Thread.run(Thread.java:842)
Caused by: javax.net.ssl.SSLHandshakeException: Received fatal alert: certificate_unknown
	at java.base/sun.security.ssl.Alert.createSSLException(Alert.java:131)
	at java.base/sun.security.ssl.Alert.createSSLException(Alert.java:117)
	at java.base/sun.security.ssl.TransportContext.fatal(TransportContext.java:365)
	at java.base/sun.security.ssl.Alert$AlertConsumer.consume(Alert.java:293)
	at java.base/sun.security.ssl.TransportContext.dispatch(TransportContext.java:204)
	at java.base/sun.security.ssl.SSLTransport.decode(SSLTransport.java:172)
	at java.base/sun.security.ssl.SSLEngineImpl.decode(SSLEngineImpl.java:736)
	at java.base/sun.security.ssl.SSLEngineImpl.readRecord(SSLEngineImpl.java:691)
	at java.base/sun.security.ssl.SSLEngineImpl.unwrap(SSLEngineImpl.java:506)
	at java.base/sun.security.ssl.SSLEngineImpl.unwrap(SSLEngineImpl.java:482)
	at java.base/javax.net.ssl.SSLEngine.unwrap(SSLEngine.java:679)
	at io.netty.handler.ssl.SslHandler$SslEngineType$3.unwrap(SslHandler.java:281)
	at io.netty.handler.ssl.SslHandler.unwrap(SslHandler.java:1215)
	at io.netty.handler.ssl.SslHandler.decodeJdkCompatible(SslHandler.java:1127)
	at io.netty.handler.ssl.SslHandler.decode(SslHandler.java:1162)
	at io.netty.handler.codec.ByteToMessageDecoder.decodeRemovalReentryProtection(ByteToMessageDecoder.java:489)
	at io.netty.handler.codec.ByteToMessageDecoder.callDecode(ByteToMessageDecoder.java:428)
	... 15 common frames omitted
19:46:17.147 WARN  vert.x-eventloop-thread-0 DefaultChannelPipeline : An exceptionCaught() event was fired, and it reached at the tail of the pipeline. It usually means the last handler in the pipeline did not handle the exception.
io.netty.handler.codec.DecoderException: javax.net.ssl.SSLHandshakeException: Received fatal alert: certificate_unknown
	at io.netty.handler.codec.ByteToMessageDecoder.callDecode(ByteToMessageDecoder.java:459)
	at io.netty.handler.codec.ByteToMessageDecoder.channelRead(ByteToMessageDecoder.java:265)
	at io.netty.channel.AbstractChannelHandlerContext.invokeChannelRead(AbstractChannelHandlerContext.java:362)
	at io.netty.channel.AbstractChannelHandlerContext.invokeChannelRead(AbstractChannelHandlerContext.java:348)
	at io.netty.channel.AbstractChannelHandlerContext.fireChannelRead(AbstractChannelHandlerContext.java:340)
	at io.netty.channel.DefaultChannelPipeline$HeadContext.channelRead(DefaultChannelPipeline.java:1359)
	at io.netty.channel.AbstractChannelHandlerContext.invokeChannelRead(AbstractChannelHandlerContext.java:362)
	at io.netty.channel.AbstractChannelHandlerContext.invokeChannelRead(AbstractChannelHandlerContext.java:348)
	at io.netty.channel.DefaultChannelPipeline.fireChannelRead(DefaultChannelPipeline.java:935)
	at io.netty.channel.nio.AbstractNioByteChannel$NioByteUnsafe.read(AbstractNioByteChannel.java:134)
	at io.netty.channel.nio.NioEventLoop.processSelectedKey(NioEventLoop.java:645)
	at io.netty.channel.nio.NioEventLoop.processSelectedKeysPlain(NioEventLoop.java:545)
	at io.netty.channel.nio.NioEventLoop.processSelectedKeys(NioEventLoop.java:499)
	at io.netty.channel.nio.NioEventLoop.run(NioEventLoop.java:459)
	at io.netty.util.concurrent.SingleThreadEventExecutor$5.run(SingleThreadEventExecutor.java:858)
	at java.base/java.lang.Thread.run(Thread.java:842)
Caused by: javax.net.ssl.SSLHandshakeException: Received fatal alert: certificate_unknown
	at java.base/sun.security.ssl.Alert.createSSLException(Alert.java:131)
	at java.base/sun.security.ssl.Alert.createSSLException(Alert.java:117)
	at java.base/sun.security.ssl.TransportContext.fatal(TransportContext.java:365)
	at java.base/sun.security.ssl.Alert$AlertConsumer.consume(Alert.java:293)
	at java.base/sun.security.ssl.TransportContext.dispatch(TransportContext.java:204)
	at java.base/sun.security.ssl.SSLTransport.decode(SSLTransport.java:172)
	at java.base/sun.security.ssl.SSLEngineImpl.decode(SSLEngineImpl.java:736)
	at java.base/sun.security.ssl.SSLEngineImpl.readRecord(SSLEngineImpl.java:691)
	at java.base/sun.security.ssl.SSLEngineImpl.unwrap(SSLEngineImpl.java:506)
	at java.base/sun.security.ssl.SSLEngineImpl.unwrap(SSLEngineImpl.java:482)
	at java.base/javax.net.ssl.SSLEngine.unwrap(SSLEngine.java:679)
	at io.netty.handler.ssl.SslHandler$SslEngineType$3.unwrap(SslHandler.java:281)
	at io.netty.handler.ssl.SslHandler.unwrap(SslHandler.java:1215)
	at io.netty.handler.ssl.SslHandler.decodeJdkCompatible(SslHandler.java:1127)
	at io.netty.handler.ssl.SslHandler.decode(SslHandler.java:1162)
	at io.netty.handler.codec.ByteToMessageDecoder.decodeRemovalReentryProtection(ByteToMessageDecoder.java:489)
	at io.netty.handler.codec.ByteToMessageDecoder.callDecode(ByteToMessageDecoder.java:428)
	... 15 common frames omitted
19:46:17.151 WARN  vert.x-eventloop-thread-0 DefaultChannelPipeline : An exceptionCaught() event was fired, and it reached at the tail of the pipeline. It usually means the last handler in the pipeline did not handle the exception.
io.netty.handler.codec.DecoderException: javax.net.ssl.SSLHandshakeException: Received fatal alert: certificate_unknown
	at io.netty.handler.codec.ByteToMessageDecoder.callDecode(ByteToMessageDecoder.java:459)
	at io.netty.handler.codec.ByteToMessageDecoder.channelRead(ByteToMessageDecoder.java:265)
	at io.netty.channel.AbstractChannelHandlerContext.invokeChannelRead(AbstractChannelHandlerContext.java:362)
	at io.netty.channel.AbstractChannelHandlerContext.invokeChannelRead(AbstractChannelHandlerContext.java:348)
	at io.netty.channel.AbstractChannelHandlerContext.fireChannelRead(AbstractChannelHandlerContext.java:340)
	at io.netty.channel.DefaultChannelPipeline$HeadContext.channelRead(DefaultChannelPipeline.java:1359)
	at io.netty.channel.AbstractChannelHandlerContext.invokeChannelRead(AbstractChannelHandlerContext.java:362)
	at io.netty.channel.AbstractChannelHandlerContext.invokeChannelRead(AbstractChannelHandlerContext.java:348)
	at io.netty.channel.DefaultChannelPipeline.fireChannelRead(DefaultChannelPipeline.java:935)
	at io.netty.channel.nio.AbstractNioByteChannel$NioByteUnsafe.read(AbstractNioByteChannel.java:134)
	at io.netty.channel.nio.NioEventLoop.processSelectedKey(NioEventLoop.java:645)
	at io.netty.channel.nio.NioEventLoop.processSelectedKeysPlain(NioEventLoop.java:545)
	at io.netty.channel.nio.NioEventLoop.processSelectedKeys(NioEventLoop.java:499)
	at io.netty.channel.nio.NioEventLoop.run(NioEventLoop.java:459)
	at io.netty.util.concurrent.SingleThreadEventExecutor$5.run(SingleThreadEventExecutor.java:858)
	at java.base/java.lang.Thread.run(Thread.java:842)
Caused by: javax.net.ssl.SSLHandshakeException: Received fatal alert: certificate_unknown
	at java.base/sun.security.ssl.Alert.createSSLException(Alert.java:131)
	at java.base/sun.security.ssl.Alert.createSSLException(Alert.java:117)
	at java.base/sun.security.ssl.TransportContext.fatal(TransportContext.java:365)
	at java.base/sun.security.ssl.Alert$AlertConsumer.consume(Alert.java:293)
	at java.base/sun.security.ssl.TransportContext.dispatch(TransportContext.java:204)
	at java.base/sun.security.ssl.SSLTransport.decode(SSLTransport.java:172)
	at java.base/sun.security.ssl.SSLEngineImpl.decode(SSLEngineImpl.java:736)
	at java.base/sun.security.ssl.SSLEngineImpl.readRecord(SSLEngineImpl.java:691)
	at java.base/sun.security.ssl.SSLEngineImpl.unwrap(SSLEngineImpl.java:506)
	at java.base/sun.security.ssl.SSLEngineImpl.unwrap(SSLEngineImpl.java:482)
	at java.base/javax.net.ssl.SSLEngine.unwrap(SSLEngine.java:679)
	at io.netty.handler.ssl.SslHandler$SslEngineType$3.unwrap(SslHandler.java:281)
	at io.netty.handler.ssl.SslHandler.unwrap(SslHandler.java:1215)
	at io.netty.handler.ssl.SslHandler.decodeJdkCompatible(SslHandler.java:1127)
	at io.netty.handler.ssl.SslHandler.decode(SslHandler.java:1162)
	at io.netty.handler.codec.ByteToMessageDecoder.decodeRemovalReentryProtection(ByteToMessageDecoder.java:489)
	at io.netty.handler.codec.ByteToMessageDecoder.callDecode(ByteToMessageDecoder.java:428)
	... 15 common frames omitted
19:46:17.151 WARN  vert.x-eventloop-thread-0 DefaultChannelPipeline : An exceptionCaught() event was fired, and it reached at the tail of the pipeline. It usually means the last handler in the pipeline did not handle the exception.
io.netty.handler.codec.DecoderException: javax.net.ssl.SSLHandshakeException: Received fatal alert: certificate_unknown
	at io.netty.handler.codec.ByteToMessageDecoder.callDecode(ByteToMessageDecoder.java:459)
	at io.netty.handler.codec.ByteToMessageDecoder.channelRead(ByteToMessageDecoder.java:265)
	at io.netty.channel.AbstractChannelHandlerContext.invokeChannelRead(AbstractChannelHandlerContext.java:362)
	at io.netty.channel.AbstractChannelHandlerContext.invokeChannelRead(AbstractChannelHandlerContext.java:348)
	at io.netty.channel.AbstractChannelHandlerContext.fireChannelRead(AbstractChannelHandlerContext.java:340)
	at io.netty.channel.DefaultChannelPipeline$HeadContext.channelRead(DefaultChannelPipeline.java:1359)
	at io.netty.channel.AbstractChannelHandlerContext.invokeChannelRead(AbstractChannelHandlerContext.java:362)
	at io.netty.channel.AbstractChannelHandlerContext.invokeChannelRead(AbstractChannelHandlerContext.java:348)
	at io.netty.channel.DefaultChannelPipeline.fireChannelRead(DefaultChannelPipeline.java:935)
	at io.netty.channel.nio.AbstractNioByteChannel$NioByteUnsafe.read(AbstractNioByteChannel.java:134)
	at io.netty.channel.nio.NioEventLoop.processSelectedKey(NioEventLoop.java:645)
	at io.netty.channel.nio.NioEventLoop.processSelectedKeysPlain(NioEventLoop.java:545)
	at io.netty.channel.nio.NioEventLoop.processSelectedKeys(NioEventLoop.java:499)
	at io.netty.channel.nio.NioEventLoop.run(NioEventLoop.java:459)
	at io.netty.util.concurrent.SingleThreadEventExecutor$5.run(SingleThreadEventExecutor.java:858)
	at java.base/java.lang.Thread.run(Thread.java:842)
Caused by: javax.net.ssl.SSLHandshakeException: Received fatal alert: certificate_unknown
	at java.base/sun.security.ssl.Alert.createSSLException(Alert.java:131)
	at java.base/sun.security.ssl.Alert.createSSLException(Alert.java:117)
	at java.base/sun.security.ssl.TransportContext.fatal(TransportContext.java:365)
	at java.base/sun.security.ssl.Alert$AlertConsumer.consume(Alert.java:293)
	at java.base/sun.security.ssl.TransportContext.dispatch(TransportContext.java:204)
	at java.base/sun.security.ssl.SSLTransport.decode(SSLTransport.java:172)
	at java.base/sun.security.ssl.SSLEngineImpl.decode(SSLEngineImpl.java:736)
	at java.base/sun.security.ssl.SSLEngineImpl.readRecord(SSLEngineImpl.java:691)
	at java.base/sun.security.ssl.SSLEngineImpl.unwrap(SSLEngineImpl.java:506)
	at java.base/sun.security.ssl.SSLEngineImpl.unwrap(SSLEngineImpl.java:482)
	at java.base/javax.net.ssl.SSLEngine.unwrap(SSLEngine.java:679)
	at io.netty.handler.ssl.SslHandler$SslEngineType$3.unwrap(SslHandler.java:281)
	at io.netty.handler.ssl.SslHandler.unwrap(SslHandler.java:1215)
	at io.netty.handler.ssl.SslHandler.decodeJdkCompatible(SslHandler.java:1127)
	at io.netty.handler.ssl.SslHandler.decode(SslHandler.java:1162)
	at io.netty.handler.codec.ByteToMessageDecoder.decodeRemovalReentryProtection(ByteToMessageDecoder.java:489)
	at io.netty.handler.codec.ByteToMessageDecoder.callDecode(ByteToMessageDecoder.java:428)
	... 15 common frames omitted
19:46:17.200 INFO  vert.x-eventloop-thread-0 BaseServiceProxy     : -> GET /css/reg-am/login.min.css,200|51ms
19:46:17.204 INFO  vert.x-eventloop-thread-0 BaseServiceProxy     : -> GET /css/ibkr/theme-ibkr-portal.min.css,200|48ms
19:46:17.214 INFO  vert.x-eventloop-thread-0 BaseServiceProxy     : -> GET /css/bootstrap-5.2.2/bootstrap.min.css,200|92ms
19:46:17.270 INFO  vert.x-eventloop-thread-0 BaseServiceProxy     : -> GET /scripts/common/js/jquery-3.7.0/jquery.min.js,200|111ms
19:46:17.277 INFO  vert.x-eventloop-thread-0 BaseServiceProxy     : -> GET /css/fontawesome-6.4.2/all.min.css,200|119ms
19:46:17.287 INFO  vert.x-eventloop-thread-0 BaseServiceProxy     : -> GET /css/bootstrap-switch-3.3.2/bootstrap-switch.min.css,200|132ms
19:46:17.289 INFO  vert.x-eventloop-thread-0 BaseServiceProxy     : -> GET /scripts/common/js/bootstrap-5.2.2/bootstrap.bundle.min.js,200|65ms
19:46:17.296 INFO  vert.x-eventloop-thread-0 BaseServiceProxy     : -> GET /sso/lib/xyz.bundle.min.js,200|47ms
19:46:17.296 INFO  vert.x-eventloop-thread-0 CookieManager        : set cookies [x-sess-uuid=0.a7af74cb.1776771977.16f65cb; secure; HttpOnly]
19:46:17.296 DEBUG vert.x-eventloop-thread-0 BaseServiceProxy     : Remapping Set-cookies [x-sess-uuid=0.a7af74cb.1776771977.16f65cb; secure; HttpOnly] -> 
19:46:17.374 INFO  vert.x-eventloop-thread-0 BaseServiceProxy     : -> GET /images/common/logos/ibkr/interactive-brokers.svg,200|31ms
19:46:17.391 INFO  vert.x-eventloop-thread-0 BaseServiceProxy     : -> GET /fonts/proxima-nova/Proxima-Nova-Regular.woff2,200|28ms
19:46:17.395 INFO  vert.x-eventloop-thread-0 BaseServiceProxy     : -> GET /fonts/fontawesome-6.4.2/webfonts/fa-brands-400.woff2,200|29ms
19:46:17.427 INFO  vert.x-eventloop-thread-0 BaseServiceProxy     : -> GET /fonts/fontawesome-6.4.2/webfonts/fa-solid-900.woff2,200|62ms
19:46:17.461 INFO  vert.x-eventloop-thread-0 BaseServiceProxy     : -> GET /portal.proxy/v1/gstat/bulletins,204|83ms
19:46:17.484 INFO  vert.x-eventloop-thread-0 BaseServiceProxy     : -> GET /images/web/favicons/home-screen-icon-128x128.png,200|23ms
19:46:17.665 INFO  vert.x-eventloop-thread-0 BaseServiceProxy     : -> GET /sso/report,200|288ms
19:46:17.666 INFO  vert.x-eventloop-thread-0 CookieManager        : set cookies [x-sess-uuid=0.a7af74cb.1776771977.16f65e2; secure; HttpOnly]
19:46:17.666 DEBUG vert.x-eventloop-thread-0 BaseServiceProxy     : Remapping Set-cookies [x-sess-uuid=0.a7af74cb.1776771977.16f65e2; secure; HttpOnly] -> 
19:46:18.951 INFO  vert.x-eventloop-thread-0 BaseServiceProxy     : -> GET /sso/Authenticator,200|377ms
19:46:18.952 INFO  vert.x-eventloop-thread-0 CookieManager        : set cookies [x-sess-uuid=0.a7af74cb.1776771978.16f65fc; secure; HttpOnly]
19:46:18.952 DEBUG vert.x-eventloop-thread-0 BaseServiceProxy     : Remapping Set-cookies [x-sess-uuid=0.a7af74cb.1776771978.16f65fc; secure; HttpOnly] -> 
19:46:19.347 INFO  vert.x-eventloop-thread-0 BaseServiceProxy     : -> GET /sso/Authenticator,200|370ms
19:46:19.348 INFO  vert.x-eventloop-thread-0 CookieManager        : set cookies [web=3343352782; Domain=.ibkr.com; Expires=Wed, 21 Apr 2027 11:46:19 GMT; Path=/; Secure;Secure;SameSite=None, x-sess-uuid=0.7eaf74cb.1776771979.a1238f87; secure; HttpOnly]
19:46:19.348 DEBUG vert.x-eventloop-thread-0 BaseServiceProxy     : Remapping Set-cookies [web=3343352782; Domain=.ibkr.com; Expires=Wed, 21 Apr 2027 11:46:19 GMT; Path=/; Secure;Secure;SameSite=None, x-sess-uuid=0.7eaf74cb.1776771979.a1238f87; secure; HttpOnly] -> 
19:46:19.701 INFO  vert.x-eventloop-thread-0 BaseServiceProxy     : -> GET /sso/Authenticator,200|344ms
19:46:19.702 INFO  vert.x-eventloop-thread-0 CookieManager        : set cookies [x-sess-uuid=0.a7af74cb.1776771979.16f661a; secure; HttpOnly]
19:46:19.703 DEBUG vert.x-eventloop-thread-0 BaseServiceProxy     : Remapping Set-cookies [x-sess-uuid=0.a7af74cb.1776771979.16f661a; secure; HttpOnly] -> 
19:46:23.080 INFO  vert.x-eventloop-thread-0 BaseServiceProxy     : -> GET /sso/Authenticator,200|362ms
19:46:23.081 INFO  vert.x-eventloop-thread-0 CookieManager        : set cookies [x-sess-uuid=0.a7af74cb.1776771982.16f6620; secure; HttpOnly]
19:46:23.082 DEBUG vert.x-eventloop-thread-0 BaseServiceProxy     : Remapping Set-cookies [x-sess-uuid=0.a7af74cb.1776771982.16f6620; secure; HttpOnly] -> 
19:46:26.051 INFO  vert.x-eventloop-thread-0 BaseServiceProxy     : -> GET /sso/Authenticator,200|332ms
19:46:26.051 INFO  vert.x-eventloop-thread-0 CookieManager        : set cookies [x-sess-uuid=0.a7af74cb.1776771985.16f6663; secure; HttpOnly]
19:46:26.052 DEBUG vert.x-eventloop-thread-0 BaseServiceProxy     : Remapping Set-cookies [x-sess-uuid=0.a7af74cb.1776771985.16f6663; secure; HttpOnly] -> 
19:46:29.122 INFO  vert.x-eventloop-thread-0 BaseServiceProxy     : -> GET /sso/Authenticator,200|404ms
19:46:29.124 INFO  vert.x-eventloop-thread-0 CookieManager        : set cookies [x-sess-uuid=0.a7af74cb.1776771988.16f6830; secure; HttpOnly]
19:46:29.124 DEBUG vert.x-eventloop-thread-0 BaseServiceProxy     : Remapping Set-cookies [x-sess-uuid=0.a7af74cb.1776771988.16f6830; secure; HttpOnly] -> 
19:46:29.542 INFO  vert.x-eventloop-thread-0 BaseServiceProxy     : -> GET /sso/Dispatcher,302|389ms
19:46:29.543 INFO  vert.x-eventloop-thread-0 CookieManager        : set cookies [USERID=50301190; Domain=.ibkr.com; Path=/;Secure;SameSite=None, x-sess-uuid=0.7eaf74cb.1776771989.a12392b3; secure; HttpOnly]
19:46:29.543 DEBUG vert.x-eventloop-thread-0 BaseServiceProxy     : Remapping Set-cookies [USERID=50301190; Domain=.ibkr.com; Path=/;Secure;SameSite=None, x-sess-uuid=0.7eaf74cb.1776771989.a12392b3; secure; HttpOnly] -> 
19:46:29.546 INFO  vert.x-eventloop-thread-0 GatewayHttpProxy     : Client login succeeds
19:46:30.045 INFO  vert.x-eventloop-thread-0 BaseServiceProxy     : -> GET /v1/api/sso/validate?gw=1,200|495ms
19:46:30.048 DEBUG vert.x-eventloop-thread-0 ClientPortalService  : portal validate response: {"SFT":"5.2a","IS_PENDING_APPLICANT":false,"SF_ENABLED":true,"HARDWARE_INFO":"","UNIQUE_LOGIN_ID":"50301190-1776771988422","AUTH_TIME":1776771988475,"SF_CONFIG":"5.2a","USER_NAME":"pragu1020","CREDENTIAL_TYPE":0,"IS_FREE_TRIAL":false,"LOGIN_TYPE":1,"LANDING_APP":"PORTAL","CREDENTIAL":"pragu1020","ANOMALOUS_LOGIN":false,"RESULT":true,"IP":"116.88.81.189","USER_ID":50301190,"EXPIRES":1776771990189,"TOKEN":"06079af1c051ff186b9d0edd36cd8806fef2f7f9","took":259,"IS_MASTER":false,"features":{"env":"PROD","wlms":true,"realtime":true,"bond":true,"optionChains":true,"calendar":true,"newMf":true},"region":"SG"}
19:46:30.143 INFO  vert.x-eventloop-thread-0 GatewayHttpProxy     : authenticated to cp
19:46:30.144 DEBUG vert.x-eventloop-thread-0 BaseServiceProxy     : cancel timer SsoService 0
19:46:30.144 DEBUG vert.x-eventloop-thread-0 BaseServiceProxy     : start timer 300000 SsoService
19:46:30.147 DEBUG vert.x-eventloop-thread-0 BaseServiceProxy     : forward event ON_SSO_VALIDATION, payload 50301190
19:46:30.464 INFO  vert.x-eventloop-thread-0 BaseServiceProxy     : -> GET /v1/api/one/user,200|321ms
19:46:30.466 INFO  vert.x-eventloop-thread-0 ClientPortalService  : get user reply {"username":"pragu1020","features":{"env":"PROD","wlms":true,"realtime":true,"bond":true,"optionChains":true,"calendar":true,"newMf":true},"wbId":"","uar":{"portfolioAnalyst":true,"userInfo":true,"messageCenter":true,"accountDetails":true,"tradingRestrictions":false,"tws":true,"fyi":true,"voting":true,"forum":true,"recentTransactions":true},"props":{"isIBAMClient":false,"ReadOnlySession":null},"firstApprovedDate":1592755200000,"accts":{"U5799398F":{"isIBAMClient":false,"clearingStatus":"O","openDate":1667577600000,"isFAClient":false,"isFunded":true,"tradingPermissions":["CMDTY"]},"U5799398":{"isIBAMClient":false,"clearingStatus":"O","openDate":1592150400000,"isFAClient":false,"isFunded":true,"tradingPermissions":["OPT","IOPT","WAR","STK","CASH","FOP"]}},"hasBrokerageAccessInd":true,"hfcipEligibleInd":false,"fa":false,"has2fa":false,"islite":false,"ispaper":false,"applicants":[{"id":6062329,"type":"INDIVIDUAL","businessType":"INDEPENDENT","nlcode":"en_US","legalCountry":{"name":"Singapore","alpha3":"SGP"}}]}
19:46:31.741 INFO  vert.x-eventloop-thread-0 SsoService           : sso init status=200, url=https://api.ibkr.com/v1/api/ssodh/init
19:46:31.812 DEBUG vert.x-eventloop-thread-0 SsoService           : K 6909c1daf3dfed4da234564d1157b1547b5ee49a
19:46:31.812 DEBUG vert.x-eventloop-thread-0 BaseServiceProxy     : forward event ON_SSODH_COMPLETED, payload none
19:46:31.812 DEBUG vert.x-eventloop-thread-0 GatewayHttpProxy     : delaying authentication for 3000
19:46:31.820 ERROR vert.x-eventloop-thread-0 ContextImpl          : Unhandled exception
java.lang.NullPointerException: Cannot read the array length because "mac" is null
	at ibgroup.web.core.clientportal.gw.utils.TstTokenUtils.getMacAddress(TstTokenUtils.java:22)
	at ibgroup.web.core.clientportal.gw.services.SsoService.getMac(SsoService.java:81)
	at ibgroup.web.core.clientportal.gw.services.SsoService.getDeviceId(SsoService.java:70)
	at ibgroup.web.core.clientportal.gw.services.SsoService.setTstToken(SsoService.java:88)
	at ibgroup.web.core.clientportal.gw.http.GatewayHttpProxy.onEvent(GatewayHttpProxy.java:213)
	at ibgroup.web.core.clientportal.gw.http.GatewayHttpProxy.lambda$new$1(GatewayHttpProxy.java:56)
	at ibgroup.web.core.clientportal.gw.services.BaseServiceProxy.lambda$null$0(BaseServiceProxy.java:67)
	at java.base/java.util.ArrayList.forEach(ArrayList.java:1511)
	at ibgroup.web.core.clientportal.gw.services.BaseServiceProxy.lambda$on$1(BaseServiceProxy.java:67)
	at io.vertx.core.impl.ContextImpl.lambda$wrapTask$2(ContextImpl.java:344)
	at io.netty.util.concurrent.AbstractEventExecutor.safeExecute(AbstractEventExecutor.java:163)
	at io.netty.util.concurrent.SingleThreadEventExecutor.runAllTasks(SingleThreadEventExecutor.java:403)
	at io.netty.channel.nio.NioEventLoop.run(NioEventLoop.java:463)
	at io.netty.util.concurrent.SingleThreadEventExecutor$5.run(SingleThreadEventExecutor.java:858)
	at java.base/java.lang.Thread.run(Thread.java:842)
19:46:35.163 INFO  vert.x-eventloop-thread-0 BaseServiceProxy     : -> GET /v1/api/iserver/auth/status,200|347ms
19:46:35.165 DEBUG vert.x-eventloop-thread-0 ClientPortalService  : status {"authenticated":false,"established":false,"competing":false,"connected":false,"MAC":"06:A8:C0:D9:D5:E3"}
19:46:35.165 INFO  vert.x-eventloop-thread-0 ClientPortalService  : process auth status {"authenticated":false,"established":false,"competing":false,"connected":false,"MAC":"06:A8:C0:D9:D5:E3"}
19:46:35.191 DEBUG vert.x-eventloop-thread-0 ClientPortalService  : auth brokerage, k=6909c1daf3dfed4da234564d1157b1547b5ee49a, post={"username":"pragu1020","machineId":"078a07da","compete":true}
19:46:35.522 INFO  vert.x-eventloop-thread-0 BaseServiceProxy     : -> POST https://api.ibkr.com/v1/api/iserver/auth/ssodh/init,200|330ms
19:46:35.525 DEBUG vert.x-eventloop-thread-0 ClientPortalService  : iserver init : {"passed":true,"authenticated":true,"connected":true,"established":false,"competing":false,"hardware_info":"275c5aa2|06:A8:C0:D9:D5:E3"}
19:46:35.525 INFO  vert.x-eventloop-thread-0 ClientPortalService  : process auth status {"passed":true,"authenticated":true,"connected":true,"established":false,"competing":false,"hardware_info":"275c5aa2|06:A8:C0:D9:D5:E3"}
19:46:35.528 DEBUG vert.x-eventloop-thread-0 BaseServiceProxy     : start timer 30000 ClientPortalService
19:46:35.588 INFO  vert.x-eventloop-thread-0 BaseServiceProxy     : -> GET /v1/api/iserver/accounts,200|62ms
19:46:35.589 DEBUG vert.x-eventloop-thread-0 ClientPortalService  : iserver accounts {}
19:46:43.187 INFO  vert.x-eventloop-thread-0 BaseServiceProxy     : -> GET /v1/api/iserver/auth/ssodh/init?publish=true&compete=true,200|311ms
19:46:43.306 INFO  vert.x-eventloop-thread-0 BaseServiceProxy     : -> GET /v1/api/iserver/account/orders,200|61ms
19:46:43.383 INFO  vert.x-eventloop-thread-0 BaseServiceProxy     : -> GET /v1/api/tickle,200|52ms
19:47:05.596 INFO  vert.x-eventloop-thread-0 BaseServiceProxy     : -> GET /v1/api/tickle,200|63ms
19:47:05.599 DEBUG vert.x-eventloop-thread-0 ClientPortalService  : tickle {"session":"b8e81b9b8264fea5bcb8be55949e9668","ssoExpires":564438,"collission":false,"userId":50301190,"hmds":{"error":"no bridge"},"iserver":{"authStatus":{"authenticated":true,"established":true,"competing":false,"connected":true,"message":"","MAC":"06:A8:C0:D9:D5:E3","serverInfo":{"serverName":"JifS09049","serverVersion":"Build 10.44.1f, Apr 7, 2026 1:49:24 PM"},"hardware_info":"275c5aa2|06:A8:C0:D9:D5:E3"}}}
19:47:33.846 INFO  vert.x-eventloop-thread-0 BaseServiceProxy     : -> GET /v1/api/iserver/secdef/search?symbol=SOLS&secType=STK,200|352ms
19:47:35.591 INFO  vert.x-eventloop-thread-0 BaseServiceProxy     : -> GET /v1/api/tickle,200|62ms
19:47:35.591 DEBUG vert.x-eventloop-thread-0 ClientPortalService  : tickle {"session":"b8e81b9b8264fea5bcb8be55949e9668","ssoExpires":534436,"collission":false,"userId":50301190,"hmds":{"error":"no bridge"},"iserver":{"authStatus":{"authenticated":true,"established":true,"competing":false,"connected":true,"message":"","MAC":"06:A8:C0:D9:D5:E3","serverInfo":{"serverName":"JifS09049","serverVersion":"Build 10.44.1f, Apr 7, 2026 1:49:24 PM"},"hardware_info":"275c5aa2|06:A8:C0:D9:D5:E3"}}}
19:48:03.380 INFO  vert.x-eventloop-thread-0 BaseServiceProxy     : -> GET /v1/api/portfolio/U5799398/summary,200|358ms
19:48:03.443 INFO  vert.x-eventloop-thread-0 BaseServiceProxy     : -> GET /v1/api/iserver/account/orders,200|57ms
19:48:03.519 INFO  vert.x-eventloop-thread-0 BaseServiceProxy     : -> GET /v1/api/portfolio/U5799398/positions/0?direction=a&period=1W&sort=position,200|118ms
19:48:05.594 INFO  vert.x-eventloop-thread-0 BaseServiceProxy     : -> GET /v1/api/tickle,200|65ms
19:48:05.595 DEBUG vert.x-eventloop-thread-0 ClientPortalService  : tickle {"session":"b8e81b9b8264fea5bcb8be55949e9668","ssoExpires":504441,"collission":false,"userId":50301190,"hmds":{"error":"no bridge"},"iserver":{"authStatus":{"authenticated":true,"established":true,"competing":false,"connected":true,"message":"","MAC":"06:A8:C0:D9:D5:E3","serverInfo":{"serverName":"JifS09049","serverVersion":"Build 10.44.1f, Apr 7, 2026 1:49:24 PM"},"hardware_info":"275c5aa2|06:A8:C0:D9:D5:E3"}}}
19:48:10.682 INFO  vert.x-eventloop-thread-0 BaseServiceProxy     : -> GET /v1/api/iserver/secdef/search?symbol=SOLS&secType=STK,200|85ms
19:48:10.743 INFO  vert.x-eventloop-thread-0 BaseServiceProxy     : -> GET /v1/api/iserver/account/orders,200|57ms
19:48:11.010 INFO  vert.x-eventloop-thread-0 BaseServiceProxy     : -> GET /v1/api/portfolio/U5799398/summary,200|249ms
19:48:11.403 INFO  vert.x-eventloop-thread-0 BaseServiceProxy     : -> GET /v1/api/iserver/account/U5799398/orders,200|386ms
19:48:11.464 INFO  vert.x-eventloop-thread-0 BaseServiceProxy     : -> GET /v1/api/iserver/reply/43c26fed-60be-4488-82bd-0a734d49c1da,200|60ms
19:48:11.520 INFO  vert.x-eventloop-thread-0 BaseServiceProxy     : -> GET /v1/api/iserver/reply/4d0db219-3185-478d-9982-8b94169739aa,200|54ms
19:48:11.582 INFO  vert.x-eventloop-thread-0 BaseServiceProxy     : -> GET /v1/api/iserver/reply/c86ffdb0-a411-4995-bef6-79be18fdb658,200|59ms
19:48:11.641 INFO  vert.x-eventloop-thread-0 BaseServiceProxy     : -> GET /v1/api/iserver/reply/63c02cad-ab9d-4cae-b4a6-26186b243a53,200|58ms
19:48:11.696 INFO  vert.x-eventloop-thread-0 BaseServiceProxy     : -> GET /v1/api/iserver/reply/e7be2099-6a7e-4dc3-ade1-5e346b6b1d7e,200|53ms
19:48:11.769 INFO  vert.x-eventloop-thread-0 BaseServiceProxy     : -> GET /v1/api/iserver/reply/5f26ae5d-5fd9-40bb-b982-7e08e4713986,200|71ms
19:48:11.828 INFO  vert.x-eventloop-thread-0 BaseServiceProxy     : -> GET /v1/api/iserver/account/orders,200|57ms
19:48:12.147 INFO  vert.x-eventloop-thread-0 BaseServiceProxy     : -> GET /v1/api/iserver/marketdata/history?conid=822454680&period=30d&bar=1d&outsideRth=false,200|301ms
19:48:12.211 INFO  vert.x-eventloop-thread-0 BaseServiceProxy     : -> GET /v1/api/iserver/marketdata/history?conid=822454680&period=30d&bar=1d&outsideRth=false,200|62ms
19:48:35.662 INFO  vert.x-eventloop-thread-0 BaseServiceProxy     : -> GET /v1/api/iserver/account/orders,200|92ms
19:48:35.750 INFO  vert.x-eventloop-thread-0 BaseServiceProxy     : -> GET /v1/api/iserver/marketdata/history?conid=822454680&period=30d&bar=1d&outsideRth=false,200|59ms
19:48:35.770 INFO  vert.x-eventloop-thread-0 BaseServiceProxy     : -> GET /v1/api/tickle,200|241ms
19:48:35.771 DEBUG vert.x-eventloop-thread-0 ClientPortalService  : tickle {"session":"b8e81b9b8264fea5bcb8be55949e9668","ssoExpires":474258,"collission":false,"userId":50301190,"hmds":{"error":"no bridge"},"iserver":{"authStatus":{"authenticated":true,"established":true,"competing":false,"connected":true,"message":"","MAC":"06:A8:C0:D9:D5:E3","serverInfo":{"serverName":"JifS09049","serverVersion":"Build 10.44.1f, Apr 7, 2026 1:49:24 PM"},"hardware_info":"275c5aa2|06:A8:C0:D9:D5:E3"}}}
19:48:35.827 INFO  vert.x-eventloop-thread-0 BaseServiceProxy     : -> GET /v1/api/iserver/marketdata/history?conid=822454680&period=30d&bar=1d&outsideRth=false,200|74ms
19:48:35.955 INFO  vert.x-eventloop-thread-0 BaseServiceProxy     : -> GET /v1/api/iserver/account/orders,200|77ms
19:48:36.028 INFO  vert.x-eventloop-thread-0 BaseServiceProxy     : -> GET /v1/api/iserver/account/orders,200|54ms
19:48:36.388 INFO  vert.x-eventloop-thread-0 BaseServiceProxy     : -> GET /v1/api/iserver/account/U5799398/order/882479291,200|340ms
19:48:36.445 INFO  vert.x-eventloop-thread-0 BaseServiceProxy     : -> GET /v1/api/iserver/account/orders,200|55ms
19:48:36.537 INFO  vert.x-eventloop-thread-0 BaseServiceProxy     : -> GET /v1/api/iserver/marketdata/history?conid=822454680&period=30d&bar=1d&outsideRth=false,200|63ms
19:48:36.596 INFO  vert.x-eventloop-thread-0 BaseServiceProxy     : -> GET /v1/api/iserver/marketdata/history?conid=822454680&period=30d&bar=1d&outsideRth=false,200|56ms
19:48:36.715 INFO  vert.x-eventloop-thread-0 BaseServiceProxy     : -> GET /v1/api/iserver/account/orders,200|53ms
19:49:05.617 INFO  vert.x-eventloop-thread-0 BaseServiceProxy     : -> GET /v1/api/tickle,200|87ms
19:49:05.620 DEBUG vert.x-eventloop-thread-0 ClientPortalService  : tickle {"session":"b8e81b9b8264fea5bcb8be55949e9668","ssoExpires":444435,"collission":false,"userId":50301190,"hmds":{"error":"no bridge"},"iserver":{"authStatus":{"authenticated":true,"established":true,"competing":false,"connected":true,"message":"","MAC":"06:A8:C0:D9:D5:E3","serverInfo":{"serverName":"JifS09049","serverVersion":"Build 10.44.1f, Apr 7, 2026 1:49:24 PM"},"hardware_info":"275c5aa2|06:A8:C0:D9:D5:E3"}}}
19:49:35.591 INFO  vert.x-eventloop-thread-0 BaseServiceProxy     : -> GET /v1/api/tickle,200|63ms
19:49:35.593 DEBUG vert.x-eventloop-thread-0 ClientPortalService  : tickle {"session":"b8e81b9b8264fea5bcb8be55949e9668","ssoExpires":414437,"collission":false,"userId":50301190,"hmds":{"error":"no bridge"},"iserver":{"authStatus":{"authenticated":true,"established":true,"competing":false,"connected":true,"message":"","MAC":"06:A8:C0:D9:D5:E3","serverInfo":{"serverName":"JifS09049","serverVersion":"Build 10.44.1f, Apr 7, 2026 1:49:24 PM"},"hardware_info":"275c5aa2|06:A8:C0:D9:D5:E3"}}}
19:49:43.575 INFO  vert.x-eventloop-thread-0 BaseServiceProxy     : -> GET /v1/api/tickle,200|52ms
19:50:02.181 INFO  vert.x-eventloop-thread-0 BaseServiceProxy     : -> GET /v1/api/iserver/account/orders,200|292ms
19:50:02.254 INFO  vert.x-eventloop-thread-0 BaseServiceProxy     : -> GET /v1/api/iserver/account/orders,200|58ms
19:50:02.617 INFO  vert.x-eventloop-thread-0 BaseServiceProxy     : -> GET /v1/api/iserver/account/U5799398/order/177394157,200|346ms
19:50:02.726 INFO  vert.x-eventloop-thread-0 BaseServiceProxy     : -> GET /v1/api/iserver/reply/113f7398-d5b8-49a1-8ffc-7aaaa4e826c8,200|107ms
19:50:02.783 INFO  vert.x-eventloop-thread-0 BaseServiceProxy     : -> GET /v1/api/iserver/account/orders,200|55ms
19:50:03.136 INFO  vert.x-eventloop-thread-0 BaseServiceProxy     : -> GET /v1/api/iserver/marketdata/history?conid=47965865&period=30d&bar=1d&outsideRth=false,200|336ms
19:50:03.199 INFO  vert.x-eventloop-thread-0 BaseServiceProxy     : -> GET /v1/api/iserver/marketdata/history?conid=47965865&period=30d&bar=1d&outsideRth=false,200|55ms
19:50:03.319 INFO  vert.x-eventloop-thread-0 BaseServiceProxy     : -> GET /v1/api/iserver/account/orders,200|53ms
19:50:05.589 INFO  vert.x-eventloop-thread-0 BaseServiceProxy     : -> GET /v1/api/tickle,200|61ms
19:50:05.589 DEBUG vert.x-eventloop-thread-0 ClientPortalService  : tickle {"session":"b8e81b9b8264fea5bcb8be55949e9668","ssoExpires":384443,"collission":false,"userId":50301190,"hmds":{"error":"no bridge"},"iserver":{"authStatus":{"authenticated":true,"established":true,"competing":false,"connected":true,"message":"","MAC":"06:A8:C0:D9:D5:E3","serverInfo":{"serverName":"JifS09049","serverVersion":"Build 10.44.1f, Apr 7, 2026 1:49:24 PM"},"hardware_info":"275c5aa2|06:A8:C0:D9:D5:E3"}}}
19:50:24.080 INFO  vert.x-eventloop-thread-0 BaseServiceProxy     : -> GET /v1/api/logout,200|54ms
23:09:33.095 INFO  main GatewayStart         : config ../root/conf.yaml !!ibgroup.web.core.clientportal.gw.Config
authDelay: 3000
ccp: false
cors: {origin.allowed: '*', allowCredentials: false}
ip2loc: US
ips:
  allow: [192.*, 131.216.*, 127.0.0.1]
  deny: [212.90.324.10]
listenPort: 8080
listenSsl: true
portalBaseURL: ''
proxyRemoteHost: https://api.ibkr.com
proxyRemoteSsl: true
sslCert: vertx.jks
sslPwd: mywebapi
ssoPing: 5
svcEnvironment: v1
tst: false
twsBaseURL: /tws.proxy
webApps:
- {cache: true, index: index.html, listing: false, name: demo, proxy: ''}

23:09:33.212 INFO  vert.x-eventloop-thread-0 GatewayHttpProxy     :  -> mount demo on /demo
23:09:33.223 INFO  vert.x-eventloop-thread-0 GatewayVerticle      : version: a27ed42161ad96c53e715ca5c5e3e3fa4cff5262 Mon, 24 Apr 2023 15:41:53 -0400
23:09:33.223 INFO  vert.x-eventloop-thread-0 GatewayVerticle      : Java Version: 17.0.10
23:09:33.855 WARN  vert.x-eventloop-thread-0 DefaultChannelPipeline : An exceptionCaught() event was fired, and it reached at the tail of the pipeline. It usually means the last handler in the pipeline did not handle the exception.
io.netty.handler.codec.DecoderException: javax.net.ssl.SSLHandshakeException: Received fatal alert: certificate_unknown
	at io.netty.handler.codec.ByteToMessageDecoder.callDecode(ByteToMessageDecoder.java:459)
	at io.netty.handler.codec.ByteToMessageDecoder.channelRead(ByteToMessageDecoder.java:265)
	at io.netty.channel.AbstractChannelHandlerContext.invokeChannelRead(AbstractChannelHandlerContext.java:362)
	at io.netty.channel.AbstractChannelHandlerContext.invokeChannelRead(AbstractChannelHandlerContext.java:348)
	at io.netty.channel.AbstractChannelHandlerContext.fireChannelRead(AbstractChannelHandlerContext.java:340)
	at io.netty.channel.DefaultChannelPipeline$HeadContext.channelRead(DefaultChannelPipeline.java:1359)
	at io.netty.channel.AbstractChannelHandlerContext.invokeChannelRead(AbstractChannelHandlerContext.java:362)
	at io.netty.channel.AbstractChannelHandlerContext.invokeChannelRead(AbstractChannelHandlerContext.java:348)
	at io.netty.channel.DefaultChannelPipeline.fireChannelRead(DefaultChannelPipeline.java:935)
	at io.netty.channel.nio.AbstractNioByteChannel$NioByteUnsafe.read(AbstractNioByteChannel.java:134)
	at io.netty.channel.nio.NioEventLoop.processSelectedKey(NioEventLoop.java:645)
	at io.netty.channel.nio.NioEventLoop.processSelectedKeysPlain(NioEventLoop.java:545)
	at io.netty.channel.nio.NioEventLoop.processSelectedKeys(NioEventLoop.java:499)
	at io.netty.channel.nio.NioEventLoop.run(NioEventLoop.java:459)
	at io.netty.util.concurrent.SingleThreadEventExecutor$5.run(SingleThreadEventExecutor.java:858)
	at java.base/java.lang.Thread.run(Thread.java:842)
Caused by: javax.net.ssl.SSLHandshakeException: Received fatal alert: certificate_unknown
	at java.base/sun.security.ssl.Alert.createSSLException(Alert.java:131)
	at java.base/sun.security.ssl.Alert.createSSLException(Alert.java:117)
	at java.base/sun.security.ssl.TransportContext.fatal(TransportContext.java:365)
	at java.base/sun.security.ssl.Alert$AlertConsumer.consume(Alert.java:293)
	at java.base/sun.security.ssl.TransportContext.dispatch(TransportContext.java:204)
	at java.base/sun.security.ssl.SSLTransport.decode(SSLTransport.java:172)
	at java.base/sun.security.ssl.SSLEngineImpl.decode(SSLEngineImpl.java:736)
	at java.base/sun.security.ssl.SSLEngineImpl.readRecord(SSLEngineImpl.java:691)
	at java.base/sun.security.ssl.SSLEngineImpl.unwrap(SSLEngineImpl.java:506)
	at java.base/sun.security.ssl.SSLEngineImpl.unwrap(SSLEngineImpl.java:482)
	at java.base/javax.net.ssl.SSLEngine.unwrap(SSLEngine.java:679)
	at io.netty.handler.ssl.SslHandler$SslEngineType$3.unwrap(SslHandler.java:281)
	at io.netty.handler.ssl.SslHandler.unwrap(SslHandler.java:1215)
	at io.netty.handler.ssl.SslHandler.decodeJdkCompatible(SslHandler.java:1127)
	at io.netty.handler.ssl.SslHandler.decode(SslHandler.java:1162)
	at io.netty.handler.codec.ByteToMessageDecoder.decodeRemovalReentryProtection(ByteToMessageDecoder.java:489)
	at io.netty.handler.codec.ByteToMessageDecoder.callDecode(ByteToMessageDecoder.java:428)
	... 15 common frames omitted
23:09:33.864 WARN  vert.x-eventloop-thread-0 DefaultChannelPipeline : An exceptionCaught() event was fired, and it reached at the tail of the pipeline. It usually means the last handler in the pipeline did not handle the exception.
io.netty.handler.codec.DecoderException: javax.net.ssl.SSLHandshakeException: Received fatal alert: certificate_unknown
	at io.netty.handler.codec.ByteToMessageDecoder.callDecode(ByteToMessageDecoder.java:459)
	at io.netty.handler.codec.ByteToMessageDecoder.channelRead(ByteToMessageDecoder.java:265)
	at io.netty.channel.AbstractChannelHandlerContext.invokeChannelRead(AbstractChannelHandlerContext.java:362)
	at io.netty.channel.AbstractChannelHandlerContext.invokeChannelRead(AbstractChannelHandlerContext.java:348)
	at io.netty.channel.AbstractChannelHandlerContext.fireChannelRead(AbstractChannelHandlerContext.java:340)
	at io.netty.channel.DefaultChannelPipeline$HeadContext.channelRead(DefaultChannelPipeline.java:1359)
	at io.netty.channel.AbstractChannelHandlerContext.invokeChannelRead(AbstractChannelHandlerContext.java:362)
	at io.netty.channel.AbstractChannelHandlerContext.invokeChannelRead(AbstractChannelHandlerContext.java:348)
	at io.netty.channel.DefaultChannelPipeline.fireChannelRead(DefaultChannelPipeline.java:935)
	at io.netty.channel.nio.AbstractNioByteChannel$NioByteUnsafe.read(AbstractNioByteChannel.java:134)
	at io.netty.channel.nio.NioEventLoop.processSelectedKey(NioEventLoop.java:645)
	at io.netty.channel.nio.NioEventLoop.processSelectedKeysPlain(NioEventLoop.java:545)
	at io.netty.channel.nio.NioEventLoop.processSelectedKeys(NioEventLoop.java:499)
	at io.netty.channel.nio.NioEventLoop.run(NioEventLoop.java:459)
	at io.netty.util.concurrent.SingleThreadEventExecutor$5.run(SingleThreadEventExecutor.java:858)
	at java.base/java.lang.Thread.run(Thread.java:842)
Caused by: javax.net.ssl.SSLHandshakeException: Received fatal alert: certificate_unknown
	at java.base/sun.security.ssl.Alert.createSSLException(Alert.java:131)
	at java.base/sun.security.ssl.Alert.createSSLException(Alert.java:117)
	at java.base/sun.security.ssl.TransportContext.fatal(TransportContext.java:365)
	at java.base/sun.security.ssl.Alert$AlertConsumer.consume(Alert.java:293)
	at java.base/sun.security.ssl.TransportContext.dispatch(TransportContext.java:204)
	at java.base/sun.security.ssl.SSLTransport.decode(SSLTransport.java:172)
	at java.base/sun.security.ssl.SSLEngineImpl.decode(SSLEngineImpl.java:736)
	at java.base/sun.security.ssl.SSLEngineImpl.readRecord(SSLEngineImpl.java:691)
	at java.base/sun.security.ssl.SSLEngineImpl.unwrap(SSLEngineImpl.java:506)
	at java.base/sun.security.ssl.SSLEngineImpl.unwrap(SSLEngineImpl.java:482)
	at java.base/javax.net.ssl.SSLEngine.unwrap(SSLEngine.java:679)
	at io.netty.handler.ssl.SslHandler$SslEngineType$3.unwrap(SslHandler.java:281)
	at io.netty.handler.ssl.SslHandler.unwrap(SslHandler.java:1215)
	at io.netty.handler.ssl.SslHandler.decodeJdkCompatible(SslHandler.java:1127)
	at io.netty.handler.ssl.SslHandler.decode(SslHandler.java:1162)
	at io.netty.handler.codec.ByteToMessageDecoder.decodeRemovalReentryProtection(ByteToMessageDecoder.java:489)
	at io.netty.handler.codec.ByteToMessageDecoder.callDecode(ByteToMessageDecoder.java:428)
	... 15 common frames omitted
23:09:34.316 INFO  vert.x-eventloop-thread-0 BaseServiceProxy     : -> GET /sso/Login?forwardTo=22&RL=1&ip2loc=US,200|414ms
23:09:34.318 INFO  vert.x-eventloop-thread-0 CookieManager        : set cookies [partnerID=""; Domain=.ibkr.com; Expires=Thu, 01 Jan 1970 00:00:10 GMT; Path=/;Secure;SameSite=None, partnerID=""; Domain=.ibkr.com; Expires=Thu, 01 Jan 1970 00:00:10 GMT; Path=/;Secure;SameSite=None, URL_PARAM=forwardTo%3D22&RL%3D1&ip2loc%3DUS; Domain=.ibkr.com; Path=/;Secure, JSESSIONID=1E3DCFF860962C34E5D0451EAE209C17.ny5wwwdam3-internet; Path=/sso; HttpOnly;Secure;SameSite=None, x-sess-uuid=0.4f40df6f.1776784173.40a1f2d; secure; HttpOnly]
23:09:34.319 DEBUG vert.x-eventloop-thread-0 BaseServiceProxy     : Remapping Set-cookies [partnerID=""; Domain=.ibkr.com; Expires=Thu, 01 Jan 1970 00:00:10 GMT; Path=/;Secure;SameSite=None, partnerID=""; Domain=.ibkr.com; Expires=Thu, 01 Jan 1970 00:00:10 GMT; Path=/;Secure;SameSite=None, URL_PARAM=forwardTo%3D22&RL%3D1&ip2loc%3DUS; Domain=.ibkr.com; Path=/;Secure, JSESSIONID=1E3DCFF860962C34E5D0451EAE209C17.ny5wwwdam3-internet; Path=/sso; HttpOnly;Secure;SameSite=None, x-sess-uuid=0.4f40df6f.1776784173.40a1f2d; secure; HttpOnly] -> 
23:09:34.386 WARN  vert.x-eventloop-thread-0 DefaultChannelPipeline : An exceptionCaught() event was fired, and it reached at the tail of the pipeline. It usually means the last handler in the pipeline did not handle the exception.
io.netty.handler.codec.DecoderException: javax.net.ssl.SSLHandshakeException: Received fatal alert: certificate_unknown
	at io.netty.handler.codec.ByteToMessageDecoder.callDecode(ByteToMessageDecoder.java:459)
	at io.netty.handler.codec.ByteToMessageDecoder.channelRead(ByteToMessageDecoder.java:265)
	at io.netty.channel.AbstractChannelHandlerContext.invokeChannelRead(AbstractChannelHandlerContext.java:362)
	at io.netty.channel.AbstractChannelHandlerContext.invokeChannelRead(AbstractChannelHandlerContext.java:348)
	at io.netty.channel.AbstractChannelHandlerContext.fireChannelRead(AbstractChannelHandlerContext.java:340)
	at io.netty.channel.DefaultChannelPipeline$HeadContext.channelRead(DefaultChannelPipeline.java:1359)
	at io.netty.channel.AbstractChannelHandlerContext.invokeChannelRead(AbstractChannelHandlerContext.java:362)
	at io.netty.channel.AbstractChannelHandlerContext.invokeChannelRead(AbstractChannelHandlerContext.java:348)
	at io.netty.channel.DefaultChannelPipeline.fireChannelRead(DefaultChannelPipeline.java:935)
	at io.netty.channel.nio.AbstractNioByteChannel$NioByteUnsafe.read(AbstractNioByteChannel.java:134)
	at io.netty.channel.nio.NioEventLoop.processSelectedKey(NioEventLoop.java:645)
	at io.netty.channel.nio.NioEventLoop.processSelectedKeysPlain(NioEventLoop.java:545)
	at io.netty.channel.nio.NioEventLoop.processSelectedKeys(NioEventLoop.java:499)
	at io.netty.channel.nio.NioEventLoop.run(NioEventLoop.java:459)
	at io.netty.util.concurrent.SingleThreadEventExecutor$5.run(SingleThreadEventExecutor.java:858)
	at java.base/java.lang.Thread.run(Thread.java:842)
Caused by: javax.net.ssl.SSLHandshakeException: Received fatal alert: certificate_unknown
	at java.base/sun.security.ssl.Alert.createSSLException(Alert.java:131)
	at java.base/sun.security.ssl.Alert.createSSLException(Alert.java:117)
	at java.base/sun.security.ssl.TransportContext.fatal(TransportContext.java:365)
	at java.base/sun.security.ssl.Alert$AlertConsumer.consume(Alert.java:293)
	at java.base/sun.security.ssl.TransportContext.dispatch(TransportContext.java:204)
	at java.base/sun.security.ssl.SSLTransport.decode(SSLTransport.java:172)
	at java.base/sun.security.ssl.SSLEngineImpl.decode(SSLEngineImpl.java:736)
	at java.base/sun.security.ssl.SSLEngineImpl.readRecord(SSLEngineImpl.java:691)
	at java.base/sun.security.ssl.SSLEngineImpl.unwrap(SSLEngineImpl.java:506)
	at java.base/sun.security.ssl.SSLEngineImpl.unwrap(SSLEngineImpl.java:482)
	at java.base/javax.net.ssl.SSLEngine.unwrap(SSLEngine.java:679)
	at io.netty.handler.ssl.SslHandler$SslEngineType$3.unwrap(SslHandler.java:281)
	at io.netty.handler.ssl.SslHandler.unwrap(SslHandler.java:1215)
	at io.netty.handler.ssl.SslHandler.decodeJdkCompatible(SslHandler.java:1127)
	at io.netty.handler.ssl.SslHandler.decode(SslHandler.java:1162)
	at io.netty.handler.codec.ByteToMessageDecoder.decodeRemovalReentryProtection(ByteToMessageDecoder.java:489)
	at io.netty.handler.codec.ByteToMessageDecoder.callDecode(ByteToMessageDecoder.java:428)
	... 15 common frames omitted
23:09:34.386 WARN  vert.x-eventloop-thread-0 DefaultChannelPipeline : An exceptionCaught() event was fired, and it reached at the tail of the pipeline. It usually means the last handler in the pipeline did not handle the exception.
io.netty.handler.codec.DecoderException: javax.net.ssl.SSLHandshakeException: Received fatal alert: certificate_unknown
	at io.netty.handler.codec.ByteToMessageDecoder.callDecode(ByteToMessageDecoder.java:459)
	at io.netty.handler.codec.ByteToMessageDecoder.channelRead(ByteToMessageDecoder.java:265)
	at io.netty.channel.AbstractChannelHandlerContext.invokeChannelRead(AbstractChannelHandlerContext.java:362)
	at io.netty.channel.AbstractChannelHandlerContext.invokeChannelRead(AbstractChannelHandlerContext.java:348)
	at io.netty.channel.AbstractChannelHandlerContext.fireChannelRead(AbstractChannelHandlerContext.java:340)
	at io.netty.channel.DefaultChannelPipeline$HeadContext.channelRead(DefaultChannelPipeline.java:1359)
	at io.netty.channel.AbstractChannelHandlerContext.invokeChannelRead(AbstractChannelHandlerContext.java:362)
	at io.netty.channel.AbstractChannelHandlerContext.invokeChannelRead(AbstractChannelHandlerContext.java:348)
	at io.netty.channel.DefaultChannelPipeline.fireChannelRead(DefaultChannelPipeline.java:935)
	at io.netty.channel.nio.AbstractNioByteChannel$NioByteUnsafe.read(AbstractNioByteChannel.java:134)
	at io.netty.channel.nio.NioEventLoop.processSelectedKey(NioEventLoop.java:645)
	at io.netty.channel.nio.NioEventLoop.processSelectedKeysPlain(NioEventLoop.java:545)
	at io.netty.channel.nio.NioEventLoop.processSelectedKeys(NioEventLoop.java:499)
	at io.netty.channel.nio.NioEventLoop.run(NioEventLoop.java:459)
	at io.netty.util.concurrent.SingleThreadEventExecutor$5.run(SingleThreadEventExecutor.java:858)
	at java.base/java.lang.Thread.run(Thread.java:842)
Caused by: javax.net.ssl.SSLHandshakeException: Received fatal alert: certificate_unknown
	at java.base/sun.security.ssl.Alert.createSSLException(Alert.java:131)
	at java.base/sun.security.ssl.Alert.createSSLException(Alert.java:117)
	at java.base/sun.security.ssl.TransportContext.fatal(TransportContext.java:365)
	at java.base/sun.security.ssl.Alert$AlertConsumer.consume(Alert.java:293)
	at java.base/sun.security.ssl.TransportContext.dispatch(TransportContext.java:204)
	at java.base/sun.security.ssl.SSLTransport.decode(SSLTransport.java:172)
	at java.base/sun.security.ssl.SSLEngineImpl.decode(SSLEngineImpl.java:736)
	at java.base/sun.security.ssl.SSLEngineImpl.readRecord(SSLEngineImpl.java:691)
	at java.base/sun.security.ssl.SSLEngineImpl.unwrap(SSLEngineImpl.java:506)
	at java.base/sun.security.ssl.SSLEngineImpl.unwrap(SSLEngineImpl.java:482)
	at java.base/javax.net.ssl.SSLEngine.unwrap(SSLEngine.java:679)
	at io.netty.handler.ssl.SslHandler$SslEngineType$3.unwrap(SslHandler.java:281)
	at io.netty.handler.ssl.SslHandler.unwrap(SslHandler.java:1215)
	at io.netty.handler.ssl.SslHandler.decodeJdkCompatible(SslHandler.java:1127)
	at io.netty.handler.ssl.SslHandler.decode(SslHandler.java:1162)
	at io.netty.handler.codec.ByteToMessageDecoder.decodeRemovalReentryProtection(ByteToMessageDecoder.java:489)
	at io.netty.handler.codec.ByteToMessageDecoder.callDecode(ByteToMessageDecoder.java:428)
	... 15 common frames omitted
23:09:34.386 WARN  vert.x-eventloop-thread-0 DefaultChannelPipeline : An exceptionCaught() event was fired, and it reached at the tail of the pipeline. It usually means the last handler in the pipeline did not handle the exception.
io.netty.handler.codec.DecoderException: javax.net.ssl.SSLHandshakeException: Received fatal alert: certificate_unknown
	at io.netty.handler.codec.ByteToMessageDecoder.callDecode(ByteToMessageDecoder.java:459)
	at io.netty.handler.codec.ByteToMessageDecoder.channelRead(ByteToMessageDecoder.java:265)
	at io.netty.channel.AbstractChannelHandlerContext.invokeChannelRead(AbstractChannelHandlerContext.java:362)
	at io.netty.channel.AbstractChannelHandlerContext.invokeChannelRead(AbstractChannelHandlerContext.java:348)
	at io.netty.channel.AbstractChannelHandlerContext.fireChannelRead(AbstractChannelHandlerContext.java:340)
	at io.netty.channel.DefaultChannelPipeline$HeadContext.channelRead(DefaultChannelPipeline.java:1359)
	at io.netty.channel.AbstractChannelHandlerContext.invokeChannelRead(AbstractChannelHandlerContext.java:362)
	at io.netty.channel.AbstractChannelHandlerContext.invokeChannelRead(AbstractChannelHandlerContext.java:348)
	at io.netty.channel.DefaultChannelPipeline.fireChannelRead(DefaultChannelPipeline.java:935)
	at io.netty.channel.nio.AbstractNioByteChannel$NioByteUnsafe.read(AbstractNioByteChannel.java:134)
	at io.netty.channel.nio.NioEventLoop.processSelectedKey(NioEventLoop.java:645)
	at io.netty.channel.nio.NioEventLoop.processSelectedKeysPlain(NioEventLoop.java:545)
	at io.netty.channel.nio.NioEventLoop.processSelectedKeys(NioEventLoop.java:499)
	at io.netty.channel.nio.NioEventLoop.run(NioEventLoop.java:459)
	at io.netty.util.concurrent.SingleThreadEventExecutor$5.run(SingleThreadEventExecutor.java:858)
	at java.base/java.lang.Thread.run(Thread.java:842)
Caused by: javax.net.ssl.SSLHandshakeException: Received fatal alert: certificate_unknown
	at java.base/sun.security.ssl.Alert.createSSLException(Alert.java:131)
	at java.base/sun.security.ssl.Alert.createSSLException(Alert.java:117)
	at java.base/sun.security.ssl.TransportContext.fatal(TransportContext.java:365)
	at java.base/sun.security.ssl.Alert$AlertConsumer.consume(Alert.java:293)
	at java.base/sun.security.ssl.TransportContext.dispatch(TransportContext.java:204)
	at java.base/sun.security.ssl.SSLTransport.decode(SSLTransport.java:172)
	at java.base/sun.security.ssl.SSLEngineImpl.decode(SSLEngineImpl.java:736)
	at java.base/sun.security.ssl.SSLEngineImpl.readRecord(SSLEngineImpl.java:691)
	at java.base/sun.security.ssl.SSLEngineImpl.unwrap(SSLEngineImpl.java:506)
	at java.base/sun.security.ssl.SSLEngineImpl.unwrap(SSLEngineImpl.java:482)
	at java.base/javax.net.ssl.SSLEngine.unwrap(SSLEngine.java:679)
	at io.netty.handler.ssl.SslHandler$SslEngineType$3.unwrap(SslHandler.java:281)
	at io.netty.handler.ssl.SslHandler.unwrap(SslHandler.java:1215)
	at io.netty.handler.ssl.SslHandler.decodeJdkCompatible(SslHandler.java:1127)
	at io.netty.handler.ssl.SslHandler.decode(SslHandler.java:1162)
	at io.netty.handler.codec.ByteToMessageDecoder.decodeRemovalReentryProtection(ByteToMessageDecoder.java:489)
	at io.netty.handler.codec.ByteToMessageDecoder.callDecode(ByteToMessageDecoder.java:428)
	... 15 common frames omitted
23:09:34.387 WARN  vert.x-eventloop-thread-0 DefaultChannelPipeline : An exceptionCaught() event was fired, and it reached at the tail of the pipeline. It usually means the last handler in the pipeline did not handle the exception.
io.netty.handler.codec.DecoderException: javax.net.ssl.SSLHandshakeException: Received fatal alert: certificate_unknown
	at io.netty.handler.codec.ByteToMessageDecoder.callDecode(ByteToMessageDecoder.java:459)
	at io.netty.handler.codec.ByteToMessageDecoder.channelRead(ByteToMessageDecoder.java:265)
	at io.netty.channel.AbstractChannelHandlerContext.invokeChannelRead(AbstractChannelHandlerContext.java:362)
	at io.netty.channel.AbstractChannelHandlerContext.invokeChannelRead(AbstractChannelHandlerContext.java:348)
	at io.netty.channel.AbstractChannelHandlerContext.fireChannelRead(AbstractChannelHandlerContext.java:340)
	at io.netty.channel.DefaultChannelPipeline$HeadContext.channelRead(DefaultChannelPipeline.java:1359)
	at io.netty.channel.AbstractChannelHandlerContext.invokeChannelRead(AbstractChannelHandlerContext.java:362)
	at io.netty.channel.AbstractChannelHandlerContext.invokeChannelRead(AbstractChannelHandlerContext.java:348)
	at io.netty.channel.DefaultChannelPipeline.fireChannelRead(DefaultChannelPipeline.java:935)
	at io.netty.channel.nio.AbstractNioByteChannel$NioByteUnsafe.read(AbstractNioByteChannel.java:134)
	at io.netty.channel.nio.NioEventLoop.processSelectedKey(NioEventLoop.java:645)
	at io.netty.channel.nio.NioEventLoop.processSelectedKeysPlain(NioEventLoop.java:545)
	at io.netty.channel.nio.NioEventLoop.processSelectedKeys(NioEventLoop.java:499)
	at io.netty.channel.nio.NioEventLoop.run(NioEventLoop.java:459)
	at io.netty.util.concurrent.SingleThreadEventExecutor$5.run(SingleThreadEventExecutor.java:858)
	at java.base/java.lang.Thread.run(Thread.java:842)
Caused by: javax.net.ssl.SSLHandshakeException: Received fatal alert: certificate_unknown
	at java.base/sun.security.ssl.Alert.createSSLException(Alert.java:131)
	at java.base/sun.security.ssl.Alert.createSSLException(Alert.java:117)
	at java.base/sun.security.ssl.TransportContext.fatal(TransportContext.java:365)
	at java.base/sun.security.ssl.Alert$AlertConsumer.consume(Alert.java:293)
	at java.base/sun.security.ssl.TransportContext.dispatch(TransportContext.java:204)
	at java.base/sun.security.ssl.SSLTransport.decode(SSLTransport.java:172)
	at java.base/sun.security.ssl.SSLEngineImpl.decode(SSLEngineImpl.java:736)
	at java.base/sun.security.ssl.SSLEngineImpl.readRecord(SSLEngineImpl.java:691)
	at java.base/sun.security.ssl.SSLEngineImpl.unwrap(SSLEngineImpl.java:506)
	at java.base/sun.security.ssl.SSLEngineImpl.unwrap(SSLEngineImpl.java:482)
	at java.base/javax.net.ssl.SSLEngine.unwrap(SSLEngine.java:679)
	at io.netty.handler.ssl.SslHandler$SslEngineType$3.unwrap(SslHandler.java:281)
	at io.netty.handler.ssl.SslHandler.unwrap(SslHandler.java:1215)
	at io.netty.handler.ssl.SslHandler.decodeJdkCompatible(SslHandler.java:1127)
	at io.netty.handler.ssl.SslHandler.decode(SslHandler.java:1162)
	at io.netty.handler.codec.ByteToMessageDecoder.decodeRemovalReentryProtection(ByteToMessageDecoder.java:489)
	at io.netty.handler.codec.ByteToMessageDecoder.callDecode(ByteToMessageDecoder.java:428)
	... 15 common frames omitted
23:09:34.398 WARN  vert.x-eventloop-thread-0 DefaultChannelPipeline : An exceptionCaught() event was fired, and it reached at the tail of the pipeline. It usually means the last handler in the pipeline did not handle the exception.
io.netty.handler.codec.DecoderException: javax.net.ssl.SSLHandshakeException: Received fatal alert: certificate_unknown
	at io.netty.handler.codec.ByteToMessageDecoder.callDecode(ByteToMessageDecoder.java:459)
	at io.netty.handler.codec.ByteToMessageDecoder.channelRead(ByteToMessageDecoder.java:265)
	at io.netty.channel.AbstractChannelHandlerContext.invokeChannelRead(AbstractChannelHandlerContext.java:362)
	at io.netty.channel.AbstractChannelHandlerContext.invokeChannelRead(AbstractChannelHandlerContext.java:348)
	at io.netty.channel.AbstractChannelHandlerContext.fireChannelRead(AbstractChannelHandlerContext.java:340)
	at io.netty.channel.DefaultChannelPipeline$HeadContext.channelRead(DefaultChannelPipeline.java:1359)
	at io.netty.channel.AbstractChannelHandlerContext.invokeChannelRead(AbstractChannelHandlerContext.java:362)
	at io.netty.channel.AbstractChannelHandlerContext.invokeChannelRead(AbstractChannelHandlerContext.java:348)
	at io.netty.channel.DefaultChannelPipeline.fireChannelRead(DefaultChannelPipeline.java:935)
	at io.netty.channel.nio.AbstractNioByteChannel$NioByteUnsafe.read(AbstractNioByteChannel.java:134)
	at io.netty.channel.nio.NioEventLoop.processSelectedKey(NioEventLoop.java:645)
	at io.netty.channel.nio.NioEventLoop.processSelectedKeysPlain(NioEventLoop.java:545)
	at io.netty.channel.nio.NioEventLoop.processSelectedKeys(NioEventLoop.java:499)
	at io.netty.channel.nio.NioEventLoop.run(NioEventLoop.java:459)
	at io.netty.util.concurrent.SingleThreadEventExecutor$5.run(SingleThreadEventExecutor.java:858)
	at java.base/java.lang.Thread.run(Thread.java:842)
Caused by: javax.net.ssl.SSLHandshakeException: Received fatal alert: certificate_unknown
	at java.base/sun.security.ssl.Alert.createSSLException(Alert.java:131)
	at java.base/sun.security.ssl.Alert.createSSLException(Alert.java:117)
	at java.base/sun.security.ssl.TransportContext.fatal(TransportContext.java:365)
	at java.base/sun.security.ssl.Alert$AlertConsumer.consume(Alert.java:293)
	at java.base/sun.security.ssl.TransportContext.dispatch(TransportContext.java:204)
	at java.base/sun.security.ssl.SSLTransport.decode(SSLTransport.java:172)
	at java.base/sun.security.ssl.SSLEngineImpl.decode(SSLEngineImpl.java:736)
	at java.base/sun.security.ssl.SSLEngineImpl.readRecord(SSLEngineImpl.java:691)
	at java.base/sun.security.ssl.SSLEngineImpl.unwrap(SSLEngineImpl.java:506)
	at java.base/sun.security.ssl.SSLEngineImpl.unwrap(SSLEngineImpl.java:482)
	at java.base/javax.net.ssl.SSLEngine.unwrap(SSLEngine.java:679)
	at io.netty.handler.ssl.SslHandler$SslEngineType$3.unwrap(SslHandler.java:281)
	at io.netty.handler.ssl.SslHandler.unwrap(SslHandler.java:1215)
	at io.netty.handler.ssl.SslHandler.decodeJdkCompatible(SslHandler.java:1127)
	at io.netty.handler.ssl.SslHandler.decode(SslHandler.java:1162)
	at io.netty.handler.codec.ByteToMessageDecoder.decodeRemovalReentryProtection(ByteToMessageDecoder.java:489)
	at io.netty.handler.codec.ByteToMessageDecoder.callDecode(ByteToMessageDecoder.java:428)
	... 15 common frames omitted
23:09:34.401 WARN  vert.x-eventloop-thread-0 DefaultChannelPipeline : An exceptionCaught() event was fired, and it reached at the tail of the pipeline. It usually means the last handler in the pipeline did not handle the exception.
io.netty.handler.codec.DecoderException: javax.net.ssl.SSLHandshakeException: Received fatal alert: certificate_unknown
	at io.netty.handler.codec.ByteToMessageDecoder.callDecode(ByteToMessageDecoder.java:459)
	at io.netty.handler.codec.ByteToMessageDecoder.channelRead(ByteToMessageDecoder.java:265)
	at io.netty.channel.AbstractChannelHandlerContext.invokeChannelRead(AbstractChannelHandlerContext.java:362)
	at io.netty.channel.AbstractChannelHandlerContext.invokeChannelRead(AbstractChannelHandlerContext.java:348)
	at io.netty.channel.AbstractChannelHandlerContext.fireChannelRead(AbstractChannelHandlerContext.java:340)
	at io.netty.channel.DefaultChannelPipeline$HeadContext.channelRead(DefaultChannelPipeline.java:1359)
	at io.netty.channel.AbstractChannelHandlerContext.invokeChannelRead(AbstractChannelHandlerContext.java:362)
	at io.netty.channel.AbstractChannelHandlerContext.invokeChannelRead(AbstractChannelHandlerContext.java:348)
	at io.netty.channel.DefaultChannelPipeline.fireChannelRead(DefaultChannelPipeline.java:935)
	at io.netty.channel.nio.AbstractNioByteChannel$NioByteUnsafe.read(AbstractNioByteChannel.java:134)
	at io.netty.channel.nio.NioEventLoop.processSelectedKey(NioEventLoop.java:645)
	at io.netty.channel.nio.NioEventLoop.processSelectedKeysPlain(NioEventLoop.java:545)
	at io.netty.channel.nio.NioEventLoop.processSelectedKeys(NioEventLoop.java:499)
	at io.netty.channel.nio.NioEventLoop.run(NioEventLoop.java:459)
	at io.netty.util.concurrent.SingleThreadEventExecutor$5.run(SingleThreadEventExecutor.java:858)
	at java.base/java.lang.Thread.run(Thread.java:842)
Caused by: javax.net.ssl.SSLHandshakeException: Received fatal alert: certificate_unknown
	at java.base/sun.security.ssl.Alert.createSSLException(Alert.java:131)
	at java.base/sun.security.ssl.Alert.createSSLException(Alert.java:117)
	at java.base/sun.security.ssl.TransportContext.fatal(TransportContext.java:365)
	at java.base/sun.security.ssl.Alert$AlertConsumer.consume(Alert.java:293)
	at java.base/sun.security.ssl.TransportContext.dispatch(TransportContext.java:204)
	at java.base/sun.security.ssl.SSLTransport.decode(SSLTransport.java:172)
	at java.base/sun.security.ssl.SSLEngineImpl.decode(SSLEngineImpl.java:736)
	at java.base/sun.security.ssl.SSLEngineImpl.readRecord(SSLEngineImpl.java:691)
	at java.base/sun.security.ssl.SSLEngineImpl.unwrap(SSLEngineImpl.java:506)
	at java.base/sun.security.ssl.SSLEngineImpl.unwrap(SSLEngineImpl.java:482)
	at java.base/javax.net.ssl.SSLEngine.unwrap(SSLEngine.java:679)
	at io.netty.handler.ssl.SslHandler$SslEngineType$3.unwrap(SslHandler.java:281)
	at io.netty.handler.ssl.SslHandler.unwrap(SslHandler.java:1215)
	at io.netty.handler.ssl.SslHandler.decodeJdkCompatible(SslHandler.java:1127)
	at io.netty.handler.ssl.SslHandler.decode(SslHandler.java:1162)
	at io.netty.handler.codec.ByteToMessageDecoder.decodeRemovalReentryProtection(ByteToMessageDecoder.java:489)
	at io.netty.handler.codec.ByteToMessageDecoder.callDecode(ByteToMessageDecoder.java:428)
	... 15 common frames omitted
23:09:34.401 WARN  vert.x-eventloop-thread-0 DefaultChannelPipeline : An exceptionCaught() event was fired, and it reached at the tail of the pipeline. It usually means the last handler in the pipeline did not handle the exception.
io.netty.handler.codec.DecoderException: javax.net.ssl.SSLHandshakeException: Received fatal alert: certificate_unknown
	at io.netty.handler.codec.ByteToMessageDecoder.callDecode(ByteToMessageDecoder.java:459)
	at io.netty.handler.codec.ByteToMessageDecoder.channelRead(ByteToMessageDecoder.java:265)
	at io.netty.channel.AbstractChannelHandlerContext.invokeChannelRead(AbstractChannelHandlerContext.java:362)
	at io.netty.channel.AbstractChannelHandlerContext.invokeChannelRead(AbstractChannelHandlerContext.java:348)
	at io.netty.channel.AbstractChannelHandlerContext.fireChannelRead(AbstractChannelHandlerContext.java:340)
	at io.netty.channel.DefaultChannelPipeline$HeadContext.channelRead(DefaultChannelPipeline.java:1359)
	at io.netty.channel.AbstractChannelHandlerContext.invokeChannelRead(AbstractChannelHandlerContext.java:362)
	at io.netty.channel.AbstractChannelHandlerContext.invokeChannelRead(AbstractChannelHandlerContext.java:348)
	at io.netty.channel.DefaultChannelPipeline.fireChannelRead(DefaultChannelPipeline.java:935)
	at io.netty.channel.nio.AbstractNioByteChannel$NioByteUnsafe.read(AbstractNioByteChannel.java:134)
	at io.netty.channel.nio.NioEventLoop.processSelectedKey(NioEventLoop.java:645)
	at io.netty.channel.nio.NioEventLoop.processSelectedKeysPlain(NioEventLoop.java:545)
	at io.netty.channel.nio.NioEventLoop.processSelectedKeys(NioEventLoop.java:499)
	at io.netty.channel.nio.NioEventLoop.run(NioEventLoop.java:459)
	at io.netty.util.concurrent.SingleThreadEventExecutor$5.run(SingleThreadEventExecutor.java:858)
	at java.base/java.lang.Thread.run(Thread.java:842)
Caused by: javax.net.ssl.SSLHandshakeException: Received fatal alert: certificate_unknown
	at java.base/sun.security.ssl.Alert.createSSLException(Alert.java:131)
	at java.base/sun.security.ssl.Alert.createSSLException(Alert.java:117)
	at java.base/sun.security.ssl.TransportContext.fatal(TransportContext.java:365)
	at java.base/sun.security.ssl.Alert$AlertConsumer.consume(Alert.java:293)
	at java.base/sun.security.ssl.TransportContext.dispatch(TransportContext.java:204)
	at java.base/sun.security.ssl.SSLTransport.decode(SSLTransport.java:172)
	at java.base/sun.security.ssl.SSLEngineImpl.decode(SSLEngineImpl.java:736)
	at java.base/sun.security.ssl.SSLEngineImpl.readRecord(SSLEngineImpl.java:691)
	at java.base/sun.security.ssl.SSLEngineImpl.unwrap(SSLEngineImpl.java:506)
	at java.base/sun.security.ssl.SSLEngineImpl.unwrap(SSLEngineImpl.java:482)
	at java.base/javax.net.ssl.SSLEngine.unwrap(SSLEngine.java:679)
	at io.netty.handler.ssl.SslHandler$SslEngineType$3.unwrap(SslHandler.java:281)
	at io.netty.handler.ssl.SslHandler.unwrap(SslHandler.java:1215)
	at io.netty.handler.ssl.SslHandler.decodeJdkCompatible(SslHandler.java:1127)
	at io.netty.handler.ssl.SslHandler.decode(SslHandler.java:1162)
	at io.netty.handler.codec.ByteToMessageDecoder.decodeRemovalReentryProtection(ByteToMessageDecoder.java:489)
	at io.netty.handler.codec.ByteToMessageDecoder.callDecode(ByteToMessageDecoder.java:428)
	... 15 common frames omitted
23:09:34.403 WARN  vert.x-eventloop-thread-0 DefaultChannelPipeline : An exceptionCaught() event was fired, and it reached at the tail of the pipeline. It usually means the last handler in the pipeline did not handle the exception.
io.netty.handler.codec.DecoderException: javax.net.ssl.SSLHandshakeException: Received fatal alert: certificate_unknown
	at io.netty.handler.codec.ByteToMessageDecoder.callDecode(ByteToMessageDecoder.java:459)
	at io.netty.handler.codec.ByteToMessageDecoder.channelRead(ByteToMessageDecoder.java:265)
	at io.netty.channel.AbstractChannelHandlerContext.invokeChannelRead(AbstractChannelHandlerContext.java:362)
	at io.netty.channel.AbstractChannelHandlerContext.invokeChannelRead(AbstractChannelHandlerContext.java:348)
	at io.netty.channel.AbstractChannelHandlerContext.fireChannelRead(AbstractChannelHandlerContext.java:340)
	at io.netty.channel.DefaultChannelPipeline$HeadContext.channelRead(DefaultChannelPipeline.java:1359)
	at io.netty.channel.AbstractChannelHandlerContext.invokeChannelRead(AbstractChannelHandlerContext.java:362)
	at io.netty.channel.AbstractChannelHandlerContext.invokeChannelRead(AbstractChannelHandlerContext.java:348)
	at io.netty.channel.DefaultChannelPipeline.fireChannelRead(DefaultChannelPipeline.java:935)
	at io.netty.channel.nio.AbstractNioByteChannel$NioByteUnsafe.read(AbstractNioByteChannel.java:134)
	at io.netty.channel.nio.NioEventLoop.processSelectedKey(NioEventLoop.java:645)
	at io.netty.channel.nio.NioEventLoop.processSelectedKeysPlain(NioEventLoop.java:545)
	at io.netty.channel.nio.NioEventLoop.processSelectedKeys(NioEventLoop.java:499)
	at io.netty.channel.nio.NioEventLoop.run(NioEventLoop.java:459)
	at io.netty.util.concurrent.SingleThreadEventExecutor$5.run(SingleThreadEventExecutor.java:858)
	at java.base/java.lang.Thread.run(Thread.java:842)
Caused by: javax.net.ssl.SSLHandshakeException: Received fatal alert: certificate_unknown
	at java.base/sun.security.ssl.Alert.createSSLException(Alert.java:131)
	at java.base/sun.security.ssl.Alert.createSSLException(Alert.java:117)
	at java.base/sun.security.ssl.TransportContext.fatal(TransportContext.java:365)
	at java.base/sun.security.ssl.Alert$AlertConsumer.consume(Alert.java:293)
	at java.base/sun.security.ssl.TransportContext.dispatch(TransportContext.java:204)
	at java.base/sun.security.ssl.SSLTransport.decode(SSLTransport.java:172)
	at java.base/sun.security.ssl.SSLEngineImpl.decode(SSLEngineImpl.java:736)
	at java.base/sun.security.ssl.SSLEngineImpl.readRecord(SSLEngineImpl.java:691)
	at java.base/sun.security.ssl.SSLEngineImpl.unwrap(SSLEngineImpl.java:506)
	at java.base/sun.security.ssl.SSLEngineImpl.unwrap(SSLEngineImpl.java:482)
	at java.base/javax.net.ssl.SSLEngine.unwrap(SSLEngine.java:679)
	at io.netty.handler.ssl.SslHandler$SslEngineType$3.unwrap(SslHandler.java:281)
	at io.netty.handler.ssl.SslHandler.unwrap(SslHandler.java:1215)
	at io.netty.handler.ssl.SslHandler.decodeJdkCompatible(SslHandler.java:1127)
	at io.netty.handler.ssl.SslHandler.decode(SslHandler.java:1162)
	at io.netty.handler.codec.ByteToMessageDecoder.decodeRemovalReentryProtection(ByteToMessageDecoder.java:489)
	at io.netty.handler.codec.ByteToMessageDecoder.callDecode(ByteToMessageDecoder.java:428)
	... 15 common frames omitted
23:09:34.485 INFO  vert.x-eventloop-thread-0 BaseServiceProxy     : -> GET /css/bootstrap-5.2.2/bootstrap.min.css,200|120ms
23:09:34.534 INFO  vert.x-eventloop-thread-0 BaseServiceProxy     : -> GET /css/fontawesome-6.4.2/all.min.css,200|130ms
23:09:34.563 INFO  vert.x-eventloop-thread-0 BaseServiceProxy     : -> GET /css/reg-am/login.min.css,200|155ms
23:09:34.615 INFO  vert.x-eventloop-thread-0 BaseServiceProxy     : -> GET /scripts/common/js/bootstrap-5.2.2/bootstrap.bundle.min.js,200|108ms
23:09:34.621 INFO  vert.x-eventloop-thread-0 BaseServiceProxy     : -> GET /css/bootstrap-switch-3.3.2/bootstrap-switch.min.css,200|216ms
23:09:34.623 INFO  vert.x-eventloop-thread-0 BaseServiceProxy     : -> GET /css/ibkr/theme-ibkr-portal.min.css,200|214ms
23:09:34.655 INFO  vert.x-eventloop-thread-0 BaseServiceProxy     : -> GET /scripts/common/js/jquery-3.7.0/jquery.min.js,200|245ms
23:09:34.712 INFO  vert.x-eventloop-thread-0 BaseServiceProxy     : -> GET /sso/lib/xyz.bundle.min.js,200|157ms
23:09:34.712 INFO  vert.x-eventloop-thread-0 CookieManager        : set cookies [x-sess-uuid=0.4f40df6f.1776784174.40a22ab; secure; HttpOnly]
23:09:34.712 DEBUG vert.x-eventloop-thread-0 BaseServiceProxy     : Remapping Set-cookies [x-sess-uuid=0.4f40df6f.1776784174.40a22ab; secure; HttpOnly] -> 
23:09:34.817 INFO  vert.x-eventloop-thread-0 BaseServiceProxy     : -> GET /images/common/logos/ibkr/interactive-brokers.svg,200|20ms
23:09:34.868 INFO  vert.x-eventloop-thread-0 BaseServiceProxy     : -> GET /fonts/fontawesome-6.4.2/webfonts/fa-brands-400.woff2,200|44ms
23:09:34.888 INFO  vert.x-eventloop-thread-0 BaseServiceProxy     : -> GET /fonts/fontawesome-6.4.2/webfonts/fa-solid-900.woff2,200|67ms
23:09:34.889 INFO  vert.x-eventloop-thread-0 BaseServiceProxy     : -> GET /fonts/proxima-nova/Proxima-Nova-Regular.woff2,200|67ms
23:09:34.950 INFO  vert.x-eventloop-thread-0 BaseServiceProxy     : -> GET /portal.proxy/v1/gstat/bulletins,200|111ms
23:09:34.954 INFO  vert.x-eventloop-thread-0 BaseServiceProxy     : -> GET /images/web/favicons/home-screen-icon-128x128.png,200|30ms
23:09:35.149 INFO  vert.x-eventloop-thread-0 BaseServiceProxy     : -> GET /sso/report,200|311ms
23:09:35.150 INFO  vert.x-eventloop-thread-0 CookieManager        : set cookies [x-sess-uuid=0.4f40df6f.1776784174.40a23fb; secure; HttpOnly]
23:09:35.150 DEBUG vert.x-eventloop-thread-0 BaseServiceProxy     : Remapping Set-cookies [x-sess-uuid=0.4f40df6f.1776784174.40a23fb; secure; HttpOnly] -> 
23:09:48.901 INFO  vert.x-eventloop-thread-0 BaseServiceProxy     : -> GET /sso/Authenticator,200|3410ms
23:09:48.902 INFO  vert.x-eventloop-thread-0 CookieManager        : set cookies [x-sess-uuid=0.4f40df6f.1776784185.40a24ed; secure; HttpOnly]
23:09:48.902 DEBUG vert.x-eventloop-thread-0 BaseServiceProxy     : Remapping Set-cookies [x-sess-uuid=0.4f40df6f.1776784185.40a24ed; secure; HttpOnly] -> 
23:09:49.233 INFO  vert.x-eventloop-thread-0 BaseServiceProxy     : -> GET /sso/Authenticator,200|307ms
23:09:49.234 INFO  vert.x-eventloop-thread-0 CookieManager        : set cookies [web=3343352782; Domain=.ibkr.com; Expires=Wed, 21 Apr 2027 15:09:49 GMT; Path=/; Secure;Secure;SameSite=None, x-sess-uuid=0.4f40df6f.1776784188.40a24e8; secure; HttpOnly]
23:09:49.234 DEBUG vert.x-eventloop-thread-0 BaseServiceProxy     : Remapping Set-cookies [web=3343352782; Domain=.ibkr.com; Expires=Wed, 21 Apr 2027 15:09:49 GMT; Path=/; Secure;Secure;SameSite=None, x-sess-uuid=0.4f40df6f.1776784188.40a24e8; secure; HttpOnly] -> 
23:09:49.551 INFO  vert.x-eventloop-thread-0 BaseServiceProxy     : -> GET /sso/Authenticator,200|309ms
23:09:49.551 INFO  vert.x-eventloop-thread-0 CookieManager        : set cookies [x-sess-uuid=0.5540df6f.1776784189.1f79da9e; secure; HttpOnly]
23:09:49.551 DEBUG vert.x-eventloop-thread-0 BaseServiceProxy     : Remapping Set-cookies [x-sess-uuid=0.5540df6f.1776784189.1f79da9e; secure; HttpOnly] -> 
23:09:53.117 INFO  vert.x-eventloop-thread-0 BaseServiceProxy     : -> GET /sso/Authenticator,200|554ms
23:09:53.118 INFO  vert.x-eventloop-thread-0 CookieManager        : set cookies [x-sess-uuid=0.4f40df6f.1776784192.40a2542; secure; HttpOnly]
23:09:53.119 DEBUG vert.x-eventloop-thread-0 BaseServiceProxy     : Remapping Set-cookies [x-sess-uuid=0.4f40df6f.1776784192.40a2542; secure; HttpOnly] -> 
23:09:55.852 INFO  vert.x-eventloop-thread-0 BaseServiceProxy     : -> GET /sso/Authenticator,200|290ms
23:09:55.852 INFO  vert.x-eventloop-thread-0 CookieManager        : set cookies [x-sess-uuid=0.4f40df6f.1776784195.40a26ba; secure; HttpOnly]
23:09:55.853 DEBUG vert.x-eventloop-thread-0 BaseServiceProxy     : Remapping Set-cookies [x-sess-uuid=0.4f40df6f.1776784195.40a26ba; secure; HttpOnly] -> 
23:09:58.953 INFO  vert.x-eventloop-thread-0 BaseServiceProxy     : -> GET /sso/Authenticator,200|387ms
23:09:58.954 INFO  vert.x-eventloop-thread-0 CookieManager        : set cookies [x-sess-uuid=0.4f40df6f.1776784198.40a77ec; secure; HttpOnly]
23:09:58.955 DEBUG vert.x-eventloop-thread-0 BaseServiceProxy     : Remapping Set-cookies [x-sess-uuid=0.4f40df6f.1776784198.40a77ec; secure; HttpOnly] -> 
23:10:01.854 INFO  vert.x-eventloop-thread-0 BaseServiceProxy     : -> GET /sso/Authenticator,200|293ms
23:10:01.855 INFO  vert.x-eventloop-thread-0 CookieManager        : set cookies [x-sess-uuid=0.4f40df6f.1776784201.40a7981; secure; HttpOnly]
23:10:01.855 DEBUG vert.x-eventloop-thread-0 BaseServiceProxy     : Remapping Set-cookies [x-sess-uuid=0.4f40df6f.1776784201.40a7981; secure; HttpOnly] -> 
23:10:05.066 INFO  vert.x-eventloop-thread-0 BaseServiceProxy     : -> GET /sso/Authenticator,200|504ms
23:10:05.067 INFO  vert.x-eventloop-thread-0 CookieManager        : set cookies [x-sess-uuid=0.5540df6f.1776784204.1f7a16f2; secure; HttpOnly]
23:10:05.068 DEBUG vert.x-eventloop-thread-0 BaseServiceProxy     : Remapping Set-cookies [x-sess-uuid=0.5540df6f.1776784204.1f7a16f2; secure; HttpOnly] -> 
23:10:07.965 INFO  vert.x-eventloop-thread-0 BaseServiceProxy     : -> GET /sso/Authenticator,200|403ms
23:10:07.966 INFO  vert.x-eventloop-thread-0 CookieManager        : set cookies [x-sess-uuid=0.4f40df6f.1776784207.40a9127; secure; HttpOnly]
23:10:07.966 DEBUG vert.x-eventloop-thread-0 BaseServiceProxy     : Remapping Set-cookies [x-sess-uuid=0.4f40df6f.1776784207.40a9127; secure; HttpOnly] -> 
23:10:10.934 INFO  vert.x-eventloop-thread-0 BaseServiceProxy     : -> GET /sso/Authenticator,200|373ms
23:10:10.934 INFO  vert.x-eventloop-thread-0 CookieManager        : set cookies [x-sess-uuid=0.4f40df6f.1776784210.40aa14e; secure; HttpOnly]
23:10:10.935 DEBUG vert.x-eventloop-thread-0 BaseServiceProxy     : Remapping Set-cookies [x-sess-uuid=0.4f40df6f.1776784210.40aa14e; secure; HttpOnly] -> 
23:10:13.903 INFO  vert.x-eventloop-thread-0 BaseServiceProxy     : -> GET /sso/Authenticator,200|342ms
23:10:13.904 INFO  vert.x-eventloop-thread-0 CookieManager        : set cookies [x-sess-uuid=0.4f40df6f.1776784213.40ab2c9; secure; HttpOnly]
23:10:13.904 DEBUG vert.x-eventloop-thread-0 BaseServiceProxy     : Remapping Set-cookies [x-sess-uuid=0.4f40df6f.1776784213.40ab2c9; secure; HttpOnly] -> 
23:10:16.874 INFO  vert.x-eventloop-thread-0 BaseServiceProxy     : -> GET /sso/Authenticator,200|312ms
23:10:16.875 INFO  vert.x-eventloop-thread-0 CookieManager        : set cookies [x-sess-uuid=0.4f40df6f.1776784216.40ac522; secure; HttpOnly]
23:10:16.876 DEBUG vert.x-eventloop-thread-0 BaseServiceProxy     : Remapping Set-cookies [x-sess-uuid=0.4f40df6f.1776784216.40ac522; secure; HttpOnly] -> 
23:10:19.946 INFO  vert.x-eventloop-thread-0 BaseServiceProxy     : -> GET /sso/Authenticator,200|385ms
23:10:19.947 INFO  vert.x-eventloop-thread-0 CookieManager        : set cookies [x-sess-uuid=0.5540df6f.1776784219.1f7a5700; secure; HttpOnly]
23:10:19.947 DEBUG vert.x-eventloop-thread-0 BaseServiceProxy     : Remapping Set-cookies [x-sess-uuid=0.5540df6f.1776784219.1f7a5700; secure; HttpOnly] -> 
23:10:20.457 INFO  vert.x-eventloop-thread-0 BaseServiceProxy     : -> GET /sso/Dispatcher,302|476ms
23:10:20.458 INFO  vert.x-eventloop-thread-0 CookieManager        : set cookies [USERID=50301190; Domain=.ibkr.com; Path=/;Secure;SameSite=None, x-sess-uuid=0.4f40df6f.1776784220.40aed43; secure; HttpOnly]
23:10:20.459 DEBUG vert.x-eventloop-thread-0 BaseServiceProxy     : Remapping Set-cookies [USERID=50301190; Domain=.ibkr.com; Path=/;Secure;SameSite=None, x-sess-uuid=0.4f40df6f.1776784220.40aed43; secure; HttpOnly] -> 
23:10:20.460 INFO  vert.x-eventloop-thread-0 GatewayHttpProxy     : Client login succeeds
23:10:21.277 INFO  vert.x-eventloop-thread-0 BaseServiceProxy     : -> GET /v1/api/sso/validate?gw=1,200|815ms
23:10:21.283 DEBUG vert.x-eventloop-thread-0 ClientPortalService  : portal validate response: {"SFT":"5.2a","IS_PENDING_APPLICANT":false,"SF_ENABLED":true,"HARDWARE_INFO":"","UNIQUE_LOGIN_ID":"50301190-1776784204657","AUTH_TIME":1776784217580,"SF_CONFIG":"5.2a","USER_NAME":"pragu1020","CREDENTIAL_TYPE":0,"IS_FREE_TRIAL":false,"LOGIN_TYPE":1,"LANDING_APP":"PORTAL","CREDENTIAL":"pragu1020","ANOMALOUS_LOGIN":false,"RESULT":true,"IP":"116.88.81.189","USER_ID":50301190,"EXPIRES":1776784221266,"TOKEN":"b2ca8ec9a7696ae01d3dcb525608d84f6de563e5","took":712,"IS_MASTER":false,"features":{"env":"PROD","wlms":true,"realtime":true,"bond":true,"optionChains":true,"calendar":true,"newMf":true},"region":"SG"}
23:10:21.388 INFO  vert.x-eventloop-thread-0 GatewayHttpProxy     : authenticated to cp
23:10:21.389 DEBUG vert.x-eventloop-thread-0 BaseServiceProxy     : cancel timer SsoService 0
23:10:21.389 DEBUG vert.x-eventloop-thread-0 BaseServiceProxy     : start timer 300000 SsoService
23:10:21.390 DEBUG vert.x-eventloop-thread-0 BaseServiceProxy     : forward event ON_SSO_VALIDATION, payload 50301190
23:10:21.712 INFO  vert.x-eventloop-thread-0 BaseServiceProxy     : -> GET /v1/api/one/user,200|323ms
23:10:21.713 INFO  vert.x-eventloop-thread-0 ClientPortalService  : get user reply {"username":"pragu1020","features":{"env":"PROD","wlms":true,"realtime":true,"bond":true,"optionChains":true,"calendar":true,"newMf":true},"wbId":"","uar":{"portfolioAnalyst":true,"userInfo":true,"messageCenter":true,"accountDetails":true,"tradingRestrictions":false,"tws":true,"fyi":true,"voting":true,"forum":true,"recentTransactions":true},"props":{"isIBAMClient":false,"ReadOnlySession":null},"firstApprovedDate":1592755200000,"accts":{"U5799398F":{"isIBAMClient":false,"clearingStatus":"O","openDate":1667577600000,"isFAClient":false,"isFunded":true,"tradingPermissions":["CMDTY"]},"U5799398":{"isIBAMClient":false,"clearingStatus":"O","openDate":1592150400000,"isFAClient":false,"isFunded":true,"tradingPermissions":["OPT","IOPT","WAR","STK","CASH","FOP"]}},"hasBrokerageAccessInd":true,"hfcipEligibleInd":false,"fa":false,"has2fa":false,"islite":false,"ispaper":false,"applicants":[{"id":6062329,"type":"INDIVIDUAL","businessType":"INDEPENDENT","nlcode":"en_US","legalCountry":{"name":"Singapore","alpha3":"SGP"}}]}
23:10:23.018 INFO  vert.x-eventloop-thread-0 SsoService           : sso init status=200, url=https://api.ibkr.com/v1/api/ssodh/init
23:10:23.085 DEBUG vert.x-eventloop-thread-0 SsoService           : K b806c650c3e699206ed4ddedbc3ef56f4881a1d
23:10:23.086 DEBUG vert.x-eventloop-thread-0 BaseServiceProxy     : forward event ON_SSODH_COMPLETED, payload none
23:10:23.086 DEBUG vert.x-eventloop-thread-0 GatewayHttpProxy     : delaying authentication for 3000
23:10:23.097 ERROR vert.x-eventloop-thread-0 ContextImpl          : Unhandled exception
java.lang.NullPointerException: Cannot read the array length because "mac" is null
	at ibgroup.web.core.clientportal.gw.utils.TstTokenUtils.getMacAddress(TstTokenUtils.java:22)
	at ibgroup.web.core.clientportal.gw.services.SsoService.getMac(SsoService.java:81)
	at ibgroup.web.core.clientportal.gw.services.SsoService.getDeviceId(SsoService.java:70)
	at ibgroup.web.core.clientportal.gw.services.SsoService.setTstToken(SsoService.java:88)
	at ibgroup.web.core.clientportal.gw.http.GatewayHttpProxy.onEvent(GatewayHttpProxy.java:213)
	at ibgroup.web.core.clientportal.gw.http.GatewayHttpProxy.lambda$new$1(GatewayHttpProxy.java:56)
	at ibgroup.web.core.clientportal.gw.services.BaseServiceProxy.lambda$null$0(BaseServiceProxy.java:67)
	at java.base/java.util.ArrayList.forEach(ArrayList.java:1511)
	at ibgroup.web.core.clientportal.gw.services.BaseServiceProxy.lambda$on$1(BaseServiceProxy.java:67)
	at io.vertx.core.impl.ContextImpl.lambda$wrapTask$2(ContextImpl.java:344)
	at io.netty.util.concurrent.AbstractEventExecutor.safeExecute(AbstractEventExecutor.java:163)
	at io.netty.util.concurrent.SingleThreadEventExecutor.runAllTasks(SingleThreadEventExecutor.java:403)
	at io.netty.channel.nio.NioEventLoop.run(NioEventLoop.java:463)
	at io.netty.util.concurrent.SingleThreadEventExecutor$5.run(SingleThreadEventExecutor.java:858)
	at java.base/java.lang.Thread.run(Thread.java:842)
23:10:26.150 INFO  vert.x-eventloop-thread-0 BaseServiceProxy     : -> GET /v1/api/iserver/auth/status,200|61ms
23:10:26.151 DEBUG vert.x-eventloop-thread-0 ClientPortalService  : status {"authenticated":false,"established":false,"competing":false,"connected":false,"MAC":"06:A8:C0:D9:D5:E3"}
23:10:26.152 INFO  vert.x-eventloop-thread-0 ClientPortalService  : process auth status {"authenticated":false,"established":false,"competing":false,"connected":false,"MAC":"06:A8:C0:D9:D5:E3"}
23:10:26.179 DEBUG vert.x-eventloop-thread-0 ClientPortalService  : auth brokerage, k=b806c650c3e699206ed4ddedbc3ef56f4881a1d, post={"username":"pragu1020","machineId":"1cb22411","compete":true}
23:10:26.509 INFO  vert.x-eventloop-thread-0 BaseServiceProxy     : -> POST https://api.ibkr.com/v1/api/iserver/auth/ssodh/init,200|330ms
23:10:26.511 DEBUG vert.x-eventloop-thread-0 ClientPortalService  : iserver init : {"passed":true,"authenticated":true,"connected":true,"established":false,"competing":false,"hardware_info":"275c5aa2|06:A8:C0:D9:D5:E3"}
23:10:26.512 INFO  vert.x-eventloop-thread-0 ClientPortalService  : process auth status {"passed":true,"authenticated":true,"connected":true,"established":false,"competing":false,"hardware_info":"275c5aa2|06:A8:C0:D9:D5:E3"}
23:10:26.513 DEBUG vert.x-eventloop-thread-0 BaseServiceProxy     : start timer 30000 ClientPortalService
23:10:26.565 INFO  vert.x-eventloop-thread-0 BaseServiceProxy     : -> GET /v1/api/iserver/accounts,200|52ms
23:10:26.566 DEBUG vert.x-eventloop-thread-0 ClientPortalService  : iserver accounts {}
23:10:56.588 INFO  vert.x-eventloop-thread-0 BaseServiceProxy     : -> GET /v1/api/tickle,200|72ms
23:10:56.591 DEBUG vert.x-eventloop-thread-0 ClientPortalService  : tickle {"session":"f3bcd14aad5255b6825402c7f1e11c8f","ssoExpires":564654,"collission":false,"userId":50301190,"hmds":{"error":"no bridge"},"iserver":{"authStatus":{"authenticated":true,"established":true,"competing":false,"connected":true,"message":"","MAC":"06:A8:C0:D9:D5:E3","serverInfo":{"serverName":"JifS15099","serverVersion":"Build 10.44.1f, Apr 7, 2026 1:49:24 PM"},"hardware_info":"275c5aa2|06:A8:C0:D9:D5:E3"}}}
23:11:26.583 INFO  vert.x-eventloop-thread-0 BaseServiceProxy     : -> GET /v1/api/tickle,200|69ms
23:11:26.585 DEBUG vert.x-eventloop-thread-0 ClientPortalService  : tickle {"session":"f3bcd14aad5255b6825402c7f1e11c8f","ssoExpires":534657,"collission":false,"userId":50301190,"hmds":{"error":"no bridge"},"iserver":{"authStatus":{"authenticated":true,"established":true,"competing":false,"connected":true,"message":"","MAC":"06:A8:C0:D9:D5:E3","serverInfo":{"serverName":"JifS15099","serverVersion":"Build 10.44.1f, Apr 7, 2026 1:49:24 PM"},"hardware_info":"275c5aa2|06:A8:C0:D9:D5:E3"}}}
23:11:56.591 INFO  vert.x-eventloop-thread-0 BaseServiceProxy     : -> GET /v1/api/tickle,200|77ms
23:11:56.593 DEBUG vert.x-eventloop-thread-0 ClientPortalService  : tickle {"session":"f3bcd14aad5255b6825402c7f1e11c8f","ssoExpires":504671,"collission":false,"userId":50301190,"hmds":{"error":"no bridge"},"iserver":{"authStatus":{"authenticated":true,"established":true,"competing":false,"connected":true,"message":"","MAC":"06:A8:C0:D9:D5:E3","serverInfo":{"serverName":"JifS15099","serverVersion":"Build 10.44.1f, Apr 7, 2026 1:49:24 PM"},"hardware_info":"275c5aa2|06:A8:C0:D9:D5:E3"}}}
23:12:26.585 INFO  vert.x-eventloop-thread-0 BaseServiceProxy     : -> GET /v1/api/tickle,200|71ms
23:12:26.587 DEBUG vert.x-eventloop-thread-0 ClientPortalService  : tickle {"session":"f3bcd14aad5255b6825402c7f1e11c8f","ssoExpires":474667,"collission":false,"userId":50301190,"hmds":{"error":"no bridge"},"iserver":{"authStatus":{"authenticated":true,"established":true,"competing":false,"connected":true,"message":"","MAC":"06:A8:C0:D9:D5:E3","serverInfo":{"serverName":"JifS15099","serverVersion":"Build 10.44.1f, Apr 7, 2026 1:49:24 PM"},"hardware_info":"275c5aa2|06:A8:C0:D9:D5:E3"}}}
23:12:56.634 INFO  vert.x-eventloop-thread-0 BaseServiceProxy     : -> GET /v1/api/tickle,200|120ms
23:12:56.635 DEBUG vert.x-eventloop-thread-0 ClientPortalService  : tickle {"session":"f3bcd14aad5255b6825402c7f1e11c8f","ssoExpires":444620,"collission":false,"userId":50301190,"hmds":{"error":"no bridge"},"iserver":{"authStatus":{"authenticated":true,"established":true,"competing":false,"connected":true,"message":"","MAC":"06:A8:C0:D9:D5:E3","serverInfo":{"serverName":"JifS15099","serverVersion":"Build 10.44.1f, Apr 7, 2026 1:49:24 PM"},"hardware_info":"275c5aa2|06:A8:C0:D9:D5:E3"}}}
23:13:26.646 INFO  vert.x-eventloop-thread-0 BaseServiceProxy     : -> GET /v1/api/tickle,200|131ms
23:13:26.648 DEBUG vert.x-eventloop-thread-0 ClientPortalService  : tickle {"session":"f3bcd14aad5255b6825402c7f1e11c8f","ssoExpires":414600,"collission":false,"userId":50301190,"hmds":{"error":"no bridge"},"iserver":{"authStatus":{"authenticated":true,"established":true,"competing":false,"connected":true,"message":"","MAC":"06:A8:C0:D9:D5:E3","serverInfo":{"serverName":"JifS15099","serverVersion":"Build 10.44.1f, Apr 7, 2026 1:49:24 PM"},"hardware_info":"275c5aa2|06:A8:C0:D9:D5:E3"}}}
23:13:33.958 INFO  vert.x-eventloop-thread-0 BaseServiceProxy     : -> GET /v1/api/iserver/auth/ssodh/init?publish=true&compete=true,200|311ms
23:13:34.059 INFO  vert.x-eventloop-thread-0 BaseServiceProxy     : -> GET /v1/api/iserver/account/orders,200|48ms
23:13:34.150 INFO  vert.x-eventloop-thread-0 BaseServiceProxy     : -> GET /v1/api/tickle,200|69ms
23:13:56.606 INFO  vert.x-eventloop-thread-0 BaseServiceProxy     : -> GET /v1/api/tickle,200|90ms
23:13:56.610 DEBUG vert.x-eventloop-thread-0 ClientPortalService  : tickle {"session":"f3bcd14aad5255b6825402c7f1e11c8f","ssoExpires":384653,"collission":false,"userId":50301190,"hmds":{"error":"no bridge"},"iserver":{"authStatus":{"authenticated":true,"established":true,"competing":false,"connected":true,"message":"","MAC":"06:A8:C0:D9:D5:E3","serverInfo":{"serverName":"JifS15099","serverVersion":"Build 10.44.1f, Apr 7, 2026 1:49:24 PM"},"hardware_info":"275c5aa2|06:A8:C0:D9:D5:E3"}}}
23:14:26.568 INFO  vert.x-eventloop-thread-0 BaseServiceProxy     : -> GET /v1/api/tickle,200|54ms
23:14:26.569 DEBUG vert.x-eventloop-thread-0 ClientPortalService  : tickle {"session":"f3bcd14aad5255b6825402c7f1e11c8f","ssoExpires":354671,"collission":false,"userId":50301190,"hmds":{"error":"no bridge"},"iserver":{"authStatus":{"authenticated":true,"established":true,"competing":false,"connected":true,"message":"","MAC":"06:A8:C0:D9:D5:E3","serverInfo":{"serverName":"JifS15099","serverVersion":"Build 10.44.1f, Apr 7, 2026 1:49:24 PM"},"hardware_info":"275c5aa2|06:A8:C0:D9:D5:E3"}}}
23:14:56.809 INFO  vert.x-eventloop-thread-0 BaseServiceProxy     : -> GET /v1/api/tickle,200|294ms
23:14:56.813 DEBUG vert.x-eventloop-thread-0 ClientPortalService  : tickle {"session":"f3bcd14aad5255b6825402c7f1e11c8f","ssoExpires":324430,"collission":false,"userId":50301190,"hmds":{"error":"no bridge"},"iserver":{"authStatus":{"authenticated":true,"established":true,"competing":false,"connected":true,"message":"","MAC":"06:A8:C0:D9:D5:E3","serverInfo":{"serverName":"JifS15099","serverVersion":"Build 10.44.1f, Apr 7, 2026 1:49:24 PM"},"hardware_info":"275c5aa2|06:A8:C0:D9:D5:E3"}}}
23:15:21.926 INFO  vert.x-eventloop-thread-0 BaseServiceProxy     : -> GET /sso/ping,200|531ms
23:15:21.927 INFO  vert.x-eventloop-thread-0 SsoService           : sso ping {"result": "true"}
23:15:26.588 INFO  vert.x-eventloop-thread-0 BaseServiceProxy     : -> GET /v1/api/tickle,200|74ms
23:15:26.588 DEBUG vert.x-eventloop-thread-0 ClientPortalService  : tickle {"session":"f3bcd14aad5255b6825402c7f1e11c8f","ssoExpires":294672,"collission":false,"userId":50301190,"hmds":{"error":"no bridge"},"iserver":{"authStatus":{"authenticated":true,"established":true,"competing":false,"connected":true,"message":"","MAC":"06:A8:C0:D9:D5:E3","serverInfo":{"serverName":"JifS15099","serverVersion":"Build 10.44.1f, Apr 7, 2026 1:49:24 PM"},"hardware_info":"275c5aa2|06:A8:C0:D9:D5:E3"}}}
23:15:56.578 INFO  vert.x-eventloop-thread-0 BaseServiceProxy     : -> GET /v1/api/tickle,200|63ms
23:15:56.580 DEBUG vert.x-eventloop-thread-0 ClientPortalService  : tickle {"session":"f3bcd14aad5255b6825402c7f1e11c8f","ssoExpires":264666,"collission":false,"userId":50301190,"hmds":{"error":"no bridge"},"iserver":{"authStatus":{"authenticated":true,"established":true,"competing":false,"connected":true,"message":"","MAC":"06:A8:C0:D9:D5:E3","serverInfo":{"serverName":"JifS15099","serverVersion":"Build 10.44.1f, Apr 7, 2026 1:49:24 PM"},"hardware_info":"275c5aa2|06:A8:C0:D9:D5:E3"}}}
23:16:26.573 INFO  vert.x-eventloop-thread-0 BaseServiceProxy     : -> GET /v1/api/tickle,200|59ms
23:16:26.574 DEBUG vert.x-eventloop-thread-0 ClientPortalService  : tickle {"session":"f3bcd14aad5255b6825402c7f1e11c8f","ssoExpires":234667,"collission":false,"userId":50301190,"hmds":{"error":"no bridge"},"iserver":{"authStatus":{"authenticated":true,"established":true,"competing":false,"connected":true,"message":"","MAC":"06:A8:C0:D9:D5:E3","serverInfo":{"serverName":"JifS15099","serverVersion":"Build 10.44.1f, Apr 7, 2026 1:49:24 PM"},"hardware_info":"275c5aa2|06:A8:C0:D9:D5:E3"}}}
23:16:34.360 INFO  vert.x-eventloop-thread-0 BaseServiceProxy     : -> GET /v1/api/tickle,200|51ms
23:16:56.606 INFO  vert.x-eventloop-thread-0 BaseServiceProxy     : -> GET /v1/api/tickle,200|92ms
23:16:56.608 DEBUG vert.x-eventloop-thread-0 ClientPortalService  : tickle {"session":"f3bcd14aad5255b6825402c7f1e11c8f","ssoExpires":204634,"collission":false,"userId":50301190,"hmds":{"error":"no bridge"},"iserver":{"authStatus":{"authenticated":true,"established":true,"competing":false,"connected":true,"message":"","MAC":"06:A8:C0:D9:D5:E3","serverInfo":{"serverName":"JifS15099","serverVersion":"Build 10.44.1f, Apr 7, 2026 1:49:24 PM"},"hardware_info":"275c5aa2|06:A8:C0:D9:D5:E3"}}}
23:17:26.807 INFO  vert.x-eventloop-thread-0 BaseServiceProxy     : -> GET /v1/api/tickle,200|293ms
23:17:26.812 DEBUG vert.x-eventloop-thread-0 ClientPortalService  : tickle {"session":"f3bcd14aad5255b6825402c7f1e11c8f","ssoExpires":174439,"collission":false,"userId":50301190,"hmds":{"error":"no bridge"},"iserver":{"authStatus":{"authenticated":true,"established":true,"competing":false,"connected":true,"message":"","MAC":"06:A8:C0:D9:D5:E3","serverInfo":{"serverName":"JifS15099","serverVersion":"Build 10.44.1f, Apr 7, 2026 1:49:24 PM"},"hardware_info":"275c5aa2|06:A8:C0:D9:D5:E3"}}}
23:17:56.596 INFO  vert.x-eventloop-thread-0 BaseServiceProxy     : -> GET /v1/api/tickle,200|81ms
23:17:56.598 DEBUG vert.x-eventloop-thread-0 ClientPortalService  : tickle {"session":"f3bcd14aad5255b6825402c7f1e11c8f","ssoExpires":144646,"collission":false,"userId":50301190,"hmds":{"error":"no bridge"},"iserver":{"authStatus":{"authenticated":true,"established":true,"competing":false,"connected":true,"message":"","MAC":"06:A8:C0:D9:D5:E3","serverInfo":{"serverName":"JifS15099","serverVersion":"Build 10.44.1f, Apr 7, 2026 1:49:24 PM"},"hardware_info":"275c5aa2|06:A8:C0:D9:D5:E3"}}}
23:18:26.582 INFO  vert.x-eventloop-thread-0 BaseServiceProxy     : -> GET /v1/api/tickle,200|68ms
23:18:26.584 DEBUG vert.x-eventloop-thread-0 ClientPortalService  : tickle {"session":"f3bcd14aad5255b6825402c7f1e11c8f","ssoExpires":114660,"collission":false,"userId":50301190,"hmds":{"error":"no bridge"},"iserver":{"authStatus":{"authenticated":true,"established":true,"competing":false,"connected":true,"message":"","MAC":"06:A8:C0:D9:D5:E3","serverInfo":{"serverName":"JifS15099","serverVersion":"Build 10.44.1f, Apr 7, 2026 1:49:24 PM"},"hardware_info":"275c5aa2|06:A8:C0:D9:D5:E3"}}}
23:18:44.400 INFO  vert.x-eventloop-thread-0 BaseServiceProxy     : -> GET /v1/api/iserver/account/trades,200|48ms
23:18:46.501 INFO  vert.x-eventloop-thread-0 BaseServiceProxy     : -> GET /v1/api/iserver/account/trades,200|54ms
23:18:56.580 INFO  vert.x-eventloop-thread-0 BaseServiceProxy     : -> GET /v1/api/tickle,200|66ms
23:18:56.582 DEBUG vert.x-eventloop-thread-0 ClientPortalService  : tickle {"session":"f3bcd14aad5255b6825402c7f1e11c8f","ssoExpires":84662,"collission":false,"userId":50301190,"hmds":{"error":"no bridge"},"iserver":{"authStatus":{"authenticated":true,"established":true,"competing":false,"connected":true,"message":"","MAC":"06:A8:C0:D9:D5:E3","serverInfo":{"serverName":"JifS15099","serverVersion":"Build 10.44.1f, Apr 7, 2026 1:49:24 PM"},"hardware_info":"275c5aa2|06:A8:C0:D9:D5:E3"}}}
23:19:26.733 INFO  vert.x-eventloop-thread-0 BaseServiceProxy     : -> GET /v1/api/tickle,200|218ms
23:19:26.735 DEBUG vert.x-eventloop-thread-0 ClientPortalService  : tickle {"session":"f3bcd14aad5255b6825402c7f1e11c8f","ssoExpires":54508,"collission":false,"userId":50301190,"hmds":{"error":"no bridge"},"iserver":{"authStatus":{"authenticated":true,"established":true,"competing":false,"connected":true,"message":"","MAC":"06:A8:C0:D9:D5:E3","serverInfo":{"serverName":"JifS15099","serverVersion":"Build 10.44.1f, Apr 7, 2026 1:49:24 PM"},"hardware_info":"275c5aa2|06:A8:C0:D9:D5:E3"}}}
23:19:34.543 INFO  vert.x-eventloop-thread-0 BaseServiceProxy     : -> GET /v1/api/tickle,200|60ms
23:19:56.599 INFO  vert.x-eventloop-thread-0 BaseServiceProxy     : -> GET /v1/api/tickle,200|85ms
23:19:56.601 DEBUG vert.x-eventloop-thread-0 ClientPortalService  : tickle {"session":"f3bcd14aad5255b6825402c7f1e11c8f","ssoExpires":24644,"collission":false,"userId":50301190,"hmds":{"error":"no bridge"},"iserver":{"authStatus":{"authenticated":true,"established":true,"competing":false,"connected":true,"message":"","MAC":"06:A8:C0:D9:D5:E3","serverInfo":{"serverName":"JifS15099","serverVersion":"Build 10.44.1f, Apr 7, 2026 1:49:24 PM"},"hardware_info":"275c5aa2|06:A8:C0:D9:D5:E3"}}}
23:20:21.759 INFO  vert.x-eventloop-thread-0 BaseServiceProxy     : -> GET /sso/ping,200|368ms
23:20:21.761 INFO  vert.x-eventloop-thread-0 SsoService           : sso ping {"result": "true"}
23:20:26.604 INFO  vert.x-eventloop-thread-0 BaseServiceProxy     : -> GET /v1/api/tickle,200|90ms
23:20:26.605 DEBUG vert.x-eventloop-thread-0 ClientPortalService  : tickle {"session":"f3bcd14aad5255b6825402c7f1e11c8f","ssoExpires":600000,"collission":false,"userId":50301190,"hmds":{"error":"no bridge"},"iserver":{"authStatus":{"authenticated":true,"established":true,"competing":false,"connected":true,"message":"","MAC":"06:A8:C0:D9:D5:E3","serverInfo":{"serverName":"JifS15099","serverVersion":"Build 10.44.1f, Apr 7, 2026 1:49:24 PM"},"hardware_info":"275c5aa2|06:A8:C0:D9:D5:E3"}}}
23:20:56.595 INFO  vert.x-eventloop-thread-0 BaseServiceProxy     : -> GET /v1/api/tickle,200|81ms
23:20:56.597 DEBUG vert.x-eventloop-thread-0 ClientPortalService  : tickle {"session":"f3bcd14aad5255b6825402c7f1e11c8f","ssoExpires":570021,"collission":false,"userId":50301190,"hmds":{"error":"no bridge"},"iserver":{"authStatus":{"authenticated":true,"established":true,"competing":false,"connected":true,"message":"","MAC":"06:A8:C0:D9:D5:E3","serverInfo":{"serverName":"JifS15099","serverVersion":"Build 10.44.1f, Apr 7, 2026 1:49:24 PM"},"hardware_info":"275c5aa2|06:A8:C0:D9:D5:E3"}}}
23:21:26.830 INFO  vert.x-eventloop-thread-0 BaseServiceProxy     : -> GET /v1/api/tickle,200|316ms
23:21:26.832 DEBUG vert.x-eventloop-thread-0 ClientPortalService  : tickle {"session":"f3bcd14aad5255b6825402c7f1e11c8f","ssoExpires":539773,"collission":false,"userId":50301190,"hmds":{"error":"no bridge"},"iserver":{"authStatus":{"authenticated":true,"established":true,"competing":false,"connected":true,"message":"","MAC":"06:A8:C0:D9:D5:E3","serverInfo":{"serverName":"JifS15099","serverVersion":"Build 10.44.1f, Apr 7, 2026 1:49:24 PM"},"hardware_info":"275c5aa2|06:A8:C0:D9:D5:E3"}}}
23:21:56.591 INFO  vert.x-eventloop-thread-0 BaseServiceProxy     : -> GET /v1/api/tickle,200|74ms
23:21:56.593 DEBUG vert.x-eventloop-thread-0 ClientPortalService  : tickle {"session":"f3bcd14aad5255b6825402c7f1e11c8f","ssoExpires":510017,"collission":false,"userId":50301190,"hmds":{"error":"no bridge"},"iserver":{"authStatus":{"authenticated":true,"established":true,"competing":false,"connected":true,"message":"","MAC":"06:A8:C0:D9:D5:E3","serverInfo":{"serverName":"JifS15099","serverVersion":"Build 10.44.1f, Apr 7, 2026 1:49:24 PM"},"hardware_info":"275c5aa2|06:A8:C0:D9:D5:E3"}}}
23:22:26.588 INFO  vert.x-eventloop-thread-0 BaseServiceProxy     : -> GET /v1/api/tickle,200|74ms
23:22:26.589 DEBUG vert.x-eventloop-thread-0 ClientPortalService  : tickle {"session":"f3bcd14aad5255b6825402c7f1e11c8f","ssoExpires":480009,"collission":false,"userId":50301190,"hmds":{"error":"no bridge"},"iserver":{"authStatus":{"authenticated":true,"established":true,"competing":false,"connected":true,"message":"","MAC":"06:A8:C0:D9:D5:E3","serverInfo":{"serverName":"JifS15099","serverVersion":"Build 10.44.1f, Apr 7, 2026 1:49:24 PM"},"hardware_info":"275c5aa2|06:A8:C0:D9:D5:E3"}}}
23:22:34.743 INFO  vert.x-eventloop-thread-0 BaseServiceProxy     : -> GET /v1/api/tickle,200|52ms
23:22:56.587 INFO  vert.x-eventloop-thread-0 BaseServiceProxy     : -> GET /v1/api/tickle,200|72ms
23:22:56.590 DEBUG vert.x-eventloop-thread-0 ClientPortalService  : tickle {"session":"f3bcd14aad5255b6825402c7f1e11c8f","ssoExpires":450013,"collission":false,"userId":50301190,"hmds":{"error":"no bridge"},"iserver":{"authStatus":{"authenticated":true,"established":true,"competing":false,"connected":true,"message":"","MAC":"06:A8:C0:D9:D5:E3","serverInfo":{"serverName":"JifS15099","serverVersion":"Build 10.44.1f, Apr 7, 2026 1:49:24 PM"},"hardware_info":"275c5aa2|06:A8:C0:D9:D5:E3"}}}
23:23:26.849 INFO  vert.x-eventloop-thread-0 BaseServiceProxy     : -> GET /v1/api/tickle,200|336ms
23:23:26.851 DEBUG vert.x-eventloop-thread-0 ClientPortalService  : tickle {"session":"f3bcd14aad5255b6825402c7f1e11c8f","ssoExpires":419766,"collission":false,"userId":50301190,"hmds":{"error":"no bridge"},"iserver":{"authStatus":{"authenticated":true,"established":true,"competing":false,"connected":true,"message":"","MAC":"06:A8:C0:D9:D5:E3","serverInfo":{"serverName":"JifS15099","serverVersion":"Build 10.44.1f, Apr 7, 2026 1:49:24 PM"},"hardware_info":"275c5aa2|06:A8:C0:D9:D5:E3"}}}
23:23:56.851 INFO  vert.x-eventloop-thread-0 BaseServiceProxy     : -> GET /v1/api/tickle,200|337ms
23:23:56.852 DEBUG vert.x-eventloop-thread-0 ClientPortalService  : tickle {"session":"f3bcd14aad5255b6825402c7f1e11c8f","ssoExpires":389746,"collission":false,"userId":50301190,"hmds":{"error":"no bridge"},"iserver":{"authStatus":{"authenticated":true,"established":true,"competing":false,"connected":true,"message":"","MAC":"06:A8:C0:D9:D5:E3","serverInfo":{"serverName":"JifS15099","serverVersion":"Build 10.44.1f, Apr 7, 2026 1:49:24 PM"},"hardware_info":"275c5aa2|06:A8:C0:D9:D5:E3"}}}
23:24:26.611 INFO  vert.x-eventloop-thread-0 BaseServiceProxy     : -> GET /v1/api/tickle,200|96ms
23:24:26.614 DEBUG vert.x-eventloop-thread-0 ClientPortalService  : tickle {"session":"f3bcd14aad5255b6825402c7f1e11c8f","ssoExpires":359989,"collission":false,"userId":50301190,"hmds":{"error":"no bridge"},"iserver":{"authStatus":{"authenticated":true,"established":true,"competing":false,"connected":true,"message":"","MAC":"06:A8:C0:D9:D5:E3","serverInfo":{"serverName":"JifS15099","serverVersion":"Build 10.44.1f, Apr 7, 2026 1:49:24 PM"},"hardware_info":"275c5aa2|06:A8:C0:D9:D5:E3"}}}
23:24:56.578 INFO  vert.x-eventloop-thread-0 BaseServiceProxy     : -> GET /v1/api/tickle,200|65ms
23:24:56.580 DEBUG vert.x-eventloop-thread-0 ClientPortalService  : tickle {"session":"f3bcd14aad5255b6825402c7f1e11c8f","ssoExpires":330030,"collission":false,"userId":50301190,"hmds":{"error":"no bridge"},"iserver":{"authStatus":{"authenticated":true,"established":true,"competing":false,"connected":true,"message":"","MAC":"06:A8:C0:D9:D5:E3","serverInfo":{"serverName":"JifS15099","serverVersion":"Build 10.44.1f, Apr 7, 2026 1:49:24 PM"},"hardware_info":"275c5aa2|06:A8:C0:D9:D5:E3"}}}
23:25:21.788 INFO  vert.x-eventloop-thread-0 BaseServiceProxy     : -> GET /sso/ping,200|399ms
23:25:21.789 INFO  vert.x-eventloop-thread-0 SsoService           : sso ping {"result": "true"}
23:25:26.631 INFO  vert.x-eventloop-thread-0 BaseServiceProxy     : -> GET /v1/api/tickle,200|118ms
23:25:26.632 DEBUG vert.x-eventloop-thread-0 ClientPortalService  : tickle {"session":"f3bcd14aad5255b6825402c7f1e11c8f","ssoExpires":300009,"collission":false,"userId":50301190,"hmds":{"error":"no bridge"},"iserver":{"authStatus":{"authenticated":true,"established":true,"competing":false,"connected":true,"message":"","MAC":"06:A8:C0:D9:D5:E3","serverInfo":{"serverName":"JifS15099","serverVersion":"Build 10.44.1f, Apr 7, 2026 1:49:24 PM"},"hardware_info":"275c5aa2|06:A8:C0:D9:D5:E3"}}}
23:25:34.958 INFO  vert.x-eventloop-thread-0 BaseServiceProxy     : -> GET /v1/api/tickle,200|62ms
23:25:56.571 INFO  vert.x-eventloop-thread-0 BaseServiceProxy     : -> GET /v1/api/tickle,200|58ms
23:25:56.572 DEBUG vert.x-eventloop-thread-0 ClientPortalService  : tickle {"session":"f3bcd14aad5255b6825402c7f1e11c8f","ssoExpires":270027,"collission":false,"userId":50301190,"hmds":{"error":"no bridge"},"iserver":{"authStatus":{"authenticated":true,"established":true,"competing":false,"connected":true,"message":"","MAC":"06:A8:C0:D9:D5:E3","serverInfo":{"serverName":"JifS15099","serverVersion":"Build 10.44.1f, Apr 7, 2026 1:49:24 PM"},"hardware_info":"275c5aa2|06:A8:C0:D9:D5:E3"}}}
23:26:26.823 INFO  vert.x-eventloop-thread-0 BaseServiceProxy     : -> GET /v1/api/tickle,200|309ms
23:26:26.825 DEBUG vert.x-eventloop-thread-0 ClientPortalService  : tickle {"session":"f3bcd14aad5255b6825402c7f1e11c8f","ssoExpires":239778,"collission":false,"userId":50301190,"hmds":{"error":"no bridge"},"iserver":{"authStatus":{"authenticated":true,"established":true,"competing":false,"connected":true,"message":"","MAC":"06:A8:C0:D9:D5:E3","serverInfo":{"serverName":"JifS15099","serverVersion":"Build 10.44.1f, Apr 7, 2026 1:49:24 PM"},"hardware_info":"275c5aa2|06:A8:C0:D9:D5:E3"}}}
23:26:56.581 INFO  vert.x-eventloop-thread-0 BaseServiceProxy     : -> GET /v1/api/tickle,200|67ms
23:26:56.584 DEBUG vert.x-eventloop-thread-0 ClientPortalService  : tickle {"session":"f3bcd14aad5255b6825402c7f1e11c8f","ssoExpires":210021,"collission":false,"userId":50301190,"hmds":{"error":"no bridge"},"iserver":{"authStatus":{"authenticated":true,"established":true,"competing":false,"connected":true,"message":"","MAC":"06:A8:C0:D9:D5:E3","serverInfo":{"serverName":"JifS15099","serverVersion":"Build 10.44.1f, Apr 7, 2026 1:49:24 PM"},"hardware_info":"275c5aa2|06:A8:C0:D9:D5:E3"}}}
23:27:26.577 INFO  vert.x-eventloop-thread-0 BaseServiceProxy     : -> GET /v1/api/tickle,200|63ms
23:27:26.578 DEBUG vert.x-eventloop-thread-0 ClientPortalService  : tickle {"session":"f3bcd14aad5255b6825402c7f1e11c8f","ssoExpires":180025,"collission":false,"userId":50301190,"hmds":{"error":"no bridge"},"iserver":{"authStatus":{"authenticated":true,"established":true,"competing":false,"connected":true,"message":"","MAC":"06:A8:C0:D9:D5:E3","serverInfo":{"serverName":"JifS15099","serverVersion":"Build 10.44.1f, Apr 7, 2026 1:49:24 PM"},"hardware_info":"275c5aa2|06:A8:C0:D9:D5:E3"}}}
23:27:56.571 INFO  vert.x-eventloop-thread-0 BaseServiceProxy     : -> GET /v1/api/tickle,200|56ms
23:27:56.572 DEBUG vert.x-eventloop-thread-0 ClientPortalService  : tickle {"session":"f3bcd14aad5255b6825402c7f1e11c8f","ssoExpires":150027,"collission":false,"userId":50301190,"hmds":{"error":"no bridge"},"iserver":{"authStatus":{"authenticated":true,"established":true,"competing":false,"connected":true,"message":"","MAC":"06:A8:C0:D9:D5:E3","serverInfo":{"serverName":"JifS15099","serverVersion":"Build 10.44.1f, Apr 7, 2026 1:49:24 PM"},"hardware_info":"275c5aa2|06:A8:C0:D9:D5:E3"}}}
23:28:26.588 INFO  vert.x-eventloop-thread-0 BaseServiceProxy     : -> GET /v1/api/tickle,200|75ms
23:28:26.588 DEBUG vert.x-eventloop-thread-0 ClientPortalService  : tickle {"session":"f3bcd14aad5255b6825402c7f1e11c8f","ssoExpires":120010,"collission":false,"userId":50301190,"hmds":{"error":"no bridge"},"iserver":{"authStatus":{"authenticated":true,"established":true,"competing":false,"connected":true,"message":"","MAC":"06:A8:C0:D9:D5:E3","serverInfo":{"serverName":"JifS15099","serverVersion":"Build 10.44.1f, Apr 7, 2026 1:49:24 PM"},"hardware_info":"275c5aa2|06:A8:C0:D9:D5:E3"}}}
23:28:35.491 INFO  vert.x-eventloop-thread-0 BaseServiceProxy     : -> GET /v1/api/tickle,200|62ms
23:28:56.592 INFO  vert.x-eventloop-thread-0 BaseServiceProxy     : -> GET /v1/api/tickle,200|77ms
23:28:56.596 DEBUG vert.x-eventloop-thread-0 ClientPortalService  : tickle {"session":"f3bcd14aad5255b6825402c7f1e11c8f","ssoExpires":90011,"collission":false,"userId":50301190,"hmds":{"error":"no bridge"},"iserver":{"authStatus":{"authenticated":true,"established":true,"competing":false,"connected":true,"message":"","MAC":"06:A8:C0:D9:D5:E3","serverInfo":{"serverName":"JifS15099","serverVersion":"Build 10.44.1f, Apr 7, 2026 1:49:24 PM"},"hardware_info":"275c5aa2|06:A8:C0:D9:D5:E3"}}}
23:29:26.581 INFO  vert.x-eventloop-thread-0 BaseServiceProxy     : -> GET /v1/api/tickle,200|66ms
23:29:26.581 DEBUG vert.x-eventloop-thread-0 ClientPortalService  : tickle {"session":"f3bcd14aad5255b6825402c7f1e11c8f","ssoExpires":60024,"collission":false,"userId":50301190,"hmds":{"error":"no bridge"},"iserver":{"authStatus":{"authenticated":true,"established":true,"competing":false,"connected":true,"message":"","MAC":"06:A8:C0:D9:D5:E3","serverInfo":{"serverName":"JifS15099","serverVersion":"Build 10.44.1f, Apr 7, 2026 1:49:24 PM"},"hardware_info":"275c5aa2|06:A8:C0:D9:D5:E3"}}}
23:29:56.573 INFO  vert.x-eventloop-thread-0 BaseServiceProxy     : -> GET /v1/api/tickle,200|59ms
23:29:56.575 DEBUG vert.x-eventloop-thread-0 ClientPortalService  : tickle {"session":"f3bcd14aad5255b6825402c7f1e11c8f","ssoExpires":30026,"collission":false,"userId":50301190,"hmds":{"error":"no bridge"},"iserver":{"authStatus":{"authenticated":true,"established":true,"competing":false,"connected":true,"message":"","MAC":"06:A8:C0:D9:D5:E3","serverInfo":{"serverName":"JifS15099","serverVersion":"Build 10.44.1f, Apr 7, 2026 1:49:24 PM"},"hardware_info":"275c5aa2|06:A8:C0:D9:D5:E3"}}}
23:30:21.716 INFO  vert.x-eventloop-thread-0 BaseServiceProxy     : -> GET /sso/ping,200|325ms
23:30:21.717 INFO  vert.x-eventloop-thread-0 SsoService           : sso ping {"result": "true"}
23:30:26.569 INFO  vert.x-eventloop-thread-0 BaseServiceProxy     : -> GET /v1/api/tickle,200|55ms
23:30:26.569 DEBUG vert.x-eventloop-thread-0 ClientPortalService  : tickle {"session":"f3bcd14aad5255b6825402c7f1e11c8f","ssoExpires":28,"collission":false,"userId":50301190,"hmds":{"error":"no bridge"},"iserver":{"authStatus":{"authenticated":true,"established":true,"competing":false,"connected":true,"message":"","MAC":"06:A8:C0:D9:D5:E3","serverInfo":{"serverName":"JifS15099","serverVersion":"Build 10.44.1f, Apr 7, 2026 1:49:24 PM"},"hardware_info":"275c5aa2|06:A8:C0:D9:D5:E3"}}}
23:30:56.576 INFO  vert.x-eventloop-thread-0 BaseServiceProxy     : -> GET /v1/api/tickle,200|62ms
23:30:56.578 DEBUG vert.x-eventloop-thread-0 ClientPortalService  : tickle {"session":"f3bcd14aad5255b6825402c7f1e11c8f","ssoExpires":600000,"collission":false,"userId":50301190,"hmds":{"error":"no bridge"},"iserver":{"authStatus":{"authenticated":true,"established":true,"competing":false,"connected":true,"message":"","MAC":"06:A8:C0:D9:D5:E3","serverInfo":{"serverName":"JifS15099","serverVersion":"Build 10.44.1f, Apr 7, 2026 1:49:24 PM"},"hardware_info":"275c5aa2|06:A8:C0:D9:D5:E3"}}}
23:31:26.848 INFO  vert.x-eventloop-thread-0 BaseServiceProxy     : -> GET /v1/api/tickle,200|333ms
23:31:26.851 DEBUG vert.x-eventloop-thread-0 ClientPortalService  : tickle {"session":"f3bcd14aad5255b6825402c7f1e11c8f","ssoExpires":569765,"collission":false,"userId":50301190,"hmds":{"error":"no bridge"},"iserver":{"authStatus":{"authenticated":true,"established":true,"competing":false,"connected":true,"message":"","MAC":"06:A8:C0:D9:D5:E3","serverInfo":{"serverName":"JifS15099","serverVersion":"Build 10.44.1f, Apr 7, 2026 1:49:24 PM"},"hardware_info":"275c5aa2|06:A8:C0:D9:D5:E3"}}}
23:31:35.707 INFO  vert.x-eventloop-thread-0 BaseServiceProxy     : -> GET /v1/api/tickle,200|66ms
23:31:56.571 INFO  vert.x-eventloop-thread-0 BaseServiceProxy     : -> GET /v1/api/tickle,200|56ms
23:31:56.573 DEBUG vert.x-eventloop-thread-0 ClientPortalService  : tickle {"session":"f3bcd14aad5255b6825402c7f1e11c8f","ssoExpires":540005,"collission":false,"userId":50301190,"hmds":{"error":"no bridge"},"iserver":{"authStatus":{"authenticated":true,"established":true,"competing":false,"connected":true,"message":"","MAC":"06:A8:C0:D9:D5:E3","serverInfo":{"serverName":"JifS15099","serverVersion":"Build 10.44.1f, Apr 7, 2026 1:49:24 PM"},"hardware_info":"275c5aa2|06:A8:C0:D9:D5:E3"}}}
23:45:13.576 ERROR vert.x-eventloop-thread-0 ConnectionBase       : java.net.SocketException: Connection reset
23:45:13.587 ERROR vert.x-eventloop-thread-0 BaseServiceProxy     : request failed Connection reset
java.net.SocketException: Connection reset
	at java.base/sun.nio.ch.SocketChannelImpl.throwConnectionReset(SocketChannelImpl.java:394)
	at java.base/sun.nio.ch.SocketChannelImpl.read(SocketChannelImpl.java:426)
	at io.netty.buffer.PooledUnsafeDirectByteBuf.setBytes(PooledUnsafeDirectByteBuf.java:288)
	at io.netty.buffer.AbstractByteBuf.writeBytes(AbstractByteBuf.java:1106)
	at io.netty.channel.socket.nio.NioSocketChannel.doReadBytes(NioSocketChannel.java:373)
	at io.netty.channel.nio.AbstractNioByteChannel$NioByteUnsafe.read(AbstractNioByteChannel.java:123)
	at io.netty.channel.nio.NioEventLoop.processSelectedKey(NioEventLoop.java:645)
	at io.netty.channel.nio.NioEventLoop.processSelectedKeysPlain(NioEventLoop.java:545)
	at io.netty.channel.nio.NioEventLoop.processSelectedKeys(NioEventLoop.java:499)
	at io.netty.channel.nio.NioEventLoop.run(NioEventLoop.java:459)
	at io.netty.util.concurrent.SingleThreadEventExecutor$5.run(SingleThreadEventExecutor.java:858)
	at java.base/java.lang.Thread.run(Thread.java:842)
23:45:43.274 ERROR vert.x-eventloop-thread-0 ConnectionBase       : java.net.SocketException: Connection reset
23:45:43.276 ERROR vert.x-eventloop-thread-0 BaseServiceProxy     : request failed Connection reset
java.net.SocketException: Connection reset
	at java.base/sun.nio.ch.SocketChannelImpl.throwConnectionReset(SocketChannelImpl.java:394)
	at java.base/sun.nio.ch.SocketChannelImpl.read(SocketChannelImpl.java:426)
	at io.netty.buffer.PooledUnsafeDirectByteBuf.setBytes(PooledUnsafeDirectByteBuf.java:288)
	at io.netty.buffer.AbstractByteBuf.writeBytes(AbstractByteBuf.java:1106)
	at io.netty.channel.socket.nio.NioSocketChannel.doReadBytes(NioSocketChannel.java:373)
	at io.netty.channel.nio.AbstractNioByteChannel$NioByteUnsafe.read(AbstractNioByteChannel.java:123)
	at io.netty.channel.nio.NioEventLoop.processSelectedKey(NioEventLoop.java:645)
	at io.netty.channel.nio.NioEventLoop.processSelectedKeysPlain(NioEventLoop.java:545)
	at io.netty.channel.nio.NioEventLoop.processSelectedKeys(NioEventLoop.java:499)
	at io.netty.channel.nio.NioEventLoop.run(NioEventLoop.java:459)
	at io.netty.util.concurrent.SingleThreadEventExecutor$5.run(SingleThreadEventExecutor.java:858)
	at java.base/java.lang.Thread.run(Thread.java:842)
23:46:13.295 ERROR vert.x-eventloop-thread-0 ConnectionBase       : java.net.SocketException: Connection reset
23:46:13.296 ERROR vert.x-eventloop-thread-0 BaseServiceProxy     : request failed Connection reset
java.net.SocketException: Connection reset
	at java.base/sun.nio.ch.SocketChannelImpl.throwConnectionReset(SocketChannelImpl.java:394)
	at java.base/sun.nio.ch.SocketChannelImpl.read(SocketChannelImpl.java:426)
	at io.netty.buffer.PooledUnsafeDirectByteBuf.setBytes(PooledUnsafeDirectByteBuf.java:288)
	at io.netty.buffer.AbstractByteBuf.writeBytes(AbstractByteBuf.java:1106)
	at io.netty.channel.socket.nio.NioSocketChannel.doReadBytes(NioSocketChannel.java:373)
	at io.netty.channel.nio.AbstractNioByteChannel$NioByteUnsafe.read(AbstractNioByteChannel.java:123)
	at io.netty.channel.nio.NioEventLoop.processSelectedKey(NioEventLoop.java:645)
	at io.netty.channel.nio.NioEventLoop.processSelectedKeysPlain(NioEventLoop.java:545)
	at io.netty.channel.nio.NioEventLoop.processSelectedKeys(NioEventLoop.java:499)
	at io.netty.channel.nio.NioEventLoop.run(NioEventLoop.java:459)
	at io.netty.util.concurrent.SingleThreadEventExecutor$5.run(SingleThreadEventExecutor.java:858)
	at java.base/java.lang.Thread.run(Thread.java:842)
23:46:43.264 ERROR vert.x-eventloop-thread-0 ConnectionBase       : java.net.SocketException: Connection reset
23:46:43.265 ERROR vert.x-eventloop-thread-0 BaseServiceProxy     : request failed Connection reset
java.net.SocketException: Connection reset
	at java.base/sun.nio.ch.SocketChannelImpl.throwConnectionReset(SocketChannelImpl.java:394)
	at java.base/sun.nio.ch.SocketChannelImpl.read(SocketChannelImpl.java:426)
	at io.netty.buffer.PooledUnsafeDirectByteBuf.setBytes(PooledUnsafeDirectByteBuf.java:288)
	at io.netty.buffer.AbstractByteBuf.writeBytes(AbstractByteBuf.java:1106)
	at io.netty.channel.socket.nio.NioSocketChannel.doReadBytes(NioSocketChannel.java:373)
	at io.netty.channel.nio.AbstractNioByteChannel$NioByteUnsafe.read(AbstractNioByteChannel.java:123)
	at io.netty.channel.nio.NioEventLoop.processSelectedKey(NioEventLoop.java:645)
	at io.netty.channel.nio.NioEventLoop.processSelectedKeysPlain(NioEventLoop.java:545)
	at io.netty.channel.nio.NioEventLoop.processSelectedKeys(NioEventLoop.java:499)
	at io.netty.channel.nio.NioEventLoop.run(NioEventLoop.java:459)
	at io.netty.util.concurrent.SingleThreadEventExecutor$5.run(SingleThreadEventExecutor.java:858)
	at java.base/java.lang.Thread.run(Thread.java:842)
23:47:13.266 ERROR vert.x-eventloop-thread-0 ConnectionBase       : java.net.SocketException: Connection reset
23:47:13.267 ERROR vert.x-eventloop-thread-0 BaseServiceProxy     : request failed Connection reset
java.net.SocketException: Connection reset
	at java.base/sun.nio.ch.SocketChannelImpl.throwConnectionReset(SocketChannelImpl.java:394)
	at java.base/sun.nio.ch.SocketChannelImpl.read(SocketChannelImpl.java:426)
	at io.netty.buffer.PooledUnsafeDirectByteBuf.setBytes(PooledUnsafeDirectByteBuf.java:288)
	at io.netty.buffer.AbstractByteBuf.writeBytes(AbstractByteBuf.java:1106)
	at io.netty.channel.socket.nio.NioSocketChannel.doReadBytes(NioSocketChannel.java:373)
	at io.netty.channel.nio.AbstractNioByteChannel$NioByteUnsafe.read(AbstractNioByteChannel.java:123)
	at io.netty.channel.nio.NioEventLoop.processSelectedKey(NioEventLoop.java:645)
	at io.netty.channel.nio.NioEventLoop.processSelectedKeysPlain(NioEventLoop.java:545)
	at io.netty.channel.nio.NioEventLoop.processSelectedKeys(NioEventLoop.java:499)
	at io.netty.channel.nio.NioEventLoop.run(NioEventLoop.java:459)
	at io.netty.util.concurrent.SingleThreadEventExecutor$5.run(SingleThreadEventExecutor.java:858)
	at java.base/java.lang.Thread.run(Thread.java:842)
23:47:25.914 INFO  vert.x-eventloop-thread-0 BaseServiceProxy     : -> GET /v1/api/tickle,200|3323ms
23:47:43.501 INFO  vert.x-eventloop-thread-0 BaseServiceProxy     : -> GET /v1/api/tickle,200|237ms
23:47:43.503 DEBUG vert.x-eventloop-thread-0 ClientPortalService  : tickle {"session":"dad9c17286541725e94155c9735b78c8","ssoExpires":600000,"collission":false,"userId":50301190,"hmds":{"error":"no bridge"},"iserver":{"authStatus":{"authenticated":false,"established":false,"competing":false,"connected":false,"MAC":null}}}
23:48:08.519 INFO  vert.x-eventloop-thread-0 BaseServiceProxy     : -> GET /sso/ping,200|375ms
23:48:08.521 INFO  vert.x-eventloop-thread-0 SsoService           : sso ping {"result": "true"}
23:48:13.350 INFO  vert.x-eventloop-thread-0 BaseServiceProxy     : -> GET /v1/api/tickle,200|84ms
23:48:13.351 DEBUG vert.x-eventloop-thread-0 ClientPortalService  : tickle {"session":"dad9c17286541725e94155c9735b78c8","ssoExpires":570054,"collission":false,"userId":50301190,"hmds":{"error":"no bridge"},"iserver":{"authStatus":{"authenticated":false,"established":false,"competing":false,"connected":false,"MAC":null}}}
23:48:43.356 INFO  vert.x-eventloop-thread-0 BaseServiceProxy     : -> GET /v1/api/tickle,200|88ms
23:48:43.358 DEBUG vert.x-eventloop-thread-0 ClientPortalService  : tickle {"session":"dad9c17286541725e94155c9735b78c8","ssoExpires":540067,"collission":false,"userId":50301190,"hmds":{"error":"no bridge"},"iserver":{"authStatus":{"authenticated":false,"established":false,"competing":false,"connected":false,"MAC":null}}}
23:49:13.336 INFO  vert.x-eventloop-thread-0 BaseServiceProxy     : -> GET /v1/api/tickle,200|71ms
23:49:13.336 DEBUG vert.x-eventloop-thread-0 ClientPortalService  : tickle {"session":"dad9c17286541725e94155c9735b78c8","ssoExpires":510065,"collission":false,"userId":50301190,"hmds":{"error":"no bridge"},"iserver":{"authStatus":{"authenticated":false,"established":false,"competing":false,"connected":false,"MAC":null}}}
23:49:43.340 INFO  vert.x-eventloop-thread-0 BaseServiceProxy     : -> GET /v1/api/tickle,200|73ms
23:49:43.342 DEBUG vert.x-eventloop-thread-0 ClientPortalService  : tickle {"session":"dad9c17286541725e94155c9735b78c8","ssoExpires":480063,"collission":false,"userId":50301190,"hmds":{"error":"no bridge"},"iserver":{"authStatus":{"authenticated":false,"established":false,"competing":false,"connected":false,"MAC":null}}}
23:50:13.325 INFO  vert.x-eventloop-thread-0 BaseServiceProxy     : -> GET /v1/api/tickle,200|60ms
23:50:13.327 DEBUG vert.x-eventloop-thread-0 ClientPortalService  : tickle {"session":"dad9c17286541725e94155c9735b78c8","ssoExpires":450077,"collission":false,"userId":50301190,"hmds":{"error":"no bridge"},"iserver":{"authStatus":{"authenticated":false,"established":false,"competing":false,"connected":false,"MAC":null}}}
23:50:26.109 INFO  vert.x-eventloop-thread-0 BaseServiceProxy     : -> GET /v1/api/tickle,200|63ms
23:50:43.344 INFO  vert.x-eventloop-thread-0 BaseServiceProxy     : -> GET /v1/api/tickle,200|77ms
23:50:43.346 DEBUG vert.x-eventloop-thread-0 ClientPortalService  : tickle {"session":"dad9c17286541725e94155c9735b78c8","ssoExpires":420058,"collission":false,"userId":50301190,"hmds":{"error":"no bridge"},"iserver":{"authStatus":{"authenticated":false,"established":false,"competing":false,"connected":false,"MAC":null}}}
23:51:13.326 INFO  vert.x-eventloop-thread-0 BaseServiceProxy     : -> GET /v1/api/tickle,200|60ms
23:51:13.328 DEBUG vert.x-eventloop-thread-0 ClientPortalService  : tickle {"session":"dad9c17286541725e94155c9735b78c8","ssoExpires":390077,"collission":false,"userId":50301190,"hmds":{"error":"no bridge"},"iserver":{"authStatus":{"authenticated":false,"established":false,"competing":false,"connected":false,"MAC":null}}}
23:51:43.329 INFO  vert.x-eventloop-thread-0 BaseServiceProxy     : -> GET /v1/api/tickle,200|63ms
23:51:43.332 DEBUG vert.x-eventloop-thread-0 ClientPortalService  : tickle {"session":"dad9c17286541725e94155c9735b78c8","ssoExpires":360073,"collission":false,"userId":50301190,"hmds":{"error":"no bridge"},"iserver":{"authStatus":{"authenticated":false,"established":false,"competing":false,"connected":false,"MAC":null}}}
23:52:13.359 INFO  vert.x-eventloop-thread-0 BaseServiceProxy     : -> GET /v1/api/tickle,200|93ms
23:52:13.361 DEBUG vert.x-eventloop-thread-0 ClientPortalService  : tickle {"session":"dad9c17286541725e94155c9735b78c8","ssoExpires":330045,"collission":false,"userId":50301190,"hmds":{"error":"no bridge"},"iserver":{"authStatus":{"authenticated":false,"established":false,"competing":false,"connected":false,"MAC":null}}}
23:52:43.327 INFO  vert.x-eventloop-thread-0 BaseServiceProxy     : -> GET /v1/api/tickle,200|62ms
23:52:43.329 DEBUG vert.x-eventloop-thread-0 ClientPortalService  : tickle {"session":"dad9c17286541725e94155c9735b78c8","ssoExpires":300075,"collission":false,"userId":50301190,"hmds":{"error":"no bridge"},"iserver":{"authStatus":{"authenticated":false,"established":false,"competing":false,"connected":false,"MAC":null}}}
23:53:08.441 INFO  vert.x-eventloop-thread-0 BaseServiceProxy     : -> GET /sso/ping,200|299ms
23:53:08.442 INFO  vert.x-eventloop-thread-0 SsoService           : sso ping {"result": "true"}
23:53:13.333 INFO  vert.x-eventloop-thread-0 BaseServiceProxy     : -> GET /v1/api/tickle,200|67ms
23:53:13.334 DEBUG vert.x-eventloop-thread-0 ClientPortalService  : tickle {"session":"dad9c17286541725e94155c9735b78c8","ssoExpires":270071,"collission":false,"userId":50301190,"hmds":{"error":"no bridge"},"iserver":{"authStatus":{"authenticated":false,"established":false,"competing":false,"connected":false,"MAC":null}}}
23:53:26.331 INFO  vert.x-eventloop-thread-0 BaseServiceProxy     : -> GET /v1/api/tickle,200|86ms
23:53:43.372 INFO  vert.x-eventloop-thread-0 BaseServiceProxy     : -> GET /v1/api/tickle,200|107ms
23:53:43.374 DEBUG vert.x-eventloop-thread-0 ClientPortalService  : tickle {"session":"dad9c17286541725e94155c9735b78c8","ssoExpires":240060,"collission":false,"userId":50301190,"hmds":{"error":"no bridge"},"iserver":{"authStatus":{"authenticated":false,"established":false,"competing":false,"connected":false,"MAC":null}}}
23:54:13.346 INFO  vert.x-eventloop-thread-0 BaseServiceProxy     : -> GET /v1/api/tickle,200|80ms
23:54:13.349 DEBUG vert.x-eventloop-thread-0 ClientPortalService  : tickle {"session":"dad9c17286541725e94155c9735b78c8","ssoExpires":210057,"collission":false,"userId":50301190,"hmds":{"error":"no bridge"},"iserver":{"authStatus":{"authenticated":false,"established":false,"competing":false,"connected":false,"MAC":null}}}
23:54:43.404 INFO  vert.x-eventloop-thread-0 BaseServiceProxy     : -> GET /v1/api/tickle,200|139ms
23:54:43.406 DEBUG vert.x-eventloop-thread-0 ClientPortalService  : tickle {"session":"dad9c17286541725e94155c9735b78c8","ssoExpires":180005,"collission":false,"userId":50301190,"hmds":{"error":"no bridge"},"iserver":{"authStatus":{"authenticated":false,"established":false,"competing":false,"connected":false,"MAC":null}}}
23:55:13.448 INFO  vert.x-eventloop-thread-0 BaseServiceProxy     : -> GET /v1/api/tickle,200|183ms
23:55:13.450 DEBUG vert.x-eventloop-thread-0 ClientPortalService  : tickle {"session":"dad9c17286541725e94155c9735b78c8","ssoExpires":149961,"collission":false,"userId":50301190,"hmds":{"error":"no bridge"},"iserver":{"authStatus":{"authenticated":false,"established":false,"competing":false,"connected":false,"MAC":null}}}
23:55:43.407 INFO  vert.x-eventloop-thread-0 BaseServiceProxy     : -> GET /v1/api/tickle,200|142ms
23:55:43.408 DEBUG vert.x-eventloop-thread-0 ClientPortalService  : tickle {"session":"dad9c17286541725e94155c9735b78c8","ssoExpires":120070,"collission":false,"userId":50301190,"hmds":{"error":"no bridge"},"iserver":{"authStatus":{"authenticated":false,"established":false,"competing":false,"connected":false,"MAC":null}}}
23:56:13.415 INFO  vert.x-eventloop-thread-0 BaseServiceProxy     : -> GET /v1/api/tickle,200|149ms
23:56:13.416 DEBUG vert.x-eventloop-thread-0 ClientPortalService  : tickle {"session":"dad9c17286541725e94155c9735b78c8","ssoExpires":90037,"collission":false,"userId":50301190,"hmds":{"error":"no bridge"},"iserver":{"authStatus":{"authenticated":false,"established":false,"competing":false,"connected":false,"MAC":null}}}
23:56:14.409 INFO  vert.x-eventloop-thread-0 BaseServiceProxy     : -> GET /v1/api/iserver/account/orders,400|65ms
23:56:14.566 INFO  vert.x-eventloop-thread-0 BaseServiceProxy     : -> GET /v1/api/iserver/account/orders,400|106ms
23:56:20.933 INFO  vert.x-eventloop-thread-0 BaseServiceProxy     : -> GET /v1/api/iserver/auth/ssodh/init?publish=true&compete=true,200|2258ms
23:56:21.023 INFO  vert.x-eventloop-thread-0 BaseServiceProxy     : -> GET /v1/api/iserver/account/orders,500|53ms
23:56:21.132 INFO  vert.x-eventloop-thread-0 BaseServiceProxy     : -> GET /v1/api/tickle,200|75ms
23:56:43.460 INFO  vert.x-eventloop-thread-0 BaseServiceProxy     : -> GET /v1/api/tickle,200|195ms
23:56:43.461 DEBUG vert.x-eventloop-thread-0 ClientPortalService  : tickle {"session":"dad9c17286541725e94155c9735b78c8","ssoExpires":60061,"collission":false,"userId":50301190,"hmds":{"error":"no bridge"},"iserver":{"authStatus":{"authenticated":true,"established":true,"competing":false,"connected":true,"message":"","MAC":null,"serverInfo":{"serverName":"JifS17095","serverVersion":"Build 10.44.1f, Apr 7, 2026 1:49:24 PM"},"hardware_info":"3209acfc|F4:03:43:DB:8E:10"}}}
23:57:13.337 INFO  vert.x-eventloop-thread-0 BaseServiceProxy     : -> GET /v1/api/tickle,200|72ms
23:57:13.338 DEBUG vert.x-eventloop-thread-0 ClientPortalService  : tickle {"session":"dad9c17286541725e94155c9735b78c8","ssoExpires":30072,"collission":false,"userId":50301190,"hmds":{"error":"no bridge"},"iserver":{"authStatus":{"authenticated":true,"established":true,"competing":false,"connected":true,"message":"","MAC":null,"serverInfo":{"serverName":"JifS17095","serverVersion":"Build 10.44.1f, Apr 7, 2026 1:49:24 PM"},"hardware_info":"1c664d4b|F4:03:43:DB:8E:10"}}}
23:57:43.452 INFO  vert.x-eventloop-thread-0 BaseServiceProxy     : -> GET /v1/api/tickle,200|188ms
23:57:43.453 DEBUG vert.x-eventloop-thread-0 ClientPortalService  : tickle {"session":"dad9c17286541725e94155c9735b78c8","ssoExpires":600000,"collission":false,"userId":50301190,"hmds":{"error":"no bridge"},"iserver":{"authStatus":{"authenticated":true,"established":true,"competing":false,"connected":true,"message":"","MAC":null,"serverInfo":{"serverName":"JifS17095","serverVersion":"Build 10.44.1f, Apr 7, 2026 1:49:24 PM"},"hardware_info":"0975c692|F4:03:43:DB:8E:10"}}}
23:58:08.463 INFO  vert.x-eventloop-thread-0 BaseServiceProxy     : -> GET /sso/ping,200|321ms
23:58:08.466 INFO  vert.x-eventloop-thread-0 SsoService           : sso ping {"result": "true"}
23:58:13.331 INFO  vert.x-eventloop-thread-0 BaseServiceProxy     : -> GET /v1/api/tickle,200|66ms
23:58:13.332 DEBUG vert.x-eventloop-thread-0 ClientPortalService  : tickle {"session":"dad9c17286541725e94155c9735b78c8","ssoExpires":570125,"collission":false,"userId":50301190,"hmds":{"error":"no bridge"},"iserver":{"authStatus":{"authenticated":true,"established":true,"competing":false,"connected":true,"message":"","MAC":null,"serverInfo":{"serverName":"JifS17095","serverVersion":"Build 10.44.1f, Apr 7, 2026 1:49:24 PM"},"hardware_info":"3fc0d234|F4:03:43:DB:8E:10"}}}
23:58:16.340 INFO  vert.x-eventloop-thread-0 BaseServiceProxy     : -> GET /v1/api/iserver/account/orders,200|88ms
23:58:16.454 INFO  vert.x-eventloop-thread-0 BaseServiceProxy     : -> GET /v1/api/iserver/account/orders,200|71ms
23:58:20.128 INFO  vert.x-eventloop-thread-0 BaseServiceProxy     : -> GET /v1/api/iserver/account/orders,200|78ms
23:58:20.211 INFO  vert.x-eventloop-thread-0 BaseServiceProxy     : -> GET /v1/api/iserver/account/orders,200|63ms
23:58:20.558 INFO  vert.x-eventloop-thread-0 BaseServiceProxy     : -> GET /v1/api/iserver/account/U5799398/order/1198175565,200|326ms
23:58:20.696 INFO  vert.x-eventloop-thread-0 BaseServiceProxy     : -> GET /v1/api/iserver/account/orders,200|79ms
23:58:29.870 INFO  vert.x-eventloop-thread-0 BaseServiceProxy     : -> GET /v1/api/iserver/account/orders,200|74ms
23:58:29.975 INFO  vert.x-eventloop-thread-0 BaseServiceProxy     : -> GET /v1/api/iserver/account/orders,200|83ms
23:58:30.367 INFO  vert.x-eventloop-thread-0 BaseServiceProxy     : -> GET /v1/api/iserver/account/U5799398/order/1198175565,200|373ms
23:58:30.468 INFO  vert.x-eventloop-thread-0 BaseServiceProxy     : -> GET /v1/api/iserver/account/orders,200|99ms
23:58:31.009 INFO  vert.x-eventloop-thread-0 BaseServiceProxy     : -> GET /v1/api/iserver/marketdata/history?conid=239037320&period=30d&bar=1d&outsideRth=false,200|523ms
23:58:31.141 INFO  vert.x-eventloop-thread-0 BaseServiceProxy     : -> GET /v1/api/iserver/marketdata/history?conid=239037320&period=30d&bar=1d&outsideRth=false,200|128ms
23:58:31.278 INFO  vert.x-eventloop-thread-0 BaseServiceProxy     : -> GET /v1/api/iserver/account/orders,200|78ms
23:58:43.352 INFO  vert.x-eventloop-thread-0 BaseServiceProxy     : -> GET /v1/api/tickle,200|87ms
23:58:43.354 DEBUG vert.x-eventloop-thread-0 ClientPortalService  : tickle {"session":"dad9c17286541725e94155c9735b78c8","ssoExpires":540103,"collission":false,"userId":50301190,"hmds":{"error":"no bridge"},"iserver":{"authStatus":{"authenticated":true,"established":true,"competing":false,"connected":true,"message":"","MAC":null,"serverInfo":{"serverName":"JifS17095","serverVersion":"Build 10.44.1f, Apr 7, 2026 1:49:24 PM"},"hardware_info":"060a789d|F4:03:43:DB:8E:10"}}}
23:59:13.338 INFO  vert.x-eventloop-thread-0 BaseServiceProxy     : -> GET /v1/api/tickle,200|73ms
23:59:13.340 DEBUG vert.x-eventloop-thread-0 ClientPortalService  : tickle {"session":"dad9c17286541725e94155c9735b78c8","ssoExpires":510120,"collission":false,"userId":50301190,"hmds":{"error":"no bridge"},"iserver":{"authStatus":{"authenticated":true,"established":true,"competing":false,"connected":true,"message":"","MAC":null,"serverInfo":{"serverName":"JifS17095","serverVersion":"Build 10.44.1f, Apr 7, 2026 1:49:24 PM"},"hardware_info":"3fe25a6d|F4:03:43:DB:8E:10"}}}
23:59:21.358 INFO  vert.x-eventloop-thread-0 BaseServiceProxy     : -> GET /v1/api/tickle,200|70ms
23:59:43.411 INFO  vert.x-eventloop-thread-0 BaseServiceProxy     : -> GET /v1/api/tickle,200|143ms
23:59:43.412 DEBUG vert.x-eventloop-thread-0 ClientPortalService  : tickle {"session":"dad9c17286541725e94155c9735b78c8","ssoExpires":480040,"collission":false,"userId":50301190,"hmds":{"error":"no bridge"},"iserver":{"authStatus":{"authenticated":true,"established":true,"competing":false,"connected":true,"message":"","MAC":null,"serverInfo":{"serverName":"JifS17095","serverVersion":"Build 10.44.1f, Apr 7, 2026 1:49:24 PM"},"hardware_info":"1c1a6d5e|F4:03:43:DB:8E:10"}}}
