21:03:04.318 INFO  main GatewayStart         : config ../root/conf.yaml !!ibgroup.web.core.clientportal.gw.Config
authDelay: 3000
ccp: false
cors: {origin.allowed: '*', allowCredentials: false}
ip2loc: US
ips:
  allow: [192.*, 131.216.*, 127.0.0.1]
  deny: [212.90.324.10]
listenPort: 8080
listenSsl: true
portalBaseURL: ''
proxyRemoteHost: https://api.ibkr.com
proxyRemoteSsl: true
sslCert: vertx.jks
sslPwd: mywebapi
ssoPing: 5
svcEnvironment: v1
tst: false
twsBaseURL: /tws.proxy
webApps:
- {cache: true, index: index.html, listing: false, name: demo, proxy: ''}

21:03:04.440 INFO  vert.x-eventloop-thread-0 GatewayHttpProxy     :  -> mount demo on /demo
21:03:04.451 INFO  vert.x-eventloop-thread-0 GatewayVerticle      : version: a27ed42161ad96c53e715ca5c5e3e3fa4cff5262 Mon, 24 Apr 2023 15:41:53 -0400
21:03:04.451 INFO  vert.x-eventloop-thread-0 GatewayVerticle      : Java Version: 17.0.10
21:03:04.808 WARN  vert.x-eventloop-thread-0 DefaultChannelPipeline : An exceptionCaught() event was fired, and it reached at the tail of the pipeline. It usually means the last handler in the pipeline did not handle the exception.
io.netty.handler.codec.DecoderException: javax.net.ssl.SSLHandshakeException: Received fatal alert: certificate_unknown
	at io.netty.handler.codec.ByteToMessageDecoder.callDecode(ByteToMessageDecoder.java:459)
	at io.netty.handler.codec.ByteToMessageDecoder.channelRead(ByteToMessageDecoder.java:265)
	at io.netty.channel.AbstractChannelHandlerContext.invokeChannelRead(AbstractChannelHandlerContext.java:362)
	at io.netty.channel.AbstractChannelHandlerContext.invokeChannelRead(AbstractChannelHandlerContext.java:348)
	at io.netty.channel.AbstractChannelHandlerContext.fireChannelRead(AbstractChannelHandlerContext.java:340)
	at io.netty.channel.DefaultChannelPipeline$HeadContext.channelRead(DefaultChannelPipeline.java:1359)
	at io.netty.channel.AbstractChannelHandlerContext.invokeChannelRead(AbstractChannelHandlerContext.java:362)
	at io.netty.channel.AbstractChannelHandlerContext.invokeChannelRead(AbstractChannelHandlerContext.java:348)
	at io.netty.channel.DefaultChannelPipeline.fireChannelRead(DefaultChannelPipeline.java:935)
	at io.netty.channel.nio.AbstractNioByteChannel$NioByteUnsafe.read(AbstractNioByteChannel.java:134)
	at io.netty.channel.nio.NioEventLoop.processSelectedKey(NioEventLoop.java:645)
	at io.netty.channel.nio.NioEventLoop.processSelectedKeysPlain(NioEventLoop.java:545)
	at io.netty.channel.nio.NioEventLoop.processSelectedKeys(NioEventLoop.java:499)
	at io.netty.channel.nio.NioEventLoop.run(NioEventLoop.java:459)
	at io.netty.util.concurrent.SingleThreadEventExecutor$5.run(SingleThreadEventExecutor.java:858)
	at java.base/java.lang.Thread.run(Thread.java:842)
Caused by: javax.net.ssl.SSLHandshakeException: Received fatal alert: certificate_unknown
	at java.base/sun.security.ssl.Alert.createSSLException(Alert.java:131)
	at java.base/sun.security.ssl.Alert.createSSLException(Alert.java:117)
	at java.base/sun.security.ssl.TransportContext.fatal(TransportContext.java:365)
	at java.base/sun.security.ssl.Alert$AlertConsumer.consume(Alert.java:293)
	at java.base/sun.security.ssl.TransportContext.dispatch(TransportContext.java:204)
	at java.base/sun.security.ssl.SSLTransport.decode(SSLTransport.java:172)
	at java.base/sun.security.ssl.SSLEngineImpl.decode(SSLEngineImpl.java:736)
	at java.base/sun.security.ssl.SSLEngineImpl.readRecord(SSLEngineImpl.java:691)
	at java.base/sun.security.ssl.SSLEngineImpl.unwrap(SSLEngineImpl.java:506)
	at java.base/sun.security.ssl.SSLEngineImpl.unwrap(SSLEngineImpl.java:482)
	at java.base/javax.net.ssl.SSLEngine.unwrap(SSLEngine.java:679)
	at io.netty.handler.ssl.SslHandler$SslEngineType$3.unwrap(SslHandler.java:281)
	at io.netty.handler.ssl.SslHandler.unwrap(SslHandler.java:1215)
	at io.netty.handler.ssl.SslHandler.decodeJdkCompatible(SslHandler.java:1127)
	at io.netty.handler.ssl.SslHandler.decode(SslHandler.java:1162)
	at io.netty.handler.codec.ByteToMessageDecoder.decodeRemovalReentryProtection(ByteToMessageDecoder.java:489)
	at io.netty.handler.codec.ByteToMessageDecoder.callDecode(ByteToMessageDecoder.java:428)
	... 15 common frames omitted
21:03:04.809 WARN  vert.x-eventloop-thread-0 DefaultChannelPipeline : An exceptionCaught() event was fired, and it reached at the tail of the pipeline. It usually means the last handler in the pipeline did not handle the exception.
io.netty.handler.codec.DecoderException: javax.net.ssl.SSLHandshakeException: Received fatal alert: certificate_unknown
	at io.netty.handler.codec.ByteToMessageDecoder.callDecode(ByteToMessageDecoder.java:459)
	at io.netty.handler.codec.ByteToMessageDecoder.channelRead(ByteToMessageDecoder.java:265)
	at io.netty.channel.AbstractChannelHandlerContext.invokeChannelRead(AbstractChannelHandlerContext.java:362)
	at io.netty.channel.AbstractChannelHandlerContext.invokeChannelRead(AbstractChannelHandlerContext.java:348)
	at io.netty.channel.AbstractChannelHandlerContext.fireChannelRead(AbstractChannelHandlerContext.java:340)
	at io.netty.channel.DefaultChannelPipeline$HeadContext.channelRead(DefaultChannelPipeline.java:1359)
	at io.netty.channel.AbstractChannelHandlerContext.invokeChannelRead(AbstractChannelHandlerContext.java:362)
	at io.netty.channel.AbstractChannelHandlerContext.invokeChannelRead(AbstractChannelHandlerContext.java:348)
	at io.netty.channel.DefaultChannelPipeline.fireChannelRead(DefaultChannelPipeline.java:935)
	at io.netty.channel.nio.AbstractNioByteChannel$NioByteUnsafe.read(AbstractNioByteChannel.java:134)
	at io.netty.channel.nio.NioEventLoop.processSelectedKey(NioEventLoop.java:645)
	at io.netty.channel.nio.NioEventLoop.processSelectedKeysPlain(NioEventLoop.java:545)
	at io.netty.channel.nio.NioEventLoop.processSelectedKeys(NioEventLoop.java:499)
	at io.netty.channel.nio.NioEventLoop.run(NioEventLoop.java:459)
	at io.netty.util.concurrent.SingleThreadEventExecutor$5.run(SingleThreadEventExecutor.java:858)
	at java.base/java.lang.Thread.run(Thread.java:842)
Caused by: javax.net.ssl.SSLHandshakeException: Received fatal alert: certificate_unknown
	at java.base/sun.security.ssl.Alert.createSSLException(Alert.java:131)
	at java.base/sun.security.ssl.Alert.createSSLException(Alert.java:117)
	at java.base/sun.security.ssl.TransportContext.fatal(TransportContext.java:365)
	at java.base/sun.security.ssl.Alert$AlertConsumer.consume(Alert.java:293)
	at java.base/sun.security.ssl.TransportContext.dispatch(TransportContext.java:204)
	at java.base/sun.security.ssl.SSLTransport.decode(SSLTransport.java:172)
	at java.base/sun.security.ssl.SSLEngineImpl.decode(SSLEngineImpl.java:736)
	at java.base/sun.security.ssl.SSLEngineImpl.readRecord(SSLEngineImpl.java:691)
	at java.base/sun.security.ssl.SSLEngineImpl.unwrap(SSLEngineImpl.java:506)
	at java.base/sun.security.ssl.SSLEngineImpl.unwrap(SSLEngineImpl.java:482)
	at java.base/javax.net.ssl.SSLEngine.unwrap(SSLEngine.java:679)
	at io.netty.handler.ssl.SslHandler$SslEngineType$3.unwrap(SslHandler.java:281)
	at io.netty.handler.ssl.SslHandler.unwrap(SslHandler.java:1215)
	at io.netty.handler.ssl.SslHandler.decodeJdkCompatible(SslHandler.java:1127)
	at io.netty.handler.ssl.SslHandler.decode(SslHandler.java:1162)
	at io.netty.handler.codec.ByteToMessageDecoder.decodeRemovalReentryProtection(ByteToMessageDecoder.java:489)
	at io.netty.handler.codec.ByteToMessageDecoder.callDecode(ByteToMessageDecoder.java:428)
	... 15 common frames omitted
21:03:07.145 WARN  vert.x-eventloop-thread-0 DefaultChannelPipeline : An exceptionCaught() event was fired, and it reached at the tail of the pipeline. It usually means the last handler in the pipeline did not handle the exception.
io.netty.handler.codec.DecoderException: javax.net.ssl.SSLHandshakeException: Received fatal alert: certificate_unknown
	at io.netty.handler.codec.ByteToMessageDecoder.callDecode(ByteToMessageDecoder.java:459)
	at io.netty.handler.codec.ByteToMessageDecoder.channelRead(ByteToMessageDecoder.java:265)
	at io.netty.channel.AbstractChannelHandlerContext.invokeChannelRead(AbstractChannelHandlerContext.java:362)
	at io.netty.channel.AbstractChannelHandlerContext.invokeChannelRead(AbstractChannelHandlerContext.java:348)
	at io.netty.channel.AbstractChannelHandlerContext.fireChannelRead(AbstractChannelHandlerContext.java:340)
	at io.netty.channel.DefaultChannelPipeline$HeadContext.channelRead(DefaultChannelPipeline.java:1359)
	at io.netty.channel.AbstractChannelHandlerContext.invokeChannelRead(AbstractChannelHandlerContext.java:362)
	at io.netty.channel.AbstractChannelHandlerContext.invokeChannelRead(AbstractChannelHandlerContext.java:348)
	at io.netty.channel.DefaultChannelPipeline.fireChannelRead(DefaultChannelPipeline.java:935)
	at io.netty.channel.nio.AbstractNioByteChannel$NioByteUnsafe.read(AbstractNioByteChannel.java:134)
	at io.netty.channel.nio.NioEventLoop.processSelectedKey(NioEventLoop.java:645)
	at io.netty.channel.nio.NioEventLoop.processSelectedKeysPlain(NioEventLoop.java:545)
	at io.netty.channel.nio.NioEventLoop.processSelectedKeys(NioEventLoop.java:499)
	at io.netty.channel.nio.NioEventLoop.run(NioEventLoop.java:459)
	at io.netty.util.concurrent.SingleThreadEventExecutor$5.run(SingleThreadEventExecutor.java:858)
	at java.base/java.lang.Thread.run(Thread.java:842)
Caused by: javax.net.ssl.SSLHandshakeException: Received fatal alert: certificate_unknown
	at java.base/sun.security.ssl.Alert.createSSLException(Alert.java:131)
	at java.base/sun.security.ssl.Alert.createSSLException(Alert.java:117)
	at java.base/sun.security.ssl.TransportContext.fatal(TransportContext.java:365)
	at java.base/sun.security.ssl.Alert$AlertConsumer.consume(Alert.java:293)
	at java.base/sun.security.ssl.TransportContext.dispatch(TransportContext.java:204)
	at java.base/sun.security.ssl.SSLTransport.decode(SSLTransport.java:172)
	at java.base/sun.security.ssl.SSLEngineImpl.decode(SSLEngineImpl.java:736)
	at java.base/sun.security.ssl.SSLEngineImpl.readRecord(SSLEngineImpl.java:691)
	at java.base/sun.security.ssl.SSLEngineImpl.unwrap(SSLEngineImpl.java:506)
	at java.base/sun.security.ssl.SSLEngineImpl.unwrap(SSLEngineImpl.java:482)
	at java.base/javax.net.ssl.SSLEngine.unwrap(SSLEngine.java:679)
	at io.netty.handler.ssl.SslHandler$SslEngineType$3.unwrap(SslHandler.java:281)
	at io.netty.handler.ssl.SslHandler.unwrap(SslHandler.java:1215)
	at io.netty.handler.ssl.SslHandler.decodeJdkCompatible(SslHandler.java:1127)
	at io.netty.handler.ssl.SslHandler.decode(SslHandler.java:1162)
	at io.netty.handler.codec.ByteToMessageDecoder.decodeRemovalReentryProtection(ByteToMessageDecoder.java:489)
	at io.netty.handler.codec.ByteToMessageDecoder.callDecode(ByteToMessageDecoder.java:428)
	... 15 common frames omitted
21:03:07.146 WARN  vert.x-eventloop-thread-0 DefaultChannelPipeline : An exceptionCaught() event was fired, and it reached at the tail of the pipeline. It usually means the last handler in the pipeline did not handle the exception.
io.netty.handler.codec.DecoderException: javax.net.ssl.SSLHandshakeException: Received fatal alert: certificate_unknown
	at io.netty.handler.codec.ByteToMessageDecoder.callDecode(ByteToMessageDecoder.java:459)
	at io.netty.handler.codec.ByteToMessageDecoder.channelRead(ByteToMessageDecoder.java:265)
	at io.netty.channel.AbstractChannelHandlerContext.invokeChannelRead(AbstractChannelHandlerContext.java:362)
	at io.netty.channel.AbstractChannelHandlerContext.invokeChannelRead(AbstractChannelHandlerContext.java:348)
	at io.netty.channel.AbstractChannelHandlerContext.fireChannelRead(AbstractChannelHandlerContext.java:340)
	at io.netty.channel.DefaultChannelPipeline$HeadContext.channelRead(DefaultChannelPipeline.java:1359)
	at io.netty.channel.AbstractChannelHandlerContext.invokeChannelRead(AbstractChannelHandlerContext.java:362)
	at io.netty.channel.AbstractChannelHandlerContext.invokeChannelRead(AbstractChannelHandlerContext.java:348)
	at io.netty.channel.DefaultChannelPipeline.fireChannelRead(DefaultChannelPipeline.java:935)
	at io.netty.channel.nio.AbstractNioByteChannel$NioByteUnsafe.read(AbstractNioByteChannel.java:134)
	at io.netty.channel.nio.NioEventLoop.processSelectedKey(NioEventLoop.java:645)
	at io.netty.channel.nio.NioEventLoop.processSelectedKeysPlain(NioEventLoop.java:545)
	at io.netty.channel.nio.NioEventLoop.processSelectedKeys(NioEventLoop.java:499)
	at io.netty.channel.nio.NioEventLoop.run(NioEventLoop.java:459)
	at io.netty.util.concurrent.SingleThreadEventExecutor$5.run(SingleThreadEventExecutor.java:858)
	at java.base/java.lang.Thread.run(Thread.java:842)
Caused by: javax.net.ssl.SSLHandshakeException: Received fatal alert: certificate_unknown
	at java.base/sun.security.ssl.Alert.createSSLException(Alert.java:131)
	at java.base/sun.security.ssl.Alert.createSSLException(Alert.java:117)
	at java.base/sun.security.ssl.TransportContext.fatal(TransportContext.java:365)
	at java.base/sun.security.ssl.Alert$AlertConsumer.consume(Alert.java:293)
	at java.base/sun.security.ssl.TransportContext.dispatch(TransportContext.java:204)
	at java.base/sun.security.ssl.SSLTransport.decode(SSLTransport.java:172)
	at java.base/sun.security.ssl.SSLEngineImpl.decode(SSLEngineImpl.java:736)
	at java.base/sun.security.ssl.SSLEngineImpl.readRecord(SSLEngineImpl.java:691)
	at java.base/sun.security.ssl.SSLEngineImpl.unwrap(SSLEngineImpl.java:506)
	at java.base/sun.security.ssl.SSLEngineImpl.unwrap(SSLEngineImpl.java:482)
	at java.base/javax.net.ssl.SSLEngine.unwrap(SSLEngine.java:679)
	at io.netty.handler.ssl.SslHandler$SslEngineType$3.unwrap(SslHandler.java:281)
	at io.netty.handler.ssl.SslHandler.unwrap(SslHandler.java:1215)
	at io.netty.handler.ssl.SslHandler.decodeJdkCompatible(SslHandler.java:1127)
	at io.netty.handler.ssl.SslHandler.decode(SslHandler.java:1162)
	at io.netty.handler.codec.ByteToMessageDecoder.decodeRemovalReentryProtection(ByteToMessageDecoder.java:489)
	at io.netty.handler.codec.ByteToMessageDecoder.callDecode(ByteToMessageDecoder.java:428)
	... 15 common frames omitted
21:03:07.592 INFO  vert.x-eventloop-thread-0 BaseServiceProxy     : -> GET /sso/Login?forwardTo=22&RL=1&ip2loc=US,200|393ms
21:03:07.594 INFO  vert.x-eventloop-thread-0 CookieManager        : set cookies [partnerID=""; Domain=.ibkr.com; Expires=Thu, 01 Jan 1970 00:00:10 GMT; Path=/;Secure;SameSite=None, partnerID=""; Domain=.ibkr.com; Expires=Thu, 01 Jan 1970 00:00:10 GMT; Path=/;Secure;SameSite=None, URL_PARAM=forwardTo%3D22&RL%3D1&ip2loc%3DUS; Domain=.ibkr.com; Path=/;Secure, JSESSIONID=3637E9505112BEA2598B15C1819B9C1B.ny5wwwdam2-internet; Path=/sso; HttpOnly;Secure;SameSite=None, x-sess-uuid=0.cfde9b7c.1776949387.7fba7df; secure; HttpOnly]
21:03:07.596 DEBUG vert.x-eventloop-thread-0 BaseServiceProxy     : Remapping Set-cookies [partnerID=""; Domain=.ibkr.com; Expires=Thu, 01 Jan 1970 00:00:10 GMT; Path=/;Secure;SameSite=None, partnerID=""; Domain=.ibkr.com; Expires=Thu, 01 Jan 1970 00:00:10 GMT; Path=/;Secure;SameSite=None, URL_PARAM=forwardTo%3D22&RL%3D1&ip2loc%3DUS; Domain=.ibkr.com; Path=/;Secure, JSESSIONID=3637E9505112BEA2598B15C1819B9C1B.ny5wwwdam2-internet; Path=/sso; HttpOnly;Secure;SameSite=None, x-sess-uuid=0.cfde9b7c.1776949387.7fba7df; secure; HttpOnly] -> 
21:03:07.669 WARN  vert.x-eventloop-thread-0 DefaultChannelPipeline : An exceptionCaught() event was fired, and it reached at the tail of the pipeline. It usually means the last handler in the pipeline did not handle the exception.
io.netty.handler.codec.DecoderException: javax.net.ssl.SSLHandshakeException: Received fatal alert: certificate_unknown
	at io.netty.handler.codec.ByteToMessageDecoder.callDecode(ByteToMessageDecoder.java:459)
	at io.netty.handler.codec.ByteToMessageDecoder.channelRead(ByteToMessageDecoder.java:265)
	at io.netty.channel.AbstractChannelHandlerContext.invokeChannelRead(AbstractChannelHandlerContext.java:362)
	at io.netty.channel.AbstractChannelHandlerContext.invokeChannelRead(AbstractChannelHandlerContext.java:348)
	at io.netty.channel.AbstractChannelHandlerContext.fireChannelRead(AbstractChannelHandlerContext.java:340)
	at io.netty.channel.DefaultChannelPipeline$HeadContext.channelRead(DefaultChannelPipeline.java:1359)
	at io.netty.channel.AbstractChannelHandlerContext.invokeChannelRead(AbstractChannelHandlerContext.java:362)
	at io.netty.channel.AbstractChannelHandlerContext.invokeChannelRead(AbstractChannelHandlerContext.java:348)
	at io.netty.channel.DefaultChannelPipeline.fireChannelRead(DefaultChannelPipeline.java:935)
	at io.netty.channel.nio.AbstractNioByteChannel$NioByteUnsafe.read(AbstractNioByteChannel.java:134)
	at io.netty.channel.nio.NioEventLoop.processSelectedKey(NioEventLoop.java:645)
	at io.netty.channel.nio.NioEventLoop.processSelectedKeysPlain(NioEventLoop.java:545)
	at io.netty.channel.nio.NioEventLoop.processSelectedKeys(NioEventLoop.java:499)
	at io.netty.channel.nio.NioEventLoop.run(NioEventLoop.java:459)
	at io.netty.util.concurrent.SingleThreadEventExecutor$5.run(SingleThreadEventExecutor.java:858)
	at java.base/java.lang.Thread.run(Thread.java:842)
Caused by: javax.net.ssl.SSLHandshakeException: Received fatal alert: certificate_unknown
	at java.base/sun.security.ssl.Alert.createSSLException(Alert.java:131)
	at java.base/sun.security.ssl.Alert.createSSLException(Alert.java:117)
	at java.base/sun.security.ssl.TransportContext.fatal(TransportContext.java:365)
	at java.base/sun.security.ssl.Alert$AlertConsumer.consume(Alert.java:293)
	at java.base/sun.security.ssl.TransportContext.dispatch(TransportContext.java:204)
	at java.base/sun.security.ssl.SSLTransport.decode(SSLTransport.java:172)
	at java.base/sun.security.ssl.SSLEngineImpl.decode(SSLEngineImpl.java:736)
	at java.base/sun.security.ssl.SSLEngineImpl.readRecord(SSLEngineImpl.java:691)
	at java.base/sun.security.ssl.SSLEngineImpl.unwrap(SSLEngineImpl.java:506)
	at java.base/sun.security.ssl.SSLEngineImpl.unwrap(SSLEngineImpl.java:482)
	at java.base/javax.net.ssl.SSLEngine.unwrap(SSLEngine.java:679)
	at io.netty.handler.ssl.SslHandler$SslEngineType$3.unwrap(SslHandler.java:281)
	at io.netty.handler.ssl.SslHandler.unwrap(SslHandler.java:1215)
	at io.netty.handler.ssl.SslHandler.decodeJdkCompatible(SslHandler.java:1127)
	at io.netty.handler.ssl.SslHandler.decode(SslHandler.java:1162)
	at io.netty.handler.codec.ByteToMessageDecoder.decodeRemovalReentryProtection(ByteToMessageDecoder.java:489)
	at io.netty.handler.codec.ByteToMessageDecoder.callDecode(ByteToMessageDecoder.java:428)
	... 15 common frames omitted
21:03:07.669 WARN  vert.x-eventloop-thread-0 DefaultChannelPipeline : An exceptionCaught() event was fired, and it reached at the tail of the pipeline. It usually means the last handler in the pipeline did not handle the exception.
io.netty.handler.codec.DecoderException: javax.net.ssl.SSLHandshakeException: Received fatal alert: certificate_unknown
	at io.netty.handler.codec.ByteToMessageDecoder.callDecode(ByteToMessageDecoder.java:459)
	at io.netty.handler.codec.ByteToMessageDecoder.channelRead(ByteToMessageDecoder.java:265)
	at io.netty.channel.AbstractChannelHandlerContext.invokeChannelRead(AbstractChannelHandlerContext.java:362)
	at io.netty.channel.AbstractChannelHandlerContext.invokeChannelRead(AbstractChannelHandlerContext.java:348)
	at io.netty.channel.AbstractChannelHandlerContext.fireChannelRead(AbstractChannelHandlerContext.java:340)
	at io.netty.channel.DefaultChannelPipeline$HeadContext.channelRead(DefaultChannelPipeline.java:1359)
	at io.netty.channel.AbstractChannelHandlerContext.invokeChannelRead(AbstractChannelHandlerContext.java:362)
	at io.netty.channel.AbstractChannelHandlerContext.invokeChannelRead(AbstractChannelHandlerContext.java:348)
	at io.netty.channel.DefaultChannelPipeline.fireChannelRead(DefaultChannelPipeline.java:935)
	at io.netty.channel.nio.AbstractNioByteChannel$NioByteUnsafe.read(AbstractNioByteChannel.java:134)
	at io.netty.channel.nio.NioEventLoop.processSelectedKey(NioEventLoop.java:645)
	at io.netty.channel.nio.NioEventLoop.processSelectedKeysPlain(NioEventLoop.java:545)
	at io.netty.channel.nio.NioEventLoop.processSelectedKeys(NioEventLoop.java:499)
	at io.netty.channel.nio.NioEventLoop.run(NioEventLoop.java:459)
	at io.netty.util.concurrent.SingleThreadEventExecutor$5.run(SingleThreadEventExecutor.java:858)
	at java.base/java.lang.Thread.run(Thread.java:842)
Caused by: javax.net.ssl.SSLHandshakeException: Received fatal alert: certificate_unknown
	at java.base/sun.security.ssl.Alert.createSSLException(Alert.java:131)
	at java.base/sun.security.ssl.Alert.createSSLException(Alert.java:117)
	at java.base/sun.security.ssl.TransportContext.fatal(TransportContext.java:365)
	at java.base/sun.security.ssl.Alert$AlertConsumer.consume(Alert.java:293)
	at java.base/sun.security.ssl.TransportContext.dispatch(TransportContext.java:204)
	at java.base/sun.security.ssl.SSLTransport.decode(SSLTransport.java:172)
	at java.base/sun.security.ssl.SSLEngineImpl.decode(SSLEngineImpl.java:736)
	at java.base/sun.security.ssl.SSLEngineImpl.readRecord(SSLEngineImpl.java:691)
	at java.base/sun.security.ssl.SSLEngineImpl.unwrap(SSLEngineImpl.java:506)
	at java.base/sun.security.ssl.SSLEngineImpl.unwrap(SSLEngineImpl.java:482)
	at java.base/javax.net.ssl.SSLEngine.unwrap(SSLEngine.java:679)
	at io.netty.handler.ssl.SslHandler$SslEngineType$3.unwrap(SslHandler.java:281)
	at io.netty.handler.ssl.SslHandler.unwrap(SslHandler.java:1215)
	at io.netty.handler.ssl.SslHandler.decodeJdkCompatible(SslHandler.java:1127)
	at io.netty.handler.ssl.SslHandler.decode(SslHandler.java:1162)
	at io.netty.handler.codec.ByteToMessageDecoder.decodeRemovalReentryProtection(ByteToMessageDecoder.java:489)
	at io.netty.handler.codec.ByteToMessageDecoder.callDecode(ByteToMessageDecoder.java:428)
	... 15 common frames omitted
21:03:07.671 WARN  vert.x-eventloop-thread-0 DefaultChannelPipeline : An exceptionCaught() event was fired, and it reached at the tail of the pipeline. It usually means the last handler in the pipeline did not handle the exception.
io.netty.handler.codec.DecoderException: javax.net.ssl.SSLHandshakeException: Received fatal alert: certificate_unknown
	at io.netty.handler.codec.ByteToMessageDecoder.callDecode(ByteToMessageDecoder.java:459)
	at io.netty.handler.codec.ByteToMessageDecoder.channelRead(ByteToMessageDecoder.java:265)
	at io.netty.channel.AbstractChannelHandlerContext.invokeChannelRead(AbstractChannelHandlerContext.java:362)
	at io.netty.channel.AbstractChannelHandlerContext.invokeChannelRead(AbstractChannelHandlerContext.java:348)
	at io.netty.channel.AbstractChannelHandlerContext.fireChannelRead(AbstractChannelHandlerContext.java:340)
	at io.netty.channel.DefaultChannelPipeline$HeadContext.channelRead(DefaultChannelPipeline.java:1359)
	at io.netty.channel.AbstractChannelHandlerContext.invokeChannelRead(AbstractChannelHandlerContext.java:362)
	at io.netty.channel.AbstractChannelHandlerContext.invokeChannelRead(AbstractChannelHandlerContext.java:348)
	at io.netty.channel.DefaultChannelPipeline.fireChannelRead(DefaultChannelPipeline.java:935)
	at io.netty.channel.nio.AbstractNioByteChannel$NioByteUnsafe.read(AbstractNioByteChannel.java:134)
	at io.netty.channel.nio.NioEventLoop.processSelectedKey(NioEventLoop.java:645)
	at io.netty.channel.nio.NioEventLoop.processSelectedKeysPlain(NioEventLoop.java:545)
	at io.netty.channel.nio.NioEventLoop.processSelectedKeys(NioEventLoop.java:499)
	at io.netty.channel.nio.NioEventLoop.run(NioEventLoop.java:459)
	at io.netty.util.concurrent.SingleThreadEventExecutor$5.run(SingleThreadEventExecutor.java:858)
	at java.base/java.lang.Thread.run(Thread.java:842)
Caused by: javax.net.ssl.SSLHandshakeException: Received fatal alert: certificate_unknown
	at java.base/sun.security.ssl.Alert.createSSLException(Alert.java:131)
	at java.base/sun.security.ssl.Alert.createSSLException(Alert.java:117)
	at java.base/sun.security.ssl.TransportContext.fatal(TransportContext.java:365)
	at java.base/sun.security.ssl.Alert$AlertConsumer.consume(Alert.java:293)
	at java.base/sun.security.ssl.TransportContext.dispatch(TransportContext.java:204)
	at java.base/sun.security.ssl.SSLTransport.decode(SSLTransport.java:172)
	at java.base/sun.security.ssl.SSLEngineImpl.decode(SSLEngineImpl.java:736)
	at java.base/sun.security.ssl.SSLEngineImpl.readRecord(SSLEngineImpl.java:691)
	at java.base/sun.security.ssl.SSLEngineImpl.unwrap(SSLEngineImpl.java:506)
	at java.base/sun.security.ssl.SSLEngineImpl.unwrap(SSLEngineImpl.java:482)
	at java.base/javax.net.ssl.SSLEngine.unwrap(SSLEngine.java:679)
	at io.netty.handler.ssl.SslHandler$SslEngineType$3.unwrap(SslHandler.java:281)
	at io.netty.handler.ssl.SslHandler.unwrap(SslHandler.java:1215)
	at io.netty.handler.ssl.SslHandler.decodeJdkCompatible(SslHandler.java:1127)
	at io.netty.handler.ssl.SslHandler.decode(SslHandler.java:1162)
	at io.netty.handler.codec.ByteToMessageDecoder.decodeRemovalReentryProtection(ByteToMessageDecoder.java:489)
	at io.netty.handler.codec.ByteToMessageDecoder.callDecode(ByteToMessageDecoder.java:428)
	... 15 common frames omitted
21:03:07.672 WARN  vert.x-eventloop-thread-0 DefaultChannelPipeline : An exceptionCaught() event was fired, and it reached at the tail of the pipeline. It usually means the last handler in the pipeline did not handle the exception.
io.netty.handler.codec.DecoderException: javax.net.ssl.SSLHandshakeException: Received fatal alert: certificate_unknown
	at io.netty.handler.codec.ByteToMessageDecoder.callDecode(ByteToMessageDecoder.java:459)
	at io.netty.handler.codec.ByteToMessageDecoder.channelRead(ByteToMessageDecoder.java:265)
	at io.netty.channel.AbstractChannelHandlerContext.invokeChannelRead(AbstractChannelHandlerContext.java:362)
	at io.netty.channel.AbstractChannelHandlerContext.invokeChannelRead(AbstractChannelHandlerContext.java:348)
	at io.netty.channel.AbstractChannelHandlerContext.fireChannelRead(AbstractChannelHandlerContext.java:340)
	at io.netty.channel.DefaultChannelPipeline$HeadContext.channelRead(DefaultChannelPipeline.java:1359)
	at io.netty.channel.AbstractChannelHandlerContext.invokeChannelRead(AbstractChannelHandlerContext.java:362)
	at io.netty.channel.AbstractChannelHandlerContext.invokeChannelRead(AbstractChannelHandlerContext.java:348)
	at io.netty.channel.DefaultChannelPipeline.fireChannelRead(DefaultChannelPipeline.java:935)
	at io.netty.channel.nio.AbstractNioByteChannel$NioByteUnsafe.read(AbstractNioByteChannel.java:134)
	at io.netty.channel.nio.NioEventLoop.processSelectedKey(NioEventLoop.java:645)
	at io.netty.channel.nio.NioEventLoop.processSelectedKeysPlain(NioEventLoop.java:545)
	at io.netty.channel.nio.NioEventLoop.processSelectedKeys(NioEventLoop.java:499)
	at io.netty.channel.nio.NioEventLoop.run(NioEventLoop.java:459)
	at io.netty.util.concurrent.SingleThreadEventExecutor$5.run(SingleThreadEventExecutor.java:858)
	at java.base/java.lang.Thread.run(Thread.java:842)
Caused by: javax.net.ssl.SSLHandshakeException: Received fatal alert: certificate_unknown
	at java.base/sun.security.ssl.Alert.createSSLException(Alert.java:131)
	at java.base/sun.security.ssl.Alert.createSSLException(Alert.java:117)
	at java.base/sun.security.ssl.TransportContext.fatal(TransportContext.java:365)
	at java.base/sun.security.ssl.Alert$AlertConsumer.consume(Alert.java:293)
	at java.base/sun.security.ssl.TransportContext.dispatch(TransportContext.java:204)
	at java.base/sun.security.ssl.SSLTransport.decode(SSLTransport.java:172)
	at java.base/sun.security.ssl.SSLEngineImpl.decode(SSLEngineImpl.java:736)
	at java.base/sun.security.ssl.SSLEngineImpl.readRecord(SSLEngineImpl.java:691)
	at java.base/sun.security.ssl.SSLEngineImpl.unwrap(SSLEngineImpl.java:506)
	at java.base/sun.security.ssl.SSLEngineImpl.unwrap(SSLEngineImpl.java:482)
	at java.base/javax.net.ssl.SSLEngine.unwrap(SSLEngine.java:679)
	at io.netty.handler.ssl.SslHandler$SslEngineType$3.unwrap(SslHandler.java:281)
	at io.netty.handler.ssl.SslHandler.unwrap(SslHandler.java:1215)
	at io.netty.handler.ssl.SslHandler.decodeJdkCompatible(SslHandler.java:1127)
	at io.netty.handler.ssl.SslHandler.decode(SslHandler.java:1162)
	at io.netty.handler.codec.ByteToMessageDecoder.decodeRemovalReentryProtection(ByteToMessageDecoder.java:489)
	at io.netty.handler.codec.ByteToMessageDecoder.callDecode(ByteToMessageDecoder.java:428)
	... 15 common frames omitted
21:03:07.673 WARN  vert.x-eventloop-thread-0 DefaultChannelPipeline : An exceptionCaught() event was fired, and it reached at the tail of the pipeline. It usually means the last handler in the pipeline did not handle the exception.
io.netty.handler.codec.DecoderException: javax.net.ssl.SSLHandshakeException: Received fatal alert: certificate_unknown
	at io.netty.handler.codec.ByteToMessageDecoder.callDecode(ByteToMessageDecoder.java:459)
	at io.netty.handler.codec.ByteToMessageDecoder.channelRead(ByteToMessageDecoder.java:265)
	at io.netty.channel.AbstractChannelHandlerContext.invokeChannelRead(AbstractChannelHandlerContext.java:362)
	at io.netty.channel.AbstractChannelHandlerContext.invokeChannelRead(AbstractChannelHandlerContext.java:348)
	at io.netty.channel.AbstractChannelHandlerContext.fireChannelRead(AbstractChannelHandlerContext.java:340)
	at io.netty.channel.DefaultChannelPipeline$HeadContext.channelRead(DefaultChannelPipeline.java:1359)
	at io.netty.channel.AbstractChannelHandlerContext.invokeChannelRead(AbstractChannelHandlerContext.java:362)
	at io.netty.channel.AbstractChannelHandlerContext.invokeChannelRead(AbstractChannelHandlerContext.java:348)
	at io.netty.channel.DefaultChannelPipeline.fireChannelRead(DefaultChannelPipeline.java:935)
	at io.netty.channel.nio.AbstractNioByteChannel$NioByteUnsafe.read(AbstractNioByteChannel.java:134)
	at io.netty.channel.nio.NioEventLoop.processSelectedKey(NioEventLoop.java:645)
	at io.netty.channel.nio.NioEventLoop.processSelectedKeysPlain(NioEventLoop.java:545)
	at io.netty.channel.nio.NioEventLoop.processSelectedKeys(NioEventLoop.java:499)
	at io.netty.channel.nio.NioEventLoop.run(NioEventLoop.java:459)
	at io.netty.util.concurrent.SingleThreadEventExecutor$5.run(SingleThreadEventExecutor.java:858)
	at java.base/java.lang.Thread.run(Thread.java:842)
Caused by: javax.net.ssl.SSLHandshakeException: Received fatal alert: certificate_unknown
	at java.base/sun.security.ssl.Alert.createSSLException(Alert.java:131)
	at java.base/sun.security.ssl.Alert.createSSLException(Alert.java:117)
	at java.base/sun.security.ssl.TransportContext.fatal(TransportContext.java:365)
	at java.base/sun.security.ssl.Alert$AlertConsumer.consume(Alert.java:293)
	at java.base/sun.security.ssl.TransportContext.dispatch(TransportContext.java:204)
	at java.base/sun.security.ssl.SSLTransport.decode(SSLTransport.java:172)
	at java.base/sun.security.ssl.SSLEngineImpl.decode(SSLEngineImpl.java:736)
	at java.base/sun.security.ssl.SSLEngineImpl.readRecord(SSLEngineImpl.java:691)
	at java.base/sun.security.ssl.SSLEngineImpl.unwrap(SSLEngineImpl.java:506)
	at java.base/sun.security.ssl.SSLEngineImpl.unwrap(SSLEngineImpl.java:482)
	at java.base/javax.net.ssl.SSLEngine.unwrap(SSLEngine.java:679)
	at io.netty.handler.ssl.SslHandler$SslEngineType$3.unwrap(SslHandler.java:281)
	at io.netty.handler.ssl.SslHandler.unwrap(SslHandler.java:1215)
	at io.netty.handler.ssl.SslHandler.decodeJdkCompatible(SslHandler.java:1127)
	at io.netty.handler.ssl.SslHandler.decode(SslHandler.java:1162)
	at io.netty.handler.codec.ByteToMessageDecoder.decodeRemovalReentryProtection(ByteToMessageDecoder.java:489)
	at io.netty.handler.codec.ByteToMessageDecoder.callDecode(ByteToMessageDecoder.java:428)
	... 15 common frames omitted
21:03:07.679 WARN  vert.x-eventloop-thread-0 DefaultChannelPipeline : An exceptionCaught() event was fired, and it reached at the tail of the pipeline. It usually means the last handler in the pipeline did not handle the exception.
io.netty.handler.codec.DecoderException: javax.net.ssl.SSLHandshakeException: Received fatal alert: certificate_unknown
	at io.netty.handler.codec.ByteToMessageDecoder.callDecode(ByteToMessageDecoder.java:459)
	at io.netty.handler.codec.ByteToMessageDecoder.channelRead(ByteToMessageDecoder.java:265)
	at io.netty.channel.AbstractChannelHandlerContext.invokeChannelRead(AbstractChannelHandlerContext.java:362)
	at io.netty.channel.AbstractChannelHandlerContext.invokeChannelRead(AbstractChannelHandlerContext.java:348)
	at io.netty.channel.AbstractChannelHandlerContext.fireChannelRead(AbstractChannelHandlerContext.java:340)
	at io.netty.channel.DefaultChannelPipeline$HeadContext.channelRead(DefaultChannelPipeline.java:1359)
	at io.netty.channel.AbstractChannelHandlerContext.invokeChannelRead(AbstractChannelHandlerContext.java:362)
	at io.netty.channel.AbstractChannelHandlerContext.invokeChannelRead(AbstractChannelHandlerContext.java:348)
	at io.netty.channel.DefaultChannelPipeline.fireChannelRead(DefaultChannelPipeline.java:935)
	at io.netty.channel.nio.AbstractNioByteChannel$NioByteUnsafe.read(AbstractNioByteChannel.java:134)
	at io.netty.channel.nio.NioEventLoop.processSelectedKey(NioEventLoop.java:645)
	at io.netty.channel.nio.NioEventLoop.processSelectedKeysPlain(NioEventLoop.java:545)
	at io.netty.channel.nio.NioEventLoop.processSelectedKeys(NioEventLoop.java:499)
	at io.netty.channel.nio.NioEventLoop.run(NioEventLoop.java:459)
	at io.netty.util.concurrent.SingleThreadEventExecutor$5.run(SingleThreadEventExecutor.java:858)
	at java.base/java.lang.Thread.run(Thread.java:842)
Caused by: javax.net.ssl.SSLHandshakeException: Received fatal alert: certificate_unknown
	at java.base/sun.security.ssl.Alert.createSSLException(Alert.java:131)
	at java.base/sun.security.ssl.Alert.createSSLException(Alert.java:117)
	at java.base/sun.security.ssl.TransportContext.fatal(TransportContext.java:365)
	at java.base/sun.security.ssl.Alert$AlertConsumer.consume(Alert.java:293)
	at java.base/sun.security.ssl.TransportContext.dispatch(TransportContext.java:204)
	at java.base/sun.security.ssl.SSLTransport.decode(SSLTransport.java:172)
	at java.base/sun.security.ssl.SSLEngineImpl.decode(SSLEngineImpl.java:736)
	at java.base/sun.security.ssl.SSLEngineImpl.readRecord(SSLEngineImpl.java:691)
	at java.base/sun.security.ssl.SSLEngineImpl.unwrap(SSLEngineImpl.java:506)
	at java.base/sun.security.ssl.SSLEngineImpl.unwrap(SSLEngineImpl.java:482)
	at java.base/javax.net.ssl.SSLEngine.unwrap(SSLEngine.java:679)
	at io.netty.handler.ssl.SslHandler$SslEngineType$3.unwrap(SslHandler.java:281)
	at io.netty.handler.ssl.SslHandler.unwrap(SslHandler.java:1215)
	at io.netty.handler.ssl.SslHandler.decodeJdkCompatible(SslHandler.java:1127)
	at io.netty.handler.ssl.SslHandler.decode(SslHandler.java:1162)
	at io.netty.handler.codec.ByteToMessageDecoder.decodeRemovalReentryProtection(ByteToMessageDecoder.java:489)
	at io.netty.handler.codec.ByteToMessageDecoder.callDecode(ByteToMessageDecoder.java:428)
	... 15 common frames omitted
21:03:07.683 WARN  vert.x-eventloop-thread-0 DefaultChannelPipeline : An exceptionCaught() event was fired, and it reached at the tail of the pipeline. It usually means the last handler in the pipeline did not handle the exception.
io.netty.handler.codec.DecoderException: javax.net.ssl.SSLHandshakeException: Received fatal alert: certificate_unknown
	at io.netty.handler.codec.ByteToMessageDecoder.callDecode(ByteToMessageDecoder.java:459)
	at io.netty.handler.codec.ByteToMessageDecoder.channelRead(ByteToMessageDecoder.java:265)
	at io.netty.channel.AbstractChannelHandlerContext.invokeChannelRead(AbstractChannelHandlerContext.java:362)
	at io.netty.channel.AbstractChannelHandlerContext.invokeChannelRead(AbstractChannelHandlerContext.java:348)
	at io.netty.channel.AbstractChannelHandlerContext.fireChannelRead(AbstractChannelHandlerContext.java:340)
	at io.netty.channel.DefaultChannelPipeline$HeadContext.channelRead(DefaultChannelPipeline.java:1359)
	at io.netty.channel.AbstractChannelHandlerContext.invokeChannelRead(AbstractChannelHandlerContext.java:362)
	at io.netty.channel.AbstractChannelHandlerContext.invokeChannelRead(AbstractChannelHandlerContext.java:348)
	at io.netty.channel.DefaultChannelPipeline.fireChannelRead(DefaultChannelPipeline.java:935)
	at io.netty.channel.nio.AbstractNioByteChannel$NioByteUnsafe.read(AbstractNioByteChannel.java:134)
	at io.netty.channel.nio.NioEventLoop.processSelectedKey(NioEventLoop.java:645)
	at io.netty.channel.nio.NioEventLoop.processSelectedKeysPlain(NioEventLoop.java:545)
	at io.netty.channel.nio.NioEventLoop.processSelectedKeys(NioEventLoop.java:499)
	at io.netty.channel.nio.NioEventLoop.run(NioEventLoop.java:459)
	at io.netty.util.concurrent.SingleThreadEventExecutor$5.run(SingleThreadEventExecutor.java:858)
	at java.base/java.lang.Thread.run(Thread.java:842)
Caused by: javax.net.ssl.SSLHandshakeException: Received fatal alert: certificate_unknown
	at java.base/sun.security.ssl.Alert.createSSLException(Alert.java:131)
	at java.base/sun.security.ssl.Alert.createSSLException(Alert.java:117)
	at java.base/sun.security.ssl.TransportContext.fatal(TransportContext.java:365)
	at java.base/sun.security.ssl.Alert$AlertConsumer.consume(Alert.java:293)
	at java.base/sun.security.ssl.TransportContext.dispatch(TransportContext.java:204)
	at java.base/sun.security.ssl.SSLTransport.decode(SSLTransport.java:172)
	at java.base/sun.security.ssl.SSLEngineImpl.decode(SSLEngineImpl.java:736)
	at java.base/sun.security.ssl.SSLEngineImpl.readRecord(SSLEngineImpl.java:691)
	at java.base/sun.security.ssl.SSLEngineImpl.unwrap(SSLEngineImpl.java:506)
	at java.base/sun.security.ssl.SSLEngineImpl.unwrap(SSLEngineImpl.java:482)
	at java.base/javax.net.ssl.SSLEngine.unwrap(SSLEngine.java:679)
	at io.netty.handler.ssl.SslHandler$SslEngineType$3.unwrap(SslHandler.java:281)
	at io.netty.handler.ssl.SslHandler.unwrap(SslHandler.java:1215)
	at io.netty.handler.ssl.SslHandler.decodeJdkCompatible(SslHandler.java:1127)
	at io.netty.handler.ssl.SslHandler.decode(SslHandler.java:1162)
	at io.netty.handler.codec.ByteToMessageDecoder.decodeRemovalReentryProtection(ByteToMessageDecoder.java:489)
	at io.netty.handler.codec.ByteToMessageDecoder.callDecode(ByteToMessageDecoder.java:428)
	... 15 common frames omitted
21:03:07.683 WARN  vert.x-eventloop-thread-0 DefaultChannelPipeline : An exceptionCaught() event was fired, and it reached at the tail of the pipeline. It usually means the last handler in the pipeline did not handle the exception.
io.netty.handler.codec.DecoderException: javax.net.ssl.SSLHandshakeException: Received fatal alert: certificate_unknown
	at io.netty.handler.codec.ByteToMessageDecoder.callDecode(ByteToMessageDecoder.java:459)
	at io.netty.handler.codec.ByteToMessageDecoder.channelRead(ByteToMessageDecoder.java:265)
	at io.netty.channel.AbstractChannelHandlerContext.invokeChannelRead(AbstractChannelHandlerContext.java:362)
	at io.netty.channel.AbstractChannelHandlerContext.invokeChannelRead(AbstractChannelHandlerContext.java:348)
	at io.netty.channel.AbstractChannelHandlerContext.fireChannelRead(AbstractChannelHandlerContext.java:340)
	at io.netty.channel.DefaultChannelPipeline$HeadContext.channelRead(DefaultChannelPipeline.java:1359)
	at io.netty.channel.AbstractChannelHandlerContext.invokeChannelRead(AbstractChannelHandlerContext.java:362)
	at io.netty.channel.AbstractChannelHandlerContext.invokeChannelRead(AbstractChannelHandlerContext.java:348)
	at io.netty.channel.DefaultChannelPipeline.fireChannelRead(DefaultChannelPipeline.java:935)
	at io.netty.channel.nio.AbstractNioByteChannel$NioByteUnsafe.read(AbstractNioByteChannel.java:134)
	at io.netty.channel.nio.NioEventLoop.processSelectedKey(NioEventLoop.java:645)
	at io.netty.channel.nio.NioEventLoop.processSelectedKeysPlain(NioEventLoop.java:545)
	at io.netty.channel.nio.NioEventLoop.processSelectedKeys(NioEventLoop.java:499)
	at io.netty.channel.nio.NioEventLoop.run(NioEventLoop.java:459)
	at io.netty.util.concurrent.SingleThreadEventExecutor$5.run(SingleThreadEventExecutor.java:858)
	at java.base/java.lang.Thread.run(Thread.java:842)
Caused by: javax.net.ssl.SSLHandshakeException: Received fatal alert: certificate_unknown
	at java.base/sun.security.ssl.Alert.createSSLException(Alert.java:131)
	at java.base/sun.security.ssl.Alert.createSSLException(Alert.java:117)
	at java.base/sun.security.ssl.TransportContext.fatal(TransportContext.java:365)
	at java.base/sun.security.ssl.Alert$AlertConsumer.consume(Alert.java:293)
	at java.base/sun.security.ssl.TransportContext.dispatch(TransportContext.java:204)
	at java.base/sun.security.ssl.SSLTransport.decode(SSLTransport.java:172)
	at java.base/sun.security.ssl.SSLEngineImpl.decode(SSLEngineImpl.java:736)
	at java.base/sun.security.ssl.SSLEngineImpl.readRecord(SSLEngineImpl.java:691)
	at java.base/sun.security.ssl.SSLEngineImpl.unwrap(SSLEngineImpl.java:506)
	at java.base/sun.security.ssl.SSLEngineImpl.unwrap(SSLEngineImpl.java:482)
	at java.base/javax.net.ssl.SSLEngine.unwrap(SSLEngine.java:679)
	at io.netty.handler.ssl.SslHandler$SslEngineType$3.unwrap(SslHandler.java:281)
	at io.netty.handler.ssl.SslHandler.unwrap(SslHandler.java:1215)
	at io.netty.handler.ssl.SslHandler.decodeJdkCompatible(SslHandler.java:1127)
	at io.netty.handler.ssl.SslHandler.decode(SslHandler.java:1162)
	at io.netty.handler.codec.ByteToMessageDecoder.decodeRemovalReentryProtection(ByteToMessageDecoder.java:489)
	at io.netty.handler.codec.ByteToMessageDecoder.callDecode(ByteToMessageDecoder.java:428)
	... 15 common frames omitted
21:03:07.786 INFO  vert.x-eventloop-thread-0 BaseServiceProxy     : -> GET /css/bootstrap-5.2.2/bootstrap.min.css,200|135ms
21:03:07.810 INFO  vert.x-eventloop-thread-0 BaseServiceProxy     : -> GET /css/bootstrap-switch-3.3.2/bootstrap-switch.min.css,200|123ms
21:03:07.812 INFO  vert.x-eventloop-thread-0 BaseServiceProxy     : -> GET /css/reg-am/login.min.css,200|132ms
21:03:07.845 INFO  vert.x-eventloop-thread-0 BaseServiceProxy     : -> GET /scripts/common/js/bootstrap-5.2.2/bootstrap.bundle.min.js,200|34ms
21:03:07.873 INFO  vert.x-eventloop-thread-0 BaseServiceProxy     : -> GET /css/ibkr/theme-ibkr-portal.min.css,200|192ms
21:03:07.876 INFO  vert.x-eventloop-thread-0 BaseServiceProxy     : -> GET /css/fontawesome-6.4.2/all.min.css,200|190ms
21:03:07.882 INFO  vert.x-eventloop-thread-0 BaseServiceProxy     : -> GET /scripts/common/js/jquery-3.7.0/jquery.min.js,200|194ms
21:03:07.996 INFO  vert.x-eventloop-thread-0 BaseServiceProxy     : -> GET /sso/lib/xyz.bundle.min.js,200|182ms
21:03:07.996 INFO  vert.x-eventloop-thread-0 CookieManager        : set cookies [x-sess-uuid=0.cfde9b7c.1776949387.7fba8f7; secure; HttpOnly]
21:03:07.996 DEBUG vert.x-eventloop-thread-0 BaseServiceProxy     : Remapping Set-cookies [x-sess-uuid=0.cfde9b7c.1776949387.7fba8f7; secure; HttpOnly] -> 
21:03:08.094 INFO  vert.x-eventloop-thread-0 BaseServiceProxy     : -> GET /images/common/logos/ibkr/interactive-brokers.svg,200|28ms
21:03:08.152 INFO  vert.x-eventloop-thread-0 BaseServiceProxy     : -> GET /fonts/fontawesome-6.4.2/webfonts/fa-brands-400.woff2,200|61ms
21:03:08.178 INFO  vert.x-eventloop-thread-0 BaseServiceProxy     : -> GET /fonts/proxima-nova/Proxima-Nova-Regular.woff2,200|89ms
21:03:08.181 INFO  vert.x-eventloop-thread-0 BaseServiceProxy     : -> GET /fonts/fontawesome-6.4.2/webfonts/fa-solid-900.woff2,200|89ms
21:03:08.206 INFO  vert.x-eventloop-thread-0 BaseServiceProxy     : -> GET /portal.proxy/v1/gstat/bulletins,204|98ms
21:03:08.352 INFO  vert.x-eventloop-thread-0 BaseServiceProxy     : -> GET /images/web/favicons/home-screen-icon-128x128.png,200|150ms
21:03:08.431 INFO  vert.x-eventloop-thread-0 BaseServiceProxy     : -> GET /sso/report,200|324ms
21:03:08.432 INFO  vert.x-eventloop-thread-0 CookieManager        : set cookies [x-sess-uuid=0.cfde9b7c.1776949388.7fba960; secure; HttpOnly]
21:03:08.432 DEBUG vert.x-eventloop-thread-0 BaseServiceProxy     : Remapping Set-cookies [x-sess-uuid=0.cfde9b7c.1776949388.7fba960; secure; HttpOnly] -> 
21:03:10.195 INFO  vert.x-eventloop-thread-0 BaseServiceProxy     : -> GET /sso/Authenticator,200|370ms
21:03:10.196 INFO  vert.x-eventloop-thread-0 CookieManager        : set cookies [x-sess-uuid=0.cfde9b7c.1776949389.7fba9b0; secure; HttpOnly]
21:03:10.196 DEBUG vert.x-eventloop-thread-0 BaseServiceProxy     : Remapping Set-cookies [x-sess-uuid=0.cfde9b7c.1776949389.7fba9b0; secure; HttpOnly] -> 
21:03:10.529 INFO  vert.x-eventloop-thread-0 BaseServiceProxy     : -> GET /sso/Authenticator,200|310ms
21:03:10.530 INFO  vert.x-eventloop-thread-0 CookieManager        : set cookies [web=3343352782; Domain=.ibkr.com; Expires=Fri, 23 Apr 2027 13:03:10 GMT; Path=/; Secure;Secure;SameSite=None, x-sess-uuid=0.cfde9b7c.1776949390.7fba9b4; secure; HttpOnly]
21:03:10.530 DEBUG vert.x-eventloop-thread-0 BaseServiceProxy     : Remapping Set-cookies [web=3343352782; Domain=.ibkr.com; Expires=Fri, 23 Apr 2027 13:03:10 GMT; Path=/; Secure;Secure;SameSite=None, x-sess-uuid=0.cfde9b7c.1776949390.7fba9b4; secure; HttpOnly] -> 
21:03:10.930 INFO  vert.x-eventloop-thread-0 BaseServiceProxy     : -> GET /sso/Authenticator,200|390ms
21:03:10.931 INFO  vert.x-eventloop-thread-0 CookieManager        : set cookies [x-sess-uuid=0.57de9b7c.1776949390.1fde6ff5; secure; HttpOnly]
21:03:10.931 DEBUG vert.x-eventloop-thread-0 BaseServiceProxy     : Remapping Set-cookies [x-sess-uuid=0.57de9b7c.1776949390.1fde6ff5; secure; HttpOnly] -> 
21:03:14.239 INFO  vert.x-eventloop-thread-0 BaseServiceProxy     : -> GET /sso/Authenticator,200|293ms
21:03:14.241 INFO  vert.x-eventloop-thread-0 CookieManager        : set cookies [x-sess-uuid=0.cfde9b7c.1776949394.7fba9fe; secure; HttpOnly]
21:03:14.241 DEBUG vert.x-eventloop-thread-0 BaseServiceProxy     : Remapping Set-cookies [x-sess-uuid=0.cfde9b7c.1776949394.7fba9fe; secure; HttpOnly] -> 
21:03:17.246 INFO  vert.x-eventloop-thread-0 BaseServiceProxy     : -> GET /sso/Authenticator,200|299ms
21:03:17.247 INFO  vert.x-eventloop-thread-0 CookieManager        : set cookies [x-sess-uuid=0.cfde9b7c.1776949397.7fbaa26; secure; HttpOnly]
21:03:17.247 DEBUG vert.x-eventloop-thread-0 BaseServiceProxy     : Remapping Set-cookies [x-sess-uuid=0.cfde9b7c.1776949397.7fbaa26; secure; HttpOnly] -> 
21:03:17.667 INFO  vert.x-eventloop-thread-0 BaseServiceProxy     : -> GET /sso/Dispatcher,302|391ms
21:03:17.667 INFO  vert.x-eventloop-thread-0 CookieManager        : set cookies [USERID=50301190; Domain=.ibkr.com; Path=/;Secure;SameSite=None, x-sess-uuid=0.cfde9b7c.1776949397.7fbad18; secure; HttpOnly]
21:03:17.668 DEBUG vert.x-eventloop-thread-0 BaseServiceProxy     : Remapping Set-cookies [USERID=50301190; Domain=.ibkr.com; Path=/;Secure;SameSite=None, x-sess-uuid=0.cfde9b7c.1776949397.7fbad18; secure; HttpOnly] -> 
21:03:17.668 INFO  vert.x-eventloop-thread-0 GatewayHttpProxy     : Client login succeeds
21:03:18.028 INFO  vert.x-eventloop-thread-0 BaseServiceProxy     : -> GET /v1/api/sso/validate?gw=1,200|358ms
21:03:18.033 DEBUG vert.x-eventloop-thread-0 ClientPortalService  : portal validate response: {"SFT":"5.2a","IS_PENDING_APPLICANT":false,"SF_ENABLED":true,"HARDWARE_INFO":"","UNIQUE_LOGIN_ID":"50301190-1776949396708","AUTH_TIME":1776949396774,"SF_CONFIG":"5.2a","USER_NAME":"pragu1020","CREDENTIAL_TYPE":0,"IS_FREE_TRIAL":false,"LOGIN_TYPE":1,"LANDING_APP":"PORTAL","CREDENTIAL":"pragu1020","ANOMALOUS_LOGIN":false,"RESULT":true,"IP":"116.88.81.189","USER_ID":50301190,"EXPIRES":1776949398077,"TOKEN":"fc01249e15c740c83b43b08aea4f736ac587abbb","took":260,"IS_MASTER":false,"features":{"env":"PROD","wlms":true,"realtime":true,"bond":true,"optionChains":true,"calendar":true,"newMf":true},"region":"SG"}
21:03:18.135 INFO  vert.x-eventloop-thread-0 GatewayHttpProxy     : authenticated to cp
21:03:18.135 DEBUG vert.x-eventloop-thread-0 BaseServiceProxy     : cancel timer SsoService 0
21:03:18.135 DEBUG vert.x-eventloop-thread-0 BaseServiceProxy     : start timer 300000 SsoService
21:03:18.137 DEBUG vert.x-eventloop-thread-0 BaseServiceProxy     : forward event ON_SSO_VALIDATION, payload 50301190
21:03:18.500 INFO  vert.x-eventloop-thread-0 BaseServiceProxy     : -> GET /v1/api/one/user,200|365ms
21:03:18.501 INFO  vert.x-eventloop-thread-0 ClientPortalService  : get user reply {"username":"pragu1020","features":{"env":"PROD","wlms":true,"realtime":true,"bond":true,"optionChains":true,"calendar":true,"newMf":true},"wbId":"","uar":{"portfolioAnalyst":true,"userInfo":true,"messageCenter":true,"accountDetails":true,"tradingRestrictions":false,"tws":true,"fyi":true,"voting":true,"forum":true,"recentTransactions":true},"props":{"isIBAMClient":false,"ReadOnlySession":null},"firstApprovedDate":1592755200000,"accts":{"U5799398F":{"isIBAMClient":false,"clearingStatus":"O","openDate":1667577600000,"isFAClient":false,"isFunded":true,"tradingPermissions":["CMDTY"]},"U5799398":{"isIBAMClient":false,"clearingStatus":"O","openDate":1592150400000,"isFAClient":false,"isFunded":true,"tradingPermissions":["OPT","IOPT","WAR","STK","CASH","FOP"]}},"hasBrokerageAccessInd":true,"hfcipEligibleInd":false,"fa":false,"has2fa":false,"islite":false,"ispaper":false,"applicants":[{"id":6062329,"type":"INDIVIDUAL","businessType":"INDEPENDENT","nlcode":"en_US","legalCountry":{"name":"Singapore","alpha3":"SGP"}}]}
21:03:19.840 INFO  vert.x-eventloop-thread-0 SsoService           : sso init status=200, url=https://api.ibkr.com/v1/api/ssodh/init
21:03:19.944 DEBUG vert.x-eventloop-thread-0 SsoService           : K 50f28001a054abed9d2d446ab2b34000acc5cb18
21:03:19.945 DEBUG vert.x-eventloop-thread-0 BaseServiceProxy     : forward event ON_SSODH_COMPLETED, payload none
21:03:19.945 DEBUG vert.x-eventloop-thread-0 GatewayHttpProxy     : delaying authentication for 3000
21:03:19.953 ERROR vert.x-eventloop-thread-0 ContextImpl          : Unhandled exception
java.lang.NullPointerException: Cannot read the array length because "mac" is null
	at ibgroup.web.core.clientportal.gw.utils.TstTokenUtils.getMacAddress(TstTokenUtils.java:22)
	at ibgroup.web.core.clientportal.gw.services.SsoService.getMac(SsoService.java:81)
	at ibgroup.web.core.clientportal.gw.services.SsoService.getDeviceId(SsoService.java:70)
	at ibgroup.web.core.clientportal.gw.services.SsoService.setTstToken(SsoService.java:88)
	at ibgroup.web.core.clientportal.gw.http.GatewayHttpProxy.onEvent(GatewayHttpProxy.java:213)
	at ibgroup.web.core.clientportal.gw.http.GatewayHttpProxy.lambda$new$1(GatewayHttpProxy.java:56)
	at ibgroup.web.core.clientportal.gw.services.BaseServiceProxy.lambda$null$0(BaseServiceProxy.java:67)
	at java.base/java.util.ArrayList.forEach(ArrayList.java:1511)
	at ibgroup.web.core.clientportal.gw.services.BaseServiceProxy.lambda$on$1(BaseServiceProxy.java:67)
	at io.vertx.core.impl.ContextImpl.lambda$wrapTask$2(ContextImpl.java:344)
	at io.netty.util.concurrent.AbstractEventExecutor.safeExecute(AbstractEventExecutor.java:163)
	at io.netty.util.concurrent.SingleThreadEventExecutor.runAllTasks(SingleThreadEventExecutor.java:403)
	at io.netty.channel.nio.NioEventLoop.run(NioEventLoop.java:463)
	at io.netty.util.concurrent.SingleThreadEventExecutor$5.run(SingleThreadEventExecutor.java:858)
	at java.base/java.lang.Thread.run(Thread.java:842)
21:03:23.052 INFO  vert.x-eventloop-thread-0 BaseServiceProxy     : -> GET /v1/api/iserver/auth/status,200|103ms
21:03:23.053 DEBUG vert.x-eventloop-thread-0 ClientPortalService  : status {"authenticated":false,"established":false,"competing":false,"connected":false,"MAC":"06:A8:C0:D9:D5:E3"}
21:03:23.054 INFO  vert.x-eventloop-thread-0 ClientPortalService  : process auth status {"authenticated":false,"established":false,"competing":false,"connected":false,"MAC":"06:A8:C0:D9:D5:E3"}
21:03:23.088 DEBUG vert.x-eventloop-thread-0 ClientPortalService  : auth brokerage, k=50f28001a054abed9d2d446ab2b34000acc5cb18, post={"username":"pragu1020","machineId":"1444ca74","compete":true}
21:03:23.446 INFO  vert.x-eventloop-thread-0 BaseServiceProxy     : -> POST https://api.ibkr.com/v1/api/iserver/auth/ssodh/init,200|357ms
21:03:23.449 DEBUG vert.x-eventloop-thread-0 ClientPortalService  : iserver init : {"passed":true,"authenticated":true,"connected":true,"established":false,"competing":false,"hardware_info":"275c5aa2|06:A8:C0:D9:D5:E3"}
21:03:23.450 INFO  vert.x-eventloop-thread-0 ClientPortalService  : process auth status {"passed":true,"authenticated":true,"connected":true,"established":false,"competing":false,"hardware_info":"275c5aa2|06:A8:C0:D9:D5:E3"}
21:03:23.451 DEBUG vert.x-eventloop-thread-0 BaseServiceProxy     : start timer 30000 ClientPortalService
21:03:23.537 INFO  vert.x-eventloop-thread-0 BaseServiceProxy     : -> GET /v1/api/iserver/accounts,200|87ms
21:03:23.538 DEBUG vert.x-eventloop-thread-0 ClientPortalService  : iserver accounts {}
21:03:32.477 INFO  vert.x-eventloop-thread-0 BaseServiceProxy     : -> GET /v1/api/iserver/auth/ssodh/init?publish=true&compete=true,200|349ms
21:03:32.629 INFO  vert.x-eventloop-thread-0 BaseServiceProxy     : -> GET /v1/api/iserver/account/orders,200|109ms
21:03:32.777 INFO  vert.x-eventloop-thread-0 BaseServiceProxy     : -> GET /v1/api/tickle,200|107ms
21:03:53.513 INFO  vert.x-eventloop-thread-0 BaseServiceProxy     : -> GET /v1/api/tickle,200|58ms
21:03:53.515 DEBUG vert.x-eventloop-thread-0 ClientPortalService  : tickle {"session":"35ed1fc9a6bea0ad9a6c8ab4fa8ca193","ssoExpires":564483,"collission":false,"userId":50301190,"hmds":{"error":"no bridge"},"iserver":{"authStatus":{"authenticated":true,"established":true,"competing":false,"connected":true,"message":"","MAC":"06:A8:C0:D9:D5:E3","serverInfo":{"serverName":"JifS14124","serverVersion":"Build 10.44.1h, Apr 20, 2026 11:22:51 AM"},"hardware_info":"275c5aa2|06:A8:C0:D9:D5:E3"}}}
21:04:23.523 INFO  vert.x-eventloop-thread-0 BaseServiceProxy     : -> GET /v1/api/tickle,200|70ms
21:04:23.526 DEBUG vert.x-eventloop-thread-0 ClientPortalService  : tickle {"session":"35ed1fc9a6bea0ad9a6c8ab4fa8ca193","ssoExpires":534473,"collission":false,"userId":50301190,"hmds":{"error":"no bridge"},"iserver":{"authStatus":{"authenticated":true,"established":true,"competing":false,"connected":true,"message":"","MAC":"06:A8:C0:D9:D5:E3","serverInfo":{"serverName":"JifS14124","serverVersion":"Build 10.44.1h, Apr 20, 2026 11:22:51 AM"},"hardware_info":"275c5aa2|06:A8:C0:D9:D5:E3"}}}
21:04:53.514 INFO  vert.x-eventloop-thread-0 BaseServiceProxy     : -> GET /v1/api/tickle,200|61ms
21:04:53.517 DEBUG vert.x-eventloop-thread-0 ClientPortalService  : tickle {"session":"35ed1fc9a6bea0ad9a6c8ab4fa8ca193","ssoExpires":504479,"collission":false,"userId":50301190,"hmds":{"error":"no bridge"},"iserver":{"authStatus":{"authenticated":true,"established":true,"competing":false,"connected":true,"message":"","MAC":"06:A8:C0:D9:D5:E3","serverInfo":{"serverName":"JifS14124","serverVersion":"Build 10.44.1h, Apr 20, 2026 11:22:51 AM"},"hardware_info":"275c5aa2|06:A8:C0:D9:D5:E3"}}}
21:05:23.541 INFO  vert.x-eventloop-thread-0 BaseServiceProxy     : -> GET /v1/api/tickle,200|89ms
21:05:23.542 DEBUG vert.x-eventloop-thread-0 ClientPortalService  : tickle {"session":"35ed1fc9a6bea0ad9a6c8ab4fa8ca193","ssoExpires":474472,"collission":false,"userId":50301190,"hmds":{"error":"no bridge"},"iserver":{"authStatus":{"authenticated":true,"established":true,"competing":false,"connected":true,"message":"","MAC":"06:A8:C0:D9:D5:E3","serverInfo":{"serverName":"JifS14124","serverVersion":"Build 10.44.1h, Apr 20, 2026 11:22:51 AM"},"hardware_info":"275c5aa2|06:A8:C0:D9:D5:E3"}}}
21:05:53.530 INFO  vert.x-eventloop-thread-0 BaseServiceProxy     : -> GET /v1/api/tickle,200|78ms
21:05:53.532 DEBUG vert.x-eventloop-thread-0 ClientPortalService  : tickle {"session":"35ed1fc9a6bea0ad9a6c8ab4fa8ca193","ssoExpires":444464,"collission":false,"userId":50301190,"hmds":{"error":"no bridge"},"iserver":{"authStatus":{"authenticated":true,"established":true,"competing":false,"connected":true,"message":"","MAC":"06:A8:C0:D9:D5:E3","serverInfo":{"serverName":"JifS14124","serverVersion":"Build 10.44.1h, Apr 20, 2026 11:22:51 AM"},"hardware_info":"275c5aa2|06:A8:C0:D9:D5:E3"}}}
21:06:23.766 INFO  vert.x-eventloop-thread-0 BaseServiceProxy     : -> GET /v1/api/tickle,200|314ms
21:06:23.769 DEBUG vert.x-eventloop-thread-0 ClientPortalService  : tickle {"session":"35ed1fc9a6bea0ad9a6c8ab4fa8ca193","ssoExpires":414247,"collission":false,"userId":50301190,"hmds":{"error":"no bridge"},"iserver":{"authStatus":{"authenticated":true,"established":true,"competing":false,"connected":true,"message":"","MAC":"06:A8:C0:D9:D5:E3","serverInfo":{"serverName":"JifS14124","serverVersion":"Build 10.44.1h, Apr 20, 2026 11:22:51 AM"},"hardware_info":"275c5aa2|06:A8:C0:D9:D5:E3"}}}
21:06:33.002 INFO  vert.x-eventloop-thread-0 BaseServiceProxy     : -> GET /v1/api/tickle,200|86ms
21:06:53.513 INFO  vert.x-eventloop-thread-0 BaseServiceProxy     : -> GET /v1/api/tickle,200|61ms
21:06:53.516 DEBUG vert.x-eventloop-thread-0 ClientPortalService  : tickle {"session":"35ed1fc9a6bea0ad9a6c8ab4fa8ca193","ssoExpires":384479,"collission":false,"userId":50301190,"hmds":{"error":"no bridge"},"iserver":{"authStatus":{"authenticated":true,"established":true,"competing":false,"connected":true,"message":"","MAC":"06:A8:C0:D9:D5:E3","serverInfo":{"serverName":"JifS14124","serverVersion":"Build 10.44.1h, Apr 20, 2026 11:22:51 AM"},"hardware_info":"275c5aa2|06:A8:C0:D9:D5:E3"}}}
21:07:23.531 INFO  vert.x-eventloop-thread-0 BaseServiceProxy     : -> GET /v1/api/tickle,200|80ms
21:07:23.532 DEBUG vert.x-eventloop-thread-0 ClientPortalService  : tickle {"session":"35ed1fc9a6bea0ad9a6c8ab4fa8ca193","ssoExpires":354461,"collission":false,"userId":50301190,"hmds":{"error":"no bridge"},"iserver":{"authStatus":{"authenticated":true,"established":true,"competing":false,"connected":true,"message":"","MAC":"06:A8:C0:D9:D5:E3","serverInfo":{"serverName":"JifS14124","serverVersion":"Build 10.44.1h, Apr 20, 2026 11:22:51 AM"},"hardware_info":"275c5aa2|06:A8:C0:D9:D5:E3"}}}
21:07:53.565 INFO  vert.x-eventloop-thread-0 BaseServiceProxy     : -> GET /v1/api/tickle,200|114ms
21:07:53.566 DEBUG vert.x-eventloop-thread-0 ClientPortalService  : tickle {"session":"35ed1fc9a6bea0ad9a6c8ab4fa8ca193","ssoExpires":324436,"collission":false,"userId":50301190,"hmds":{"error":"no bridge"},"iserver":{"authStatus":{"authenticated":true,"established":true,"competing":false,"connected":true,"message":"","MAC":"06:A8:C0:D9:D5:E3","serverInfo":{"serverName":"JifS14124","serverVersion":"Build 10.44.1h, Apr 20, 2026 11:22:51 AM"},"hardware_info":"275c5aa2|06:A8:C0:D9:D5:E3"}}}
21:08:18.461 INFO  vert.x-eventloop-thread-0 BaseServiceProxy     : -> GET /sso/ping,200|306ms
21:08:18.462 INFO  vert.x-eventloop-thread-0 SsoService           : sso ping {"result": "true"}
21:08:23.506 INFO  vert.x-eventloop-thread-0 BaseServiceProxy     : -> GET /v1/api/tickle,200|56ms
21:08:23.507 DEBUG vert.x-eventloop-thread-0 ClientPortalService  : tickle {"session":"35ed1fc9a6bea0ad9a6c8ab4fa8ca193","ssoExpires":294487,"collission":false,"userId":50301190,"hmds":{"error":"no bridge"},"iserver":{"authStatus":{"authenticated":true,"established":true,"competing":false,"connected":true,"message":"","MAC":"06:A8:C0:D9:D5:E3","serverInfo":{"serverName":"JifS14124","serverVersion":"Build 10.44.1h, Apr 20, 2026 11:22:51 AM"},"hardware_info":"275c5aa2|06:A8:C0:D9:D5:E3"}}}
21:08:53.655 INFO  vert.x-eventloop-thread-0 BaseServiceProxy     : -> GET /v1/api/tickle,200|203ms
21:08:53.658 DEBUG vert.x-eventloop-thread-0 ClientPortalService  : tickle {"session":"35ed1fc9a6bea0ad9a6c8ab4fa8ca193","ssoExpires":264424,"collission":false,"userId":50301190,"hmds":{"error":"no bridge"},"iserver":{"authStatus":{"authenticated":true,"established":true,"competing":false,"connected":true,"message":"","MAC":"06:A8:C0:D9:D5:E3","serverInfo":{"serverName":"JifS14124","serverVersion":"Build 10.44.1h, Apr 20, 2026 11:22:51 AM"},"hardware_info":"275c5aa2|06:A8:C0:D9:D5:E3"}}}
21:09:23.525 INFO  vert.x-eventloop-thread-0 BaseServiceProxy     : -> GET /v1/api/tickle,200|74ms
21:09:23.527 DEBUG vert.x-eventloop-thread-0 ClientPortalService  : tickle {"session":"35ed1fc9a6bea0ad9a6c8ab4fa8ca193","ssoExpires":234475,"collission":false,"userId":50301190,"hmds":{"error":"no bridge"},"iserver":{"authStatus":{"authenticated":true,"established":true,"competing":false,"connected":true,"message":"","MAC":"06:A8:C0:D9:D5:E3","serverInfo":{"serverName":"JifS14124","serverVersion":"Build 10.44.1h, Apr 20, 2026 11:22:51 AM"},"hardware_info":"275c5aa2|06:A8:C0:D9:D5:E3"}}}
21:09:33.259 INFO  vert.x-eventloop-thread-0 BaseServiceProxy     : -> GET /v1/api/tickle,200|99ms
21:09:53.534 INFO  vert.x-eventloop-thread-0 BaseServiceProxy     : -> GET /v1/api/tickle,200|83ms
21:09:53.535 DEBUG vert.x-eventloop-thread-0 ClientPortalService  : tickle {"session":"35ed1fc9a6bea0ad9a6c8ab4fa8ca193","ssoExpires":204473,"collission":false,"userId":50301190,"hmds":{"error":"no bridge"},"iserver":{"authStatus":{"authenticated":true,"established":true,"competing":false,"connected":true,"message":"","MAC":"06:A8:C0:D9:D5:E3","serverInfo":{"serverName":"JifS14124","serverVersion":"Build 10.44.1h, Apr 20, 2026 11:22:51 AM"},"hardware_info":"275c5aa2|06:A8:C0:D9:D5:E3"}}}
21:10:23.517 INFO  vert.x-eventloop-thread-0 BaseServiceProxy     : -> GET /v1/api/tickle,200|65ms
21:10:23.518 DEBUG vert.x-eventloop-thread-0 ClientPortalService  : tickle {"session":"35ed1fc9a6bea0ad9a6c8ab4fa8ca193","ssoExpires":174479,"collission":false,"userId":50301190,"hmds":{"error":"no bridge"},"iserver":{"authStatus":{"authenticated":true,"established":true,"competing":false,"connected":true,"message":"","MAC":"06:A8:C0:D9:D5:E3","serverInfo":{"serverName":"JifS14124","serverVersion":"Build 10.44.1h, Apr 20, 2026 11:22:51 AM"},"hardware_info":"275c5aa2|06:A8:C0:D9:D5:E3"}}}
21:10:53.701 INFO  vert.x-eventloop-thread-0 BaseServiceProxy     : -> GET /v1/api/tickle,200|251ms
21:10:53.703 DEBUG vert.x-eventloop-thread-0 ClientPortalService  : tickle {"session":"35ed1fc9a6bea0ad9a6c8ab4fa8ca193","ssoExpires":144477,"collission":false,"userId":50301190,"hmds":{"error":"no bridge"},"iserver":{"authStatus":{"authenticated":true,"established":true,"competing":false,"connected":true,"message":"","MAC":"06:A8:C0:D9:D5:E3","serverInfo":{"serverName":"JifS14124","serverVersion":"Build 10.44.1h, Apr 20, 2026 11:22:51 AM"},"hardware_info":"275c5aa2|06:A8:C0:D9:D5:E3"}}}
21:11:23.569 INFO  vert.x-eventloop-thread-0 BaseServiceProxy     : -> GET /v1/api/tickle,200|118ms
21:11:23.572 DEBUG vert.x-eventloop-thread-0 ClientPortalService  : tickle {"session":"35ed1fc9a6bea0ad9a6c8ab4fa8ca193","ssoExpires":114440,"collission":false,"userId":50301190,"hmds":{"error":"no bridge"},"iserver":{"authStatus":{"authenticated":true,"established":true,"competing":false,"connected":true,"message":"","MAC":"06:A8:C0:D9:D5:E3","serverInfo":{"serverName":"JifS14124","serverVersion":"Build 10.44.1h, Apr 20, 2026 11:22:51 AM"},"hardware_info":"275c5aa2|06:A8:C0:D9:D5:E3"}}}
21:11:53.502 INFO  vert.x-eventloop-thread-0 BaseServiceProxy     : -> GET /v1/api/tickle,200|54ms
21:11:53.503 DEBUG vert.x-eventloop-thread-0 ClientPortalService  : tickle {"session":"35ed1fc9a6bea0ad9a6c8ab4fa8ca193","ssoExpires":84487,"collission":false,"userId":50301190,"hmds":{"error":"no bridge"},"iserver":{"authStatus":{"authenticated":true,"established":true,"competing":false,"connected":true,"message":"","MAC":"06:A8:C0:D9:D5:E3","serverInfo":{"serverName":"JifS14124","serverVersion":"Build 10.44.1h, Apr 20, 2026 11:22:51 AM"},"hardware_info":"275c5aa2|06:A8:C0:D9:D5:E3"}}}
21:12:23.562 INFO  vert.x-eventloop-thread-0 BaseServiceProxy     : -> GET /v1/api/tickle,200|112ms
21:12:23.562 DEBUG vert.x-eventloop-thread-0 ClientPortalService  : tickle {"session":"35ed1fc9a6bea0ad9a6c8ab4fa8ca193","ssoExpires":54469,"collission":false,"userId":50301190,"hmds":{"error":"no bridge"},"iserver":{"authStatus":{"authenticated":true,"established":true,"competing":false,"connected":true,"message":"","MAC":"06:A8:C0:D9:D5:E3","serverInfo":{"serverName":"JifS14124","serverVersion":"Build 10.44.1h, Apr 20, 2026 11:22:51 AM"},"hardware_info":"275c5aa2|06:A8:C0:D9:D5:E3"}}}
21:12:33.449 INFO  vert.x-eventloop-thread-0 BaseServiceProxy     : -> GET /v1/api/tickle,200|57ms
21:12:53.500 INFO  vert.x-eventloop-thread-0 BaseServiceProxy     : -> GET /v1/api/tickle,200|51ms
21:12:53.502 DEBUG vert.x-eventloop-thread-0 ClientPortalService  : tickle {"session":"35ed1fc9a6bea0ad9a6c8ab4fa8ca193","ssoExpires":24489,"collission":false,"userId":50301190,"hmds":{"error":"no bridge"},"iserver":{"authStatus":{"authenticated":true,"established":true,"competing":false,"connected":true,"message":"","MAC":"06:A8:C0:D9:D5:E3","serverInfo":{"serverName":"JifS14124","serverVersion":"Build 10.44.1h, Apr 20, 2026 11:22:51 AM"},"hardware_info":"275c5aa2|06:A8:C0:D9:D5:E3"}}}
21:13:18.460 INFO  vert.x-eventloop-thread-0 BaseServiceProxy     : -> GET /sso/ping,200|326ms
21:13:18.463 INFO  vert.x-eventloop-thread-0 SsoService           : sso ping {"result": "true"}
21:13:23.551 INFO  vert.x-eventloop-thread-0 BaseServiceProxy     : -> GET /v1/api/tickle,200|102ms
21:13:23.552 DEBUG vert.x-eventloop-thread-0 ClientPortalService  : tickle {"session":"35ed1fc9a6bea0ad9a6c8ab4fa8ca193","ssoExpires":600000,"collission":false,"userId":50301190,"hmds":{"error":"no bridge"},"iserver":{"authStatus":{"authenticated":true,"established":true,"competing":false,"connected":true,"message":"","MAC":"06:A8:C0:D9:D5:E3","serverInfo":{"serverName":"JifS14124","serverVersion":"Build 10.44.1h, Apr 20, 2026 11:22:51 AM"},"hardware_info":"275c5aa2|06:A8:C0:D9:D5:E3"}}}
21:13:53.814 INFO  vert.x-eventloop-thread-0 BaseServiceProxy     : -> GET /v1/api/tickle,200|366ms
21:13:53.816 DEBUG vert.x-eventloop-thread-0 ClientPortalService  : tickle {"session":"35ed1fc9a6bea0ad9a6c8ab4fa8ca193","ssoExpires":569722,"collission":false,"userId":50301190,"hmds":{"error":"no bridge"},"iserver":{"authStatus":{"authenticated":true,"established":true,"competing":false,"connected":true,"message":"","MAC":"06:A8:C0:D9:D5:E3","serverInfo":{"serverName":"JifS14124","serverVersion":"Build 10.44.1h, Apr 20, 2026 11:22:51 AM"},"hardware_info":"275c5aa2|06:A8:C0:D9:D5:E3"}}}
21:14:23.551 INFO  vert.x-eventloop-thread-0 BaseServiceProxy     : -> GET /v1/api/tickle,200|103ms
21:14:23.553 DEBUG vert.x-eventloop-thread-0 ClientPortalService  : tickle {"session":"35ed1fc9a6bea0ad9a6c8ab4fa8ca193","ssoExpires":539989,"collission":false,"userId":50301190,"hmds":{"error":"no bridge"},"iserver":{"authStatus":{"authenticated":true,"established":true,"competing":false,"connected":true,"message":"","MAC":"06:A8:C0:D9:D5:E3","serverInfo":{"serverName":"JifS14124","serverVersion":"Build 10.44.1h, Apr 20, 2026 11:22:51 AM"},"hardware_info":"275c5aa2|06:A8:C0:D9:D5:E3"}}}
21:14:53.594 INFO  vert.x-eventloop-thread-0 BaseServiceProxy     : -> GET /v1/api/tickle,200|146ms
21:14:53.596 DEBUG vert.x-eventloop-thread-0 ClientPortalService  : tickle {"session":"35ed1fc9a6bea0ad9a6c8ab4fa8ca193","ssoExpires":509996,"collission":false,"userId":50301190,"hmds":{"error":"no bridge"},"iserver":{"authStatus":{"authenticated":true,"established":true,"competing":false,"connected":true,"message":"","MAC":"06:A8:C0:D9:D5:E3","serverInfo":{"serverName":"JifS14124","serverVersion":"Build 10.44.1h, Apr 20, 2026 11:22:51 AM"},"hardware_info":"275c5aa2|06:A8:C0:D9:D5:E3"}}}
21:15:23.541 INFO  vert.x-eventloop-thread-0 BaseServiceProxy     : -> GET /v1/api/tickle,200|92ms
21:15:23.543 DEBUG vert.x-eventloop-thread-0 ClientPortalService  : tickle {"session":"35ed1fc9a6bea0ad9a6c8ab4fa8ca193","ssoExpires":479979,"collission":false,"userId":50301190,"hmds":{"error":"no bridge"},"iserver":{"authStatus":{"authenticated":true,"established":true,"competing":false,"connected":true,"message":"","MAC":"06:A8:C0:D9:D5:E3","serverInfo":{"serverName":"JifS14124","serverVersion":"Build 10.44.1h, Apr 20, 2026 11:22:51 AM"},"hardware_info":"275c5aa2|06:A8:C0:D9:D5:E3"}}}
21:15:33.995 INFO  vert.x-eventloop-thread-0 BaseServiceProxy     : -> GET /v1/api/tickle,200|414ms
21:15:53.500 INFO  vert.x-eventloop-thread-0 BaseServiceProxy     : -> GET /v1/api/tickle,200|53ms
21:15:53.502 DEBUG vert.x-eventloop-thread-0 ClientPortalService  : tickle {"session":"35ed1fc9a6bea0ad9a6c8ab4fa8ca193","ssoExpires":450001,"collission":false,"userId":50301190,"hmds":{"error":"no bridge"},"iserver":{"authStatus":{"authenticated":true,"established":true,"competing":false,"connected":true,"message":"","MAC":"06:A8:C0:D9:D5:E3","serverInfo":{"serverName":"JifS14124","serverVersion":"Build 10.44.1h, Apr 20, 2026 11:22:51 AM"},"hardware_info":"275c5aa2|06:A8:C0:D9:D5:E3"}}}
21:16:23.547 INFO  vert.x-eventloop-thread-0 BaseServiceProxy     : -> GET /v1/api/tickle,200|100ms
21:16:23.549 DEBUG vert.x-eventloop-thread-0 ClientPortalService  : tickle {"session":"35ed1fc9a6bea0ad9a6c8ab4fa8ca193","ssoExpires":419995,"collission":false,"userId":50301190,"hmds":{"error":"no bridge"},"iserver":{"authStatus":{"authenticated":true,"established":true,"competing":false,"connected":true,"message":"","MAC":"06:A8:C0:D9:D5:E3","serverInfo":{"serverName":"JifS14124","serverVersion":"Build 10.44.1h, Apr 20, 2026 11:22:51 AM"},"hardware_info":"275c5aa2|06:A8:C0:D9:D5:E3"}}}
21:16:53.527 INFO  vert.x-eventloop-thread-0 BaseServiceProxy     : -> GET /v1/api/tickle,200|80ms
21:16:53.529 DEBUG vert.x-eventloop-thread-0 ClientPortalService  : tickle {"session":"35ed1fc9a6bea0ad9a6c8ab4fa8ca193","ssoExpires":389998,"collission":false,"userId":50301190,"hmds":{"error":"no bridge"},"iserver":{"authStatus":{"authenticated":true,"established":true,"competing":false,"connected":true,"message":"","MAC":"06:A8:C0:D9:D5:E3","serverInfo":{"serverName":"JifS14124","serverVersion":"Build 10.44.1h, Apr 20, 2026 11:22:51 AM"},"hardware_info":"275c5aa2|06:A8:C0:D9:D5:E3"}}}
21:17:23.515 INFO  vert.x-eventloop-thread-0 BaseServiceProxy     : -> GET /v1/api/tickle,200|68ms
21:17:23.517 DEBUG vert.x-eventloop-thread-0 ClientPortalService  : tickle {"session":"35ed1fc9a6bea0ad9a6c8ab4fa8ca193","ssoExpires":359991,"collission":false,"userId":50301190,"hmds":{"error":"no bridge"},"iserver":{"authStatus":{"authenticated":true,"established":true,"competing":false,"connected":true,"message":"","MAC":"06:A8:C0:D9:D5:E3","serverInfo":{"serverName":"JifS14124","serverVersion":"Build 10.44.1h, Apr 20, 2026 11:22:51 AM"},"hardware_info":"275c5aa2|06:A8:C0:D9:D5:E3"}}}
21:17:53.554 INFO  vert.x-eventloop-thread-0 BaseServiceProxy     : -> GET /v1/api/tickle,200|107ms
21:17:53.555 DEBUG vert.x-eventloop-thread-0 ClientPortalService  : tickle {"session":"35ed1fc9a6bea0ad9a6c8ab4fa8ca193","ssoExpires":329984,"collission":false,"userId":50301190,"hmds":{"error":"no bridge"},"iserver":{"authStatus":{"authenticated":true,"established":true,"competing":false,"connected":true,"message":"","MAC":"06:A8:C0:D9:D5:E3","serverInfo":{"serverName":"JifS14124","serverVersion":"Build 10.44.1h, Apr 20, 2026 11:22:51 AM"},"hardware_info":"275c5aa2|06:A8:C0:D9:D5:E3"}}}
21:18:18.413 INFO  vert.x-eventloop-thread-0 BaseServiceProxy     : -> GET /sso/ping,200|281ms
21:18:18.415 INFO  vert.x-eventloop-thread-0 SsoService           : sso ping {"result": "true"}
21:18:23.528 INFO  vert.x-eventloop-thread-0 BaseServiceProxy     : -> GET /v1/api/tickle,200|81ms
21:18:23.529 DEBUG vert.x-eventloop-thread-0 ClientPortalService  : tickle {"session":"35ed1fc9a6bea0ad9a6c8ab4fa8ca193","ssoExpires":299995,"collission":false,"userId":50301190,"hmds":{"error":"no bridge"},"iserver":{"authStatus":{"authenticated":true,"established":true,"competing":false,"connected":true,"message":"","MAC":"06:A8:C0:D9:D5:E3","serverInfo":{"serverName":"JifS14124","serverVersion":"Build 10.44.1h, Apr 20, 2026 11:22:51 AM"},"hardware_info":"275c5aa2|06:A8:C0:D9:D5:E3"}}}
21:18:34.478 INFO  vert.x-eventloop-thread-0 BaseServiceProxy     : -> GET /v1/api/tickle,200|329ms
21:18:53.535 INFO  vert.x-eventloop-thread-0 BaseServiceProxy     : -> GET /v1/api/tickle,200|87ms
21:18:53.536 DEBUG vert.x-eventloop-thread-0 ClientPortalService  : tickle {"session":"35ed1fc9a6bea0ad9a6c8ab4fa8ca193","ssoExpires":269991,"collission":false,"userId":50301190,"hmds":{"error":"no bridge"},"iserver":{"authStatus":{"authenticated":true,"established":true,"competing":false,"connected":true,"message":"","MAC":"06:A8:C0:D9:D5:E3","serverInfo":{"serverName":"JifS14124","serverVersion":"Build 10.44.1h, Apr 20, 2026 11:22:51 AM"},"hardware_info":"275c5aa2|06:A8:C0:D9:D5:E3"}}}
21:19:23.534 INFO  vert.x-eventloop-thread-0 BaseServiceProxy     : -> GET /v1/api/tickle,200|89ms
21:19:23.535 DEBUG vert.x-eventloop-thread-0 ClientPortalService  : tickle {"session":"35ed1fc9a6bea0ad9a6c8ab4fa8ca193","ssoExpires":240001,"collission":false,"userId":50301190,"hmds":{"error":"no bridge"},"iserver":{"authStatus":{"authenticated":true,"established":true,"competing":false,"connected":true,"message":"","MAC":"06:A8:C0:D9:D5:E3","serverInfo":{"serverName":"JifS14124","serverVersion":"Build 10.44.1h, Apr 20, 2026 11:22:51 AM"},"hardware_info":"275c5aa2|06:A8:C0:D9:D5:E3"}}}
21:19:53.542 INFO  vert.x-eventloop-thread-0 BaseServiceProxy     : -> GET /v1/api/tickle,200|95ms
21:19:53.544 DEBUG vert.x-eventloop-thread-0 ClientPortalService  : tickle {"session":"35ed1fc9a6bea0ad9a6c8ab4fa8ca193","ssoExpires":209997,"collission":false,"userId":50301190,"hmds":{"error":"no bridge"},"iserver":{"authStatus":{"authenticated":true,"established":true,"competing":false,"connected":true,"message":"","MAC":"06:A8:C0:D9:D5:E3","serverInfo":{"serverName":"JifS14124","serverVersion":"Build 10.44.1h, Apr 20, 2026 11:22:51 AM"},"hardware_info":"275c5aa2|06:A8:C0:D9:D5:E3"}}}
21:20:23.542 INFO  vert.x-eventloop-thread-0 BaseServiceProxy     : -> GET /v1/api/tickle,200|96ms
21:20:23.544 DEBUG vert.x-eventloop-thread-0 ClientPortalService  : tickle {"session":"35ed1fc9a6bea0ad9a6c8ab4fa8ca193","ssoExpires":179999,"collission":false,"userId":50301190,"hmds":{"error":"no bridge"},"iserver":{"authStatus":{"authenticated":true,"established":true,"competing":false,"connected":true,"message":"","MAC":"06:A8:C0:D9:D5:E3","serverInfo":{"serverName":"JifS14124","serverVersion":"Build 10.44.1h, Apr 20, 2026 11:22:51 AM"},"hardware_info":"275c5aa2|06:A8:C0:D9:D5:E3"}}}
21:20:53.541 INFO  vert.x-eventloop-thread-0 BaseServiceProxy     : -> GET /v1/api/tickle,200|95ms
21:20:53.543 DEBUG vert.x-eventloop-thread-0 ClientPortalService  : tickle {"session":"35ed1fc9a6bea0ad9a6c8ab4fa8ca193","ssoExpires":149984,"collission":false,"userId":50301190,"hmds":{"error":"no bridge"},"iserver":{"authStatus":{"authenticated":true,"established":true,"competing":false,"connected":true,"message":"","MAC":"06:A8:C0:D9:D5:E3","serverInfo":{"serverName":"JifS14124","serverVersion":"Build 10.44.1h, Apr 20, 2026 11:22:51 AM"},"hardware_info":"275c5aa2|06:A8:C0:D9:D5:E3"}}}
21:21:23.544 INFO  vert.x-eventloop-thread-0 BaseServiceProxy     : -> GET /v1/api/tickle,200|98ms
21:21:23.546 DEBUG vert.x-eventloop-thread-0 ClientPortalService  : tickle {"session":"35ed1fc9a6bea0ad9a6c8ab4fa8ca193","ssoExpires":119999,"collission":false,"userId":50301190,"hmds":{"error":"no bridge"},"iserver":{"authStatus":{"authenticated":true,"established":true,"competing":false,"connected":true,"message":"","MAC":"06:A8:C0:D9:D5:E3","serverInfo":{"serverName":"JifS14124","serverVersion":"Build 10.44.1h, Apr 20, 2026 11:22:51 AM"},"hardware_info":"275c5aa2|06:A8:C0:D9:D5:E3"}}}
21:21:34.733 INFO  vert.x-eventloop-thread-0 BaseServiceProxy     : -> GET /v1/api/tickle,200|102ms
21:21:53.523 INFO  vert.x-eventloop-thread-0 BaseServiceProxy     : -> GET /v1/api/tickle,200|78ms
21:21:53.524 DEBUG vert.x-eventloop-thread-0 ClientPortalService  : tickle {"session":"35ed1fc9a6bea0ad9a6c8ab4fa8ca193","ssoExpires":89991,"collission":false,"userId":50301190,"hmds":{"error":"no bridge"},"iserver":{"authStatus":{"authenticated":true,"established":true,"competing":false,"connected":true,"message":"","MAC":"06:A8:C0:D9:D5:E3","serverInfo":{"serverName":"JifS14124","serverVersion":"Build 10.44.1h, Apr 20, 2026 11:22:51 AM"},"hardware_info":"275c5aa2|06:A8:C0:D9:D5:E3"}}}
21:22:23.537 INFO  vert.x-eventloop-thread-0 BaseServiceProxy     : -> GET /v1/api/tickle,200|92ms
21:22:23.539 DEBUG vert.x-eventloop-thread-0 ClientPortalService  : tickle {"session":"35ed1fc9a6bea0ad9a6c8ab4fa8ca193","ssoExpires":59999,"collission":false,"userId":50301190,"hmds":{"error":"no bridge"},"iserver":{"authStatus":{"authenticated":true,"established":true,"competing":false,"connected":true,"message":"","MAC":"06:A8:C0:D9:D5:E3","serverInfo":{"serverName":"JifS14124","serverVersion":"Build 10.44.1h, Apr 20, 2026 11:22:51 AM"},"hardware_info":"275c5aa2|06:A8:C0:D9:D5:E3"}}}
21:22:53.565 INFO  vert.x-eventloop-thread-0 BaseServiceProxy     : -> GET /v1/api/tickle,200|119ms
21:22:53.567 DEBUG vert.x-eventloop-thread-0 ClientPortalService  : tickle {"session":"35ed1fc9a6bea0ad9a6c8ab4fa8ca193","ssoExpires":29978,"collission":false,"userId":50301190,"hmds":{"error":"no bridge"},"iserver":{"authStatus":{"authenticated":true,"established":true,"competing":false,"connected":true,"message":"","MAC":"06:A8:C0:D9:D5:E3","serverInfo":{"serverName":"JifS14124","serverVersion":"Build 10.44.1h, Apr 20, 2026 11:22:51 AM"},"hardware_info":"275c5aa2|06:A8:C0:D9:D5:E3"}}}
21:23:18.430 INFO  vert.x-eventloop-thread-0 BaseServiceProxy     : -> GET /sso/ping,200|300ms
21:23:18.432 INFO  vert.x-eventloop-thread-0 SsoService           : sso ping {"result": "true"}
21:23:23.500 INFO  vert.x-eventloop-thread-0 BaseServiceProxy     : -> GET /v1/api/tickle,200|55ms
21:23:23.500 DEBUG vert.x-eventloop-thread-0 ClientPortalService  : tickle {"session":"35ed1fc9a6bea0ad9a6c8ab4fa8ca193","ssoExpires":600000,"collission":false,"userId":50301190,"hmds":{"error":"no bridge"},"iserver":{"authStatus":{"authenticated":true,"established":true,"competing":false,"connected":true,"message":"","MAC":"06:A8:C0:D9:D5:E3","serverInfo":{"serverName":"JifS14124","serverVersion":"Build 10.44.1h, Apr 20, 2026 11:22:51 AM"},"hardware_info":"275c5aa2|06:A8:C0:D9:D5:E3"}}}
21:23:52.167 INFO  vert.x-eventloop-thread-0 BaseServiceProxy     : -> GET /v1/api/iserver/account/orders,200|106ms
21:23:53.541 INFO  vert.x-eventloop-thread-0 BaseServiceProxy     : -> GET /v1/api/portfolio/U5799398/positions/0?direction=a&period=1W&sort=position,200|1479ms
21:23:53.546 INFO  vert.x-eventloop-thread-0 BaseServiceProxy     : -> GET /v1/api/tickle,200|101ms
21:23:53.546 DEBUG vert.x-eventloop-thread-0 ClientPortalService  : tickle {"session":"35ed1fc9a6bea0ad9a6c8ab4fa8ca193","ssoExpires":569996,"collission":false,"userId":50301190,"hmds":{"error":"no bridge"},"iserver":{"authStatus":{"authenticated":true,"established":true,"competing":false,"connected":true,"message":"","MAC":"06:A8:C0:D9:D5:E3","serverInfo":{"serverName":"JifS14124","serverVersion":"Build 10.44.1h, Apr 20, 2026 11:22:51 AM"},"hardware_info":"275c5aa2|06:A8:C0:D9:D5:E3"}}}
21:24:23.769 INFO  vert.x-eventloop-thread-0 BaseServiceProxy     : -> GET /v1/api/tickle,200|323ms
21:24:23.770 DEBUG vert.x-eventloop-thread-0 ClientPortalService  : tickle {"session":"35ed1fc9a6bea0ad9a6c8ab4fa8ca193","ssoExpires":539731,"collission":false,"userId":50301190,"hmds":{"error":"no bridge"},"iserver":{"authStatus":{"authenticated":true,"established":true,"competing":false,"connected":true,"message":"","MAC":"06:A8:C0:D9:D5:E3","serverInfo":{"serverName":"JifS14124","serverVersion":"Build 10.44.1h, Apr 20, 2026 11:22:51 AM"},"hardware_info":"275c5aa2|06:A8:C0:D9:D5:E3"}}}
21:24:28.187 INFO  vert.x-eventloop-thread-0 BaseServiceProxy     : -> GET /v1/api/portfolio/U5799398/positions/0?direction=a&period=1W&sort=position,200|2260ms
21:24:28.877 INFO  vert.x-eventloop-thread-0 BaseServiceProxy     : -> GET /v1/api/iserver/account/orders,200|297ms
21:24:34.951 INFO  vert.x-eventloop-thread-0 BaseServiceProxy     : -> GET /v1/api/tickle,200|110ms
21:24:40.915 INFO  vert.x-eventloop-thread-0 BaseServiceProxy     : -> GET /v1/api/iserver/account/orders,200|155ms
21:24:41.104 INFO  vert.x-eventloop-thread-0 BaseServiceProxy     : -> GET /v1/api/iserver/account/orders,200|96ms
21:24:41.611 INFO  vert.x-eventloop-thread-0 BaseServiceProxy     : -> GET /v1/api/iserver/account/U5799398/order/1272000591,200|366ms
21:24:41.745 INFO  vert.x-eventloop-thread-0 BaseServiceProxy     : -> GET /v1/api/iserver/reply/16d1f325-43d3-4557-a984-f16abb42555e,200|131ms
21:24:41.844 INFO  vert.x-eventloop-thread-0 BaseServiceProxy     : -> GET /v1/api/iserver/account/orders,200|96ms
21:24:42.400 INFO  vert.x-eventloop-thread-0 BaseServiceProxy     : -> GET /v1/api/iserver/marketdata/history?conid=9939&period=30d&bar=1d&outsideRth=false,200|452ms
21:24:42.909 INFO  vert.x-eventloop-thread-0 BaseServiceProxy     : -> GET /v1/api/iserver/marketdata/history?conid=9939&period=30d&bar=1d&outsideRth=false,200|504ms
21:24:43.050 INFO  vert.x-eventloop-thread-0 BaseServiceProxy     : -> GET /v1/api/iserver/account/orders,200|82ms
21:24:49.833 INFO  vert.x-eventloop-thread-0 BaseServiceProxy     : -> GET /v1/api/iserver/account/trades,200|69ms
21:24:52.003 INFO  vert.x-eventloop-thread-0 BaseServiceProxy     : -> GET /v1/api/iserver/account/trades,200|113ms
21:24:53.544 INFO  vert.x-eventloop-thread-0 BaseServiceProxy     : -> GET /v1/api/tickle,200|99ms
21:24:53.545 DEBUG vert.x-eventloop-thread-0 ClientPortalService  : tickle {"session":"35ed1fc9a6bea0ad9a6c8ab4fa8ca193","ssoExpires":509991,"collission":false,"userId":50301190,"hmds":{"error":"no bridge"},"iserver":{"authStatus":{"authenticated":true,"established":true,"competing":false,"connected":true,"message":"","MAC":"06:A8:C0:D9:D5:E3","serverInfo":{"serverName":"JifS14124","serverVersion":"Build 10.44.1h, Apr 20, 2026 11:22:51 AM"},"hardware_info":"275c5aa2|06:A8:C0:D9:D5:E3"}}}
21:25:23.530 INFO  vert.x-eventloop-thread-0 BaseServiceProxy     : -> GET /v1/api/tickle,200|86ms
21:25:23.531 DEBUG vert.x-eventloop-thread-0 ClientPortalService  : tickle {"session":"35ed1fc9a6bea0ad9a6c8ab4fa8ca193","ssoExpires":479995,"collission":false,"userId":50301190,"hmds":{"error":"no bridge"},"iserver":{"authStatus":{"authenticated":true,"established":true,"competing":false,"connected":true,"message":"","MAC":"06:A8:C0:D9:D5:E3","serverInfo":{"serverName":"JifS14124","serverVersion":"Build 10.44.1h, Apr 20, 2026 11:22:51 AM"},"hardware_info":"275c5aa2|06:A8:C0:D9:D5:E3"}}}
21:25:53.543 INFO  vert.x-eventloop-thread-0 BaseServiceProxy     : -> GET /v1/api/tickle,200|97ms
21:25:53.560 DEBUG vert.x-eventloop-thread-0 ClientPortalService  : tickle {"session":"35ed1fc9a6bea0ad9a6c8ab4fa8ca193","ssoExpires":449985,"collission":false,"userId":50301190,"hmds":{"error":"no bridge"},"iserver":{"authStatus":{"authenticated":true,"established":true,"competing":false,"connected":true,"message":"","MAC":"06:A8:C0:D9:D5:E3","serverInfo":{"serverName":"JifS14124","serverVersion":"Build 10.44.1h, Apr 20, 2026 11:22:51 AM"},"hardware_info":"275c5aa2|06:A8:C0:D9:D5:E3"}}}
21:26:23.503 INFO  vert.x-eventloop-thread-0 BaseServiceProxy     : -> GET /v1/api/tickle,200|58ms
21:26:23.519 DEBUG vert.x-eventloop-thread-0 ClientPortalService  : tickle {"session":"35ed1fc9a6bea0ad9a6c8ab4fa8ca193","ssoExpires":419997,"collission":false,"userId":50301190,"hmds":{"error":"no bridge"},"iserver":{"authStatus":{"authenticated":true,"established":true,"competing":false,"connected":true,"message":"","MAC":"06:A8:C0:D9:D5:E3","serverInfo":{"serverName":"JifS14124","serverVersion":"Build 10.44.1h, Apr 20, 2026 11:22:51 AM"},"hardware_info":"275c5aa2|06:A8:C0:D9:D5:E3"}}}
21:26:53.532 INFO  vert.x-eventloop-thread-0 BaseServiceProxy     : -> GET /v1/api/tickle,200|88ms
21:26:53.533 DEBUG vert.x-eventloop-thread-0 ClientPortalService  : tickle {"session":"35ed1fc9a6bea0ad9a6c8ab4fa8ca193","ssoExpires":389989,"collission":false,"userId":50301190,"hmds":{"error":"no bridge"},"iserver":{"authStatus":{"authenticated":true,"established":true,"competing":false,"connected":true,"message":"","MAC":"06:A8:C0:D9:D5:E3","serverInfo":{"serverName":"JifS14124","serverVersion":"Build 10.44.1h, Apr 20, 2026 11:22:51 AM"},"hardware_info":"275c5aa2|06:A8:C0:D9:D5:E3"}}}
21:27:23.529 INFO  vert.x-eventloop-thread-0 BaseServiceProxy     : -> GET /v1/api/tickle,200|85ms
21:27:23.530 DEBUG vert.x-eventloop-thread-0 ClientPortalService  : tickle {"session":"35ed1fc9a6bea0ad9a6c8ab4fa8ca193","ssoExpires":359992,"collission":false,"userId":50301190,"hmds":{"error":"no bridge"},"iserver":{"authStatus":{"authenticated":true,"established":true,"competing":false,"connected":true,"message":"","MAC":"06:A8:C0:D9:D5:E3","serverInfo":{"serverName":"JifS14124","serverVersion":"Build 10.44.1h, Apr 20, 2026 11:22:51 AM"},"hardware_info":"275c5aa2|06:A8:C0:D9:D5:E3"}}}
21:27:35.452 INFO  vert.x-eventloop-thread-0 BaseServiceProxy     : -> GET /v1/api/tickle,200|367ms
21:27:53.536 INFO  vert.x-eventloop-thread-0 BaseServiceProxy     : -> GET /v1/api/tickle,200|93ms
21:27:53.538 DEBUG vert.x-eventloop-thread-0 ClientPortalService  : tickle {"session":"35ed1fc9a6bea0ad9a6c8ab4fa8ca193","ssoExpires":329988,"collission":false,"userId":50301190,"hmds":{"error":"no bridge"},"iserver":{"authStatus":{"authenticated":true,"established":true,"competing":false,"connected":true,"message":"","MAC":"06:A8:C0:D9:D5:E3","serverInfo":{"serverName":"JifS14124","serverVersion":"Build 10.44.1h, Apr 20, 2026 11:22:51 AM"},"hardware_info":"275c5aa2|06:A8:C0:D9:D5:E3"}}}
21:28:18.462 INFO  vert.x-eventloop-thread-0 BaseServiceProxy     : -> GET /sso/ping,200|334ms
21:28:18.464 INFO  vert.x-eventloop-thread-0 SsoService           : sso ping {"result": "true"}
21:28:23.548 INFO  vert.x-eventloop-thread-0 BaseServiceProxy     : -> GET /v1/api/tickle,200|105ms
21:28:23.548 DEBUG vert.x-eventloop-thread-0 ClientPortalService  : tickle {"session":"35ed1fc9a6bea0ad9a6c8ab4fa8ca193","ssoExpires":299990,"collission":false,"userId":50301190,"hmds":{"error":"no bridge"},"iserver":{"authStatus":{"authenticated":true,"established":true,"competing":false,"connected":true,"message":"","MAC":"06:A8:C0:D9:D5:E3","serverInfo":{"serverName":"JifS14124","serverVersion":"Build 10.44.1h, Apr 20, 2026 11:22:51 AM"},"hardware_info":"275c5aa2|06:A8:C0:D9:D5:E3"}}}
21:28:53.556 INFO  vert.x-eventloop-thread-0 BaseServiceProxy     : -> GET /v1/api/tickle,200|112ms
21:28:53.558 DEBUG vert.x-eventloop-thread-0 ClientPortalService  : tickle {"session":"35ed1fc9a6bea0ad9a6c8ab4fa8ca193","ssoExpires":269987,"collission":false,"userId":50301190,"hmds":{"error":"no bridge"},"iserver":{"authStatus":{"authenticated":true,"established":true,"competing":false,"connected":true,"message":"","MAC":"06:A8:C0:D9:D5:E3","serverInfo":{"serverName":"JifS14124","serverVersion":"Build 10.44.1h, Apr 20, 2026 11:22:51 AM"},"hardware_info":"275c5aa2|06:A8:C0:D9:D5:E3"}}}
21:29:23.550 INFO  vert.x-eventloop-thread-0 BaseServiceProxy     : -> GET /v1/api/tickle,200|106ms
21:29:23.552 DEBUG vert.x-eventloop-thread-0 ClientPortalService  : tickle {"session":"35ed1fc9a6bea0ad9a6c8ab4fa8ca193","ssoExpires":239985,"collission":false,"userId":50301190,"hmds":{"error":"no bridge"},"iserver":{"authStatus":{"authenticated":true,"established":true,"competing":false,"connected":true,"message":"","MAC":"06:A8:C0:D9:D5:E3","serverInfo":{"serverName":"JifS14124","serverVersion":"Build 10.44.1h, Apr 20, 2026 11:22:51 AM"},"hardware_info":"275c5aa2|06:A8:C0:D9:D5:E3"}}}
21:29:53.551 INFO  vert.x-eventloop-thread-0 BaseServiceProxy     : -> GET /v1/api/tickle,200|108ms
21:29:53.553 DEBUG vert.x-eventloop-thread-0 ClientPortalService  : tickle {"session":"35ed1fc9a6bea0ad9a6c8ab4fa8ca193","ssoExpires":209959,"collission":false,"userId":50301190,"hmds":{"error":"no bridge"},"iserver":{"authStatus":{"authenticated":true,"established":true,"competing":false,"connected":true,"message":"","MAC":"06:A8:C0:D9:D5:E3","serverInfo":{"serverName":"JifS14124","serverVersion":"Build 10.44.1h, Apr 20, 2026 11:22:51 AM"},"hardware_info":"275c5aa2|06:A8:C0:D9:D5:E3"}}}
21:30:23.548 INFO  vert.x-eventloop-thread-0 BaseServiceProxy     : -> GET /v1/api/tickle,200|106ms
21:30:23.550 DEBUG vert.x-eventloop-thread-0 ClientPortalService  : tickle {"session":"35ed1fc9a6bea0ad9a6c8ab4fa8ca193","ssoExpires":179994,"collission":false,"userId":50301190,"hmds":{"error":"no bridge"},"iserver":{"authStatus":{"authenticated":true,"established":true,"competing":false,"connected":true,"message":"","MAC":"06:A8:C0:D9:D5:E3","serverInfo":{"serverName":"JifS14124","serverVersion":"Build 10.44.1h, Apr 20, 2026 11:22:51 AM"},"hardware_info":"275c5aa2|06:A8:C0:D9:D5:E3"}}}
21:30:35.659 INFO  vert.x-eventloop-thread-0 BaseServiceProxy     : -> GET /v1/api/tickle,200|98ms
21:30:53.851 INFO  vert.x-eventloop-thread-0 BaseServiceProxy     : -> GET /v1/api/tickle,200|408ms
21:30:53.853 DEBUG vert.x-eventloop-thread-0 ClientPortalService  : tickle {"session":"35ed1fc9a6bea0ad9a6c8ab4fa8ca193","ssoExpires":149997,"collission":false,"userId":50301190,"hmds":{"error":"no bridge"},"iserver":{"authStatus":{"authenticated":true,"established":true,"competing":false,"connected":true,"message":"","MAC":"06:A8:C0:D9:D5:E3","serverInfo":{"serverName":"JifS14124","serverVersion":"Build 10.44.1h, Apr 20, 2026 11:22:51 AM"},"hardware_info":"275c5aa2|06:A8:C0:D9:D5:E3"}}}
21:31:23.562 INFO  vert.x-eventloop-thread-0 BaseServiceProxy     : -> GET /v1/api/tickle,200|120ms
21:31:23.562 DEBUG vert.x-eventloop-thread-0 ClientPortalService  : tickle {"session":"35ed1fc9a6bea0ad9a6c8ab4fa8ca193","ssoExpires":119986,"collission":false,"userId":50301190,"hmds":{"error":"no bridge"},"iserver":{"authStatus":{"authenticated":true,"established":true,"competing":false,"connected":true,"message":"","MAC":"06:A8:C0:D9:D5:E3","serverInfo":{"serverName":"JifS14124","serverVersion":"Build 10.44.1h, Apr 20, 2026 11:22:51 AM"},"hardware_info":"275c5aa2|06:A8:C0:D9:D5:E3"}}}
21:31:53.503 INFO  vert.x-eventloop-thread-0 BaseServiceProxy     : -> GET /v1/api/tickle,200|61ms
21:31:53.505 DEBUG vert.x-eventloop-thread-0 ClientPortalService  : tickle {"session":"35ed1fc9a6bea0ad9a6c8ab4fa8ca193","ssoExpires":89997,"collission":false,"userId":50301190,"hmds":{"error":"no bridge"},"iserver":{"authStatus":{"authenticated":true,"established":true,"competing":false,"connected":true,"message":"","MAC":"06:A8:C0:D9:D5:E3","serverInfo":{"serverName":"JifS14124","serverVersion":"Build 10.44.1h, Apr 20, 2026 11:22:51 AM"},"hardware_info":"275c5aa2|06:A8:C0:D9:D5:E3"}}}
21:32:23.573 INFO  vert.x-eventloop-thread-0 BaseServiceProxy     : -> GET /v1/api/tickle,200|131ms
21:32:23.575 DEBUG vert.x-eventloop-thread-0 ClientPortalService  : tickle {"session":"35ed1fc9a6bea0ad9a6c8ab4fa8ca193","ssoExpires":59989,"collission":false,"userId":50301190,"hmds":{"error":"no bridge"},"iserver":{"authStatus":{"authenticated":true,"established":true,"competing":false,"connected":true,"message":"","MAC":"06:A8:C0:D9:D5:E3","serverInfo":{"serverName":"JifS14124","serverVersion":"Build 10.44.1h, Apr 20, 2026 11:22:51 AM"},"hardware_info":"275c5aa2|06:A8:C0:D9:D5:E3"}}}
21:32:53.544 INFO  vert.x-eventloop-thread-0 BaseServiceProxy     : -> GET /v1/api/tickle,200|101ms
21:32:53.547 DEBUG vert.x-eventloop-thread-0 ClientPortalService  : tickle {"session":"35ed1fc9a6bea0ad9a6c8ab4fa8ca193","ssoExpires":29995,"collission":false,"userId":50301190,"hmds":{"error":"no bridge"},"iserver":{"authStatus":{"authenticated":true,"established":true,"competing":false,"connected":true,"message":"","MAC":"06:A8:C0:D9:D5:E3","serverInfo":{"serverName":"JifS14124","serverVersion":"Build 10.44.1h, Apr 20, 2026 11:22:51 AM"},"hardware_info":"275c5aa2|06:A8:C0:D9:D5:E3"}}}
21:33:18.404 INFO  vert.x-eventloop-thread-0 BaseServiceProxy     : -> GET /sso/ping,200|278ms
21:33:18.405 INFO  vert.x-eventloop-thread-0 SsoService           : sso ping {"result": "true"}
21:33:19.674 INFO  vert.x-eventloop-thread-0 BaseServiceProxy     : -> GET /v1/api/iserver/account/orders,200|77ms
21:33:19.830 INFO  vert.x-eventloop-thread-0 BaseServiceProxy     : -> GET /v1/api/iserver/account/orders,200|131ms
21:33:20.184 INFO  vert.x-eventloop-thread-0 BaseServiceProxy     : -> GET /v1/api/iserver/account/U5799398/order/1198175565,200|340ms
21:33:20.255 INFO  vert.x-eventloop-thread-0 BaseServiceProxy     : -> GET /v1/api/iserver/reply/bed6cbd3-7586-4270-b3a9-d3faa655d4c4,200|70ms
21:33:20.329 INFO  vert.x-eventloop-thread-0 BaseServiceProxy     : -> GET /v1/api/iserver/account/orders,200|61ms
21:33:20.743 INFO  vert.x-eventloop-thread-0 BaseServiceProxy     : -> GET /v1/api/iserver/marketdata/history?conid=239037320&period=30d&bar=1d&outsideRth=false,200|399ms
21:33:20.800 INFO  vert.x-eventloop-thread-0 BaseServiceProxy     : -> GET /v1/api/iserver/marketdata/history?conid=239037320&period=30d&bar=1d&outsideRth=false,200|54ms
21:33:20.954 INFO  vert.x-eventloop-thread-0 BaseServiceProxy     : -> GET /v1/api/iserver/account/orders,200|84ms
21:33:23.540 INFO  vert.x-eventloop-thread-0 BaseServiceProxy     : -> GET /v1/api/tickle,200|99ms
21:33:23.541 DEBUG vert.x-eventloop-thread-0 ClientPortalService  : tickle {"session":"35ed1fc9a6bea0ad9a6c8ab4fa8ca193","ssoExpires":600000,"collission":false,"userId":50301190,"hmds":{"error":"no bridge"},"iserver":{"authStatus":{"authenticated":true,"established":true,"competing":false,"connected":true,"message":"","MAC":"06:A8:C0:D9:D5:E3","serverInfo":{"serverName":"JifS14124","serverVersion":"Build 10.44.1h, Apr 20, 2026 11:22:51 AM"},"hardware_info":"275c5aa2|06:A8:C0:D9:D5:E3"}}}
21:33:35.884 INFO  vert.x-eventloop-thread-0 BaseServiceProxy     : -> GET /v1/api/tickle,200|88ms
21:33:53.499 INFO  vert.x-eventloop-thread-0 BaseServiceProxy     : -> GET /v1/api/tickle,200|58ms
21:33:53.500 DEBUG vert.x-eventloop-thread-0 ClientPortalService  : tickle {"session":"35ed1fc9a6bea0ad9a6c8ab4fa8ca193","ssoExpires":570003,"collission":false,"userId":50301190,"hmds":{"error":"no bridge"},"iserver":{"authStatus":{"authenticated":true,"established":true,"competing":false,"connected":true,"message":"","MAC":"06:A8:C0:D9:D5:E3","serverInfo":{"serverName":"JifS14124","serverVersion":"Build 10.44.1h, Apr 20, 2026 11:22:51 AM"},"hardware_info":"275c5aa2|06:A8:C0:D9:D5:E3"}}}
21:34:02.188 INFO  vert.x-eventloop-thread-0 BaseServiceProxy     : -> GET /v1/api/iserver/account/orders,200|54ms
21:34:02.290 INFO  vert.x-eventloop-thread-0 BaseServiceProxy     : -> GET /v1/api/iserver/account/orders,200|93ms
21:34:02.889 INFO  vert.x-eventloop-thread-0 BaseServiceProxy     : -> GET /v1/api/iserver/account/U5799398/order/215384062,200|371ms
21:34:03.008 INFO  vert.x-eventloop-thread-0 BaseServiceProxy     : -> GET /v1/api/iserver/reply/9edc53ab-9550-481e-9831-e497327991a4,200|117ms
21:34:03.070 INFO  vert.x-eventloop-thread-0 BaseServiceProxy     : -> GET /v1/api/iserver/account/orders,200|60ms
21:34:03.818 INFO  vert.x-eventloop-thread-0 BaseServiceProxy     : -> GET /v1/api/iserver/marketdata/history?conid=196689572&period=30d&bar=1d&outsideRth=false,200|732ms
21:34:03.881 INFO  vert.x-eventloop-thread-0 BaseServiceProxy     : -> GET /v1/api/iserver/marketdata/history?conid=196689572&period=30d&bar=1d&outsideRth=false,200|59ms
21:34:04.006 INFO  vert.x-eventloop-thread-0 BaseServiceProxy     : -> GET /v1/api/iserver/account/orders,200|56ms
21:34:23.518 INFO  vert.x-eventloop-thread-0 BaseServiceProxy     : -> GET /v1/api/tickle,200|77ms
21:34:23.520 DEBUG vert.x-eventloop-thread-0 ClientPortalService  : tickle {"session":"35ed1fc9a6bea0ad9a6c8ab4fa8ca193","ssoExpires":540006,"collission":false,"userId":50301190,"hmds":{"error":"no bridge"},"iserver":{"authStatus":{"authenticated":true,"established":true,"competing":false,"connected":true,"message":"","MAC":"06:A8:C0:D9:D5:E3","serverInfo":{"serverName":"JifS14124","serverVersion":"Build 10.44.1h, Apr 20, 2026 11:22:51 AM"},"hardware_info":"275c5aa2|06:A8:C0:D9:D5:E3"}}}
21:34:40.476 INFO  vert.x-eventloop-thread-0 BaseServiceProxy     : -> GET /v1/api/iserver/account/orders,200|94ms
21:34:41.052 INFO  vert.x-eventloop-thread-0 BaseServiceProxy     : -> GET /v1/api/iserver/marketdata/history?conid=165642013&period=30d&bar=1d&outsideRth=false,200|332ms
21:34:41.130 INFO  vert.x-eventloop-thread-0 BaseServiceProxy     : -> GET /v1/api/iserver/marketdata/history?conid=165642013&period=30d&bar=1d&outsideRth=false,200|74ms
21:34:53.530 INFO  vert.x-eventloop-thread-0 BaseServiceProxy     : -> GET /v1/api/tickle,200|90ms
21:34:53.532 DEBUG vert.x-eventloop-thread-0 ClientPortalService  : tickle {"session":"35ed1fc9a6bea0ad9a6c8ab4fa8ca193","ssoExpires":510009,"collission":false,"userId":50301190,"hmds":{"error":"no bridge"},"iserver":{"authStatus":{"authenticated":true,"established":true,"competing":false,"connected":true,"message":"","MAC":"06:A8:C0:D9:D5:E3","serverInfo":{"serverName":"JifS14124","serverVersion":"Build 10.44.1h, Apr 20, 2026 11:22:51 AM"},"hardware_info":"275c5aa2|06:A8:C0:D9:D5:E3"}}}
21:34:53.961 INFO  vert.x-eventloop-thread-0 BaseServiceProxy     : -> GET /v1/api/iserver/account/orders,200|154ms
21:34:54.270 INFO  vert.x-eventloop-thread-0 BaseServiceProxy     : -> GET /v1/api/iserver/account/orders,200|55ms
21:34:54.748 INFO  vert.x-eventloop-thread-0 BaseServiceProxy     : -> GET /v1/api/iserver/account/U5799398/order/93845087,200|456ms
21:34:54.862 INFO  vert.x-eventloop-thread-0 BaseServiceProxy     : -> GET /v1/api/iserver/reply/dab24c8a-3986-4fff-8de1-89664cbb8355,200|111ms
21:34:55.068 INFO  vert.x-eventloop-thread-0 BaseServiceProxy     : -> GET /v1/api/iserver/account/orders,200|203ms
21:34:55.526 INFO  vert.x-eventloop-thread-0 BaseServiceProxy     : -> GET /v1/api/iserver/marketdata/history?conid=165642013&period=30d&bar=1d&outsideRth=false,200|60ms
21:34:55.591 INFO  vert.x-eventloop-thread-0 BaseServiceProxy     : -> GET /v1/api/iserver/marketdata/history?conid=165642013&period=30d&bar=1d&outsideRth=false,200|61ms
21:34:55.714 INFO  vert.x-eventloop-thread-0 BaseServiceProxy     : -> GET /v1/api/iserver/account/orders,200|52ms
21:35:23.513 INFO  vert.x-eventloop-thread-0 BaseServiceProxy     : -> GET /v1/api/tickle,200|72ms
21:35:23.515 DEBUG vert.x-eventloop-thread-0 ClientPortalService  : tickle {"session":"35ed1fc9a6bea0ad9a6c8ab4fa8ca193","ssoExpires":479997,"collission":false,"userId":50301190,"hmds":{"error":"no bridge"},"iserver":{"authStatus":{"authenticated":true,"established":true,"competing":false,"connected":true,"message":"","MAC":"06:A8:C0:D9:D5:E3","serverInfo":{"serverName":"JifS14124","serverVersion":"Build 10.44.1h, Apr 20, 2026 11:22:51 AM"},"hardware_info":"275c5aa2|06:A8:C0:D9:D5:E3"}}}
21:35:53.879 INFO  vert.x-eventloop-thread-0 BaseServiceProxy     : -> GET /v1/api/tickle,200|438ms
21:35:53.882 DEBUG vert.x-eventloop-thread-0 ClientPortalService  : tickle {"session":"35ed1fc9a6bea0ad9a6c8ab4fa8ca193","ssoExpires":449993,"collission":false,"userId":50301190,"hmds":{"error":"no bridge"},"iserver":{"authStatus":{"authenticated":true,"established":true,"competing":false,"connected":true,"message":"","MAC":"06:A8:C0:D9:D5:E3","serverInfo":{"serverName":"JifS14124","serverVersion":"Build 10.44.1h, Apr 20, 2026 11:22:51 AM"},"hardware_info":"275c5aa2|06:A8:C0:D9:D5:E3"}}}
21:36:23.509 INFO  vert.x-eventloop-thread-0 BaseServiceProxy     : -> GET /v1/api/tickle,200|69ms
21:36:23.511 DEBUG vert.x-eventloop-thread-0 ClientPortalService  : tickle {"session":"35ed1fc9a6bea0ad9a6c8ab4fa8ca193","ssoExpires":420003,"collission":false,"userId":50301190,"hmds":{"error":"no bridge"},"iserver":{"authStatus":{"authenticated":true,"established":true,"competing":false,"connected":true,"message":"","MAC":"06:A8:C0:D9:D5:E3","serverInfo":{"serverName":"JifS14124","serverVersion":"Build 10.44.1h, Apr 20, 2026 11:22:51 AM"},"hardware_info":"275c5aa2|06:A8:C0:D9:D5:E3"}}}
21:36:36.082 INFO  vert.x-eventloop-thread-0 BaseServiceProxy     : -> GET /v1/api/tickle,200|96ms
21:36:53.498 INFO  vert.x-eventloop-thread-0 BaseServiceProxy     : -> GET /v1/api/tickle,200|58ms
21:36:53.500 DEBUG vert.x-eventloop-thread-0 ClientPortalService  : tickle {"session":"35ed1fc9a6bea0ad9a6c8ab4fa8ca193","ssoExpires":390006,"collission":false,"userId":50301190,"hmds":{"error":"no bridge"},"iserver":{"authStatus":{"authenticated":true,"established":true,"competing":false,"connected":true,"message":"","MAC":"06:A8:C0:D9:D5:E3","serverInfo":{"serverName":"JifS14124","serverVersion":"Build 10.44.1h, Apr 20, 2026 11:22:51 AM"},"hardware_info":"275c5aa2|06:A8:C0:D9:D5:E3"}}}
21:37:04.741 INFO  vert.x-eventloop-thread-0 BaseServiceProxy     : -> GET /v1/api/iserver/secdef/search?symbol=CGNX&secType=STK,200|81ms
21:37:23.552 INFO  vert.x-eventloop-thread-0 BaseServiceProxy     : -> GET /v1/api/tickle,200|112ms
21:37:23.552 DEBUG vert.x-eventloop-thread-0 ClientPortalService  : tickle {"session":"35ed1fc9a6bea0ad9a6c8ab4fa8ca193","ssoExpires":359987,"collission":false,"userId":50301190,"hmds":{"error":"no bridge"},"iserver":{"authStatus":{"authenticated":true,"established":true,"competing":false,"connected":true,"message":"","MAC":"06:A8:C0:D9:D5:E3","serverInfo":{"serverName":"JifS14124","serverVersion":"Build 10.44.1h, Apr 20, 2026 11:22:51 AM"},"hardware_info":"275c5aa2|06:A8:C0:D9:D5:E3"}}}
21:37:32.582 INFO  vert.x-eventloop-thread-0 BaseServiceProxy     : -> GET /v1/api/portfolio/U5799398/summary,200|105ms
21:37:32.645 INFO  vert.x-eventloop-thread-0 BaseServiceProxy     : -> GET /v1/api/iserver/account/orders,200|60ms
21:37:32.707 INFO  vert.x-eventloop-thread-0 BaseServiceProxy     : -> GET /v1/api/portfolio/U5799398/positions/0?direction=a&period=1W&sort=position,200|117ms
21:37:42.653 INFO  vert.x-eventloop-thread-0 BaseServiceProxy     : -> GET /v1/api/iserver/secdef/search?symbol=CGNX&secType=STK,200|83ms
21:37:42.831 INFO  vert.x-eventloop-thread-0 BaseServiceProxy     : -> GET /v1/api/iserver/account/orders,200|176ms
21:37:43.648 INFO  vert.x-eventloop-thread-0 BaseServiceProxy     : -> GET /v1/api/portfolio/U5799398/summary,200|144ms
21:37:44.086 INFO  vert.x-eventloop-thread-0 BaseServiceProxy     : -> GET /v1/api/iserver/account/U5799398/orders,200|429ms
21:37:44.169 INFO  vert.x-eventloop-thread-0 BaseServiceProxy     : -> GET /v1/api/iserver/reply/b857baac-114d-4959-8bde-69d5795859bf,200|82ms
21:37:44.225 INFO  vert.x-eventloop-thread-0 BaseServiceProxy     : -> GET /v1/api/iserver/reply/126f2ee3-7f8e-469d-ae69-9e56e300f923,200|54ms
21:37:44.333 INFO  vert.x-eventloop-thread-0 BaseServiceProxy     : -> GET /v1/api/iserver/reply/e3d11c27-b051-4541-88fc-29f41664f1d0,200|104ms
21:37:44.393 INFO  vert.x-eventloop-thread-0 BaseServiceProxy     : -> GET /v1/api/iserver/reply/51824a53-0fcf-4b02-a2e4-9a973f9bfdde,200|58ms
21:37:44.463 INFO  vert.x-eventloop-thread-0 BaseServiceProxy     : -> GET /v1/api/iserver/reply/93516c15-ecdf-4f11-8be1-558ae2d64797,200|67ms
21:37:44.537 INFO  vert.x-eventloop-thread-0 BaseServiceProxy     : -> GET /v1/api/iserver/account/orders,200|70ms
21:37:45.040 INFO  vert.x-eventloop-thread-0 BaseServiceProxy     : -> GET /v1/api/iserver/marketdata/history?conid=267547&period=30d&bar=1d&outsideRth=false,200|483ms
21:37:45.139 INFO  vert.x-eventloop-thread-0 BaseServiceProxy     : -> GET /v1/api/iserver/marketdata/history?conid=267547&period=30d&bar=1d&outsideRth=false,200|94ms
21:37:53.582 INFO  vert.x-eventloop-thread-0 BaseServiceProxy     : -> GET /v1/api/tickle,200|143ms
21:37:53.583 DEBUG vert.x-eventloop-thread-0 ClientPortalService  : tickle {"session":"35ed1fc9a6bea0ad9a6c8ab4fa8ca193","ssoExpires":329962,"collission":false,"userId":50301190,"hmds":{"error":"no bridge"},"iserver":{"authStatus":{"authenticated":true,"established":true,"competing":false,"connected":true,"message":"","MAC":"06:A8:C0:D9:D5:E3","serverInfo":{"serverName":"JifS14124","serverVersion":"Build 10.44.1h, Apr 20, 2026 11:22:51 AM"},"hardware_info":"275c5aa2|06:A8:C0:D9:D5:E3"}}}
21:37:58.935 INFO  vert.x-eventloop-thread-0 BaseServiceProxy     : -> GET /v1/api/iserver/account/orders,200|91ms
21:37:59.086 INFO  vert.x-eventloop-thread-0 BaseServiceProxy     : -> GET /v1/api/iserver/marketdata/history?conid=267547&period=30d&bar=1d&outsideRth=false,200|77ms
21:37:59.173 INFO  vert.x-eventloop-thread-0 BaseServiceProxy     : -> GET /v1/api/iserver/marketdata/history?conid=267547&period=30d&bar=1d&outsideRth=false,200|83ms
21:37:59.349 INFO  vert.x-eventloop-thread-0 BaseServiceProxy     : -> GET /v1/api/iserver/account/orders,200|112ms
21:38:00.091 INFO  vert.x-eventloop-thread-0 BaseServiceProxy     : -> GET /v1/api/iserver/account/orders,200|90ms
21:38:01.729 INFO  vert.x-eventloop-thread-0 BaseServiceProxy     : -> GET /v1/api/iserver/account/U5799398/order/1068046525,200|346ms
21:38:01.799 INFO  vert.x-eventloop-thread-0 BaseServiceProxy     : -> GET /v1/api/iserver/account/orders,200|62ms
21:38:01.904 INFO  vert.x-eventloop-thread-0 BaseServiceProxy     : -> GET /v1/api/iserver/marketdata/history?conid=267547&period=30d&bar=1d&outsideRth=false,200|89ms
21:38:02.047 INFO  vert.x-eventloop-thread-0 BaseServiceProxy     : -> GET /v1/api/iserver/marketdata/history?conid=267547&period=30d&bar=1d&outsideRth=false,200|142ms
21:38:02.155 INFO  vert.x-eventloop-thread-0 BaseServiceProxy     : -> GET /v1/api/iserver/account/orders,200|62ms
21:38:18.430 INFO  vert.x-eventloop-thread-0 BaseServiceProxy     : -> GET /sso/ping,200|306ms
21:38:18.430 INFO  vert.x-eventloop-thread-0 SsoService           : sso ping {"result": "true"}
21:38:23.510 INFO  vert.x-eventloop-thread-0 BaseServiceProxy     : -> GET /v1/api/tickle,200|70ms
21:38:23.511 DEBUG vert.x-eventloop-thread-0 ClientPortalService  : tickle {"session":"35ed1fc9a6bea0ad9a6c8ab4fa8ca193","ssoExpires":299996,"collission":false,"userId":50301190,"hmds":{"error":"no bridge"},"iserver":{"authStatus":{"authenticated":true,"established":true,"competing":false,"connected":true,"message":"","MAC":"06:A8:C0:D9:D5:E3","serverInfo":{"serverName":"JifS14124","serverVersion":"Build 10.44.1h, Apr 20, 2026 11:22:51 AM"},"hardware_info":"275c5aa2|06:A8:C0:D9:D5:E3"}}}
21:38:53.521 INFO  vert.x-eventloop-thread-0 BaseServiceProxy     : -> GET /v1/api/tickle,200|82ms
21:38:53.523 DEBUG vert.x-eventloop-thread-0 ClientPortalService  : tickle {"session":"35ed1fc9a6bea0ad9a6c8ab4fa8ca193","ssoExpires":270009,"collission":false,"userId":50301190,"hmds":{"error":"no bridge"},"iserver":{"authStatus":{"authenticated":true,"established":true,"competing":false,"connected":true,"message":"","MAC":"06:A8:C0:D9:D5:E3","serverInfo":{"serverName":"JifS14124","serverVersion":"Build 10.44.1h, Apr 20, 2026 11:22:51 AM"},"hardware_info":"275c5aa2|06:A8:C0:D9:D5:E3"}}}
21:39:00.862 INFO  vert.x-eventloop-thread-0 BaseServiceProxy     : -> GET /v1/api/portfolio/U5799398/summary,200|167ms
21:39:02.453 INFO  vert.x-eventloop-thread-0 BaseServiceProxy     : -> GET /v1/api/iserver/account/orders,200|97ms
21:39:04.464 INFO  vert.x-eventloop-thread-0 BaseServiceProxy     : -> GET /v1/api/portfolio/U5799398/positions/0?direction=a&period=1W&sort=position,200|2107ms
21:39:21.713 INFO  vert.x-eventloop-thread-0 BaseServiceProxy     : -> GET /v1/api/iserver/secdef/search?symbol=COIN&secType=STK,200|161ms
21:39:21.863 INFO  vert.x-eventloop-thread-0 BaseServiceProxy     : -> GET /v1/api/iserver/account/orders,200|146ms
21:39:22.372 INFO  vert.x-eventloop-thread-0 BaseServiceProxy     : -> GET /v1/api/portfolio/U5799398/summary,200|162ms
21:39:22.792 INFO  vert.x-eventloop-thread-0 BaseServiceProxy     : -> GET /v1/api/iserver/account/U5799398/orders,200|386ms
21:39:22.899 INFO  vert.x-eventloop-thread-0 BaseServiceProxy     : -> GET /v1/api/iserver/reply/96cfc577-d332-489c-838a-a7b02b39166a,200|105ms
21:39:22.982 INFO  vert.x-eventloop-thread-0 BaseServiceProxy     : -> GET /v1/api/iserver/reply/0ca24586-6d49-4df5-a107-183cc68fcda9,200|82ms
21:39:23.077 INFO  vert.x-eventloop-thread-0 BaseServiceProxy     : -> GET /v1/api/iserver/reply/9155f419-e089-4664-94f0-473e12fb751d,200|93ms
21:39:23.236 INFO  vert.x-eventloop-thread-0 BaseServiceProxy     : -> GET /v1/api/iserver/reply/b2edcd04-9783-4fe1-9624-94a0cc588b46,200|157ms
21:39:23.351 INFO  vert.x-eventloop-thread-0 BaseServiceProxy     : -> GET /v1/api/iserver/reply/ec4d11ce-8938-4b8a-8724-91434cff24e1,200|112ms
21:39:23.534 INFO  vert.x-eventloop-thread-0 BaseServiceProxy     : -> GET /v1/api/tickle,200|95ms
21:39:23.535 DEBUG vert.x-eventloop-thread-0 ClientPortalService  : tickle {"session":"35ed1fc9a6bea0ad9a6c8ab4fa8ca193","ssoExpires":240008,"collission":false,"userId":50301190,"hmds":{"error":"no bridge"},"iserver":{"authStatus":{"authenticated":true,"established":true,"competing":false,"connected":true,"message":"","MAC":"06:A8:C0:D9:D5:E3","serverInfo":{"serverName":"JifS14124","serverVersion":"Build 10.44.1h, Apr 20, 2026 11:22:51 AM"},"hardware_info":"275c5aa2|06:A8:C0:D9:D5:E3"}}}
21:39:23.856 INFO  vert.x-eventloop-thread-0 BaseServiceProxy     : -> GET /v1/api/iserver/account/orders,200|503ms
21:39:27.028 INFO  vert.x-eventloop-thread-0 BaseServiceProxy     : -> GET /v1/api/iserver/marketdata/history?conid=481691285&period=30d&bar=1d&outsideRth=false,200|575ms
21:39:27.144 INFO  vert.x-eventloop-thread-0 BaseServiceProxy     : -> GET /v1/api/iserver/marketdata/history?conid=481691285&period=30d&bar=1d&outsideRth=false,200|111ms
21:39:28.676 INFO  vert.x-eventloop-thread-0 BaseServiceProxy     : -> GET /v1/api/iserver/account/orders,200|157ms
21:39:29.156 INFO  vert.x-eventloop-thread-0 BaseServiceProxy     : -> GET /v1/api/iserver/marketdata/history?conid=481691285&period=30d&bar=1d&outsideRth=false,200|123ms
21:39:29.262 INFO  vert.x-eventloop-thread-0 BaseServiceProxy     : -> GET /v1/api/iserver/marketdata/history?conid=481691285&period=30d&bar=1d&outsideRth=false,200|105ms
21:39:29.424 INFO  vert.x-eventloop-thread-0 BaseServiceProxy     : -> GET /v1/api/iserver/account/orders,200|111ms
21:39:29.756 INFO  vert.x-eventloop-thread-0 BaseServiceProxy     : -> GET /v1/api/iserver/account/orders,200|105ms
21:39:30.680 INFO  vert.x-eventloop-thread-0 BaseServiceProxy     : -> GET /v1/api/iserver/account/U5799398/order/1068046528,200|387ms
21:39:30.790 INFO  vert.x-eventloop-thread-0 BaseServiceProxy     : -> GET /v1/api/iserver/account/orders,200|108ms
21:39:31.170 INFO  vert.x-eventloop-thread-0 BaseServiceProxy     : -> GET /v1/api/iserver/marketdata/history?conid=481691285&period=30d&bar=1d&outsideRth=false,200|92ms
21:39:31.294 INFO  vert.x-eventloop-thread-0 BaseServiceProxy     : -> GET /v1/api/iserver/marketdata/history?conid=481691285&period=30d&bar=1d&outsideRth=false,200|122ms
21:39:31.451 INFO  vert.x-eventloop-thread-0 BaseServiceProxy     : -> GET /v1/api/iserver/account/orders,200|108ms
21:39:36.610 INFO  vert.x-eventloop-thread-0 BaseServiceProxy     : -> GET /v1/api/tickle,200|416ms
21:39:53.862 INFO  vert.x-eventloop-thread-0 BaseServiceProxy     : -> GET /v1/api/tickle,200|423ms
21:39:53.862 DEBUG vert.x-eventloop-thread-0 ClientPortalService  : tickle {"session":"35ed1fc9a6bea0ad9a6c8ab4fa8ca193","ssoExpires":210004,"collission":false,"userId":50301190,"hmds":{"error":"no bridge"},"iserver":{"authStatus":{"authenticated":true,"established":true,"competing":false,"connected":true,"message":"","MAC":"06:A8:C0:D9:D5:E3","serverInfo":{"serverName":"JifS14124","serverVersion":"Build 10.44.1h, Apr 20, 2026 11:22:51 AM"},"hardware_info":"275c5aa2|06:A8:C0:D9:D5:E3"}}}
21:40:23.523 INFO  vert.x-eventloop-thread-0 BaseServiceProxy     : -> GET /v1/api/tickle,200|82ms
21:40:23.525 DEBUG vert.x-eventloop-thread-0 ClientPortalService  : tickle {"session":"35ed1fc9a6bea0ad9a6c8ab4fa8ca193","ssoExpires":179986,"collission":false,"userId":50301190,"hmds":{"error":"no bridge"},"iserver":{"authStatus":{"authenticated":true,"established":true,"competing":false,"connected":true,"message":"","MAC":"06:A8:C0:D9:D5:E3","serverInfo":{"serverName":"JifS14124","serverVersion":"Build 10.44.1h, Apr 20, 2026 11:22:51 AM"},"hardware_info":"275c5aa2|06:A8:C0:D9:D5:E3"}}}
21:40:53.527 INFO  vert.x-eventloop-thread-0 BaseServiceProxy     : -> GET /v1/api/tickle,200|89ms
21:40:53.528 DEBUG vert.x-eventloop-thread-0 ClientPortalService  : tickle {"session":"35ed1fc9a6bea0ad9a6c8ab4fa8ca193","ssoExpires":150011,"collission":false,"userId":50301190,"hmds":{"error":"no bridge"},"iserver":{"authStatus":{"authenticated":true,"established":true,"competing":false,"connected":true,"message":"","MAC":"06:A8:C0:D9:D5:E3","serverInfo":{"serverName":"JifS14124","serverVersion":"Build 10.44.1h, Apr 20, 2026 11:22:51 AM"},"hardware_info":"275c5aa2|06:A8:C0:D9:D5:E3"}}}
21:41:23.540 INFO  vert.x-eventloop-thread-0 BaseServiceProxy     : -> GET /v1/api/tickle,200|102ms
21:41:23.542 DEBUG vert.x-eventloop-thread-0 ClientPortalService  : tickle {"session":"35ed1fc9a6bea0ad9a6c8ab4fa8ca193","ssoExpires":120002,"collission":false,"userId":50301190,"hmds":{"error":"no bridge"},"iserver":{"authStatus":{"authenticated":true,"established":true,"competing":false,"connected":true,"message":"","MAC":"06:A8:C0:D9:D5:E3","serverInfo":{"serverName":"JifS14124","serverVersion":"Build 10.44.1h, Apr 20, 2026 11:22:51 AM"},"hardware_info":"275c5aa2|06:A8:C0:D9:D5:E3"}}}
21:41:35.380 INFO  vert.x-eventloop-thread-0 BaseServiceProxy     : -> GET /v1/api/iserver/account/orders,200|118ms
21:41:35.950 INFO  vert.x-eventloop-thread-0 BaseServiceProxy     : -> GET /v1/api/iserver/marketdata/history?conid=481691285&period=30d&bar=1d&outsideRth=false,200|337ms
21:41:36.056 INFO  vert.x-eventloop-thread-0 BaseServiceProxy     : -> GET /v1/api/iserver/marketdata/history?conid=481691285&period=30d&bar=1d&outsideRth=false,200|103ms
21:41:53.771 INFO  vert.x-eventloop-thread-0 BaseServiceProxy     : -> GET /v1/api/tickle,200|332ms
21:41:53.772 DEBUG vert.x-eventloop-thread-0 ClientPortalService  : tickle {"session":"35ed1fc9a6bea0ad9a6c8ab4fa8ca193","ssoExpires":90008,"collission":false,"userId":50301190,"hmds":{"error":"no bridge"},"iserver":{"authStatus":{"authenticated":true,"established":true,"competing":false,"connected":true,"message":"","MAC":"06:A8:C0:D9:D5:E3","serverInfo":{"serverName":"JifS14124","serverVersion":"Build 10.44.1h, Apr 20, 2026 11:22:51 AM"},"hardware_info":"275c5aa2|06:A8:C0:D9:D5:E3"}}}
21:42:23.535 INFO  vert.x-eventloop-thread-0 BaseServiceProxy     : -> GET /v1/api/tickle,200|97ms
21:42:23.536 DEBUG vert.x-eventloop-thread-0 ClientPortalService  : tickle {"session":"35ed1fc9a6bea0ad9a6c8ab4fa8ca193","ssoExpires":60007,"collission":false,"userId":50301190,"hmds":{"error":"no bridge"},"iserver":{"authStatus":{"authenticated":true,"established":true,"competing":false,"connected":true,"message":"","MAC":"06:A8:C0:D9:D5:E3","serverInfo":{"serverName":"JifS14124","serverVersion":"Build 10.44.1h, Apr 20, 2026 11:22:51 AM"},"hardware_info":"275c5aa2|06:A8:C0:D9:D5:E3"}}}
21:42:23.894 INFO  vert.x-eventloop-thread-0 BaseServiceProxy     : -> GET /v1/api/iserver/secdef/search?symbol=RCUS&secType=STK,200|74ms
21:42:36.803 INFO  vert.x-eventloop-thread-0 BaseServiceProxy     : -> GET /v1/api/tickle,200|95ms
21:42:43.266 INFO  vert.x-eventloop-thread-0 BaseServiceProxy     : -> GET /v1/api/portfolio/U5799398/summary,200|183ms
21:42:43.380 INFO  vert.x-eventloop-thread-0 BaseServiceProxy     : -> GET /v1/api/portfolio/U5799398/positions/0?direction=a&period=1W&sort=position,200|110ms
21:42:43.462 INFO  vert.x-eventloop-thread-0 BaseServiceProxy     : -> GET /v1/api/iserver/account/orders,200|180ms
21:42:48.411 INFO  vert.x-eventloop-thread-0 BaseServiceProxy     : -> GET /v1/api/iserver/secdef/search?symbol=RCUS&secType=STK,200|155ms
21:42:48.478 INFO  vert.x-eventloop-thread-0 BaseServiceProxy     : -> GET /v1/api/iserver/account/orders,200|65ms
21:42:48.757 INFO  vert.x-eventloop-thread-0 BaseServiceProxy     : -> GET /v1/api/portfolio/U5799398/summary,200|257ms
21:42:49.188 INFO  vert.x-eventloop-thread-0 BaseServiceProxy     : -> GET /v1/api/iserver/account/U5799398/orders,200|423ms
21:42:49.283 INFO  vert.x-eventloop-thread-0 BaseServiceProxy     : -> GET /v1/api/iserver/reply/4c5d2d90-b84d-4aa7-afc7-140642e25817,200|92ms
21:42:49.386 INFO  vert.x-eventloop-thread-0 BaseServiceProxy     : -> GET /v1/api/iserver/reply/ac6a0641-497c-45e8-bbb9-4b97cfff2303,200|102ms
21:42:49.443 INFO  vert.x-eventloop-thread-0 BaseServiceProxy     : -> GET /v1/api/iserver/reply/110a7ee4-e02e-432a-8151-e758656ab458,200|55ms
21:42:49.500 INFO  vert.x-eventloop-thread-0 BaseServiceProxy     : -> GET /v1/api/iserver/reply/cb9eafea-fad2-4e34-b64e-4d6b9227d84a,200|55ms
21:42:49.563 INFO  vert.x-eventloop-thread-0 BaseServiceProxy     : -> GET /v1/api/iserver/reply/2a3be7f8-3eae-42b9-ab95-c9cb9d27e0e4,200|60ms
21:42:49.685 INFO  vert.x-eventloop-thread-0 BaseServiceProxy     : -> GET /v1/api/iserver/reply/5d93467a-fc61-4ddd-96d0-20e48b654f11,200|120ms
21:42:49.996 INFO  vert.x-eventloop-thread-0 BaseServiceProxy     : -> GET /v1/api/iserver/account/orders,200|310ms
21:42:50.809 INFO  vert.x-eventloop-thread-0 BaseServiceProxy     : -> GET /v1/api/iserver/marketdata/history?conid=310323321&period=30d&bar=1d&outsideRth=false,200|373ms
21:42:50.905 INFO  vert.x-eventloop-thread-0 BaseServiceProxy     : -> GET /v1/api/iserver/marketdata/history?conid=310323321&period=30d&bar=1d&outsideRth=false,200|94ms
21:42:53.538 INFO  vert.x-eventloop-thread-0 BaseServiceProxy     : -> GET /v1/api/tickle,200|101ms
21:42:53.539 DEBUG vert.x-eventloop-thread-0 ClientPortalService  : tickle {"session":"35ed1fc9a6bea0ad9a6c8ab4fa8ca193","ssoExpires":29999,"collission":false,"userId":50301190,"hmds":{"error":"no bridge"},"iserver":{"authStatus":{"authenticated":true,"established":true,"competing":false,"connected":true,"message":"","MAC":"06:A8:C0:D9:D5:E3","serverInfo":{"serverName":"JifS14124","serverVersion":"Build 10.44.1h, Apr 20, 2026 11:22:51 AM"},"hardware_info":"275c5aa2|06:A8:C0:D9:D5:E3"}}}
21:43:07.439 INFO  vert.x-eventloop-thread-0 BaseServiceProxy     : -> GET /v1/api/iserver/account/orders,200|92ms
21:43:07.625 INFO  vert.x-eventloop-thread-0 BaseServiceProxy     : -> GET /v1/api/iserver/marketdata/history?conid=310323321&period=30d&bar=1d&outsideRth=false,200|84ms
21:43:07.724 INFO  vert.x-eventloop-thread-0 BaseServiceProxy     : -> GET /v1/api/iserver/marketdata/history?conid=310323321&period=30d&bar=1d&outsideRth=false,200|96ms
21:43:08.026 INFO  vert.x-eventloop-thread-0 BaseServiceProxy     : -> GET /v1/api/iserver/account/orders,200|238ms
21:43:10.885 INFO  vert.x-eventloop-thread-0 BaseServiceProxy     : -> GET /v1/api/iserver/account/orders,200|94ms
21:43:11.480 INFO  vert.x-eventloop-thread-0 BaseServiceProxy     : -> GET /v1/api/iserver/account/U5799398/order/1068046670,200|328ms
21:43:11.571 INFO  vert.x-eventloop-thread-0 BaseServiceProxy     : -> GET /v1/api/iserver/account/orders,200|88ms
21:43:11.829 INFO  vert.x-eventloop-thread-0 BaseServiceProxy     : -> GET /v1/api/iserver/marketdata/history?conid=310323321&period=30d&bar=1d&outsideRth=false,200|145ms
21:43:11.886 INFO  vert.x-eventloop-thread-0 BaseServiceProxy     : -> GET /v1/api/iserver/marketdata/history?conid=310323321&period=30d&bar=1d&outsideRth=false,200|54ms
21:43:11.995 INFO  vert.x-eventloop-thread-0 BaseServiceProxy     : -> GET /v1/api/iserver/account/orders,200|52ms
21:43:18.402 INFO  vert.x-eventloop-thread-0 BaseServiceProxy     : -> GET /sso/ping,200|281ms
21:43:18.403 INFO  vert.x-eventloop-thread-0 SsoService           : sso ping {"result": "true"}
21:43:23.534 INFO  vert.x-eventloop-thread-0 BaseServiceProxy     : -> GET /v1/api/tickle,200|96ms
21:43:23.535 DEBUG vert.x-eventloop-thread-0 ClientPortalService  : tickle {"session":"35ed1fc9a6bea0ad9a6c8ab4fa8ca193","ssoExpires":8,"collission":false,"userId":50301190,"hmds":{"error":"no bridge"},"iserver":{"authStatus":{"authenticated":true,"established":true,"competing":false,"connected":true,"message":"","MAC":"06:A8:C0:D9:D5:E3","serverInfo":{"serverName":"JifS14124","serverVersion":"Build 10.44.1h, Apr 20, 2026 11:22:51 AM"},"hardware_info":"275c5aa2|06:A8:C0:D9:D5:E3"}}}
21:43:53.536 INFO  vert.x-eventloop-thread-0 BaseServiceProxy     : -> GET /v1/api/tickle,200|99ms
21:43:53.538 DEBUG vert.x-eventloop-thread-0 ClientPortalService  : tickle {"session":"35ed1fc9a6bea0ad9a6c8ab4fa8ca193","ssoExpires":600000,"collission":false,"userId":50301190,"hmds":{"error":"no bridge"},"iserver":{"authStatus":{"authenticated":true,"established":true,"competing":false,"connected":true,"message":"","MAC":"06:A8:C0:D9:D5:E3","serverInfo":{"serverName":"JifS14124","serverVersion":"Build 10.44.1h, Apr 20, 2026 11:22:51 AM"},"hardware_info":"275c5aa2|06:A8:C0:D9:D5:E3"}}}
21:44:23.879 INFO  vert.x-eventloop-thread-0 BaseServiceProxy     : -> GET /v1/api/tickle,200|442ms
21:44:23.880 DEBUG vert.x-eventloop-thread-0 ClientPortalService  : tickle {"session":"35ed1fc9a6bea0ad9a6c8ab4fa8ca193","ssoExpires":569998,"collission":false,"userId":50301190,"hmds":{"error":"no bridge"},"iserver":{"authStatus":{"authenticated":true,"established":true,"competing":false,"connected":true,"message":"","MAC":"06:A8:C0:D9:D5:E3","serverInfo":{"serverName":"JifS14124","serverVersion":"Build 10.44.1h, Apr 20, 2026 11:22:51 AM"},"hardware_info":"275c5aa2|06:A8:C0:D9:D5:E3"}}}
21:44:53.831 INFO  vert.x-eventloop-thread-0 BaseServiceProxy     : -> GET /v1/api/tickle,200|394ms
21:44:53.831 DEBUG vert.x-eventloop-thread-0 ClientPortalService  : tickle {"session":"35ed1fc9a6bea0ad9a6c8ab4fa8ca193","ssoExpires":539695,"collission":false,"userId":50301190,"hmds":{"error":"no bridge"},"iserver":{"authStatus":{"authenticated":true,"established":true,"competing":false,"connected":true,"message":"","MAC":"06:A8:C0:D9:D5:E3","serverInfo":{"serverName":"JifS14124","serverVersion":"Build 10.44.1h, Apr 20, 2026 11:22:51 AM"},"hardware_info":"275c5aa2|06:A8:C0:D9:D5:E3"}}}
21:45:23.505 INFO  vert.x-eventloop-thread-0 BaseServiceProxy     : -> GET /v1/api/tickle,200|69ms
21:45:23.506 DEBUG vert.x-eventloop-thread-0 ClientPortalService  : tickle {"session":"35ed1fc9a6bea0ad9a6c8ab4fa8ca193","ssoExpires":509999,"collission":false,"userId":50301190,"hmds":{"error":"no bridge"},"iserver":{"authStatus":{"authenticated":true,"established":true,"competing":false,"connected":true,"message":"","MAC":"06:A8:C0:D9:D5:E3","serverInfo":{"serverName":"JifS14124","serverVersion":"Build 10.44.1h, Apr 20, 2026 11:22:51 AM"},"hardware_info":"275c5aa2|06:A8:C0:D9:D5:E3"}}}
21:45:37.062 INFO  vert.x-eventloop-thread-0 BaseServiceProxy     : -> GET /v1/api/tickle,200|93ms
21:45:53.533 INFO  vert.x-eventloop-thread-0 BaseServiceProxy     : -> GET /v1/api/tickle,200|95ms
21:45:53.535 DEBUG vert.x-eventloop-thread-0 ClientPortalService  : tickle {"session":"35ed1fc9a6bea0ad9a6c8ab4fa8ca193","ssoExpires":479991,"collission":false,"userId":50301190,"hmds":{"error":"no bridge"},"iserver":{"authStatus":{"authenticated":true,"established":true,"competing":false,"connected":true,"message":"","MAC":"06:A8:C0:D9:D5:E3","serverInfo":{"serverName":"JifS14124","serverVersion":"Build 10.44.1h, Apr 20, 2026 11:22:51 AM"},"hardware_info":"275c5aa2|06:A8:C0:D9:D5:E3"}}}
21:46:23.498 INFO  vert.x-eventloop-thread-0 BaseServiceProxy     : -> GET /v1/api/tickle,200|61ms
21:46:23.500 DEBUG vert.x-eventloop-thread-0 ClientPortalService  : tickle {"session":"35ed1fc9a6bea0ad9a6c8ab4fa8ca193","ssoExpires":449993,"collission":false,"userId":50301190,"hmds":{"error":"no bridge"},"iserver":{"authStatus":{"authenticated":true,"established":true,"competing":false,"connected":true,"message":"","MAC":"06:A8:C0:D9:D5:E3","serverInfo":{"serverName":"JifS14124","serverVersion":"Build 10.44.1h, Apr 20, 2026 11:22:51 AM"},"hardware_info":"275c5aa2|06:A8:C0:D9:D5:E3"}}}
21:46:53.603 INFO  vert.x-eventloop-thread-0 BaseServiceProxy     : -> GET /v1/api/tickle,200|167ms
21:46:53.603 DEBUG vert.x-eventloop-thread-0 ClientPortalService  : tickle {"session":"35ed1fc9a6bea0ad9a6c8ab4fa8ca193","ssoExpires":419998,"collission":false,"userId":50301190,"hmds":{"error":"no bridge"},"iserver":{"authStatus":{"authenticated":true,"established":true,"competing":false,"connected":true,"message":"","MAC":"06:A8:C0:D9:D5:E3","serverInfo":{"serverName":"JifS14124","serverVersion":"Build 10.44.1h, Apr 20, 2026 11:22:51 AM"},"hardware_info":"275c5aa2|06:A8:C0:D9:D5:E3"}}}
21:47:23.838 INFO  vert.x-eventloop-thread-0 BaseServiceProxy     : -> GET /v1/api/tickle,200|402ms
21:47:23.839 DEBUG vert.x-eventloop-thread-0 ClientPortalService  : tickle {"session":"35ed1fc9a6bea0ad9a6c8ab4fa8ca193","ssoExpires":389666,"collission":false,"userId":50301190,"hmds":{"error":"no bridge"},"iserver":{"authStatus":{"authenticated":true,"established":true,"competing":false,"connected":true,"message":"","MAC":"06:A8:C0:D9:D5:E3","serverInfo":{"serverName":"JifS14124","serverVersion":"Build 10.44.1h, Apr 20, 2026 11:22:51 AM"},"hardware_info":"275c5aa2|06:A8:C0:D9:D5:E3"}}}
21:47:28.918 INFO  vert.x-eventloop-thread-0 BaseServiceProxy     : -> GET /v1/api/iserver/secdef/search?symbol=ARM&secType=STK,200|121ms
21:47:32.208 INFO  vert.x-eventloop-thread-0 BaseServiceProxy     : -> GET /v1/api/portfolio/U5799398/summary,200|124ms
21:47:32.339 INFO  vert.x-eventloop-thread-0 BaseServiceProxy     : -> GET /v1/api/iserver/account/orders,200|79ms
21:47:33.768 INFO  vert.x-eventloop-thread-0 BaseServiceProxy     : -> GET /v1/api/portfolio/U5799398/positions/0?direction=a&period=1W&sort=position,200|1496ms
21:47:40.678 INFO  vert.x-eventloop-thread-0 BaseServiceProxy     : -> GET /v1/api/iserver/secdef/search?symbol=ARM&secType=STK,200|75ms
21:47:40.759 INFO  vert.x-eventloop-thread-0 BaseServiceProxy     : -> GET /v1/api/iserver/account/orders,200|79ms
21:47:41.013 INFO  vert.x-eventloop-thread-0 BaseServiceProxy     : -> GET /v1/api/portfolio/U5799398/summary,200|248ms
21:47:41.481 INFO  vert.x-eventloop-thread-0 BaseServiceProxy     : -> GET /v1/api/iserver/account/U5799398/orders,200|461ms
21:47:41.599 INFO  vert.x-eventloop-thread-0 BaseServiceProxy     : -> GET /v1/api/iserver/reply/008d045c-6914-4205-b79f-ff70f58a691e,200|115ms
21:47:41.673 INFO  vert.x-eventloop-thread-0 BaseServiceProxy     : -> GET /v1/api/iserver/reply/355c76e7-31d9-4370-9219-09fbb6632a49,200|72ms
21:47:41.752 INFO  vert.x-eventloop-thread-0 BaseServiceProxy     : -> GET /v1/api/iserver/reply/5f4550b3-7e4c-4d4d-911e-45c49796f46b,200|77ms
21:47:41.948 INFO  vert.x-eventloop-thread-0 BaseServiceProxy     : -> GET /v1/api/iserver/reply/0a04b413-2607-4ac9-9c36-d29bbf682f9a,200|193ms
21:47:42.091 INFO  vert.x-eventloop-thread-0 BaseServiceProxy     : -> GET /v1/api/iserver/reply/59e1168a-6994-4096-b096-cb62729cdc96,200|141ms
21:47:42.237 INFO  vert.x-eventloop-thread-0 BaseServiceProxy     : -> GET /v1/api/iserver/reply/be1783ff-18a5-4bdc-a663-226e59b130cd,200|144ms
21:47:42.308 INFO  vert.x-eventloop-thread-0 BaseServiceProxy     : -> GET /v1/api/iserver/account/orders,200|69ms
21:47:43.726 INFO  vert.x-eventloop-thread-0 BaseServiceProxy     : -> GET /v1/api/iserver/marketdata/history?conid=653400472&period=30d&bar=1d&outsideRth=false,200|1375ms
21:47:43.835 INFO  vert.x-eventloop-thread-0 BaseServiceProxy     : -> GET /v1/api/iserver/marketdata/history?conid=653400472&period=30d&bar=1d&outsideRth=false,200|104ms
21:47:53.533 INFO  vert.x-eventloop-thread-0 BaseServiceProxy     : -> GET /v1/api/tickle,200|97ms
21:47:53.534 DEBUG vert.x-eventloop-thread-0 ClientPortalService  : tickle {"session":"35ed1fc9a6bea0ad9a6c8ab4fa8ca193","ssoExpires":360002,"collission":false,"userId":50301190,"hmds":{"error":"no bridge"},"iserver":{"authStatus":{"authenticated":true,"established":true,"competing":false,"connected":true,"message":"","MAC":"06:A8:C0:D9:D5:E3","serverInfo":{"serverName":"JifS14124","serverVersion":"Build 10.44.1h, Apr 20, 2026 11:22:51 AM"},"hardware_info":"275c5aa2|06:A8:C0:D9:D5:E3"}}}
21:48:18.399 INFO  vert.x-eventloop-thread-0 BaseServiceProxy     : -> GET /sso/ping,200|278ms
21:48:18.401 INFO  vert.x-eventloop-thread-0 SsoService           : sso ping {"result": "true"}
21:48:23.507 INFO  vert.x-eventloop-thread-0 BaseServiceProxy     : -> GET /v1/api/tickle,200|71ms
21:48:23.507 DEBUG vert.x-eventloop-thread-0 ClientPortalService  : tickle {"session":"35ed1fc9a6bea0ad9a6c8ab4fa8ca193","ssoExpires":329999,"collission":false,"userId":50301190,"hmds":{"error":"no bridge"},"iserver":{"authStatus":{"authenticated":true,"established":true,"competing":false,"connected":true,"message":"","MAC":"06:A8:C0:D9:D5:E3","serverInfo":{"serverName":"JifS14124","serverVersion":"Build 10.44.1h, Apr 20, 2026 11:22:51 AM"},"hardware_info":"275c5aa2|06:A8:C0:D9:D5:E3"}}}
21:48:37.343 INFO  vert.x-eventloop-thread-0 BaseServiceProxy     : -> GET /v1/api/tickle,200|123ms
21:48:53.518 INFO  vert.x-eventloop-thread-0 BaseServiceProxy     : -> GET /v1/api/tickle,200|82ms
21:48:53.520 DEBUG vert.x-eventloop-thread-0 ClientPortalService  : tickle {"session":"35ed1fc9a6bea0ad9a6c8ab4fa8ca193","ssoExpires":299989,"collission":false,"userId":50301190,"hmds":{"error":"no bridge"},"iserver":{"authStatus":{"authenticated":true,"established":true,"competing":false,"connected":true,"message":"","MAC":"06:A8:C0:D9:D5:E3","serverInfo":{"serverName":"JifS14124","serverVersion":"Build 10.44.1h, Apr 20, 2026 11:22:51 AM"},"hardware_info":"275c5aa2|06:A8:C0:D9:D5:E3"}}}
21:49:23.518 INFO  vert.x-eventloop-thread-0 BaseServiceProxy     : -> GET /v1/api/tickle,200|82ms
21:49:23.520 DEBUG vert.x-eventloop-thread-0 ClientPortalService  : tickle {"session":"35ed1fc9a6bea0ad9a6c8ab4fa8ca193","ssoExpires":269987,"collission":false,"userId":50301190,"hmds":{"error":"no bridge"},"iserver":{"authStatus":{"authenticated":true,"established":true,"competing":false,"connected":true,"message":"","MAC":"06:A8:C0:D9:D5:E3","serverInfo":{"serverName":"JifS14124","serverVersion":"Build 10.44.1h, Apr 20, 2026 11:22:51 AM"},"hardware_info":"275c5aa2|06:A8:C0:D9:D5:E3"}}}
21:49:53.526 INFO  vert.x-eventloop-thread-0 BaseServiceProxy     : -> GET /v1/api/tickle,200|91ms
21:49:53.527 DEBUG vert.x-eventloop-thread-0 ClientPortalService  : tickle {"session":"35ed1fc9a6bea0ad9a6c8ab4fa8ca193","ssoExpires":239994,"collission":false,"userId":50301190,"hmds":{"error":"no bridge"},"iserver":{"authStatus":{"authenticated":true,"established":true,"competing":false,"connected":true,"message":"","MAC":"06:A8:C0:D9:D5:E3","serverInfo":{"serverName":"JifS14124","serverVersion":"Build 10.44.1h, Apr 20, 2026 11:22:51 AM"},"hardware_info":"275c5aa2|06:A8:C0:D9:D5:E3"}}}
21:50:23.565 INFO  vert.x-eventloop-thread-0 BaseServiceProxy     : -> GET /v1/api/tickle,200|119ms
21:50:23.566 DEBUG vert.x-eventloop-thread-0 ClientPortalService  : tickle {"session":"35ed1fc9a6bea0ad9a6c8ab4fa8ca193","ssoExpires":209966,"collission":false,"userId":50301190,"hmds":{"error":"no bridge"},"iserver":{"authStatus":{"authenticated":true,"established":true,"competing":false,"connected":true,"message":"","MAC":"06:A8:C0:D9:D5:E3","serverInfo":{"serverName":"JifS14124","serverVersion":"Build 10.44.1h, Apr 20, 2026 11:22:51 AM"},"hardware_info":"275c5aa2|06:A8:C0:D9:D5:E3"}}}
21:50:47.863 INFO  vert.x-eventloop-thread-0 BaseServiceProxy     : -> GET /v1/api/iserver/account/orders,200|150ms
21:50:48.495 INFO  vert.x-eventloop-thread-0 BaseServiceProxy     : -> GET /v1/api/iserver/marketdata/history?conid=653400472&period=30d&bar=1d&outsideRth=false,200|320ms
21:50:48.652 INFO  vert.x-eventloop-thread-0 BaseServiceProxy     : -> GET /v1/api/iserver/marketdata/history?conid=653400472&period=30d&bar=1d&outsideRth=false,200|153ms
21:50:48.809 INFO  vert.x-eventloop-thread-0 BaseServiceProxy     : -> GET /v1/api/iserver/account/orders,200|93ms
21:50:48.921 INFO  vert.x-eventloop-thread-0 BaseServiceProxy     : -> GET /v1/api/iserver/account/orders,200|100ms
21:50:49.463 INFO  vert.x-eventloop-thread-0 BaseServiceProxy     : -> GET /v1/api/iserver/account/U5799398/order/1068046677,200|372ms
21:50:49.563 INFO  vert.x-eventloop-thread-0 BaseServiceProxy     : -> GET /v1/api/iserver/account/orders,200|96ms
21:50:50.825 INFO  vert.x-eventloop-thread-0 BaseServiceProxy     : -> GET /v1/api/iserver/marketdata/history?conid=653400472&period=30d&bar=1d&outsideRth=false,200|1150ms
21:50:50.950 INFO  vert.x-eventloop-thread-0 BaseServiceProxy     : -> GET /v1/api/iserver/marketdata/history?conid=653400472&period=30d&bar=1d&outsideRth=false,200|123ms
21:50:51.055 INFO  vert.x-eventloop-thread-0 BaseServiceProxy     : -> GET /v1/api/iserver/account/orders,200|75ms
21:50:53.523 INFO  vert.x-eventloop-thread-0 BaseServiceProxy     : -> GET /v1/api/tickle,200|89ms
21:50:53.524 DEBUG vert.x-eventloop-thread-0 ClientPortalService  : tickle {"session":"35ed1fc9a6bea0ad9a6c8ab4fa8ca193","ssoExpires":180003,"collission":false,"userId":50301190,"hmds":{"error":"no bridge"},"iserver":{"authStatus":{"authenticated":true,"established":true,"competing":false,"connected":true,"message":"","MAC":"06:A8:C0:D9:D5:E3","serverInfo":{"serverName":"JifS14124","serverVersion":"Build 10.44.1h, Apr 20, 2026 11:22:51 AM"},"hardware_info":"275c5aa2|06:A8:C0:D9:D5:E3"}}}
21:51:23.531 INFO  vert.x-eventloop-thread-0 BaseServiceProxy     : -> GET /v1/api/tickle,200|97ms
21:51:23.532 DEBUG vert.x-eventloop-thread-0 ClientPortalService  : tickle {"session":"35ed1fc9a6bea0ad9a6c8ab4fa8ca193","ssoExpires":149994,"collission":false,"userId":50301190,"hmds":{"error":"no bridge"},"iserver":{"authStatus":{"authenticated":true,"established":true,"competing":false,"connected":true,"message":"","MAC":"06:A8:C0:D9:D5:E3","serverInfo":{"serverName":"JifS14124","serverVersion":"Build 10.44.1h, Apr 20, 2026 11:22:51 AM"},"hardware_info":"275c5aa2|06:A8:C0:D9:D5:E3"}}}
21:51:37.623 INFO  vert.x-eventloop-thread-0 BaseServiceProxy     : -> GET /v1/api/tickle,200|150ms
21:51:53.970 INFO  vert.x-eventloop-thread-0 BaseServiceProxy     : -> GET /v1/api/tickle,200|535ms
21:51:53.972 DEBUG vert.x-eventloop-thread-0 ClientPortalService  : tickle {"session":"35ed1fc9a6bea0ad9a6c8ab4fa8ca193","ssoExpires":119936,"collission":false,"userId":50301190,"hmds":{"error":"no bridge"},"iserver":{"authStatus":{"authenticated":true,"established":true,"competing":false,"connected":true,"message":"","MAC":"06:A8:C0:D9:D5:E3","serverInfo":{"serverName":"JifS14124","serverVersion":"Build 10.44.1h, Apr 20, 2026 11:22:51 AM"},"hardware_info":"275c5aa2|06:A8:C0:D9:D5:E3"}}}
21:52:23.532 INFO  vert.x-eventloop-thread-0 BaseServiceProxy     : -> GET /v1/api/tickle,200|98ms
21:52:23.534 DEBUG vert.x-eventloop-thread-0 ClientPortalService  : tickle {"session":"35ed1fc9a6bea0ad9a6c8ab4fa8ca193","ssoExpires":89996,"collission":false,"userId":50301190,"hmds":{"error":"no bridge"},"iserver":{"authStatus":{"authenticated":true,"established":true,"competing":false,"connected":true,"message":"","MAC":"06:A8:C0:D9:D5:E3","serverInfo":{"serverName":"JifS14124","serverVersion":"Build 10.44.1h, Apr 20, 2026 11:22:51 AM"},"hardware_info":"275c5aa2|06:A8:C0:D9:D5:E3"}}}
21:52:53.490 INFO  vert.x-eventloop-thread-0 BaseServiceProxy     : -> GET /v1/api/tickle,200|56ms
21:52:53.492 DEBUG vert.x-eventloop-thread-0 ClientPortalService  : tickle {"session":"35ed1fc9a6bea0ad9a6c8ab4fa8ca193","ssoExpires":60002,"collission":false,"userId":50301190,"hmds":{"error":"no bridge"},"iserver":{"authStatus":{"authenticated":true,"established":true,"competing":false,"connected":true,"message":"","MAC":"06:A8:C0:D9:D5:E3","serverInfo":{"serverName":"JifS14124","serverVersion":"Build 10.44.1h, Apr 20, 2026 11:22:51 AM"},"hardware_info":"275c5aa2|06:A8:C0:D9:D5:E3"}}}
21:53:18.514 INFO  vert.x-eventloop-thread-0 BaseServiceProxy     : -> GET /sso/ping,200|394ms
21:53:18.515 INFO  vert.x-eventloop-thread-0 SsoService           : sso ping {"result": "true"}
21:53:23.600 INFO  vert.x-eventloop-thread-0 BaseServiceProxy     : -> GET /v1/api/tickle,200|166ms
21:53:23.600 DEBUG vert.x-eventloop-thread-0 ClientPortalService  : tickle {"session":"35ed1fc9a6bea0ad9a6c8ab4fa8ca193","ssoExpires":29920,"collission":false,"userId":50301190,"hmds":{"error":"no bridge"},"iserver":{"authStatus":{"authenticated":true,"established":true,"competing":false,"connected":true,"message":"","MAC":"06:A8:C0:D9:D5:E3","serverInfo":{"serverName":"JifS14124","serverVersion":"Build 10.44.1h, Apr 20, 2026 11:22:51 AM"},"hardware_info":"275c5aa2|06:A8:C0:D9:D5:E3"}}}
21:53:53.535 INFO  vert.x-eventloop-thread-0 BaseServiceProxy     : -> GET /v1/api/tickle,200|102ms
21:53:53.538 DEBUG vert.x-eventloop-thread-0 ClientPortalService  : tickle {"session":"35ed1fc9a6bea0ad9a6c8ab4fa8ca193","ssoExpires":1,"collission":false,"userId":50301190,"hmds":{"error":"no bridge"},"iserver":{"authStatus":{"authenticated":true,"established":true,"competing":false,"connected":true,"message":"","MAC":"06:A8:C0:D9:D5:E3","serverInfo":{"serverName":"JifS14124","serverVersion":"Build 10.44.1h, Apr 20, 2026 11:22:51 AM"},"hardware_info":"275c5aa2|06:A8:C0:D9:D5:E3"}}}
21:54:23.869 INFO  vert.x-eventloop-thread-0 BaseServiceProxy     : -> GET /v1/api/tickle,200|435ms
21:54:23.871 DEBUG vert.x-eventloop-thread-0 ClientPortalService  : tickle {"session":"35ed1fc9a6bea0ad9a6c8ab4fa8ca193","ssoExpires":600000,"collission":false,"userId":50301190,"hmds":{"error":"no bridge"},"iserver":{"authStatus":{"authenticated":true,"established":true,"competing":false,"connected":true,"message":"","MAC":"06:A8:C0:D9:D5:E3","serverInfo":{"serverName":"JifS14124","serverVersion":"Build 10.44.1h, Apr 20, 2026 11:22:51 AM"},"hardware_info":"275c5aa2|06:A8:C0:D9:D5:E3"}}}
21:54:37.849 INFO  vert.x-eventloop-thread-0 BaseServiceProxy     : -> GET /v1/api/tickle,200|102ms
21:54:53.522 INFO  vert.x-eventloop-thread-0 BaseServiceProxy     : -> GET /v1/api/tickle,200|88ms
21:54:53.523 DEBUG vert.x-eventloop-thread-0 ClientPortalService  : tickle {"session":"35ed1fc9a6bea0ad9a6c8ab4fa8ca193","ssoExpires":570009,"collission":false,"userId":50301190,"hmds":{"error":"no bridge"},"iserver":{"authStatus":{"authenticated":true,"established":true,"competing":false,"connected":true,"message":"","MAC":"06:A8:C0:D9:D5:E3","serverInfo":{"serverName":"JifS14124","serverVersion":"Build 10.44.1h, Apr 20, 2026 11:22:51 AM"},"hardware_info":"275c5aa2|06:A8:C0:D9:D5:E3"}}}
21:55:23.491 INFO  vert.x-eventloop-thread-0 BaseServiceProxy     : -> GET /v1/api/tickle,200|58ms
21:55:23.492 DEBUG vert.x-eventloop-thread-0 ClientPortalService  : tickle {"session":"35ed1fc9a6bea0ad9a6c8ab4fa8ca193","ssoExpires":540004,"collission":false,"userId":50301190,"hmds":{"error":"no bridge"},"iserver":{"authStatus":{"authenticated":true,"established":true,"competing":false,"connected":true,"message":"","MAC":"06:A8:C0:D9:D5:E3","serverInfo":{"serverName":"JifS14124","serverVersion":"Build 10.44.1h, Apr 20, 2026 11:22:51 AM"},"hardware_info":"275c5aa2|06:A8:C0:D9:D5:E3"}}}
21:55:53.493 INFO  vert.x-eventloop-thread-0 BaseServiceProxy     : -> GET /v1/api/tickle,200|60ms
21:55:53.495 DEBUG vert.x-eventloop-thread-0 ClientPortalService  : tickle {"session":"35ed1fc9a6bea0ad9a6c8ab4fa8ca193","ssoExpires":510000,"collission":false,"userId":50301190,"hmds":{"error":"no bridge"},"iserver":{"authStatus":{"authenticated":true,"established":true,"competing":false,"connected":true,"message":"","MAC":"06:A8:C0:D9:D5:E3","serverInfo":{"serverName":"JifS14124","serverVersion":"Build 10.44.1h, Apr 20, 2026 11:22:51 AM"},"hardware_info":"275c5aa2|06:A8:C0:D9:D5:E3"}}}
21:56:23.490 INFO  vert.x-eventloop-thread-0 BaseServiceProxy     : -> GET /v1/api/tickle,200|57ms
21:56:23.491 DEBUG vert.x-eventloop-thread-0 ClientPortalService  : tickle {"session":"35ed1fc9a6bea0ad9a6c8ab4fa8ca193","ssoExpires":480004,"collission":false,"userId":50301190,"hmds":{"error":"no bridge"},"iserver":{"authStatus":{"authenticated":true,"established":true,"competing":false,"connected":true,"message":"","MAC":"06:A8:C0:D9:D5:E3","serverInfo":{"serverName":"JifS14124","serverVersion":"Build 10.44.1h, Apr 20, 2026 11:22:51 AM"},"hardware_info":"275c5aa2|06:A8:C0:D9:D5:E3"}}}
21:56:53.542 INFO  vert.x-eventloop-thread-0 BaseServiceProxy     : -> GET /v1/api/tickle,200|109ms
21:56:53.544 DEBUG vert.x-eventloop-thread-0 ClientPortalService  : tickle {"session":"35ed1fc9a6bea0ad9a6c8ab4fa8ca193","ssoExpires":450004,"collission":false,"userId":50301190,"hmds":{"error":"no bridge"},"iserver":{"authStatus":{"authenticated":true,"established":true,"competing":false,"connected":true,"message":"","MAC":"06:A8:C0:D9:D5:E3","serverInfo":{"serverName":"JifS14124","serverVersion":"Build 10.44.1h, Apr 20, 2026 11:22:51 AM"},"hardware_info":"275c5aa2|06:A8:C0:D9:D5:E3"}}}
21:57:24.132 INFO  vert.x-eventloop-thread-0 BaseServiceProxy     : -> GET /v1/api/tickle,200|700ms
21:57:24.134 DEBUG vert.x-eventloop-thread-0 ClientPortalService  : tickle {"session":"35ed1fc9a6bea0ad9a6c8ab4fa8ca193","ssoExpires":420008,"collission":false,"userId":50301190,"hmds":{"error":"no bridge"},"iserver":{"authStatus":{"authenticated":true,"established":true,"competing":false,"connected":true,"message":"","MAC":"06:A8:C0:D9:D5:E3","serverInfo":{"serverName":"JifS14124","serverVersion":"Build 10.44.1h, Apr 20, 2026 11:22:51 AM"},"hardware_info":"275c5aa2|06:A8:C0:D9:D5:E3"}}}
21:57:38.078 INFO  vert.x-eventloop-thread-0 BaseServiceProxy     : -> GET /v1/api/tickle,200|103ms
21:57:53.534 INFO  vert.x-eventloop-thread-0 BaseServiceProxy     : -> GET /v1/api/tickle,200|101ms
21:57:53.535 DEBUG vert.x-eventloop-thread-0 ClientPortalService  : tickle {"session":"35ed1fc9a6bea0ad9a6c8ab4fa8ca193","ssoExpires":390004,"collission":false,"userId":50301190,"hmds":{"error":"no bridge"},"iserver":{"authStatus":{"authenticated":true,"established":true,"competing":false,"connected":true,"message":"","MAC":"06:A8:C0:D9:D5:E3","serverInfo":{"serverName":"JifS14124","serverVersion":"Build 10.44.1h, Apr 20, 2026 11:22:51 AM"},"hardware_info":"275c5aa2|06:A8:C0:D9:D5:E3"}}}
21:58:18.418 INFO  vert.x-eventloop-thread-0 BaseServiceProxy     : -> GET /sso/ping,200|288ms
21:58:18.420 INFO  vert.x-eventloop-thread-0 SsoService           : sso ping {"result": "true"}
21:58:23.553 INFO  vert.x-eventloop-thread-0 BaseServiceProxy     : -> GET /v1/api/tickle,200|100ms
21:58:23.554 DEBUG vert.x-eventloop-thread-0 ClientPortalService  : tickle {"session":"35ed1fc9a6bea0ad9a6c8ab4fa8ca193","ssoExpires":360005,"collission":false,"userId":50301190,"hmds":{"error":"no bridge"},"iserver":{"authStatus":{"authenticated":true,"established":true,"competing":false,"connected":true,"message":"","MAC":"06:A8:C0:D9:D5:E3","serverInfo":{"serverName":"JifS14124","serverVersion":"Build 10.44.1h, Apr 20, 2026 11:22:51 AM"},"hardware_info":"275c5aa2|06:A8:C0:D9:D5:E3"}}}
21:58:53.563 INFO  vert.x-eventloop-thread-0 BaseServiceProxy     : -> GET /v1/api/tickle,200|95ms
21:58:53.565 DEBUG vert.x-eventloop-thread-0 ClientPortalService  : tickle {"session":"35ed1fc9a6bea0ad9a6c8ab4fa8ca193","ssoExpires":330003,"collission":false,"userId":50301190,"hmds":{"error":"no bridge"},"iserver":{"authStatus":{"authenticated":true,"established":true,"competing":false,"connected":true,"message":"","MAC":"06:A8:C0:D9:D5:E3","serverInfo":{"serverName":"JifS14124","serverVersion":"Build 10.44.1h, Apr 20, 2026 11:22:51 AM"},"hardware_info":"275c5aa2|06:A8:C0:D9:D5:E3"}}}
21:59:23.621 INFO  vert.x-eventloop-thread-0 BaseServiceProxy     : -> GET /v1/api/tickle,200|150ms
21:59:23.624 DEBUG vert.x-eventloop-thread-0 ClientPortalService  : tickle {"session":"35ed1fc9a6bea0ad9a6c8ab4fa8ca193","ssoExpires":300006,"collission":false,"userId":50301190,"hmds":{"error":"no bridge"},"iserver":{"authStatus":{"authenticated":true,"established":true,"competing":false,"connected":true,"message":"","MAC":"06:A8:C0:D9:D5:E3","serverInfo":{"serverName":"JifS14124","serverVersion":"Build 10.44.1h, Apr 20, 2026 11:22:51 AM"},"hardware_info":"275c5aa2|06:A8:C0:D9:D5:E3"}}}
21:59:53.803 INFO  vert.x-eventloop-thread-0 BaseServiceProxy     : -> GET /v1/api/tickle,200|332ms
21:59:53.805 DEBUG vert.x-eventloop-thread-0 ClientPortalService  : tickle {"session":"35ed1fc9a6bea0ad9a6c8ab4fa8ca193","ssoExpires":269764,"collission":false,"userId":50301190,"hmds":{"error":"no bridge"},"iserver":{"authStatus":{"authenticated":true,"established":true,"competing":false,"connected":true,"message":"","MAC":"06:A8:C0:D9:D5:E3","serverInfo":{"serverName":"JifS14124","serverVersion":"Build 10.44.1h, Apr 20, 2026 11:22:51 AM"},"hardware_info":"275c5aa2|06:A8:C0:D9:D5:E3"}}}
22:00:23.575 INFO  vert.x-eventloop-thread-0 BaseServiceProxy     : -> GET /v1/api/tickle,200|104ms
22:00:23.577 DEBUG vert.x-eventloop-thread-0 ClientPortalService  : tickle {"session":"35ed1fc9a6bea0ad9a6c8ab4fa8ca193","ssoExpires":240003,"collission":false,"userId":50301190,"hmds":{"error":"no bridge"},"iserver":{"authStatus":{"authenticated":true,"established":true,"competing":false,"connected":true,"message":"","MAC":"06:A8:C0:D9:D5:E3","serverInfo":{"serverName":"JifS14124","serverVersion":"Build 10.44.1h, Apr 20, 2026 11:22:51 AM"},"hardware_info":"275c5aa2|06:A8:C0:D9:D5:E3"}}}
22:00:38.367 INFO  vert.x-eventloop-thread-0 BaseServiceProxy     : -> GET /v1/api/tickle,200|106ms
22:00:53.831 INFO  vert.x-eventloop-thread-0 BaseServiceProxy     : -> GET /v1/api/tickle,200|360ms
22:00:53.833 DEBUG vert.x-eventloop-thread-0 ClientPortalService  : tickle {"session":"35ed1fc9a6bea0ad9a6c8ab4fa8ca193","ssoExpires":209747,"collission":false,"userId":50301190,"hmds":{"error":"no bridge"},"iserver":{"authStatus":{"authenticated":true,"established":true,"competing":false,"connected":true,"message":"","MAC":"06:A8:C0:D9:D5:E3","serverInfo":{"serverName":"JifS14124","serverVersion":"Build 10.44.1h, Apr 20, 2026 11:22:51 AM"},"hardware_info":"275c5aa2|06:A8:C0:D9:D5:E3"}}}
22:01:23.529 INFO  vert.x-eventloop-thread-0 BaseServiceProxy     : -> GET /v1/api/tickle,200|59ms
22:01:23.530 DEBUG vert.x-eventloop-thread-0 ClientPortalService  : tickle {"session":"35ed1fc9a6bea0ad9a6c8ab4fa8ca193","ssoExpires":180004,"collission":false,"userId":50301190,"hmds":{"error":"no bridge"},"iserver":{"authStatus":{"authenticated":true,"established":true,"competing":false,"connected":true,"message":"","MAC":"06:A8:C0:D9:D5:E3","serverInfo":{"serverName":"JifS14124","serverVersion":"Build 10.44.1h, Apr 20, 2026 11:22:51 AM"},"hardware_info":"275c5aa2|06:A8:C0:D9:D5:E3"}}}
22:01:53.840 INFO  vert.x-eventloop-thread-0 BaseServiceProxy     : -> GET /v1/api/tickle,200|368ms
22:01:53.863 DEBUG vert.x-eventloop-thread-0 ClientPortalService  : tickle {"session":"35ed1fc9a6bea0ad9a6c8ab4fa8ca193","ssoExpires":149773,"collission":false,"userId":50301190,"hmds":{"error":"no bridge"},"iserver":{"authStatus":{"authenticated":true,"established":true,"competing":false,"connected":true,"message":"","MAC":"06:A8:C0:D9:D5:E3","serverInfo":{"serverName":"JifS14124","serverVersion":"Build 10.44.1h, Apr 20, 2026 11:22:51 AM"},"hardware_info":"275c5aa2|06:A8:C0:D9:D5:E3"}}}
22:02:23.559 INFO  vert.x-eventloop-thread-0 BaseServiceProxy     : -> GET /v1/api/tickle,200|88ms
22:02:23.560 DEBUG vert.x-eventloop-thread-0 ClientPortalService  : tickle {"session":"35ed1fc9a6bea0ad9a6c8ab4fa8ca193","ssoExpires":120005,"collission":false,"userId":50301190,"hmds":{"error":"no bridge"},"iserver":{"authStatus":{"authenticated":true,"established":true,"competing":false,"connected":true,"message":"","MAC":"06:A8:C0:D9:D5:E3","serverInfo":{"serverName":"JifS14124","serverVersion":"Build 10.44.1h, Apr 20, 2026 11:22:51 AM"},"hardware_info":"275c5aa2|06:A8:C0:D9:D5:E3"}}}
22:02:53.550 INFO  vert.x-eventloop-thread-0 BaseServiceProxy     : -> GET /v1/api/tickle,200|80ms
22:02:53.551 DEBUG vert.x-eventloop-thread-0 ClientPortalService  : tickle {"session":"35ed1fc9a6bea0ad9a6c8ab4fa8ca193","ssoExpires":90006,"collission":false,"userId":50301190,"hmds":{"error":"no bridge"},"iserver":{"authStatus":{"authenticated":true,"established":true,"competing":false,"connected":true,"message":"","MAC":"06:A8:C0:D9:D5:E3","serverInfo":{"serverName":"JifS14124","serverVersion":"Build 10.44.1h, Apr 20, 2026 11:22:51 AM"},"hardware_info":"275c5aa2|06:A8:C0:D9:D5:E3"}}}
22:03:18.437 INFO  vert.x-eventloop-thread-0 BaseServiceProxy     : -> GET /sso/ping,200|280ms
22:03:18.437 INFO  vert.x-eventloop-thread-0 SsoService           : sso ping {"result": "true"}
22:03:23.552 INFO  vert.x-eventloop-thread-0 BaseServiceProxy     : -> GET /v1/api/tickle,200|81ms
22:03:23.552 DEBUG vert.x-eventloop-thread-0 ClientPortalService  : tickle {"session":"35ed1fc9a6bea0ad9a6c8ab4fa8ca193","ssoExpires":60006,"collission":false,"userId":50301190,"hmds":{"error":"no bridge"},"iserver":{"authStatus":{"authenticated":true,"established":true,"competing":false,"connected":true,"message":"","MAC":"06:A8:C0:D9:D5:E3","serverInfo":{"serverName":"JifS14124","serverVersion":"Build 10.44.1h, Apr 20, 2026 11:22:51 AM"},"hardware_info":"275c5aa2|06:A8:C0:D9:D5:E3"}}}
22:03:38.535 INFO  vert.x-eventloop-thread-0 BaseServiceProxy     : -> GET /v1/api/tickle,200|54ms
22:03:53.532 INFO  vert.x-eventloop-thread-0 BaseServiceProxy     : -> GET /v1/api/tickle,200|61ms
22:03:53.533 DEBUG vert.x-eventloop-thread-0 ClientPortalService  : tickle {"session":"35ed1fc9a6bea0ad9a6c8ab4fa8ca193","ssoExpires":30006,"collission":false,"userId":50301190,"hmds":{"error":"no bridge"},"iserver":{"authStatus":{"authenticated":true,"established":true,"competing":false,"connected":true,"message":"","MAC":"06:A8:C0:D9:D5:E3","serverInfo":{"serverName":"JifS14124","serverVersion":"Build 10.44.1h, Apr 20, 2026 11:22:51 AM"},"hardware_info":"275c5aa2|06:A8:C0:D9:D5:E3"}}}
22:03:55.263 INFO  vert.x-eventloop-thread-0 BaseServiceProxy     : -> GET /v1/api/portfolio/U5799398/summary,200|112ms
22:03:55.320 INFO  vert.x-eventloop-thread-0 BaseServiceProxy     : -> GET /v1/api/iserver/account/orders,200|55ms
22:03:55.452 INFO  vert.x-eventloop-thread-0 BaseServiceProxy     : -> GET /v1/api/portfolio/U5799398/positions/0?direction=a&period=1W&sort=position,200|182ms
22:04:00.162 INFO  vert.x-eventloop-thread-0 BaseServiceProxy     : -> GET /v1/api/iserver/secdef/search?symbol=IREN&secType=STK,200|95ms
22:04:00.270 INFO  vert.x-eventloop-thread-0 BaseServiceProxy     : -> GET /v1/api/iserver/account/orders,200|105ms
22:04:01.019 INFO  vert.x-eventloop-thread-0 BaseServiceProxy     : -> GET /v1/api/portfolio/U5799398/summary,200|129ms
22:04:01.427 INFO  vert.x-eventloop-thread-0 BaseServiceProxy     : -> GET /v1/api/iserver/account/U5799398/orders,200|377ms
22:04:01.502 INFO  vert.x-eventloop-thread-0 BaseServiceProxy     : -> GET /v1/api/iserver/reply/556407a0-7e6b-447a-963c-34492c0d34f9,200|73ms
22:04:01.559 INFO  vert.x-eventloop-thread-0 BaseServiceProxy     : -> GET /v1/api/iserver/reply/12c411ce-c022-43bd-9120-1f8a0bc1bc46,200|56ms
22:04:01.643 INFO  vert.x-eventloop-thread-0 BaseServiceProxy     : -> GET /v1/api/iserver/reply/d4235094-bb20-4b59-9172-91ff71a7d4d6,200|83ms
22:04:01.704 INFO  vert.x-eventloop-thread-0 BaseServiceProxy     : -> GET /v1/api/iserver/reply/ae8a5c78-a9ab-49f1-8181-2f38efd589f8,200|59ms
22:04:01.779 INFO  vert.x-eventloop-thread-0 BaseServiceProxy     : -> GET /v1/api/iserver/reply/c33444fd-9b35-4997-b840-96fee6fb92c2,200|74ms
22:04:01.834 INFO  vert.x-eventloop-thread-0 BaseServiceProxy     : -> GET /v1/api/iserver/account/orders,200|54ms
22:04:02.193 INFO  vert.x-eventloop-thread-0 BaseServiceProxy     : -> GET /v1/api/iserver/marketdata/history?conid=526906130&period=30d&bar=1d&outsideRth=false,200|293ms
22:04:02.288 INFO  vert.x-eventloop-thread-0 BaseServiceProxy     : -> GET /v1/api/iserver/marketdata/history?conid=526906130&period=30d&bar=1d&outsideRth=false,200|94ms
22:04:03.946 INFO  vert.x-eventloop-thread-0 BaseServiceProxy     : -> GET /v1/api/iserver/account/orders,200|72ms
22:04:04.059 INFO  vert.x-eventloop-thread-0 BaseServiceProxy     : -> GET /v1/api/iserver/marketdata/history?conid=526906130&period=30d&bar=1d&outsideRth=false,200|80ms
22:04:04.140 INFO  vert.x-eventloop-thread-0 BaseServiceProxy     : -> GET /v1/api/iserver/marketdata/history?conid=526906130&period=30d&bar=1d&outsideRth=false,200|79ms
22:04:04.291 INFO  vert.x-eventloop-thread-0 BaseServiceProxy     : -> GET /v1/api/iserver/account/orders,200|62ms
22:04:13.217 INFO  vert.x-eventloop-thread-0 BaseServiceProxy     : -> GET /v1/api/iserver/account/orders,200|147ms
22:04:17.393 INFO  vert.x-eventloop-thread-0 BaseServiceProxy     : -> GET /v1/api/iserver/account/orders,200|88ms
22:04:17.751 INFO  vert.x-eventloop-thread-0 BaseServiceProxy     : -> GET /v1/api/iserver/marketdata/history?conid=526906130&period=30d&bar=1d&outsideRth=false,200|80ms
22:04:17.843 INFO  vert.x-eventloop-thread-0 BaseServiceProxy     : -> GET /v1/api/iserver/marketdata/history?conid=526906130&period=30d&bar=1d&outsideRth=false,200|89ms
22:04:23.571 INFO  vert.x-eventloop-thread-0 BaseServiceProxy     : -> GET /v1/api/tickle,200|101ms
22:04:23.572 DEBUG vert.x-eventloop-thread-0 ClientPortalService  : tickle {"session":"35ed1fc9a6bea0ad9a6c8ab4fa8ca193","ssoExpires":600000,"collission":false,"userId":50301190,"hmds":{"error":"no bridge"},"iserver":{"authStatus":{"authenticated":true,"established":true,"competing":false,"connected":true,"message":"","MAC":"06:A8:C0:D9:D5:E3","serverInfo":{"serverName":"JifS14124","serverVersion":"Build 10.44.1h, Apr 20, 2026 11:22:51 AM"},"hardware_info":"275c5aa2|06:A8:C0:D9:D5:E3"}}}
22:04:53.550 INFO  vert.x-eventloop-thread-0 BaseServiceProxy     : -> GET /v1/api/tickle,200|79ms
22:04:53.552 DEBUG vert.x-eventloop-thread-0 ClientPortalService  : tickle {"session":"35ed1fc9a6bea0ad9a6c8ab4fa8ca193","ssoExpires":570000,"collission":false,"userId":50301190,"hmds":{"error":"no bridge"},"iserver":{"authStatus":{"authenticated":true,"established":true,"competing":false,"connected":true,"message":"","MAC":"06:A8:C0:D9:D5:E3","serverInfo":{"serverName":"JifS14124","serverVersion":"Build 10.44.1h, Apr 20, 2026 11:22:51 AM"},"hardware_info":"275c5aa2|06:A8:C0:D9:D5:E3"}}}
22:05:23.528 INFO  vert.x-eventloop-thread-0 BaseServiceProxy     : -> GET /v1/api/tickle,200|57ms
22:05:23.529 DEBUG vert.x-eventloop-thread-0 ClientPortalService  : tickle {"session":"35ed1fc9a6bea0ad9a6c8ab4fa8ca193","ssoExpires":540017,"collission":false,"userId":50301190,"hmds":{"error":"no bridge"},"iserver":{"authStatus":{"authenticated":true,"established":true,"competing":false,"connected":true,"message":"","MAC":"06:A8:C0:D9:D5:E3","serverInfo":{"serverName":"JifS14124","serverVersion":"Build 10.44.1h, Apr 20, 2026 11:22:51 AM"},"hardware_info":"275c5aa2|06:A8:C0:D9:D5:E3"}}}
22:05:53.526 INFO  vert.x-eventloop-thread-0 BaseServiceProxy     : -> GET /v1/api/tickle,200|55ms
22:05:53.529 DEBUG vert.x-eventloop-thread-0 ClientPortalService  : tickle {"session":"35ed1fc9a6bea0ad9a6c8ab4fa8ca193","ssoExpires":510020,"collission":false,"userId":50301190,"hmds":{"error":"no bridge"},"iserver":{"authStatus":{"authenticated":true,"established":true,"competing":false,"connected":true,"message":"","MAC":"06:A8:C0:D9:D5:E3","serverInfo":{"serverName":"JifS14124","serverVersion":"Build 10.44.1h, Apr 20, 2026 11:22:51 AM"},"hardware_info":"275c5aa2|06:A8:C0:D9:D5:E3"}}}
22:06:23.547 INFO  vert.x-eventloop-thread-0 BaseServiceProxy     : -> GET /v1/api/tickle,200|77ms
22:06:23.548 DEBUG vert.x-eventloop-thread-0 ClientPortalService  : tickle {"session":"35ed1fc9a6bea0ad9a6c8ab4fa8ca193","ssoExpires":480016,"collission":false,"userId":50301190,"hmds":{"error":"no bridge"},"iserver":{"authStatus":{"authenticated":true,"established":true,"competing":false,"connected":true,"message":"","MAC":"06:A8:C0:D9:D5:E3","serverInfo":{"serverName":"JifS14124","serverVersion":"Build 10.44.1h, Apr 20, 2026 11:22:51 AM"},"hardware_info":"275c5aa2|06:A8:C0:D9:D5:E3"}}}
22:06:38.806 INFO  vert.x-eventloop-thread-0 BaseServiceProxy     : -> GET /v1/api/tickle,200|107ms
22:06:53.540 INFO  vert.x-eventloop-thread-0 BaseServiceProxy     : -> GET /v1/api/tickle,200|69ms
22:06:53.542 DEBUG vert.x-eventloop-thread-0 ClientPortalService  : tickle {"session":"35ed1fc9a6bea0ad9a6c8ab4fa8ca193","ssoExpires":450016,"collission":false,"userId":50301190,"hmds":{"error":"no bridge"},"iserver":{"authStatus":{"authenticated":true,"established":true,"competing":false,"connected":true,"message":"","MAC":"06:A8:C0:D9:D5:E3","serverInfo":{"serverName":"JifS14124","serverVersion":"Build 10.44.1h, Apr 20, 2026 11:22:51 AM"},"hardware_info":"275c5aa2|06:A8:C0:D9:D5:E3"}}}
22:07:23.534 INFO  vert.x-eventloop-thread-0 BaseServiceProxy     : -> GET /v1/api/tickle,200|63ms
22:07:23.536 DEBUG vert.x-eventloop-thread-0 ClientPortalService  : tickle {"session":"35ed1fc9a6bea0ad9a6c8ab4fa8ca193","ssoExpires":420018,"collission":false,"userId":50301190,"hmds":{"error":"no bridge"},"iserver":{"authStatus":{"authenticated":true,"established":true,"competing":false,"connected":true,"message":"","MAC":"06:A8:C0:D9:D5:E3","serverInfo":{"serverName":"JifS14124","serverVersion":"Build 10.44.1h, Apr 20, 2026 11:22:51 AM"},"hardware_info":"275c5aa2|06:A8:C0:D9:D5:E3"}}}
22:07:53.536 INFO  vert.x-eventloop-thread-0 BaseServiceProxy     : -> GET /v1/api/tickle,200|62ms
22:07:53.537 DEBUG vert.x-eventloop-thread-0 ClientPortalService  : tickle {"session":"35ed1fc9a6bea0ad9a6c8ab4fa8ca193","ssoExpires":390008,"collission":false,"userId":50301190,"hmds":{"error":"no bridge"},"iserver":{"authStatus":{"authenticated":true,"established":true,"competing":false,"connected":true,"message":"","MAC":"06:A8:C0:D9:D5:E3","serverInfo":{"serverName":"JifS14124","serverVersion":"Build 10.44.1h, Apr 20, 2026 11:22:51 AM"},"hardware_info":"275c5aa2|06:A8:C0:D9:D5:E3"}}}
22:08:01.127 INFO  vert.x-eventloop-thread-0 BaseServiceProxy     : -> GET /v1/api/iserver/account/orders,200|56ms
22:08:01.213 INFO  vert.x-eventloop-thread-0 BaseServiceProxy     : -> GET /v1/api/iserver/account/orders,200|54ms
22:08:01.592 INFO  vert.x-eventloop-thread-0 BaseServiceProxy     : -> GET /v1/api/iserver/account/U5799398/order/875342712,200|325ms
22:08:01.682 INFO  vert.x-eventloop-thread-0 BaseServiceProxy     : -> GET /v1/api/iserver/reply/4cf4058a-ddea-41ea-8d89-7753cd01ad7f,200|87ms
22:08:01.741 INFO  vert.x-eventloop-thread-0 BaseServiceProxy     : -> GET /v1/api/iserver/account/orders,200|56ms
22:08:02.115 INFO  vert.x-eventloop-thread-0 BaseServiceProxy     : -> GET /v1/api/iserver/marketdata/history?conid=639336275&period=30d&bar=1d&outsideRth=false,200|340ms
22:08:02.174 INFO  vert.x-eventloop-thread-0 BaseServiceProxy     : -> GET /v1/api/iserver/marketdata/history?conid=639336275&period=30d&bar=1d&outsideRth=false,200|56ms
22:08:02.291 INFO  vert.x-eventloop-thread-0 BaseServiceProxy     : -> GET /v1/api/iserver/account/orders,200|56ms
22:08:18.433 INFO  vert.x-eventloop-thread-0 BaseServiceProxy     : -> GET /sso/ping,200|278ms
22:08:18.434 INFO  vert.x-eventloop-thread-0 SsoService           : sso ping {"result": "true"}
22:08:23.560 INFO  vert.x-eventloop-thread-0 BaseServiceProxy     : -> GET /v1/api/tickle,200|88ms
22:08:23.561 DEBUG vert.x-eventloop-thread-0 ClientPortalService  : tickle {"session":"35ed1fc9a6bea0ad9a6c8ab4fa8ca193","ssoExpires":359988,"collission":false,"userId":50301190,"hmds":{"error":"no bridge"},"iserver":{"authStatus":{"authenticated":true,"established":true,"competing":false,"connected":true,"message":"","MAC":"06:A8:C0:D9:D5:E3","serverInfo":{"serverName":"JifS14124","serverVersion":"Build 10.44.1h, Apr 20, 2026 11:22:51 AM"},"hardware_info":"275c5aa2|06:A8:C0:D9:D5:E3"}}}
22:08:53.559 INFO  vert.x-eventloop-thread-0 BaseServiceProxy     : -> GET /v1/api/tickle,200|89ms
22:08:53.560 DEBUG vert.x-eventloop-thread-0 ClientPortalService  : tickle {"session":"35ed1fc9a6bea0ad9a6c8ab4fa8ca193","ssoExpires":329988,"collission":false,"userId":50301190,"hmds":{"error":"no bridge"},"iserver":{"authStatus":{"authenticated":true,"established":true,"competing":false,"connected":true,"message":"","MAC":"06:A8:C0:D9:D5:E3","serverInfo":{"serverName":"JifS14124","serverVersion":"Build 10.44.1h, Apr 20, 2026 11:22:51 AM"},"hardware_info":"275c5aa2|06:A8:C0:D9:D5:E3"}}}
22:09:23.771 INFO  vert.x-eventloop-thread-0 BaseServiceProxy     : -> GET /v1/api/tickle,200|297ms
22:09:23.772 DEBUG vert.x-eventloop-thread-0 ClientPortalService  : tickle {"session":"35ed1fc9a6bea0ad9a6c8ab4fa8ca193","ssoExpires":299774,"collission":false,"userId":50301190,"hmds":{"error":"no bridge"},"iserver":{"authStatus":{"authenticated":true,"established":true,"competing":false,"connected":true,"message":"","MAC":"06:A8:C0:D9:D5:E3","serverInfo":{"serverName":"JifS14124","serverVersion":"Build 10.44.1h, Apr 20, 2026 11:22:51 AM"},"hardware_info":"275c5aa2|06:A8:C0:D9:D5:E3"}}}
22:09:38.981 INFO  vert.x-eventloop-thread-0 BaseServiceProxy     : -> GET /v1/api/tickle,200|51ms
22:09:41.145 INFO  vert.x-eventloop-thread-0 BaseServiceProxy     : -> GET /v1/api/iserver/account/orders,200|71ms
22:09:42.719 INFO  vert.x-eventloop-thread-0 BaseServiceProxy     : -> GET /v1/api/iserver/account/orders,200|82ms
22:09:53.529 INFO  vert.x-eventloop-thread-0 BaseServiceProxy     : -> GET /v1/api/tickle,200|59ms
22:09:53.531 DEBUG vert.x-eventloop-thread-0 ClientPortalService  : tickle {"session":"35ed1fc9a6bea0ad9a6c8ab4fa8ca193","ssoExpires":270017,"collission":false,"userId":50301190,"hmds":{"error":"no bridge"},"iserver":{"authStatus":{"authenticated":true,"established":true,"competing":false,"connected":true,"message":"","MAC":"06:A8:C0:D9:D5:E3","serverInfo":{"serverName":"JifS14124","serverVersion":"Build 10.44.1h, Apr 20, 2026 11:22:51 AM"},"hardware_info":"275c5aa2|06:A8:C0:D9:D5:E3"}}}
22:10:18.028 INFO  vert.x-eventloop-thread-0 BaseServiceProxy     : -> GET /v1/api/iserver/account/trades,200|58ms
22:10:23.526 INFO  vert.x-eventloop-thread-0 BaseServiceProxy     : -> GET /v1/api/tickle,200|55ms
22:10:23.527 DEBUG vert.x-eventloop-thread-0 ClientPortalService  : tickle {"session":"35ed1fc9a6bea0ad9a6c8ab4fa8ca193","ssoExpires":240020,"collission":false,"userId":50301190,"hmds":{"error":"no bridge"},"iserver":{"authStatus":{"authenticated":true,"established":true,"competing":false,"connected":true,"message":"","MAC":"06:A8:C0:D9:D5:E3","serverInfo":{"serverName":"JifS14124","serverVersion":"Build 10.44.1h, Apr 20, 2026 11:22:51 AM"},"hardware_info":"275c5aa2|06:A8:C0:D9:D5:E3"}}}
22:10:53.534 INFO  vert.x-eventloop-thread-0 BaseServiceProxy     : -> GET /v1/api/tickle,200|62ms
22:10:53.537 DEBUG vert.x-eventloop-thread-0 ClientPortalService  : tickle {"session":"35ed1fc9a6bea0ad9a6c8ab4fa8ca193","ssoExpires":210012,"collission":false,"userId":50301190,"hmds":{"error":"no bridge"},"iserver":{"authStatus":{"authenticated":true,"established":true,"competing":false,"connected":true,"message":"","MAC":"06:A8:C0:D9:D5:E3","serverInfo":{"serverName":"JifS14124","serverVersion":"Build 10.44.1h, Apr 20, 2026 11:22:51 AM"},"hardware_info":"275c5aa2|06:A8:C0:D9:D5:E3"}}}
22:11:03.512 INFO  vert.x-eventloop-thread-0 BaseServiceProxy     : -> GET /v1/api/portfolio/U5799398/summary,200|113ms
22:11:03.581 INFO  vert.x-eventloop-thread-0 BaseServiceProxy     : -> GET /v1/api/iserver/account/orders,200|64ms
22:11:03.626 INFO  vert.x-eventloop-thread-0 BaseServiceProxy     : -> GET /v1/api/portfolio/U5799398/positions/0?direction=a&period=1W&sort=position,200|98ms
22:11:08.414 INFO  vert.x-eventloop-thread-0 BaseServiceProxy     : -> GET /v1/api/iserver/secdef/search?symbol=AUPH&secType=STK,200|92ms
22:11:08.469 INFO  vert.x-eventloop-thread-0 BaseServiceProxy     : -> GET /v1/api/iserver/account/orders,200|53ms
22:11:08.607 INFO  vert.x-eventloop-thread-0 BaseServiceProxy     : -> GET /v1/api/portfolio/U5799398/summary,200|92ms
22:11:08.951 INFO  vert.x-eventloop-thread-0 BaseServiceProxy     : -> GET /v1/api/iserver/account/U5799398/orders,200|338ms
22:11:09.016 INFO  vert.x-eventloop-thread-0 BaseServiceProxy     : -> GET /v1/api/iserver/reply/ae99fb0c-a7e1-4c42-ae08-2af540ebcd8c,200|64ms
22:11:09.077 INFO  vert.x-eventloop-thread-0 BaseServiceProxy     : -> GET /v1/api/iserver/reply/9c592b5b-3205-4fe4-82cd-fbfa303d957d,200|60ms
22:11:09.135 INFO  vert.x-eventloop-thread-0 BaseServiceProxy     : -> GET /v1/api/iserver/reply/e230abbc-7fc4-4f8b-83fd-6c063d7a9085,200|57ms
22:11:09.201 INFO  vert.x-eventloop-thread-0 BaseServiceProxy     : -> GET /v1/api/iserver/reply/f9002088-0a44-4850-8179-7b5f615eecfd,200|63ms
22:11:09.272 INFO  vert.x-eventloop-thread-0 BaseServiceProxy     : -> GET /v1/api/iserver/reply/3e91bcc5-2f06-4cf8-8561-6af3f19526f6,200|68ms
22:11:09.330 INFO  vert.x-eventloop-thread-0 BaseServiceProxy     : -> GET /v1/api/iserver/account/orders,200|56ms
22:11:09.646 INFO  vert.x-eventloop-thread-0 BaseServiceProxy     : -> GET /v1/api/iserver/marketdata/history?conid=165642013&period=30d&bar=1d&outsideRth=false,200|292ms
22:11:09.702 INFO  vert.x-eventloop-thread-0 BaseServiceProxy     : -> GET /v1/api/iserver/marketdata/history?conid=165642013&period=30d&bar=1d&outsideRth=false,200|53ms
22:11:22.449 INFO  vert.x-eventloop-thread-0 BaseServiceProxy     : -> GET /v1/api/iserver/account/orders,200|54ms
22:11:22.580 INFO  vert.x-eventloop-thread-0 BaseServiceProxy     : -> GET /v1/api/iserver/marketdata/history?conid=165642013&period=30d&bar=1d&outsideRth=false,200|65ms
22:11:22.663 INFO  vert.x-eventloop-thread-0 BaseServiceProxy     : -> GET /v1/api/iserver/marketdata/history?conid=165642013&period=30d&bar=1d&outsideRth=false,200|80ms
22:11:22.786 INFO  vert.x-eventloop-thread-0 BaseServiceProxy     : -> GET /v1/api/iserver/account/orders,200|57ms
22:11:22.876 INFO  vert.x-eventloop-thread-0 BaseServiceProxy     : -> GET /v1/api/iserver/account/orders,200|83ms
22:11:23.543 INFO  vert.x-eventloop-thread-0 BaseServiceProxy     : -> GET /v1/api/tickle,200|73ms
22:11:23.543 DEBUG vert.x-eventloop-thread-0 ClientPortalService  : tickle {"session":"35ed1fc9a6bea0ad9a6c8ab4fa8ca193","ssoExpires":180003,"collission":false,"userId":50301190,"hmds":{"error":"no bridge"},"iserver":{"authStatus":{"authenticated":true,"established":true,"competing":false,"connected":true,"message":"","MAC":"06:A8:C0:D9:D5:E3","serverInfo":{"serverName":"JifS14124","serverVersion":"Build 10.44.1h, Apr 20, 2026 11:22:51 AM"},"hardware_info":"275c5aa2|06:A8:C0:D9:D5:E3"}}}
22:11:23.678 INFO  vert.x-eventloop-thread-0 BaseServiceProxy     : -> GET /v1/api/iserver/account/U5799398/order/1068046752,200|775ms
22:11:23.735 INFO  vert.x-eventloop-thread-0 BaseServiceProxy     : -> GET /v1/api/iserver/account/orders,200|54ms
22:11:23.816 INFO  vert.x-eventloop-thread-0 BaseServiceProxy     : -> GET /v1/api/iserver/marketdata/history?conid=165642013&period=30d&bar=1d&outsideRth=false,200|62ms
22:11:23.878 INFO  vert.x-eventloop-thread-0 BaseServiceProxy     : -> GET /v1/api/iserver/marketdata/history?conid=165642013&period=30d&bar=1d&outsideRth=false,200|59ms
22:11:23.991 INFO  vert.x-eventloop-thread-0 BaseServiceProxy     : -> GET /v1/api/iserver/account/orders,200|55ms
22:11:53.531 INFO  vert.x-eventloop-thread-0 BaseServiceProxy     : -> GET /v1/api/tickle,200|60ms
22:11:53.533 DEBUG vert.x-eventloop-thread-0 ClientPortalService  : tickle {"session":"35ed1fc9a6bea0ad9a6c8ab4fa8ca193","ssoExpires":150021,"collission":false,"userId":50301190,"hmds":{"error":"no bridge"},"iserver":{"authStatus":{"authenticated":true,"established":true,"competing":false,"connected":true,"message":"","MAC":"06:A8:C0:D9:D5:E3","serverInfo":{"serverName":"JifS14124","serverVersion":"Build 10.44.1h, Apr 20, 2026 11:22:51 AM"},"hardware_info":"275c5aa2|06:A8:C0:D9:D5:E3"}}}
22:12:23.583 INFO  vert.x-eventloop-thread-0 BaseServiceProxy     : -> GET /v1/api/tickle,200|113ms
22:12:23.585 DEBUG vert.x-eventloop-thread-0 ClientPortalService  : tickle {"session":"35ed1fc9a6bea0ad9a6c8ab4fa8ca193","ssoExpires":119977,"collission":false,"userId":50301190,"hmds":{"error":"no bridge"},"iserver":{"authStatus":{"authenticated":true,"established":true,"competing":false,"connected":true,"message":"","MAC":"06:A8:C0:D9:D5:E3","serverInfo":{"serverName":"JifS14124","serverVersion":"Build 10.44.1h, Apr 20, 2026 11:22:51 AM"},"hardware_info":"275c5aa2|06:A8:C0:D9:D5:E3"}}}
22:12:39.148 INFO  vert.x-eventloop-thread-0 BaseServiceProxy     : -> GET /v1/api/tickle,200|69ms
22:12:53.552 INFO  vert.x-eventloop-thread-0 BaseServiceProxy     : -> GET /v1/api/tickle,200|81ms
22:12:53.553 DEBUG vert.x-eventloop-thread-0 ClientPortalService  : tickle {"session":"35ed1fc9a6bea0ad9a6c8ab4fa8ca193","ssoExpires":90016,"collission":false,"userId":50301190,"hmds":{"error":"no bridge"},"iserver":{"authStatus":{"authenticated":true,"established":true,"competing":false,"connected":true,"message":"","MAC":"06:A8:C0:D9:D5:E3","serverInfo":{"serverName":"JifS14124","serverVersion":"Build 10.44.1h, Apr 20, 2026 11:22:51 AM"},"hardware_info":"275c5aa2|06:A8:C0:D9:D5:E3"}}}
22:13:18.687 INFO  vert.x-eventloop-thread-0 BaseServiceProxy     : -> GET /sso/ping,200|532ms
22:13:18.690 INFO  vert.x-eventloop-thread-0 SsoService           : sso ping {"result": "true"}
22:13:23.555 INFO  vert.x-eventloop-thread-0 BaseServiceProxy     : -> GET /v1/api/tickle,200|85ms
22:13:23.556 DEBUG vert.x-eventloop-thread-0 ClientPortalService  : tickle {"session":"35ed1fc9a6bea0ad9a6c8ab4fa8ca193","ssoExpires":59994,"collission":false,"userId":50301190,"hmds":{"error":"no bridge"},"iserver":{"authStatus":{"authenticated":true,"established":true,"competing":false,"connected":true,"message":"","MAC":"06:A8:C0:D9:D5:E3","serverInfo":{"serverName":"JifS14124","serverVersion":"Build 10.44.1h, Apr 20, 2026 11:22:51 AM"},"hardware_info":"275c5aa2|06:A8:C0:D9:D5:E3"}}}
22:13:44.435 INFO  vert.x-eventloop-thread-0 BaseServiceProxy     : -> GET /v1/api/iserver/secdef/search?symbol=SION&secType=STK,200|68ms
22:13:44.510 INFO  vert.x-eventloop-thread-0 BaseServiceProxy     : -> GET /v1/api/iserver/account/U5799398/alert,403|68ms
22:13:53.524 INFO  vert.x-eventloop-thread-0 BaseServiceProxy     : -> GET /v1/api/tickle,200|54ms
22:13:53.524 DEBUG vert.x-eventloop-thread-0 ClientPortalService  : tickle {"session":"35ed1fc9a6bea0ad9a6c8ab4fa8ca193","ssoExpires":30021,"collission":false,"userId":50301190,"hmds":{"error":"no bridge"},"iserver":{"authStatus":{"authenticated":true,"established":true,"competing":false,"connected":true,"message":"","MAC":"06:A8:C0:D9:D5:E3","serverInfo":{"serverName":"JifS14124","serverVersion":"Build 10.44.1h, Apr 20, 2026 11:22:51 AM"},"hardware_info":"275c5aa2|06:A8:C0:D9:D5:E3"}}}
22:14:23.529 INFO  vert.x-eventloop-thread-0 BaseServiceProxy     : -> GET /v1/api/tickle,200|59ms
22:14:23.530 DEBUG vert.x-eventloop-thread-0 ClientPortalService  : tickle {"session":"35ed1fc9a6bea0ad9a6c8ab4fa8ca193","ssoExpires":15,"collission":false,"userId":50301190,"hmds":{"error":"no bridge"},"iserver":{"authStatus":{"authenticated":true,"established":true,"competing":false,"connected":true,"message":"","MAC":"06:A8:C0:D9:D5:E3","serverInfo":{"serverName":"JifS14124","serverVersion":"Build 10.44.1h, Apr 20, 2026 11:22:51 AM"},"hardware_info":"275c5aa2|06:A8:C0:D9:D5:E3"}}}
22:14:53.530 INFO  vert.x-eventloop-thread-0 BaseServiceProxy     : -> GET /v1/api/tickle,200|60ms
22:14:53.531 DEBUG vert.x-eventloop-thread-0 ClientPortalService  : tickle {"session":"35ed1fc9a6bea0ad9a6c8ab4fa8ca193","ssoExpires":600000,"collission":false,"userId":50301190,"hmds":{"error":"no bridge"},"iserver":{"authStatus":{"authenticated":true,"established":true,"competing":false,"connected":true,"message":"","MAC":"06:A8:C0:D9:D5:E3","serverInfo":{"serverName":"JifS14124","serverVersion":"Build 10.44.1h, Apr 20, 2026 11:22:51 AM"},"hardware_info":"275c5aa2|06:A8:C0:D9:D5:E3"}}}
22:15:23.549 INFO  vert.x-eventloop-thread-0 BaseServiceProxy     : -> GET /v1/api/tickle,200|79ms
22:15:23.551 DEBUG vert.x-eventloop-thread-0 ClientPortalService  : tickle {"session":"35ed1fc9a6bea0ad9a6c8ab4fa8ca193","ssoExpires":569984,"collission":false,"userId":50301190,"hmds":{"error":"no bridge"},"iserver":{"authStatus":{"authenticated":true,"established":true,"competing":false,"connected":true,"message":"","MAC":"06:A8:C0:D9:D5:E3","serverInfo":{"serverName":"JifS14124","serverVersion":"Build 10.44.1h, Apr 20, 2026 11:22:51 AM"},"hardware_info":"275c5aa2|06:A8:C0:D9:D5:E3"}}}
22:15:39.380 INFO  vert.x-eventloop-thread-0 BaseServiceProxy     : -> GET /v1/api/tickle,200|98ms
22:15:53.534 INFO  vert.x-eventloop-thread-0 BaseServiceProxy     : -> GET /v1/api/tickle,200|63ms
22:15:53.536 DEBUG vert.x-eventloop-thread-0 ClientPortalService  : tickle {"session":"35ed1fc9a6bea0ad9a6c8ab4fa8ca193","ssoExpires":539996,"collission":false,"userId":50301190,"hmds":{"error":"no bridge"},"iserver":{"authStatus":{"authenticated":true,"established":true,"competing":false,"connected":true,"message":"","MAC":"06:A8:C0:D9:D5:E3","serverInfo":{"serverName":"JifS14124","serverVersion":"Build 10.44.1h, Apr 20, 2026 11:22:51 AM"},"hardware_info":"275c5aa2|06:A8:C0:D9:D5:E3"}}}
22:16:23.551 INFO  vert.x-eventloop-thread-0 BaseServiceProxy     : -> GET /v1/api/tickle,200|82ms
22:16:23.552 DEBUG vert.x-eventloop-thread-0 ClientPortalService  : tickle {"session":"35ed1fc9a6bea0ad9a6c8ab4fa8ca193","ssoExpires":510007,"collission":false,"userId":50301190,"hmds":{"error":"no bridge"},"iserver":{"authStatus":{"authenticated":true,"established":true,"competing":false,"connected":true,"message":"","MAC":"06:A8:C0:D9:D5:E3","serverInfo":{"serverName":"JifS14124","serverVersion":"Build 10.44.1h, Apr 20, 2026 11:22:51 AM"},"hardware_info":"275c5aa2|06:A8:C0:D9:D5:E3"}}}
22:16:53.548 INFO  vert.x-eventloop-thread-0 BaseServiceProxy     : -> GET /v1/api/tickle,200|77ms
22:16:53.551 DEBUG vert.x-eventloop-thread-0 ClientPortalService  : tickle {"session":"35ed1fc9a6bea0ad9a6c8ab4fa8ca193","ssoExpires":479996,"collission":false,"userId":50301190,"hmds":{"error":"no bridge"},"iserver":{"authStatus":{"authenticated":true,"established":true,"competing":false,"connected":true,"message":"","MAC":"06:A8:C0:D9:D5:E3","serverInfo":{"serverName":"JifS14124","serverVersion":"Build 10.44.1h, Apr 20, 2026 11:22:51 AM"},"hardware_info":"275c5aa2|06:A8:C0:D9:D5:E3"}}}
22:17:23.556 INFO  vert.x-eventloop-thread-0 BaseServiceProxy     : -> GET /v1/api/tickle,200|86ms
22:17:23.558 DEBUG vert.x-eventloop-thread-0 ClientPortalService  : tickle {"session":"35ed1fc9a6bea0ad9a6c8ab4fa8ca193","ssoExpires":449998,"collission":false,"userId":50301190,"hmds":{"error":"no bridge"},"iserver":{"authStatus":{"authenticated":true,"established":true,"competing":false,"connected":true,"message":"","MAC":"06:A8:C0:D9:D5:E3","serverInfo":{"serverName":"JifS14124","serverVersion":"Build 10.44.1h, Apr 20, 2026 11:22:51 AM"},"hardware_info":"275c5aa2|06:A8:C0:D9:D5:E3"}}}
22:17:53.531 INFO  vert.x-eventloop-thread-0 BaseServiceProxy     : -> GET /v1/api/tickle,200|61ms
22:17:53.533 DEBUG vert.x-eventloop-thread-0 ClientPortalService  : tickle {"session":"35ed1fc9a6bea0ad9a6c8ab4fa8ca193","ssoExpires":420000,"collission":false,"userId":50301190,"hmds":{"error":"no bridge"},"iserver":{"authStatus":{"authenticated":true,"established":true,"competing":false,"connected":true,"message":"","MAC":"06:A8:C0:D9:D5:E3","serverInfo":{"serverName":"JifS14124","serverVersion":"Build 10.44.1h, Apr 20, 2026 11:22:51 AM"},"hardware_info":"275c5aa2|06:A8:C0:D9:D5:E3"}}}
22:18:18.600 INFO  vert.x-eventloop-thread-0 BaseServiceProxy     : -> GET /sso/ping,200|445ms
22:18:18.602 INFO  vert.x-eventloop-thread-0 SsoService           : sso ping {"result": "true"}
22:18:23.525 INFO  vert.x-eventloop-thread-0 BaseServiceProxy     : -> GET /v1/api/tickle,200|56ms
22:18:23.526 DEBUG vert.x-eventloop-thread-0 ClientPortalService  : tickle {"session":"35ed1fc9a6bea0ad9a6c8ab4fa8ca193","ssoExpires":390004,"collission":false,"userId":50301190,"hmds":{"error":"no bridge"},"iserver":{"authStatus":{"authenticated":true,"established":true,"competing":false,"connected":true,"message":"","MAC":"06:A8:C0:D9:D5:E3","serverInfo":{"serverName":"JifS14124","serverVersion":"Build 10.44.1h, Apr 20, 2026 11:22:51 AM"},"hardware_info":"275c5aa2|06:A8:C0:D9:D5:E3"}}}
22:18:53.552 INFO  vert.x-eventloop-thread-0 BaseServiceProxy     : -> GET /v1/api/tickle,200|83ms
22:18:53.553 DEBUG vert.x-eventloop-thread-0 ClientPortalService  : tickle {"session":"35ed1fc9a6bea0ad9a6c8ab4fa8ca193","ssoExpires":359988,"collission":false,"userId":50301190,"hmds":{"error":"no bridge"},"iserver":{"authStatus":{"authenticated":true,"established":true,"competing":false,"connected":true,"message":"","MAC":"06:A8:C0:D9:D5:E3","serverInfo":{"serverName":"JifS14124","serverVersion":"Build 10.44.1h, Apr 20, 2026 11:22:51 AM"},"hardware_info":"275c5aa2|06:A8:C0:D9:D5:E3"}}}
22:19:23.534 INFO  vert.x-eventloop-thread-0 BaseServiceProxy     : -> GET /v1/api/tickle,200|65ms
22:19:23.535 DEBUG vert.x-eventloop-thread-0 ClientPortalService  : tickle {"session":"35ed1fc9a6bea0ad9a6c8ab4fa8ca193","ssoExpires":329998,"collission":false,"userId":50301190,"hmds":{"error":"no bridge"},"iserver":{"authStatus":{"authenticated":true,"established":true,"competing":false,"connected":true,"message":"","MAC":"06:A8:C0:D9:D5:E3","serverInfo":{"serverName":"JifS14124","serverVersion":"Build 10.44.1h, Apr 20, 2026 11:22:51 AM"},"hardware_info":"275c5aa2|06:A8:C0:D9:D5:E3"}}}
22:19:53.522 INFO  vert.x-eventloop-thread-0 BaseServiceProxy     : -> GET /v1/api/tickle,200|52ms
22:19:53.525 DEBUG vert.x-eventloop-thread-0 ClientPortalService  : tickle {"session":"35ed1fc9a6bea0ad9a6c8ab4fa8ca193","ssoExpires":300007,"collission":false,"userId":50301190,"hmds":{"error":"no bridge"},"iserver":{"authStatus":{"authenticated":true,"established":true,"competing":false,"connected":true,"message":"","MAC":"06:A8:C0:D9:D5:E3","serverInfo":{"serverName":"JifS14124","serverVersion":"Build 10.44.1h, Apr 20, 2026 11:22:51 AM"},"hardware_info":"275c5aa2|06:A8:C0:D9:D5:E3"}}}
22:20:23.535 INFO  vert.x-eventloop-thread-0 BaseServiceProxy     : -> GET /v1/api/tickle,200|64ms
22:20:23.537 DEBUG vert.x-eventloop-thread-0 ClientPortalService  : tickle {"session":"35ed1fc9a6bea0ad9a6c8ab4fa8ca193","ssoExpires":270001,"collission":false,"userId":50301190,"hmds":{"error":"no bridge"},"iserver":{"authStatus":{"authenticated":true,"established":true,"competing":false,"connected":true,"message":"","MAC":"06:A8:C0:D9:D5:E3","serverInfo":{"serverName":"JifS14124","serverVersion":"Build 10.44.1h, Apr 20, 2026 11:22:51 AM"},"hardware_info":"275c5aa2|06:A8:C0:D9:D5:E3"}}}
22:20:53.529 INFO  vert.x-eventloop-thread-0 BaseServiceProxy     : -> GET /v1/api/tickle,200|59ms
22:20:53.530 DEBUG vert.x-eventloop-thread-0 ClientPortalService  : tickle {"session":"35ed1fc9a6bea0ad9a6c8ab4fa8ca193","ssoExpires":240004,"collission":false,"userId":50301190,"hmds":{"error":"no bridge"},"iserver":{"authStatus":{"authenticated":true,"established":true,"competing":false,"connected":true,"message":"","MAC":"06:A8:C0:D9:D5:E3","serverInfo":{"serverName":"JifS14124","serverVersion":"Build 10.44.1h, Apr 20, 2026 11:22:51 AM"},"hardware_info":"275c5aa2|06:A8:C0:D9:D5:E3"}}}
22:21:23.533 INFO  vert.x-eventloop-thread-0 BaseServiceProxy     : -> GET /v1/api/tickle,200|62ms
22:21:23.535 DEBUG vert.x-eventloop-thread-0 ClientPortalService  : tickle {"session":"35ed1fc9a6bea0ad9a6c8ab4fa8ca193","ssoExpires":209999,"collission":false,"userId":50301190,"hmds":{"error":"no bridge"},"iserver":{"authStatus":{"authenticated":true,"established":true,"competing":false,"connected":true,"message":"","MAC":"06:A8:C0:D9:D5:E3","serverInfo":{"serverName":"JifS14124","serverVersion":"Build 10.44.1h, Apr 20, 2026 11:22:51 AM"},"hardware_info":"275c5aa2|06:A8:C0:D9:D5:E3"}}}
22:21:53.942 INFO  vert.x-eventloop-thread-0 BaseServiceProxy     : -> GET /v1/api/tickle,200|473ms
22:21:53.943 DEBUG vert.x-eventloop-thread-0 ClientPortalService  : tickle {"session":"35ed1fc9a6bea0ad9a6c8ab4fa8ca193","ssoExpires":179589,"collission":false,"userId":50301190,"hmds":{"error":"no bridge"},"iserver":{"authStatus":{"authenticated":true,"established":true,"competing":false,"connected":true,"message":"","MAC":"06:A8:C0:D9:D5:E3","serverInfo":{"serverName":"JifS14124","serverVersion":"Build 10.44.1h, Apr 20, 2026 11:22:51 AM"},"hardware_info":"275c5aa2|06:A8:C0:D9:D5:E3"}}}
22:22:23.532 INFO  vert.x-eventloop-thread-0 BaseServiceProxy     : -> GET /v1/api/tickle,200|62ms
22:22:23.534 DEBUG vert.x-eventloop-thread-0 ClientPortalService  : tickle {"session":"35ed1fc9a6bea0ad9a6c8ab4fa8ca193","ssoExpires":150000,"collission":false,"userId":50301190,"hmds":{"error":"no bridge"},"iserver":{"authStatus":{"authenticated":true,"established":true,"competing":false,"connected":true,"message":"","MAC":"06:A8:C0:D9:D5:E3","serverInfo":{"serverName":"JifS14124","serverVersion":"Build 10.44.1h, Apr 20, 2026 11:22:51 AM"},"hardware_info":"275c5aa2|06:A8:C0:D9:D5:E3"}}}
22:22:53.532 INFO  vert.x-eventloop-thread-0 BaseServiceProxy     : -> GET /v1/api/tickle,200|61ms
22:22:53.534 DEBUG vert.x-eventloop-thread-0 ClientPortalService  : tickle {"session":"35ed1fc9a6bea0ad9a6c8ab4fa8ca193","ssoExpires":119998,"collission":false,"userId":50301190,"hmds":{"error":"no bridge"},"iserver":{"authStatus":{"authenticated":true,"established":true,"competing":false,"connected":true,"message":"","MAC":"06:A8:C0:D9:D5:E3","serverInfo":{"serverName":"JifS14124","serverVersion":"Build 10.44.1h, Apr 20, 2026 11:22:51 AM"},"hardware_info":"275c5aa2|06:A8:C0:D9:D5:E3"}}}
22:23:18.454 INFO  vert.x-eventloop-thread-0 BaseServiceProxy     : -> GET /sso/ping,200|301ms
22:23:18.456 INFO  vert.x-eventloop-thread-0 SsoService           : sso ping {"result": "true"}
22:23:23.547 INFO  vert.x-eventloop-thread-0 BaseServiceProxy     : -> GET /v1/api/tickle,200|78ms
22:23:23.547 DEBUG vert.x-eventloop-thread-0 ClientPortalService  : tickle {"session":"35ed1fc9a6bea0ad9a6c8ab4fa8ca193","ssoExpires":89991,"collission":false,"userId":50301190,"hmds":{"error":"no bridge"},"iserver":{"authStatus":{"authenticated":true,"established":true,"competing":false,"connected":true,"message":"","MAC":"06:A8:C0:D9:D5:E3","serverInfo":{"serverName":"JifS14124","serverVersion":"Build 10.44.1h, Apr 20, 2026 11:22:51 AM"},"hardware_info":"275c5aa2|06:A8:C0:D9:D5:E3"}}}
22:23:53.765 INFO  vert.x-eventloop-thread-0 BaseServiceProxy     : -> GET /v1/api/tickle,200|295ms
22:23:53.767 DEBUG vert.x-eventloop-thread-0 ClientPortalService  : tickle {"session":"35ed1fc9a6bea0ad9a6c8ab4fa8ca193","ssoExpires":59766,"collission":false,"userId":50301190,"hmds":{"error":"no bridge"},"iserver":{"authStatus":{"authenticated":true,"established":true,"competing":false,"connected":true,"message":"","MAC":"06:A8:C0:D9:D5:E3","serverInfo":{"serverName":"JifS14124","serverVersion":"Build 10.44.1h, Apr 20, 2026 11:22:51 AM"},"hardware_info":"275c5aa2|06:A8:C0:D9:D5:E3"}}}
22:24:23.552 INFO  vert.x-eventloop-thread-0 BaseServiceProxy     : -> GET /v1/api/tickle,200|81ms
22:24:23.553 DEBUG vert.x-eventloop-thread-0 ClientPortalService  : tickle {"session":"35ed1fc9a6bea0ad9a6c8ab4fa8ca193","ssoExpires":30000,"collission":false,"userId":50301190,"hmds":{"error":"no bridge"},"iserver":{"authStatus":{"authenticated":true,"established":true,"competing":false,"connected":true,"message":"","MAC":"06:A8:C0:D9:D5:E3","serverInfo":{"serverName":"JifS14124","serverVersion":"Build 10.44.1h, Apr 20, 2026 11:22:51 AM"},"hardware_info":"275c5aa2|06:A8:C0:D9:D5:E3"}}}
22:24:53.723 INFO  vert.x-eventloop-thread-0 BaseServiceProxy     : -> GET /v1/api/tickle,200|254ms
22:24:53.725 DEBUG vert.x-eventloop-thread-0 ClientPortalService  : tickle {"session":"35ed1fc9a6bea0ad9a6c8ab4fa8ca193","ssoExpires":600000,"collission":false,"userId":50301190,"hmds":{"error":"no bridge"},"iserver":{"authStatus":{"authenticated":true,"established":true,"competing":false,"connected":true,"message":"","MAC":"06:A8:C0:D9:D5:E3","serverInfo":{"serverName":"JifS14124","serverVersion":"Build 10.44.1h, Apr 20, 2026 11:22:51 AM"},"hardware_info":"275c5aa2|06:A8:C0:D9:D5:E3"}}}
22:25:23.540 INFO  vert.x-eventloop-thread-0 BaseServiceProxy     : -> GET /v1/api/tickle,200|66ms
22:25:23.546 DEBUG vert.x-eventloop-thread-0 ClientPortalService  : tickle {"session":"35ed1fc9a6bea0ad9a6c8ab4fa8ca193","ssoExpires":570190,"collission":false,"userId":50301190,"hmds":{"error":"no bridge"},"iserver":{"authStatus":{"authenticated":true,"established":true,"competing":false,"connected":true,"message":"","MAC":"06:A8:C0:D9:D5:E3","serverInfo":{"serverName":"JifS14124","serverVersion":"Build 10.44.1h, Apr 20, 2026 11:22:51 AM"},"hardware_info":"275c5aa2|06:A8:C0:D9:D5:E3"}}}
22:25:53.536 INFO  vert.x-eventloop-thread-0 BaseServiceProxy     : -> GET /v1/api/tickle,200|66ms
22:25:53.537 DEBUG vert.x-eventloop-thread-0 ClientPortalService  : tickle {"session":"35ed1fc9a6bea0ad9a6c8ab4fa8ca193","ssoExpires":540190,"collission":false,"userId":50301190,"hmds":{"error":"no bridge"},"iserver":{"authStatus":{"authenticated":true,"established":true,"competing":false,"connected":true,"message":"","MAC":"06:A8:C0:D9:D5:E3","serverInfo":{"serverName":"JifS14124","serverVersion":"Build 10.44.1h, Apr 20, 2026 11:22:51 AM"},"hardware_info":"275c5aa2|06:A8:C0:D9:D5:E3"}}}
22:26:23.532 INFO  vert.x-eventloop-thread-0 BaseServiceProxy     : -> GET /v1/api/tickle,200|63ms
22:26:23.535 DEBUG vert.x-eventloop-thread-0 ClientPortalService  : tickle {"session":"35ed1fc9a6bea0ad9a6c8ab4fa8ca193","ssoExpires":510189,"collission":false,"userId":50301190,"hmds":{"error":"no bridge"},"iserver":{"authStatus":{"authenticated":true,"established":true,"competing":false,"connected":true,"message":"","MAC":"06:A8:C0:D9:D5:E3","serverInfo":{"serverName":"JifS14124","serverVersion":"Build 10.44.1h, Apr 20, 2026 11:22:51 AM"},"hardware_info":"275c5aa2|06:A8:C0:D9:D5:E3"}}}
22:26:53.614 INFO  vert.x-eventloop-thread-0 BaseServiceProxy     : -> GET /v1/api/tickle,200|110ms
22:26:53.615 DEBUG vert.x-eventloop-thread-0 ClientPortalService  : tickle {"session":"35ed1fc9a6bea0ad9a6c8ab4fa8ca193","ssoExpires":480112,"collission":false,"userId":50301190,"hmds":{"error":"no bridge"},"iserver":{"authStatus":{"authenticated":true,"established":true,"competing":false,"connected":true,"message":"","MAC":"06:A8:C0:D9:D5:E3","serverInfo":{"serverName":"JifS14124","serverVersion":"Build 10.44.1h, Apr 20, 2026 11:22:51 AM"},"hardware_info":"275c5aa2|06:A8:C0:D9:D5:E3"}}}
22:27:23.532 INFO  vert.x-eventloop-thread-0 BaseServiceProxy     : -> GET /v1/api/tickle,200|62ms
22:27:23.535 DEBUG vert.x-eventloop-thread-0 ClientPortalService  : tickle {"session":"35ed1fc9a6bea0ad9a6c8ab4fa8ca193","ssoExpires":450193,"collission":false,"userId":50301190,"hmds":{"error":"no bridge"},"iserver":{"authStatus":{"authenticated":true,"established":true,"competing":false,"connected":true,"message":"","MAC":"06:A8:C0:D9:D5:E3","serverInfo":{"serverName":"JifS14124","serverVersion":"Build 10.44.1h, Apr 20, 2026 11:22:51 AM"},"hardware_info":"275c5aa2|06:A8:C0:D9:D5:E3"}}}
22:27:53.547 INFO  vert.x-eventloop-thread-0 BaseServiceProxy     : -> GET /v1/api/tickle,200|77ms
22:27:53.549 DEBUG vert.x-eventloop-thread-0 ClientPortalService  : tickle {"session":"35ed1fc9a6bea0ad9a6c8ab4fa8ca193","ssoExpires":420175,"collission":false,"userId":50301190,"hmds":{"error":"no bridge"},"iserver":{"authStatus":{"authenticated":true,"established":true,"competing":false,"connected":true,"message":"","MAC":"06:A8:C0:D9:D5:E3","serverInfo":{"serverName":"JifS14124","serverVersion":"Build 10.44.1h, Apr 20, 2026 11:22:51 AM"},"hardware_info":"275c5aa2|06:A8:C0:D9:D5:E3"}}}
22:28:18.439 INFO  vert.x-eventloop-thread-0 BaseServiceProxy     : -> GET /sso/ping,200|285ms
22:28:18.441 INFO  vert.x-eventloop-thread-0 SsoService           : sso ping {"result": "true"}
22:28:23.534 INFO  vert.x-eventloop-thread-0 BaseServiceProxy     : -> GET /v1/api/tickle,200|65ms
22:28:23.534 DEBUG vert.x-eventloop-thread-0 ClientPortalService  : tickle {"session":"35ed1fc9a6bea0ad9a6c8ab4fa8ca193","ssoExpires":390191,"collission":false,"userId":50301190,"hmds":{"error":"no bridge"},"iserver":{"authStatus":{"authenticated":true,"established":true,"competing":false,"connected":true,"message":"","MAC":"06:A8:C0:D9:D5:E3","serverInfo":{"serverName":"JifS14124","serverVersion":"Build 10.44.1h, Apr 20, 2026 11:22:51 AM"},"hardware_info":"275c5aa2|06:A8:C0:D9:D5:E3"}}}
22:28:43.165 INFO  vert.x-eventloop-thread-0 BaseServiceProxy     : -> GET /v1/api/logout,200|159ms
23:45:21.718 INFO  main GatewayStart         : config ../root/conf.yaml !!ibgroup.web.core.clientportal.gw.Config
authDelay: 3000
ccp: false
cors: {origin.allowed: '*', allowCredentials: false}
ip2loc: US
ips:
  allow: [192.*, 131.216.*, 127.0.0.1]
  deny: [212.90.324.10]
listenPort: 8080
listenSsl: true
portalBaseURL: ''
proxyRemoteHost: https://api.ibkr.com
proxyRemoteSsl: true
sslCert: vertx.jks
sslPwd: mywebapi
ssoPing: 5
svcEnvironment: v1
tst: false
twsBaseURL: /tws.proxy
webApps:
- {cache: true, index: index.html, listing: false, name: demo, proxy: ''}

23:45:21.840 INFO  vert.x-eventloop-thread-0 GatewayHttpProxy     :  -> mount demo on /demo
23:45:21.851 INFO  vert.x-eventloop-thread-0 GatewayVerticle      : version: a27ed42161ad96c53e715ca5c5e3e3fa4cff5262 Mon, 24 Apr 2023 15:41:53 -0400
23:45:21.851 INFO  vert.x-eventloop-thread-0 GatewayVerticle      : Java Version: 17.0.10
23:45:22.393 WARN  vert.x-eventloop-thread-0 DefaultChannelPipeline : An exceptionCaught() event was fired, and it reached at the tail of the pipeline. It usually means the last handler in the pipeline did not handle the exception.
io.netty.handler.codec.DecoderException: javax.net.ssl.SSLHandshakeException: Received fatal alert: certificate_unknown
	at io.netty.handler.codec.ByteToMessageDecoder.callDecode(ByteToMessageDecoder.java:459)
	at io.netty.handler.codec.ByteToMessageDecoder.channelRead(ByteToMessageDecoder.java:265)
	at io.netty.channel.AbstractChannelHandlerContext.invokeChannelRead(AbstractChannelHandlerContext.java:362)
	at io.netty.channel.AbstractChannelHandlerContext.invokeChannelRead(AbstractChannelHandlerContext.java:348)
	at io.netty.channel.AbstractChannelHandlerContext.fireChannelRead(AbstractChannelHandlerContext.java:340)
	at io.netty.channel.DefaultChannelPipeline$HeadContext.channelRead(DefaultChannelPipeline.java:1359)
	at io.netty.channel.AbstractChannelHandlerContext.invokeChannelRead(AbstractChannelHandlerContext.java:362)
	at io.netty.channel.AbstractChannelHandlerContext.invokeChannelRead(AbstractChannelHandlerContext.java:348)
	at io.netty.channel.DefaultChannelPipeline.fireChannelRead(DefaultChannelPipeline.java:935)
	at io.netty.channel.nio.AbstractNioByteChannel$NioByteUnsafe.read(AbstractNioByteChannel.java:134)
	at io.netty.channel.nio.NioEventLoop.processSelectedKey(NioEventLoop.java:645)
	at io.netty.channel.nio.NioEventLoop.processSelectedKeysPlain(NioEventLoop.java:545)
	at io.netty.channel.nio.NioEventLoop.processSelectedKeys(NioEventLoop.java:499)
	at io.netty.channel.nio.NioEventLoop.run(NioEventLoop.java:459)
	at io.netty.util.concurrent.SingleThreadEventExecutor$5.run(SingleThreadEventExecutor.java:858)
	at java.base/java.lang.Thread.run(Thread.java:842)
Caused by: javax.net.ssl.SSLHandshakeException: Received fatal alert: certificate_unknown
	at java.base/sun.security.ssl.Alert.createSSLException(Alert.java:131)
	at java.base/sun.security.ssl.Alert.createSSLException(Alert.java:117)
	at java.base/sun.security.ssl.TransportContext.fatal(TransportContext.java:365)
	at java.base/sun.security.ssl.Alert$AlertConsumer.consume(Alert.java:293)
	at java.base/sun.security.ssl.TransportContext.dispatch(TransportContext.java:204)
	at java.base/sun.security.ssl.SSLTransport.decode(SSLTransport.java:172)
	at java.base/sun.security.ssl.SSLEngineImpl.decode(SSLEngineImpl.java:736)
	at java.base/sun.security.ssl.SSLEngineImpl.readRecord(SSLEngineImpl.java:691)
	at java.base/sun.security.ssl.SSLEngineImpl.unwrap(SSLEngineImpl.java:506)
	at java.base/sun.security.ssl.SSLEngineImpl.unwrap(SSLEngineImpl.java:482)
	at java.base/javax.net.ssl.SSLEngine.unwrap(SSLEngine.java:679)
	at io.netty.handler.ssl.SslHandler$SslEngineType$3.unwrap(SslHandler.java:281)
	at io.netty.handler.ssl.SslHandler.unwrap(SslHandler.java:1215)
	at io.netty.handler.ssl.SslHandler.decodeJdkCompatible(SslHandler.java:1127)
	at io.netty.handler.ssl.SslHandler.decode(SslHandler.java:1162)
	at io.netty.handler.codec.ByteToMessageDecoder.decodeRemovalReentryProtection(ByteToMessageDecoder.java:489)
	at io.netty.handler.codec.ByteToMessageDecoder.callDecode(ByteToMessageDecoder.java:428)
	... 15 common frames omitted
23:45:22.395 WARN  vert.x-eventloop-thread-0 DefaultChannelPipeline : An exceptionCaught() event was fired, and it reached at the tail of the pipeline. It usually means the last handler in the pipeline did not handle the exception.
io.netty.handler.codec.DecoderException: javax.net.ssl.SSLHandshakeException: Received fatal alert: certificate_unknown
	at io.netty.handler.codec.ByteToMessageDecoder.callDecode(ByteToMessageDecoder.java:459)
	at io.netty.handler.codec.ByteToMessageDecoder.channelRead(ByteToMessageDecoder.java:265)
	at io.netty.channel.AbstractChannelHandlerContext.invokeChannelRead(AbstractChannelHandlerContext.java:362)
	at io.netty.channel.AbstractChannelHandlerContext.invokeChannelRead(AbstractChannelHandlerContext.java:348)
	at io.netty.channel.AbstractChannelHandlerContext.fireChannelRead(AbstractChannelHandlerContext.java:340)
	at io.netty.channel.DefaultChannelPipeline$HeadContext.channelRead(DefaultChannelPipeline.java:1359)
	at io.netty.channel.AbstractChannelHandlerContext.invokeChannelRead(AbstractChannelHandlerContext.java:362)
	at io.netty.channel.AbstractChannelHandlerContext.invokeChannelRead(AbstractChannelHandlerContext.java:348)
	at io.netty.channel.DefaultChannelPipeline.fireChannelRead(DefaultChannelPipeline.java:935)
	at io.netty.channel.nio.AbstractNioByteChannel$NioByteUnsafe.read(AbstractNioByteChannel.java:134)
	at io.netty.channel.nio.NioEventLoop.processSelectedKey(NioEventLoop.java:645)
	at io.netty.channel.nio.NioEventLoop.processSelectedKeysPlain(NioEventLoop.java:545)
	at io.netty.channel.nio.NioEventLoop.processSelectedKeys(NioEventLoop.java:499)
	at io.netty.channel.nio.NioEventLoop.run(NioEventLoop.java:459)
	at io.netty.util.concurrent.SingleThreadEventExecutor$5.run(SingleThreadEventExecutor.java:858)
	at java.base/java.lang.Thread.run(Thread.java:842)
Caused by: javax.net.ssl.SSLHandshakeException: Received fatal alert: certificate_unknown
	at java.base/sun.security.ssl.Alert.createSSLException(Alert.java:131)
	at java.base/sun.security.ssl.Alert.createSSLException(Alert.java:117)
	at java.base/sun.security.ssl.TransportContext.fatal(TransportContext.java:365)
	at java.base/sun.security.ssl.Alert$AlertConsumer.consume(Alert.java:293)
	at java.base/sun.security.ssl.TransportContext.dispatch(TransportContext.java:204)
	at java.base/sun.security.ssl.SSLTransport.decode(SSLTransport.java:172)
	at java.base/sun.security.ssl.SSLEngineImpl.decode(SSLEngineImpl.java:736)
	at java.base/sun.security.ssl.SSLEngineImpl.readRecord(SSLEngineImpl.java:691)
	at java.base/sun.security.ssl.SSLEngineImpl.unwrap(SSLEngineImpl.java:506)
	at java.base/sun.security.ssl.SSLEngineImpl.unwrap(SSLEngineImpl.java:482)
	at java.base/javax.net.ssl.SSLEngine.unwrap(SSLEngine.java:679)
	at io.netty.handler.ssl.SslHandler$SslEngineType$3.unwrap(SslHandler.java:281)
	at io.netty.handler.ssl.SslHandler.unwrap(SslHandler.java:1215)
	at io.netty.handler.ssl.SslHandler.decodeJdkCompatible(SslHandler.java:1127)
	at io.netty.handler.ssl.SslHandler.decode(SslHandler.java:1162)
	at io.netty.handler.codec.ByteToMessageDecoder.decodeRemovalReentryProtection(ByteToMessageDecoder.java:489)
	at io.netty.handler.codec.ByteToMessageDecoder.callDecode(ByteToMessageDecoder.java:428)
	... 15 common frames omitted
23:45:22.851 INFO  vert.x-eventloop-thread-0 BaseServiceProxy     : -> GET /sso/Login?forwardTo=22&RL=1&ip2loc=US,200|406ms
23:45:22.852 INFO  vert.x-eventloop-thread-0 CookieManager        : set cookies [partnerID=""; Domain=.ibkr.com; Expires=Thu, 01 Jan 1970 00:00:10 GMT; Path=/;Secure;SameSite=None, partnerID=""; Domain=.ibkr.com; Expires=Thu, 01 Jan 1970 00:00:10 GMT; Path=/;Secure;SameSite=None, URL_PARAM=forwardTo%3D22&RL%3D1&ip2loc%3DUS; Domain=.ibkr.com; Path=/;Secure, JSESSIONID=167A88F940A4126C905338F180472A82.ny5wwwdam3-internet; Path=/sso; HttpOnly;Secure;SameSite=None, x-sess-uuid=0.93fa56b8.1776959122.55ff8309; secure; HttpOnly]
23:45:22.854 DEBUG vert.x-eventloop-thread-0 BaseServiceProxy     : Remapping Set-cookies [partnerID=""; Domain=.ibkr.com; Expires=Thu, 01 Jan 1970 00:00:10 GMT; Path=/;Secure;SameSite=None, partnerID=""; Domain=.ibkr.com; Expires=Thu, 01 Jan 1970 00:00:10 GMT; Path=/;Secure;SameSite=None, URL_PARAM=forwardTo%3D22&RL%3D1&ip2loc%3DUS; Domain=.ibkr.com; Path=/;Secure, JSESSIONID=167A88F940A4126C905338F180472A82.ny5wwwdam3-internet; Path=/sso; HttpOnly;Secure;SameSite=None, x-sess-uuid=0.93fa56b8.1776959122.55ff8309; secure; HttpOnly] -> 
23:45:22.913 WARN  vert.x-eventloop-thread-0 DefaultChannelPipeline : An exceptionCaught() event was fired, and it reached at the tail of the pipeline. It usually means the last handler in the pipeline did not handle the exception.
io.netty.handler.codec.DecoderException: javax.net.ssl.SSLHandshakeException: Received fatal alert: certificate_unknown
	at io.netty.handler.codec.ByteToMessageDecoder.callDecode(ByteToMessageDecoder.java:459)
	at io.netty.handler.codec.ByteToMessageDecoder.channelRead(ByteToMessageDecoder.java:265)
	at io.netty.channel.AbstractChannelHandlerContext.invokeChannelRead(AbstractChannelHandlerContext.java:362)
	at io.netty.channel.AbstractChannelHandlerContext.invokeChannelRead(AbstractChannelHandlerContext.java:348)
	at io.netty.channel.AbstractChannelHandlerContext.fireChannelRead(AbstractChannelHandlerContext.java:340)
	at io.netty.channel.DefaultChannelPipeline$HeadContext.channelRead(DefaultChannelPipeline.java:1359)
	at io.netty.channel.AbstractChannelHandlerContext.invokeChannelRead(AbstractChannelHandlerContext.java:362)
	at io.netty.channel.AbstractChannelHandlerContext.invokeChannelRead(AbstractChannelHandlerContext.java:348)
	at io.netty.channel.DefaultChannelPipeline.fireChannelRead(DefaultChannelPipeline.java:935)
	at io.netty.channel.nio.AbstractNioByteChannel$NioByteUnsafe.read(AbstractNioByteChannel.java:134)
	at io.netty.channel.nio.NioEventLoop.processSelectedKey(NioEventLoop.java:645)
	at io.netty.channel.nio.NioEventLoop.processSelectedKeysPlain(NioEventLoop.java:545)
	at io.netty.channel.nio.NioEventLoop.processSelectedKeys(NioEventLoop.java:499)
	at io.netty.channel.nio.NioEventLoop.run(NioEventLoop.java:459)
	at io.netty.util.concurrent.SingleThreadEventExecutor$5.run(SingleThreadEventExecutor.java:858)
	at java.base/java.lang.Thread.run(Thread.java:842)
Caused by: javax.net.ssl.SSLHandshakeException: Received fatal alert: certificate_unknown
	at java.base/sun.security.ssl.Alert.createSSLException(Alert.java:131)
	at java.base/sun.security.ssl.Alert.createSSLException(Alert.java:117)
	at java.base/sun.security.ssl.TransportContext.fatal(TransportContext.java:365)
	at java.base/sun.security.ssl.Alert$AlertConsumer.consume(Alert.java:293)
	at java.base/sun.security.ssl.TransportContext.dispatch(TransportContext.java:204)
	at java.base/sun.security.ssl.SSLTransport.decode(SSLTransport.java:172)
	at java.base/sun.security.ssl.SSLEngineImpl.decode(SSLEngineImpl.java:736)
	at java.base/sun.security.ssl.SSLEngineImpl.readRecord(SSLEngineImpl.java:691)
	at java.base/sun.security.ssl.SSLEngineImpl.unwrap(SSLEngineImpl.java:506)
	at java.base/sun.security.ssl.SSLEngineImpl.unwrap(SSLEngineImpl.java:482)
	at java.base/javax.net.ssl.SSLEngine.unwrap(SSLEngine.java:679)
	at io.netty.handler.ssl.SslHandler$SslEngineType$3.unwrap(SslHandler.java:281)
	at io.netty.handler.ssl.SslHandler.unwrap(SslHandler.java:1215)
	at io.netty.handler.ssl.SslHandler.decodeJdkCompatible(SslHandler.java:1127)
	at io.netty.handler.ssl.SslHandler.decode(SslHandler.java:1162)
	at io.netty.handler.codec.ByteToMessageDecoder.decodeRemovalReentryProtection(ByteToMessageDecoder.java:489)
	at io.netty.handler.codec.ByteToMessageDecoder.callDecode(ByteToMessageDecoder.java:428)
	... 15 common frames omitted
23:45:22.914 WARN  vert.x-eventloop-thread-0 DefaultChannelPipeline : An exceptionCaught() event was fired, and it reached at the tail of the pipeline. It usually means the last handler in the pipeline did not handle the exception.
io.netty.handler.codec.DecoderException: javax.net.ssl.SSLHandshakeException: Received fatal alert: certificate_unknown
	at io.netty.handler.codec.ByteToMessageDecoder.callDecode(ByteToMessageDecoder.java:459)
	at io.netty.handler.codec.ByteToMessageDecoder.channelRead(ByteToMessageDecoder.java:265)
	at io.netty.channel.AbstractChannelHandlerContext.invokeChannelRead(AbstractChannelHandlerContext.java:362)
	at io.netty.channel.AbstractChannelHandlerContext.invokeChannelRead(AbstractChannelHandlerContext.java:348)
	at io.netty.channel.AbstractChannelHandlerContext.fireChannelRead(AbstractChannelHandlerContext.java:340)
	at io.netty.channel.DefaultChannelPipeline$HeadContext.channelRead(DefaultChannelPipeline.java:1359)
	at io.netty.channel.AbstractChannelHandlerContext.invokeChannelRead(AbstractChannelHandlerContext.java:362)
	at io.netty.channel.AbstractChannelHandlerContext.invokeChannelRead(AbstractChannelHandlerContext.java:348)
	at io.netty.channel.DefaultChannelPipeline.fireChannelRead(DefaultChannelPipeline.java:935)
	at io.netty.channel.nio.AbstractNioByteChannel$NioByteUnsafe.read(AbstractNioByteChannel.java:134)
	at io.netty.channel.nio.NioEventLoop.processSelectedKey(NioEventLoop.java:645)
	at io.netty.channel.nio.NioEventLoop.processSelectedKeysPlain(NioEventLoop.java:545)
	at io.netty.channel.nio.NioEventLoop.processSelectedKeys(NioEventLoop.java:499)
	at io.netty.channel.nio.NioEventLoop.run(NioEventLoop.java:459)
	at io.netty.util.concurrent.SingleThreadEventExecutor$5.run(SingleThreadEventExecutor.java:858)
	at java.base/java.lang.Thread.run(Thread.java:842)
Caused by: javax.net.ssl.SSLHandshakeException: Received fatal alert: certificate_unknown
	at java.base/sun.security.ssl.Alert.createSSLException(Alert.java:131)
	at java.base/sun.security.ssl.Alert.createSSLException(Alert.java:117)
	at java.base/sun.security.ssl.TransportContext.fatal(TransportContext.java:365)
	at java.base/sun.security.ssl.Alert$AlertConsumer.consume(Alert.java:293)
	at java.base/sun.security.ssl.TransportContext.dispatch(TransportContext.java:204)
	at java.base/sun.security.ssl.SSLTransport.decode(SSLTransport.java:172)
	at java.base/sun.security.ssl.SSLEngineImpl.decode(SSLEngineImpl.java:736)
	at java.base/sun.security.ssl.SSLEngineImpl.readRecord(SSLEngineImpl.java:691)
	at java.base/sun.security.ssl.SSLEngineImpl.unwrap(SSLEngineImpl.java:506)
	at java.base/sun.security.ssl.SSLEngineImpl.unwrap(SSLEngineImpl.java:482)
	at java.base/javax.net.ssl.SSLEngine.unwrap(SSLEngine.java:679)
	at io.netty.handler.ssl.SslHandler$SslEngineType$3.unwrap(SslHandler.java:281)
	at io.netty.handler.ssl.SslHandler.unwrap(SslHandler.java:1215)
	at io.netty.handler.ssl.SslHandler.decodeJdkCompatible(SslHandler.java:1127)
	at io.netty.handler.ssl.SslHandler.decode(SslHandler.java:1162)
	at io.netty.handler.codec.ByteToMessageDecoder.decodeRemovalReentryProtection(ByteToMessageDecoder.java:489)
	at io.netty.handler.codec.ByteToMessageDecoder.callDecode(ByteToMessageDecoder.java:428)
	... 15 common frames omitted
23:45:22.915 WARN  vert.x-eventloop-thread-0 DefaultChannelPipeline : An exceptionCaught() event was fired, and it reached at the tail of the pipeline. It usually means the last handler in the pipeline did not handle the exception.
io.netty.handler.codec.DecoderException: javax.net.ssl.SSLHandshakeException: Received fatal alert: certificate_unknown
	at io.netty.handler.codec.ByteToMessageDecoder.callDecode(ByteToMessageDecoder.java:459)
	at io.netty.handler.codec.ByteToMessageDecoder.channelRead(ByteToMessageDecoder.java:265)
	at io.netty.channel.AbstractChannelHandlerContext.invokeChannelRead(AbstractChannelHandlerContext.java:362)
	at io.netty.channel.AbstractChannelHandlerContext.invokeChannelRead(AbstractChannelHandlerContext.java:348)
	at io.netty.channel.AbstractChannelHandlerContext.fireChannelRead(AbstractChannelHandlerContext.java:340)
	at io.netty.channel.DefaultChannelPipeline$HeadContext.channelRead(DefaultChannelPipeline.java:1359)
	at io.netty.channel.AbstractChannelHandlerContext.invokeChannelRead(AbstractChannelHandlerContext.java:362)
	at io.netty.channel.AbstractChannelHandlerContext.invokeChannelRead(AbstractChannelHandlerContext.java:348)
	at io.netty.channel.DefaultChannelPipeline.fireChannelRead(DefaultChannelPipeline.java:935)
	at io.netty.channel.nio.AbstractNioByteChannel$NioByteUnsafe.read(AbstractNioByteChannel.java:134)
	at io.netty.channel.nio.NioEventLoop.processSelectedKey(NioEventLoop.java:645)
	at io.netty.channel.nio.NioEventLoop.processSelectedKeysPlain(NioEventLoop.java:545)
	at io.netty.channel.nio.NioEventLoop.processSelectedKeys(NioEventLoop.java:499)
	at io.netty.channel.nio.NioEventLoop.run(NioEventLoop.java:459)
	at io.netty.util.concurrent.SingleThreadEventExecutor$5.run(SingleThreadEventExecutor.java:858)
	at java.base/java.lang.Thread.run(Thread.java:842)
Caused by: javax.net.ssl.SSLHandshakeException: Received fatal alert: certificate_unknown
	at java.base/sun.security.ssl.Alert.createSSLException(Alert.java:131)
	at java.base/sun.security.ssl.Alert.createSSLException(Alert.java:117)
	at java.base/sun.security.ssl.TransportContext.fatal(TransportContext.java:365)
	at java.base/sun.security.ssl.Alert$AlertConsumer.consume(Alert.java:293)
	at java.base/sun.security.ssl.TransportContext.dispatch(TransportContext.java:204)
	at java.base/sun.security.ssl.SSLTransport.decode(SSLTransport.java:172)
	at java.base/sun.security.ssl.SSLEngineImpl.decode(SSLEngineImpl.java:736)
	at java.base/sun.security.ssl.SSLEngineImpl.readRecord(SSLEngineImpl.java:691)
	at java.base/sun.security.ssl.SSLEngineImpl.unwrap(SSLEngineImpl.java:506)
	at java.base/sun.security.ssl.SSLEngineImpl.unwrap(SSLEngineImpl.java:482)
	at java.base/javax.net.ssl.SSLEngine.unwrap(SSLEngine.java:679)
	at io.netty.handler.ssl.SslHandler$SslEngineType$3.unwrap(SslHandler.java:281)
	at io.netty.handler.ssl.SslHandler.unwrap(SslHandler.java:1215)
	at io.netty.handler.ssl.SslHandler.decodeJdkCompatible(SslHandler.java:1127)
	at io.netty.handler.ssl.SslHandler.decode(SslHandler.java:1162)
	at io.netty.handler.codec.ByteToMessageDecoder.decodeRemovalReentryProtection(ByteToMessageDecoder.java:489)
	at io.netty.handler.codec.ByteToMessageDecoder.callDecode(ByteToMessageDecoder.java:428)
	... 15 common frames omitted
23:45:22.919 WARN  vert.x-eventloop-thread-0 DefaultChannelPipeline : An exceptionCaught() event was fired, and it reached at the tail of the pipeline. It usually means the last handler in the pipeline did not handle the exception.
io.netty.handler.codec.DecoderException: javax.net.ssl.SSLHandshakeException: Received fatal alert: certificate_unknown
	at io.netty.handler.codec.ByteToMessageDecoder.callDecode(ByteToMessageDecoder.java:459)
	at io.netty.handler.codec.ByteToMessageDecoder.channelRead(ByteToMessageDecoder.java:265)
	at io.netty.channel.AbstractChannelHandlerContext.invokeChannelRead(AbstractChannelHandlerContext.java:362)
	at io.netty.channel.AbstractChannelHandlerContext.invokeChannelRead(AbstractChannelHandlerContext.java:348)
	at io.netty.channel.AbstractChannelHandlerContext.fireChannelRead(AbstractChannelHandlerContext.java:340)
	at io.netty.channel.DefaultChannelPipeline$HeadContext.channelRead(DefaultChannelPipeline.java:1359)
	at io.netty.channel.AbstractChannelHandlerContext.invokeChannelRead(AbstractChannelHandlerContext.java:362)
	at io.netty.channel.AbstractChannelHandlerContext.invokeChannelRead(AbstractChannelHandlerContext.java:348)
	at io.netty.channel.DefaultChannelPipeline.fireChannelRead(DefaultChannelPipeline.java:935)
	at io.netty.channel.nio.AbstractNioByteChannel$NioByteUnsafe.read(AbstractNioByteChannel.java:134)
	at io.netty.channel.nio.NioEventLoop.processSelectedKey(NioEventLoop.java:645)
	at io.netty.channel.nio.NioEventLoop.processSelectedKeysPlain(NioEventLoop.java:545)
	at io.netty.channel.nio.NioEventLoop.processSelectedKeys(NioEventLoop.java:499)
	at io.netty.channel.nio.NioEventLoop.run(NioEventLoop.java:459)
	at io.netty.util.concurrent.SingleThreadEventExecutor$5.run(SingleThreadEventExecutor.java:858)
	at java.base/java.lang.Thread.run(Thread.java:842)
Caused by: javax.net.ssl.SSLHandshakeException: Received fatal alert: certificate_unknown
	at java.base/sun.security.ssl.Alert.createSSLException(Alert.java:131)
	at java.base/sun.security.ssl.Alert.createSSLException(Alert.java:117)
	at java.base/sun.security.ssl.TransportContext.fatal(TransportContext.java:365)
	at java.base/sun.security.ssl.Alert$AlertConsumer.consume(Alert.java:293)
	at java.base/sun.security.ssl.TransportContext.dispatch(TransportContext.java:204)
	at java.base/sun.security.ssl.SSLTransport.decode(SSLTransport.java:172)
	at java.base/sun.security.ssl.SSLEngineImpl.decode(SSLEngineImpl.java:736)
	at java.base/sun.security.ssl.SSLEngineImpl.readRecord(SSLEngineImpl.java:691)
	at java.base/sun.security.ssl.SSLEngineImpl.unwrap(SSLEngineImpl.java:506)
	at java.base/sun.security.ssl.SSLEngineImpl.unwrap(SSLEngineImpl.java:482)
	at java.base/javax.net.ssl.SSLEngine.unwrap(SSLEngine.java:679)
	at io.netty.handler.ssl.SslHandler$SslEngineType$3.unwrap(SslHandler.java:281)
	at io.netty.handler.ssl.SslHandler.unwrap(SslHandler.java:1215)
	at io.netty.handler.ssl.SslHandler.decodeJdkCompatible(SslHandler.java:1127)
	at io.netty.handler.ssl.SslHandler.decode(SslHandler.java:1162)
	at io.netty.handler.codec.ByteToMessageDecoder.decodeRemovalReentryProtection(ByteToMessageDecoder.java:489)
	at io.netty.handler.codec.ByteToMessageDecoder.callDecode(ByteToMessageDecoder.java:428)
	... 15 common frames omitted
23:45:22.922 WARN  vert.x-eventloop-thread-0 DefaultChannelPipeline : An exceptionCaught() event was fired, and it reached at the tail of the pipeline. It usually means the last handler in the pipeline did not handle the exception.
io.netty.handler.codec.DecoderException: javax.net.ssl.SSLHandshakeException: Received fatal alert: certificate_unknown
	at io.netty.handler.codec.ByteToMessageDecoder.callDecode(ByteToMessageDecoder.java:459)
	at io.netty.handler.codec.ByteToMessageDecoder.channelRead(ByteToMessageDecoder.java:265)
	at io.netty.channel.AbstractChannelHandlerContext.invokeChannelRead(AbstractChannelHandlerContext.java:362)
	at io.netty.channel.AbstractChannelHandlerContext.invokeChannelRead(AbstractChannelHandlerContext.java:348)
	at io.netty.channel.AbstractChannelHandlerContext.fireChannelRead(AbstractChannelHandlerContext.java:340)
	at io.netty.channel.DefaultChannelPipeline$HeadContext.channelRead(DefaultChannelPipeline.java:1359)
	at io.netty.channel.AbstractChannelHandlerContext.invokeChannelRead(AbstractChannelHandlerContext.java:362)
	at io.netty.channel.AbstractChannelHandlerContext.invokeChannelRead(AbstractChannelHandlerContext.java:348)
	at io.netty.channel.DefaultChannelPipeline.fireChannelRead(DefaultChannelPipeline.java:935)
	at io.netty.channel.nio.AbstractNioByteChannel$NioByteUnsafe.read(AbstractNioByteChannel.java:134)
	at io.netty.channel.nio.NioEventLoop.processSelectedKey(NioEventLoop.java:645)
	at io.netty.channel.nio.NioEventLoop.processSelectedKeysPlain(NioEventLoop.java:545)
	at io.netty.channel.nio.NioEventLoop.processSelectedKeys(NioEventLoop.java:499)
	at io.netty.channel.nio.NioEventLoop.run(NioEventLoop.java:459)
	at io.netty.util.concurrent.SingleThreadEventExecutor$5.run(SingleThreadEventExecutor.java:858)
	at java.base/java.lang.Thread.run(Thread.java:842)
Caused by: javax.net.ssl.SSLHandshakeException: Received fatal alert: certificate_unknown
	at java.base/sun.security.ssl.Alert.createSSLException(Alert.java:131)
	at java.base/sun.security.ssl.Alert.createSSLException(Alert.java:117)
	at java.base/sun.security.ssl.TransportContext.fatal(TransportContext.java:365)
	at java.base/sun.security.ssl.Alert$AlertConsumer.consume(Alert.java:293)
	at java.base/sun.security.ssl.TransportContext.dispatch(TransportContext.java:204)
	at java.base/sun.security.ssl.SSLTransport.decode(SSLTransport.java:172)
	at java.base/sun.security.ssl.SSLEngineImpl.decode(SSLEngineImpl.java:736)
	at java.base/sun.security.ssl.SSLEngineImpl.readRecord(SSLEngineImpl.java:691)
	at java.base/sun.security.ssl.SSLEngineImpl.unwrap(SSLEngineImpl.java:506)
	at java.base/sun.security.ssl.SSLEngineImpl.unwrap(SSLEngineImpl.java:482)
	at java.base/javax.net.ssl.SSLEngine.unwrap(SSLEngine.java:679)
	at io.netty.handler.ssl.SslHandler$SslEngineType$3.unwrap(SslHandler.java:281)
	at io.netty.handler.ssl.SslHandler.unwrap(SslHandler.java:1215)
	at io.netty.handler.ssl.SslHandler.decodeJdkCompatible(SslHandler.java:1127)
	at io.netty.handler.ssl.SslHandler.decode(SslHandler.java:1162)
	at io.netty.handler.codec.ByteToMessageDecoder.decodeRemovalReentryProtection(ByteToMessageDecoder.java:489)
	at io.netty.handler.codec.ByteToMessageDecoder.callDecode(ByteToMessageDecoder.java:428)
	... 15 common frames omitted
23:45:22.925 WARN  vert.x-eventloop-thread-0 DefaultChannelPipeline : An exceptionCaught() event was fired, and it reached at the tail of the pipeline. It usually means the last handler in the pipeline did not handle the exception.
io.netty.handler.codec.DecoderException: javax.net.ssl.SSLHandshakeException: Received fatal alert: certificate_unknown
	at io.netty.handler.codec.ByteToMessageDecoder.callDecode(ByteToMessageDecoder.java:459)
	at io.netty.handler.codec.ByteToMessageDecoder.channelRead(ByteToMessageDecoder.java:265)
	at io.netty.channel.AbstractChannelHandlerContext.invokeChannelRead(AbstractChannelHandlerContext.java:362)
	at io.netty.channel.AbstractChannelHandlerContext.invokeChannelRead(AbstractChannelHandlerContext.java:348)
	at io.netty.channel.AbstractChannelHandlerContext.fireChannelRead(AbstractChannelHandlerContext.java:340)
	at io.netty.channel.DefaultChannelPipeline$HeadContext.channelRead(DefaultChannelPipeline.java:1359)
	at io.netty.channel.AbstractChannelHandlerContext.invokeChannelRead(AbstractChannelHandlerContext.java:362)
	at io.netty.channel.AbstractChannelHandlerContext.invokeChannelRead(AbstractChannelHandlerContext.java:348)
	at io.netty.channel.DefaultChannelPipeline.fireChannelRead(DefaultChannelPipeline.java:935)
	at io.netty.channel.nio.AbstractNioByteChannel$NioByteUnsafe.read(AbstractNioByteChannel.java:134)
	at io.netty.channel.nio.NioEventLoop.processSelectedKey(NioEventLoop.java:645)
	at io.netty.channel.nio.NioEventLoop.processSelectedKeysPlain(NioEventLoop.java:545)
	at io.netty.channel.nio.NioEventLoop.processSelectedKeys(NioEventLoop.java:499)
	at io.netty.channel.nio.NioEventLoop.run(NioEventLoop.java:459)
	at io.netty.util.concurrent.SingleThreadEventExecutor$5.run(SingleThreadEventExecutor.java:858)
	at java.base/java.lang.Thread.run(Thread.java:842)
Caused by: javax.net.ssl.SSLHandshakeException: Received fatal alert: certificate_unknown
	at java.base/sun.security.ssl.Alert.createSSLException(Alert.java:131)
	at java.base/sun.security.ssl.Alert.createSSLException(Alert.java:117)
	at java.base/sun.security.ssl.TransportContext.fatal(TransportContext.java:365)
	at java.base/sun.security.ssl.Alert$AlertConsumer.consume(Alert.java:293)
	at java.base/sun.security.ssl.TransportContext.dispatch(TransportContext.java:204)
	at java.base/sun.security.ssl.SSLTransport.decode(SSLTransport.java:172)
	at java.base/sun.security.ssl.SSLEngineImpl.decode(SSLEngineImpl.java:736)
	at java.base/sun.security.ssl.SSLEngineImpl.readRecord(SSLEngineImpl.java:691)
	at java.base/sun.security.ssl.SSLEngineImpl.unwrap(SSLEngineImpl.java:506)
	at java.base/sun.security.ssl.SSLEngineImpl.unwrap(SSLEngineImpl.java:482)
	at java.base/javax.net.ssl.SSLEngine.unwrap(SSLEngine.java:679)
	at io.netty.handler.ssl.SslHandler$SslEngineType$3.unwrap(SslHandler.java:281)
	at io.netty.handler.ssl.SslHandler.unwrap(SslHandler.java:1215)
	at io.netty.handler.ssl.SslHandler.decodeJdkCompatible(SslHandler.java:1127)
	at io.netty.handler.ssl.SslHandler.decode(SslHandler.java:1162)
	at io.netty.handler.codec.ByteToMessageDecoder.decodeRemovalReentryProtection(ByteToMessageDecoder.java:489)
	at io.netty.handler.codec.ByteToMessageDecoder.callDecode(ByteToMessageDecoder.java:428)
	... 15 common frames omitted
23:45:22.927 WARN  vert.x-eventloop-thread-0 DefaultChannelPipeline : An exceptionCaught() event was fired, and it reached at the tail of the pipeline. It usually means the last handler in the pipeline did not handle the exception.
io.netty.handler.codec.DecoderException: javax.net.ssl.SSLHandshakeException: Received fatal alert: certificate_unknown
	at io.netty.handler.codec.ByteToMessageDecoder.callDecode(ByteToMessageDecoder.java:459)
	at io.netty.handler.codec.ByteToMessageDecoder.channelRead(ByteToMessageDecoder.java:265)
	at io.netty.channel.AbstractChannelHandlerContext.invokeChannelRead(AbstractChannelHandlerContext.java:362)
	at io.netty.channel.AbstractChannelHandlerContext.invokeChannelRead(AbstractChannelHandlerContext.java:348)
	at io.netty.channel.AbstractChannelHandlerContext.fireChannelRead(AbstractChannelHandlerContext.java:340)
	at io.netty.channel.DefaultChannelPipeline$HeadContext.channelRead(DefaultChannelPipeline.java:1359)
	at io.netty.channel.AbstractChannelHandlerContext.invokeChannelRead(AbstractChannelHandlerContext.java:362)
	at io.netty.channel.AbstractChannelHandlerContext.invokeChannelRead(AbstractChannelHandlerContext.java:348)
	at io.netty.channel.DefaultChannelPipeline.fireChannelRead(DefaultChannelPipeline.java:935)
	at io.netty.channel.nio.AbstractNioByteChannel$NioByteUnsafe.read(AbstractNioByteChannel.java:134)
	at io.netty.channel.nio.NioEventLoop.processSelectedKey(NioEventLoop.java:645)
	at io.netty.channel.nio.NioEventLoop.processSelectedKeysPlain(NioEventLoop.java:545)
	at io.netty.channel.nio.NioEventLoop.processSelectedKeys(NioEventLoop.java:499)
	at io.netty.channel.nio.NioEventLoop.run(NioEventLoop.java:459)
	at io.netty.util.concurrent.SingleThreadEventExecutor$5.run(SingleThreadEventExecutor.java:858)
	at java.base/java.lang.Thread.run(Thread.java:842)
Caused by: javax.net.ssl.SSLHandshakeException: Received fatal alert: certificate_unknown
	at java.base/sun.security.ssl.Alert.createSSLException(Alert.java:131)
	at java.base/sun.security.ssl.Alert.createSSLException(Alert.java:117)
	at java.base/sun.security.ssl.TransportContext.fatal(TransportContext.java:365)
	at java.base/sun.security.ssl.Alert$AlertConsumer.consume(Alert.java:293)
	at java.base/sun.security.ssl.TransportContext.dispatch(TransportContext.java:204)
	at java.base/sun.security.ssl.SSLTransport.decode(SSLTransport.java:172)
	at java.base/sun.security.ssl.SSLEngineImpl.decode(SSLEngineImpl.java:736)
	at java.base/sun.security.ssl.SSLEngineImpl.readRecord(SSLEngineImpl.java:691)
	at java.base/sun.security.ssl.SSLEngineImpl.unwrap(SSLEngineImpl.java:506)
	at java.base/sun.security.ssl.SSLEngineImpl.unwrap(SSLEngineImpl.java:482)
	at java.base/javax.net.ssl.SSLEngine.unwrap(SSLEngine.java:679)
	at io.netty.handler.ssl.SslHandler$SslEngineType$3.unwrap(SslHandler.java:281)
	at io.netty.handler.ssl.SslHandler.unwrap(SslHandler.java:1215)
	at io.netty.handler.ssl.SslHandler.decodeJdkCompatible(SslHandler.java:1127)
	at io.netty.handler.ssl.SslHandler.decode(SslHandler.java:1162)
	at io.netty.handler.codec.ByteToMessageDecoder.decodeRemovalReentryProtection(ByteToMessageDecoder.java:489)
	at io.netty.handler.codec.ByteToMessageDecoder.callDecode(ByteToMessageDecoder.java:428)
	... 15 common frames omitted
23:45:22.927 WARN  vert.x-eventloop-thread-0 DefaultChannelPipeline : An exceptionCaught() event was fired, and it reached at the tail of the pipeline. It usually means the last handler in the pipeline did not handle the exception.
io.netty.handler.codec.DecoderException: javax.net.ssl.SSLHandshakeException: Received fatal alert: certificate_unknown
	at io.netty.handler.codec.ByteToMessageDecoder.callDecode(ByteToMessageDecoder.java:459)
	at io.netty.handler.codec.ByteToMessageDecoder.channelRead(ByteToMessageDecoder.java:265)
	at io.netty.channel.AbstractChannelHandlerContext.invokeChannelRead(AbstractChannelHandlerContext.java:362)
	at io.netty.channel.AbstractChannelHandlerContext.invokeChannelRead(AbstractChannelHandlerContext.java:348)
	at io.netty.channel.AbstractChannelHandlerContext.fireChannelRead(AbstractChannelHandlerContext.java:340)
	at io.netty.channel.DefaultChannelPipeline$HeadContext.channelRead(DefaultChannelPipeline.java:1359)
	at io.netty.channel.AbstractChannelHandlerContext.invokeChannelRead(AbstractChannelHandlerContext.java:362)
	at io.netty.channel.AbstractChannelHandlerContext.invokeChannelRead(AbstractChannelHandlerContext.java:348)
	at io.netty.channel.DefaultChannelPipeline.fireChannelRead(DefaultChannelPipeline.java:935)
	at io.netty.channel.nio.AbstractNioByteChannel$NioByteUnsafe.read(AbstractNioByteChannel.java:134)
	at io.netty.channel.nio.NioEventLoop.processSelectedKey(NioEventLoop.java:645)
	at io.netty.channel.nio.NioEventLoop.processSelectedKeysPlain(NioEventLoop.java:545)
	at io.netty.channel.nio.NioEventLoop.processSelectedKeys(NioEventLoop.java:499)
	at io.netty.channel.nio.NioEventLoop.run(NioEventLoop.java:459)
	at io.netty.util.concurrent.SingleThreadEventExecutor$5.run(SingleThreadEventExecutor.java:858)
	at java.base/java.lang.Thread.run(Thread.java:842)
Caused by: javax.net.ssl.SSLHandshakeException: Received fatal alert: certificate_unknown
	at java.base/sun.security.ssl.Alert.createSSLException(Alert.java:131)
	at java.base/sun.security.ssl.Alert.createSSLException(Alert.java:117)
	at java.base/sun.security.ssl.TransportContext.fatal(TransportContext.java:365)
	at java.base/sun.security.ssl.Alert$AlertConsumer.consume(Alert.java:293)
	at java.base/sun.security.ssl.TransportContext.dispatch(TransportContext.java:204)
	at java.base/sun.security.ssl.SSLTransport.decode(SSLTransport.java:172)
	at java.base/sun.security.ssl.SSLEngineImpl.decode(SSLEngineImpl.java:736)
	at java.base/sun.security.ssl.SSLEngineImpl.readRecord(SSLEngineImpl.java:691)
	at java.base/sun.security.ssl.SSLEngineImpl.unwrap(SSLEngineImpl.java:506)
	at java.base/sun.security.ssl.SSLEngineImpl.unwrap(SSLEngineImpl.java:482)
	at java.base/javax.net.ssl.SSLEngine.unwrap(SSLEngine.java:679)
	at io.netty.handler.ssl.SslHandler$SslEngineType$3.unwrap(SslHandler.java:281)
	at io.netty.handler.ssl.SslHandler.unwrap(SslHandler.java:1215)
	at io.netty.handler.ssl.SslHandler.decodeJdkCompatible(SslHandler.java:1127)
	at io.netty.handler.ssl.SslHandler.decode(SslHandler.java:1162)
	at io.netty.handler.codec.ByteToMessageDecoder.decodeRemovalReentryProtection(ByteToMessageDecoder.java:489)
	at io.netty.handler.codec.ByteToMessageDecoder.callDecode(ByteToMessageDecoder.java:428)
	... 15 common frames omitted
23:45:23.052 INFO  vert.x-eventloop-thread-0 BaseServiceProxy     : -> GET /css/bootstrap-5.2.2/bootstrap.min.css,200|158ms
23:45:23.064 INFO  vert.x-eventloop-thread-0 BaseServiceProxy     : -> GET /css/ibkr/theme-ibkr-portal.min.css,200|131ms
23:45:23.076 INFO  vert.x-eventloop-thread-0 BaseServiceProxy     : -> GET /css/bootstrap-switch-3.3.2/bootstrap-switch.min.css,200|145ms
23:45:23.106 INFO  vert.x-eventloop-thread-0 BaseServiceProxy     : -> GET /css/fontawesome-6.4.2/all.min.css,200|176ms
23:45:23.115 INFO  vert.x-eventloop-thread-0 BaseServiceProxy     : -> GET /scripts/common/js/jquery-3.7.0/jquery.min.js,200|180ms
23:45:23.130 INFO  vert.x-eventloop-thread-0 BaseServiceProxy     : -> GET /sso/lib/xyz.bundle.min.js,200|49ms
23:45:23.130 INFO  vert.x-eventloop-thread-0 CookieManager        : set cookies [x-sess-uuid=0.7ce83217.1776959123.5505770f; secure; HttpOnly]
23:45:23.131 DEBUG vert.x-eventloop-thread-0 BaseServiceProxy     : Remapping Set-cookies [x-sess-uuid=0.7ce83217.1776959123.5505770f; secure; HttpOnly] -> 
23:45:23.147 INFO  vert.x-eventloop-thread-0 BaseServiceProxy     : -> GET /css/reg-am/login.min.css,200|215ms
23:45:23.173 INFO  vert.x-eventloop-thread-0 BaseServiceProxy     : -> GET /scripts/common/js/bootstrap-5.2.2/bootstrap.bundle.min.js,200|93ms
23:45:23.285 INFO  vert.x-eventloop-thread-0 BaseServiceProxy     : -> GET /images/common/logos/ibkr/interactive-brokers.svg,200|27ms
23:45:23.333 INFO  vert.x-eventloop-thread-0 BaseServiceProxy     : -> GET /fonts/fontawesome-6.4.2/webfonts/fa-solid-900.woff2,200|55ms
23:45:23.346 INFO  vert.x-eventloop-thread-0 BaseServiceProxy     : -> GET /fonts/proxima-nova/Proxima-Nova-Regular.woff2,200|69ms
23:45:23.351 INFO  vert.x-eventloop-thread-0 BaseServiceProxy     : -> GET /fonts/fontawesome-6.4.2/webfonts/fa-brands-400.woff2,200|72ms
23:45:23.383 INFO  vert.x-eventloop-thread-0 BaseServiceProxy     : -> GET /portal.proxy/v1/gstat/bulletins,204|87ms
23:45:23.437 INFO  vert.x-eventloop-thread-0 BaseServiceProxy     : -> GET /images/web/favicons/home-screen-icon-128x128.png,200|42ms
23:45:23.574 INFO  vert.x-eventloop-thread-0 BaseServiceProxy     : -> GET /sso/report,200|280ms
23:45:23.575 INFO  vert.x-eventloop-thread-0 CookieManager        : set cookies [x-sess-uuid=0.74e83217.1776959123.131d2d58; secure; HttpOnly]
23:45:23.575 DEBUG vert.x-eventloop-thread-0 BaseServiceProxy     : Remapping Set-cookies [x-sess-uuid=0.74e83217.1776959123.131d2d58; secure; HttpOnly] -> 
23:45:25.036 INFO  vert.x-eventloop-thread-0 BaseServiceProxy     : -> GET /sso/Authenticator,200|451ms
23:45:25.037 INFO  vert.x-eventloop-thread-0 CookieManager        : set cookies [x-sess-uuid=0.88fa56b8.1776959124.446723; secure; HttpOnly]
23:45:25.046 DEBUG vert.x-eventloop-thread-0 BaseServiceProxy     : Remapping Set-cookies [x-sess-uuid=0.88fa56b8.1776959124.446723; secure; HttpOnly] -> 
23:45:25.367 INFO  vert.x-eventloop-thread-0 BaseServiceProxy     : -> GET /sso/Authenticator,200|300ms
23:45:25.368 INFO  vert.x-eventloop-thread-0 CookieManager        : set cookies [web=3343352782; Domain=.ibkr.com; Expires=Fri, 23 Apr 2027 15:45:25 GMT; Path=/; Secure;Secure;SameSite=None, x-sess-uuid=0.93fa56b8.1776959125.55ff8584; secure; HttpOnly]
23:45:25.368 DEBUG vert.x-eventloop-thread-0 BaseServiceProxy     : Remapping Set-cookies [web=3343352782; Domain=.ibkr.com; Expires=Fri, 23 Apr 2027 15:45:25 GMT; Path=/; Secure;Secure;SameSite=None, x-sess-uuid=0.93fa56b8.1776959125.55ff8584; secure; HttpOnly] -> 
23:45:25.751 INFO  vert.x-eventloop-thread-0 BaseServiceProxy     : -> GET /sso/Authenticator,200|373ms
23:45:25.752 INFO  vert.x-eventloop-thread-0 CookieManager        : set cookies [x-sess-uuid=0.93fa56b8.1776959125.55ff8586; secure; HttpOnly]
23:45:25.752 DEBUG vert.x-eventloop-thread-0 BaseServiceProxy     : Remapping Set-cookies [x-sess-uuid=0.93fa56b8.1776959125.55ff8586; secure; HttpOnly] -> 
23:45:29.046 INFO  vert.x-eventloop-thread-0 BaseServiceProxy     : -> GET /sso/Authenticator,200|279ms
23:45:29.047 INFO  vert.x-eventloop-thread-0 CookieManager        : set cookies [x-sess-uuid=0.7ce83217.1776959128.5505788c; secure; HttpOnly]
23:45:29.048 DEBUG vert.x-eventloop-thread-0 BaseServiceProxy     : Remapping Set-cookies [x-sess-uuid=0.7ce83217.1776959128.5505788c; secure; HttpOnly] -> 
23:45:32.051 INFO  vert.x-eventloop-thread-0 BaseServiceProxy     : -> GET /sso/Authenticator,200|282ms
23:45:32.051 INFO  vert.x-eventloop-thread-0 CookieManager        : set cookies [x-sess-uuid=0.74e83217.1776959131.131d2f2c; secure; HttpOnly]
23:45:32.052 DEBUG vert.x-eventloop-thread-0 BaseServiceProxy     : Remapping Set-cookies [x-sess-uuid=0.74e83217.1776959131.131d2f2c; secure; HttpOnly] -> 
23:45:35.055 INFO  vert.x-eventloop-thread-0 BaseServiceProxy     : -> GET /sso/Authenticator,200|290ms
23:45:35.056 INFO  vert.x-eventloop-thread-0 CookieManager        : set cookies [x-sess-uuid=0.88fa56b8.1776959134.446c29; secure; HttpOnly]
23:45:35.056 DEBUG vert.x-eventloop-thread-0 BaseServiceProxy     : Remapping Set-cookies [x-sess-uuid=0.88fa56b8.1776959134.446c29; secure; HttpOnly] -> 
23:45:35.476 INFO  vert.x-eventloop-thread-0 BaseServiceProxy     : -> GET /sso/Dispatcher,302|382ms
23:45:35.477 INFO  vert.x-eventloop-thread-0 CookieManager        : set cookies [USERID=50301190; Domain=.ibkr.com; Path=/;Secure;SameSite=None, x-sess-uuid=0.93fa56b8.1776959135.55ff8ba6; secure; HttpOnly]
23:45:35.478 DEBUG vert.x-eventloop-thread-0 BaseServiceProxy     : Remapping Set-cookies [USERID=50301190; Domain=.ibkr.com; Path=/;Secure;SameSite=None, x-sess-uuid=0.93fa56b8.1776959135.55ff8ba6; secure; HttpOnly] -> 
23:45:35.480 INFO  vert.x-eventloop-thread-0 GatewayHttpProxy     : Client login succeeds
23:45:35.882 INFO  vert.x-eventloop-thread-0 BaseServiceProxy     : -> GET /v1/api/sso/validate?gw=1,200|398ms
23:45:35.887 DEBUG vert.x-eventloop-thread-0 ClientPortalService  : portal validate response: {"SFT":"5.2a","IS_PENDING_APPLICANT":false,"SF_ENABLED":true,"HARDWARE_INFO":"","UNIQUE_LOGIN_ID":"50301190-1776959132491","AUTH_TIME":1776959132545,"SF_CONFIG":"5.2a","USER_NAME":"pragu1020","CREDENTIAL_TYPE":0,"IS_FREE_TRIAL":false,"LOGIN_TYPE":1,"LANDING_APP":"PORTAL","CREDENTIAL":"pragu1020","ANOMALOUS_LOGIN":false,"RESULT":true,"IP":"116.88.81.189","USER_ID":50301190,"EXPIRES":1776959135862,"TOKEN":"d68e81af12ae9b4aabceb20aa2c54bf22e41e6a2","took":259,"IS_MASTER":false,"features":{"env":"PROD","wlms":true,"realtime":true,"bond":true,"optionChains":true,"calendar":true,"newMf":true},"region":"SG"}
23:45:35.990 INFO  vert.x-eventloop-thread-0 GatewayHttpProxy     : authenticated to cp
23:45:35.991 DEBUG vert.x-eventloop-thread-0 BaseServiceProxy     : cancel timer SsoService 0
23:45:35.991 DEBUG vert.x-eventloop-thread-0 BaseServiceProxy     : start timer 300000 SsoService
23:45:35.992 DEBUG vert.x-eventloop-thread-0 BaseServiceProxy     : forward event ON_SSO_VALIDATION, payload 50301190
23:45:36.334 INFO  vert.x-eventloop-thread-0 BaseServiceProxy     : -> GET /v1/api/one/user,200|343ms
23:45:36.335 INFO  vert.x-eventloop-thread-0 ClientPortalService  : get user reply {"username":"pragu1020","features":{"env":"PROD","wlms":true,"realtime":true,"bond":true,"optionChains":true,"calendar":true,"newMf":true},"wbId":"","uar":{"portfolioAnalyst":true,"userInfo":true,"messageCenter":true,"accountDetails":true,"tradingRestrictions":false,"tws":true,"fyi":true,"voting":true,"forum":true,"recentTransactions":true},"props":{"isIBAMClient":false,"ReadOnlySession":null},"firstApprovedDate":1592755200000,"accts":{"U5799398F":{"isIBAMClient":false,"clearingStatus":"O","openDate":1667577600000,"isFAClient":false,"isFunded":true,"tradingPermissions":["CMDTY"]},"U5799398":{"isIBAMClient":false,"clearingStatus":"O","openDate":1592150400000,"isFAClient":false,"isFunded":true,"tradingPermissions":["OPT","IOPT","WAR","STK","CASH","FOP"]}},"hasBrokerageAccessInd":true,"hfcipEligibleInd":false,"fa":false,"has2fa":false,"islite":false,"ispaper":false,"applicants":[{"id":6062329,"type":"INDIVIDUAL","businessType":"INDEPENDENT","nlcode":"en_US","legalCountry":{"name":"Singapore","alpha3":"SGP"}}]}
23:45:37.551 INFO  vert.x-eventloop-thread-0 SsoService           : sso init status=200, url=https://api.ibkr.com/v1/api/ssodh/init
23:45:37.632 DEBUG vert.x-eventloop-thread-0 SsoService           : K 91e87182f7ffdc434a0513101d72cd3cdeae40f6
23:45:37.632 DEBUG vert.x-eventloop-thread-0 BaseServiceProxy     : forward event ON_SSODH_COMPLETED, payload none
23:45:37.632 DEBUG vert.x-eventloop-thread-0 GatewayHttpProxy     : delaying authentication for 3000
23:45:37.638 ERROR vert.x-eventloop-thread-0 ContextImpl          : Unhandled exception
java.lang.NullPointerException: Cannot read the array length because "mac" is null
	at ibgroup.web.core.clientportal.gw.utils.TstTokenUtils.getMacAddress(TstTokenUtils.java:22)
	at ibgroup.web.core.clientportal.gw.services.SsoService.getMac(SsoService.java:81)
	at ibgroup.web.core.clientportal.gw.services.SsoService.getDeviceId(SsoService.java:70)
	at ibgroup.web.core.clientportal.gw.services.SsoService.setTstToken(SsoService.java:88)
	at ibgroup.web.core.clientportal.gw.http.GatewayHttpProxy.onEvent(GatewayHttpProxy.java:213)
	at ibgroup.web.core.clientportal.gw.http.GatewayHttpProxy.lambda$new$1(GatewayHttpProxy.java:56)
	at ibgroup.web.core.clientportal.gw.services.BaseServiceProxy.lambda$null$0(BaseServiceProxy.java:67)
	at java.base/java.util.ArrayList.forEach(ArrayList.java:1511)
	at ibgroup.web.core.clientportal.gw.services.BaseServiceProxy.lambda$on$1(BaseServiceProxy.java:67)
	at io.vertx.core.impl.ContextImpl.lambda$wrapTask$2(ContextImpl.java:344)
	at io.netty.util.concurrent.AbstractEventExecutor.safeExecute(AbstractEventExecutor.java:163)
	at io.netty.util.concurrent.SingleThreadEventExecutor.runAllTasks(SingleThreadEventExecutor.java:403)
	at io.netty.channel.nio.NioEventLoop.run(NioEventLoop.java:463)
	at io.netty.util.concurrent.SingleThreadEventExecutor$5.run(SingleThreadEventExecutor.java:858)
	at java.base/java.lang.Thread.run(Thread.java:842)
23:45:40.698 INFO  vert.x-eventloop-thread-0 BaseServiceProxy     : -> GET /v1/api/iserver/auth/status,200|62ms
23:45:40.699 DEBUG vert.x-eventloop-thread-0 ClientPortalService  : status {"authenticated":false,"established":false,"competing":false,"connected":false,"MAC":"06:A8:C0:D9:D5:E3"}
23:45:40.700 INFO  vert.x-eventloop-thread-0 ClientPortalService  : process auth status {"authenticated":false,"established":false,"competing":false,"connected":false,"MAC":"06:A8:C0:D9:D5:E3"}
23:45:40.725 DEBUG vert.x-eventloop-thread-0 ClientPortalService  : auth brokerage, k=91e87182f7ffdc434a0513101d72cd3cdeae40f6, post={"username":"pragu1020","machineId":"0660e092","compete":true}
23:45:41.070 INFO  vert.x-eventloop-thread-0 BaseServiceProxy     : -> POST https://api.ibkr.com/v1/api/iserver/auth/ssodh/init,200|345ms
23:45:41.071 DEBUG vert.x-eventloop-thread-0 ClientPortalService  : iserver init : {"passed":true,"authenticated":true,"connected":true,"established":false,"competing":false,"hardware_info":"275c5aa2|06:A8:C0:D9:D5:E3"}
23:45:41.072 INFO  vert.x-eventloop-thread-0 ClientPortalService  : process auth status {"passed":true,"authenticated":true,"connected":true,"established":false,"competing":false,"hardware_info":"275c5aa2|06:A8:C0:D9:D5:E3"}
23:45:41.073 DEBUG vert.x-eventloop-thread-0 BaseServiceProxy     : start timer 30000 ClientPortalService
23:45:41.132 INFO  vert.x-eventloop-thread-0 BaseServiceProxy     : -> GET /v1/api/iserver/accounts,200|60ms
23:45:41.133 DEBUG vert.x-eventloop-thread-0 ClientPortalService  : iserver accounts {}
23:45:42.851 INFO  vert.x-eventloop-thread-0 BaseServiceProxy     : -> GET /v1/api/iserver/auth/ssodh/init?publish=true&compete=true,200|774ms
23:45:42.950 INFO  vert.x-eventloop-thread-0 BaseServiceProxy     : -> GET /v1/api/iserver/account/orders,200|56ms
23:45:43.031 INFO  vert.x-eventloop-thread-0 BaseServiceProxy     : -> GET /v1/api/tickle,200|57ms
23:46:11.204 INFO  vert.x-eventloop-thread-0 BaseServiceProxy     : -> GET /v1/api/tickle,200|129ms
23:46:11.208 DEBUG vert.x-eventloop-thread-0 ClientPortalService  : tickle {"session":"c6cbc1f5fb4facdeac74afc497e4230e","ssoExpires":564616,"collission":false,"userId":50301190,"hmds":{"error":"no bridge"},"iserver":{"authStatus":{"authenticated":true,"established":true,"competing":false,"connected":true,"message":"","MAC":"06:A8:C0:D9:D5:E3","serverInfo":{"serverName":"JifS23097","serverVersion":"Build 10.44.1h, Apr 20, 2026 11:22:51 AM"},"hardware_info":"275c5aa2|06:A8:C0:D9:D5:E3"}}}
23:46:25.349 INFO  vert.x-eventloop-thread-0 BaseServiceProxy     : -> GET /v1/api/portfolio/U5799398/summary,200|352ms
23:46:25.469 INFO  vert.x-eventloop-thread-0 BaseServiceProxy     : -> GET /v1/api/iserver/account/orders,200|112ms
23:46:25.487 INFO  vert.x-eventloop-thread-0 BaseServiceProxy     : -> GET /v1/api/portfolio/U5799398/positions/0?direction=a&period=1W&sort=position,200|114ms
23:46:30.675 INFO  vert.x-eventloop-thread-0 BaseServiceProxy     : -> GET /v1/api/iserver/secdef/search?symbol=MARA&secType=STK,200|92ms
23:46:30.784 INFO  vert.x-eventloop-thread-0 BaseServiceProxy     : -> GET /v1/api/iserver/account/orders,200|107ms
23:46:31.109 INFO  vert.x-eventloop-thread-0 BaseServiceProxy     : -> GET /v1/api/iserver/marketdata/history?conid=474219659&period=30d&bar=1d&outsideRth=false,200|302ms
23:46:31.181 INFO  vert.x-eventloop-thread-0 BaseServiceProxy     : -> GET /v1/api/iserver/marketdata/history?conid=474219659&period=30d&bar=1d&outsideRth=false,200|71ms
23:46:31.288 INFO  vert.x-eventloop-thread-0 BaseServiceProxy     : -> GET /v1/api/portfolio/U5799398/summary,200|105ms
23:46:31.660 INFO  vert.x-eventloop-thread-0 BaseServiceProxy     : -> GET /v1/api/iserver/account/U5799398/orders,200|365ms
23:46:31.741 INFO  vert.x-eventloop-thread-0 BaseServiceProxy     : -> GET /v1/api/iserver/reply/854ce3fc-0087-4d34-9b26-6821302326bc,200|79ms
23:46:31.897 INFO  vert.x-eventloop-thread-0 BaseServiceProxy     : -> GET /v1/api/iserver/reply/2b0dda66-82a9-449a-8748-df30ef428902,200|152ms
23:46:31.963 INFO  vert.x-eventloop-thread-0 BaseServiceProxy     : -> GET /v1/api/iserver/reply/a852d40c-e634-40f5-aa32-c054d8a9bf53,200|64ms
23:46:32.029 INFO  vert.x-eventloop-thread-0 BaseServiceProxy     : -> GET /v1/api/iserver/reply/2acb9097-5827-4d70-93e2-d0bfe939a246,200|64ms
23:46:32.095 INFO  vert.x-eventloop-thread-0 BaseServiceProxy     : -> GET /v1/api/iserver/reply/0fba9a73-06d8-4090-9f51-fb8eb7974869,200|63ms
23:46:32.187 INFO  vert.x-eventloop-thread-0 BaseServiceProxy     : -> GET /v1/api/iserver/reply/148d05d5-9d18-4448-810d-7037815d0564,200|89ms
23:46:32.255 INFO  vert.x-eventloop-thread-0 BaseServiceProxy     : -> GET /v1/api/iserver/account/orders,200|65ms
23:46:32.340 INFO  vert.x-eventloop-thread-0 BaseServiceProxy     : -> GET /v1/api/iserver/marketdata/history?conid=474219659&period=30d&bar=1d&outsideRth=false,200|60ms
23:46:32.409 INFO  vert.x-eventloop-thread-0 BaseServiceProxy     : -> GET /v1/api/iserver/marketdata/history?conid=474219659&period=30d&bar=1d&outsideRth=false,200|66ms
23:46:32.478 INFO  vert.x-eventloop-thread-0 BaseServiceProxy     : -> GET /v1/api/iserver/marketdata/history?conid=474219659&period=30d&bar=1d&outsideRth=false,200|67ms
23:46:32.576 INFO  vert.x-eventloop-thread-0 BaseServiceProxy     : -> GET /v1/api/iserver/marketdata/history?conid=474219659&period=30d&bar=1d&outsideRth=false,200|95ms
23:46:41.143 INFO  vert.x-eventloop-thread-0 BaseServiceProxy     : -> GET /v1/api/tickle,200|69ms
23:46:41.144 DEBUG vert.x-eventloop-thread-0 ClientPortalService  : tickle {"session":"c6cbc1f5fb4facdeac74afc497e4230e","ssoExpires":534668,"collission":false,"userId":50301190,"hmds":{"error":"no bridge"},"iserver":{"authStatus":{"authenticated":true,"established":true,"competing":false,"connected":true,"message":"","MAC":"06:A8:C0:D9:D5:E3","serverInfo":{"serverName":"JifS23097","serverVersion":"Build 10.44.1h, Apr 20, 2026 11:22:51 AM"},"hardware_info":"275c5aa2|06:A8:C0:D9:D5:E3"}}}
23:46:49.499 INFO  vert.x-eventloop-thread-0 BaseServiceProxy     : -> GET /v1/api/iserver/account/orders,200|64ms
23:46:49.603 INFO  vert.x-eventloop-thread-0 BaseServiceProxy     : -> GET /v1/api/iserver/marketdata/history?conid=474219659&period=30d&bar=1d&outsideRth=false,200|91ms
23:46:49.696 INFO  vert.x-eventloop-thread-0 BaseServiceProxy     : -> GET /v1/api/iserver/marketdata/history?conid=474219659&period=30d&bar=1d&outsideRth=false,200|90ms
23:46:49.761 INFO  vert.x-eventloop-thread-0 BaseServiceProxy     : -> GET /v1/api/iserver/marketdata/history?conid=474219659&period=30d&bar=1d&outsideRth=false,200|63ms
23:46:49.828 INFO  vert.x-eventloop-thread-0 BaseServiceProxy     : -> GET /v1/api/iserver/marketdata/history?conid=474219659&period=30d&bar=1d&outsideRth=false,200|64ms
23:46:49.974 INFO  vert.x-eventloop-thread-0 BaseServiceProxy     : -> GET /v1/api/iserver/account/orders,200|59ms
23:47:11.133 INFO  vert.x-eventloop-thread-0 BaseServiceProxy     : -> GET /v1/api/tickle,200|59ms
23:47:11.135 DEBUG vert.x-eventloop-thread-0 ClientPortalService  : tickle {"session":"c6cbc1f5fb4facdeac74afc497e4230e","ssoExpires":504676,"collission":false,"userId":50301190,"hmds":{"error":"no bridge"},"iserver":{"authStatus":{"authenticated":true,"established":true,"competing":false,"connected":true,"message":"","MAC":"06:A8:C0:D9:D5:E3","serverInfo":{"serverName":"JifS23097","serverVersion":"Build 10.44.1h, Apr 20, 2026 11:22:51 AM"},"hardware_info":"275c5aa2|06:A8:C0:D9:D5:E3"}}}
23:47:41.130 INFO  vert.x-eventloop-thread-0 BaseServiceProxy     : -> GET /v1/api/tickle,200|57ms
23:47:41.132 DEBUG vert.x-eventloop-thread-0 ClientPortalService  : tickle {"session":"c6cbc1f5fb4facdeac74afc497e4230e","ssoExpires":474680,"collission":false,"userId":50301190,"hmds":{"error":"no bridge"},"iserver":{"authStatus":{"authenticated":true,"established":true,"competing":false,"connected":true,"message":"","MAC":"06:A8:C0:D9:D5:E3","serverInfo":{"serverName":"JifS23097","serverVersion":"Build 10.44.1h, Apr 20, 2026 11:22:51 AM"},"hardware_info":"275c5aa2|06:A8:C0:D9:D5:E3"}}}
23:48:11.101 INFO  vert.x-eventloop-thread-0 BaseServiceProxy     : -> GET /v1/api/iserver/account/orders,200|65ms
23:48:11.170 INFO  vert.x-eventloop-thread-0 BaseServiceProxy     : -> GET /v1/api/tickle,200|96ms
23:48:11.170 DEBUG vert.x-eventloop-thread-0 ClientPortalService  : tickle {"session":"c6cbc1f5fb4facdeac74afc497e4230e","ssoExpires":444642,"collission":false,"userId":50301190,"hmds":{"error":"no bridge"},"iserver":{"authStatus":{"authenticated":true,"established":true,"competing":false,"connected":true,"message":"","MAC":"06:A8:C0:D9:D5:E3","serverInfo":{"serverName":"JifS23097","serverVersion":"Build 10.44.1h, Apr 20, 2026 11:22:51 AM"},"hardware_info":"275c5aa2|06:A8:C0:D9:D5:E3"}}}
23:48:11.416 INFO  vert.x-eventloop-thread-0 BaseServiceProxy     : -> GET /v1/api/iserver/marketdata/history?conid=526906130&period=30d&bar=1d&outsideRth=false,200|290ms
23:48:11.486 INFO  vert.x-eventloop-thread-0 BaseServiceProxy     : -> GET /v1/api/iserver/marketdata/history?conid=526906130&period=30d&bar=1d&outsideRth=false,200|67ms
23:48:41.144 INFO  vert.x-eventloop-thread-0 BaseServiceProxy     : -> GET /v1/api/tickle,200|70ms
23:48:41.145 DEBUG vert.x-eventloop-thread-0 ClientPortalService  : tickle {"session":"c6cbc1f5fb4facdeac74afc497e4230e","ssoExpires":414665,"collission":false,"userId":50301190,"hmds":{"error":"no bridge"},"iserver":{"authStatus":{"authenticated":true,"established":true,"competing":false,"connected":true,"message":"","MAC":"06:A8:C0:D9:D5:E3","serverInfo":{"serverName":"JifS23097","serverVersion":"Build 10.44.1h, Apr 20, 2026 11:22:51 AM"},"hardware_info":"275c5aa2|06:A8:C0:D9:D5:E3"}}}
23:48:43.217 INFO  vert.x-eventloop-thread-0 BaseServiceProxy     : -> GET /v1/api/tickle,200|69ms
23:49:11.324 INFO  vert.x-eventloop-thread-0 BaseServiceProxy     : -> GET /v1/api/tickle,200|250ms
23:49:11.326 DEBUG vert.x-eventloop-thread-0 ClientPortalService  : tickle {"session":"c6cbc1f5fb4facdeac74afc497e4230e","ssoExpires":384487,"collission":false,"userId":50301190,"hmds":{"error":"no bridge"},"iserver":{"authStatus":{"authenticated":true,"established":true,"competing":false,"connected":true,"message":"","MAC":"06:A8:C0:D9:D5:E3","serverInfo":{"serverName":"JifS23097","serverVersion":"Build 10.44.1h, Apr 20, 2026 11:22:51 AM"},"hardware_info":"275c5aa2|06:A8:C0:D9:D5:E3"}}}
23:49:41.136 INFO  vert.x-eventloop-thread-0 BaseServiceProxy     : -> GET /v1/api/tickle,200|63ms
23:49:41.137 DEBUG vert.x-eventloop-thread-0 ClientPortalService  : tickle {"session":"c6cbc1f5fb4facdeac74afc497e4230e","ssoExpires":354674,"collission":false,"userId":50301190,"hmds":{"error":"no bridge"},"iserver":{"authStatus":{"authenticated":true,"established":true,"competing":false,"connected":true,"message":"","MAC":"06:A8:C0:D9:D5:E3","serverInfo":{"serverName":"JifS23097","serverVersion":"Build 10.44.1h, Apr 20, 2026 11:22:51 AM"},"hardware_info":"275c5aa2|06:A8:C0:D9:D5:E3"}}}
23:50:11.306 INFO  vert.x-eventloop-thread-0 BaseServiceProxy     : -> GET /v1/api/tickle,200|232ms
23:50:11.308 DEBUG vert.x-eventloop-thread-0 ClientPortalService  : tickle {"session":"c6cbc1f5fb4facdeac74afc497e4230e","ssoExpires":324507,"collission":false,"userId":50301190,"hmds":{"error":"no bridge"},"iserver":{"authStatus":{"authenticated":true,"established":true,"competing":false,"connected":true,"message":"","MAC":"06:A8:C0:D9:D5:E3","serverInfo":{"serverName":"JifS23097","serverVersion":"Build 10.44.1h, Apr 20, 2026 11:22:51 AM"},"hardware_info":"275c5aa2|06:A8:C0:D9:D5:E3"}}}
23:50:36.331 INFO  vert.x-eventloop-thread-0 BaseServiceProxy     : -> GET /sso/ping,200|336ms
23:50:36.333 INFO  vert.x-eventloop-thread-0 SsoService           : sso ping {"result": "true"}
23:50:41.157 INFO  vert.x-eventloop-thread-0 BaseServiceProxy     : -> GET /v1/api/tickle,200|84ms
23:50:41.157 DEBUG vert.x-eventloop-thread-0 ClientPortalService  : tickle {"session":"c6cbc1f5fb4facdeac74afc497e4230e","ssoExpires":294673,"collission":false,"userId":50301190,"hmds":{"error":"no bridge"},"iserver":{"authStatus":{"authenticated":true,"established":true,"competing":false,"connected":true,"message":"","MAC":"06:A8:C0:D9:D5:E3","serverInfo":{"serverName":"JifS23097","serverVersion":"Build 10.44.1h, Apr 20, 2026 11:22:51 AM"},"hardware_info":"275c5aa2|06:A8:C0:D9:D5:E3"}}}
23:51:11.164 INFO  vert.x-eventloop-thread-0 BaseServiceProxy     : -> GET /v1/api/tickle,200|83ms
23:51:11.171 DEBUG vert.x-eventloop-thread-0 ClientPortalService  : tickle {"session":"c6cbc1f5fb4facdeac74afc497e4230e","ssoExpires":264661,"collission":false,"userId":50301190,"hmds":{"error":"no bridge"},"iserver":{"authStatus":{"authenticated":true,"established":true,"competing":false,"connected":true,"message":"","MAC":"06:A8:C0:D9:D5:E3","serverInfo":{"serverName":"JifS23097","serverVersion":"Build 10.44.1h, Apr 20, 2026 11:22:51 AM"},"hardware_info":"275c5aa2|06:A8:C0:D9:D5:E3"}}}
23:51:41.164 INFO  vert.x-eventloop-thread-0 BaseServiceProxy     : -> GET /v1/api/tickle,200|80ms
23:51:41.165 DEBUG vert.x-eventloop-thread-0 ClientPortalService  : tickle {"session":"c6cbc1f5fb4facdeac74afc497e4230e","ssoExpires":234659,"collission":false,"userId":50301190,"hmds":{"error":"no bridge"},"iserver":{"authStatus":{"authenticated":true,"established":true,"competing":false,"connected":true,"message":"","MAC":"06:A8:C0:D9:D5:E3","serverInfo":{"serverName":"JifS23097","serverVersion":"Build 10.44.1h, Apr 20, 2026 11:22:51 AM"},"hardware_info":"275c5aa2|06:A8:C0:D9:D5:E3"}}}
23:51:43.397 INFO  vert.x-eventloop-thread-0 BaseServiceProxy     : -> GET /v1/api/tickle,200|66ms
23:52:11.142 INFO  vert.x-eventloop-thread-0 BaseServiceProxy     : -> GET /v1/api/tickle,200|59ms
23:52:11.143 DEBUG vert.x-eventloop-thread-0 ClientPortalService  : tickle {"session":"c6cbc1f5fb4facdeac74afc497e4230e","ssoExpires":204682,"collission":false,"userId":50301190,"hmds":{"error":"no bridge"},"iserver":{"authStatus":{"authenticated":true,"established":true,"competing":false,"connected":true,"message":"","MAC":"06:A8:C0:D9:D5:E3","serverInfo":{"serverName":"JifS23097","serverVersion":"Build 10.44.1h, Apr 20, 2026 11:22:51 AM"},"hardware_info":"275c5aa2|06:A8:C0:D9:D5:E3"}}}
23:52:41.319 INFO  vert.x-eventloop-thread-0 BaseServiceProxy     : -> GET /v1/api/tickle,200|236ms
23:52:41.322 DEBUG vert.x-eventloop-thread-0 ClientPortalService  : tickle {"session":"c6cbc1f5fb4facdeac74afc497e4230e","ssoExpires":174500,"collission":false,"userId":50301190,"hmds":{"error":"no bridge"},"iserver":{"authStatus":{"authenticated":true,"established":true,"competing":false,"connected":true,"message":"","MAC":"06:A8:C0:D9:D5:E3","serverInfo":{"serverName":"JifS23097","serverVersion":"Build 10.44.1h, Apr 20, 2026 11:22:51 AM"},"hardware_info":"275c5aa2|06:A8:C0:D9:D5:E3"}}}
23:53:11.154 INFO  vert.x-eventloop-thread-0 BaseServiceProxy     : -> GET /v1/api/tickle,200|71ms
23:53:11.156 DEBUG vert.x-eventloop-thread-0 ClientPortalService  : tickle {"session":"c6cbc1f5fb4facdeac74afc497e4230e","ssoExpires":144667,"collission":false,"userId":50301190,"hmds":{"error":"no bridge"},"iserver":{"authStatus":{"authenticated":true,"established":true,"competing":false,"connected":true,"message":"","MAC":"06:A8:C0:D9:D5:E3","serverInfo":{"serverName":"JifS23097","serverVersion":"Build 10.44.1h, Apr 20, 2026 11:22:51 AM"},"hardware_info":"275c5aa2|06:A8:C0:D9:D5:E3"}}}
23:53:41.168 INFO  vert.x-eventloop-thread-0 BaseServiceProxy     : -> GET /v1/api/tickle,200|84ms
23:53:41.170 DEBUG vert.x-eventloop-thread-0 ClientPortalService  : tickle {"session":"c6cbc1f5fb4facdeac74afc497e4230e","ssoExpires":114662,"collission":false,"userId":50301190,"hmds":{"error":"no bridge"},"iserver":{"authStatus":{"authenticated":true,"established":true,"competing":false,"connected":true,"message":"","MAC":"06:A8:C0:D9:D5:E3","serverInfo":{"serverName":"JifS23097","serverVersion":"Build 10.44.1h, Apr 20, 2026 11:22:51 AM"},"hardware_info":"275c5aa2|06:A8:C0:D9:D5:E3"}}}
23:54:11.182 INFO  vert.x-eventloop-thread-0 BaseServiceProxy     : -> GET /v1/api/tickle,200|98ms
23:54:11.184 DEBUG vert.x-eventloop-thread-0 ClientPortalService  : tickle {"session":"c6cbc1f5fb4facdeac74afc497e4230e","ssoExpires":84637,"collission":false,"userId":50301190,"hmds":{"error":"no bridge"},"iserver":{"authStatus":{"authenticated":true,"established":true,"competing":false,"connected":true,"message":"","MAC":"06:A8:C0:D9:D5:E3","serverInfo":{"serverName":"JifS23097","serverVersion":"Build 10.44.1h, Apr 20, 2026 11:22:51 AM"},"hardware_info":"275c5aa2|06:A8:C0:D9:D5:E3"}}}
23:54:41.163 INFO  vert.x-eventloop-thread-0 BaseServiceProxy     : -> GET /v1/api/tickle,200|79ms
23:54:41.166 DEBUG vert.x-eventloop-thread-0 ClientPortalService  : tickle {"session":"c6cbc1f5fb4facdeac74afc497e4230e","ssoExpires":54659,"collission":false,"userId":50301190,"hmds":{"error":"no bridge"},"iserver":{"authStatus":{"authenticated":true,"established":true,"competing":false,"connected":true,"message":"","MAC":"06:A8:C0:D9:D5:E3","serverInfo":{"serverName":"JifS23097","serverVersion":"Build 10.44.1h, Apr 20, 2026 11:22:51 AM"},"hardware_info":"275c5aa2|06:A8:C0:D9:D5:E3"}}}
23:54:43.592 INFO  vert.x-eventloop-thread-0 BaseServiceProxy     : -> GET /v1/api/tickle,200|63ms
23:55:11.151 INFO  vert.x-eventloop-thread-0 BaseServiceProxy     : -> GET /v1/api/tickle,200|68ms
23:55:11.152 DEBUG vert.x-eventloop-thread-0 ClientPortalService  : tickle {"session":"c6cbc1f5fb4facdeac74afc497e4230e","ssoExpires":24669,"collission":false,"userId":50301190,"hmds":{"error":"no bridge"},"iserver":{"authStatus":{"authenticated":true,"established":true,"competing":false,"connected":true,"message":"","MAC":"06:A8:C0:D9:D5:E3","serverInfo":{"serverName":"JifS23097","serverVersion":"Build 10.44.1h, Apr 20, 2026 11:22:51 AM"},"hardware_info":"275c5aa2|06:A8:C0:D9:D5:E3"}}}
23:55:36.290 INFO  vert.x-eventloop-thread-0 BaseServiceProxy     : -> GET /sso/ping,200|289ms
23:55:36.291 INFO  vert.x-eventloop-thread-0 SsoService           : sso ping {"result": "true"}
23:55:41.157 INFO  vert.x-eventloop-thread-0 BaseServiceProxy     : -> GET /v1/api/tickle,200|73ms
23:55:41.157 DEBUG vert.x-eventloop-thread-0 ClientPortalService  : tickle {"session":"c6cbc1f5fb4facdeac74afc497e4230e","ssoExpires":600000,"collission":false,"userId":50301190,"hmds":{"error":"no bridge"},"iserver":{"authStatus":{"authenticated":true,"established":true,"competing":false,"connected":true,"message":"","MAC":"06:A8:C0:D9:D5:E3","serverInfo":{"serverName":"JifS23097","serverVersion":"Build 10.44.1h, Apr 20, 2026 11:22:51 AM"},"hardware_info":"275c5aa2|06:A8:C0:D9:D5:E3"}}}
23:56:11.168 INFO  vert.x-eventloop-thread-0 BaseServiceProxy     : -> GET /v1/api/tickle,200|84ms
23:56:11.170 DEBUG vert.x-eventloop-thread-0 ClientPortalService  : tickle {"session":"c6cbc1f5fb4facdeac74afc497e4230e","ssoExpires":570005,"collission":false,"userId":50301190,"hmds":{"error":"no bridge"},"iserver":{"authStatus":{"authenticated":true,"established":true,"competing":false,"connected":true,"message":"","MAC":"06:A8:C0:D9:D5:E3","serverInfo":{"serverName":"JifS23097","serverVersion":"Build 10.44.1h, Apr 20, 2026 11:22:51 AM"},"hardware_info":"275c5aa2|06:A8:C0:D9:D5:E3"}}}
23:56:41.499 INFO  vert.x-eventloop-thread-0 BaseServiceProxy     : -> GET /v1/api/tickle,200|416ms
23:56:41.500 DEBUG vert.x-eventloop-thread-0 ClientPortalService  : tickle {"session":"c6cbc1f5fb4facdeac74afc497e4230e","ssoExpires":539751,"collission":false,"userId":50301190,"hmds":{"error":"no bridge"},"iserver":{"authStatus":{"authenticated":true,"established":true,"competing":false,"connected":true,"message":"","MAC":"06:A8:C0:D9:D5:E3","serverInfo":{"serverName":"JifS23097","serverVersion":"Build 10.44.1h, Apr 20, 2026 11:22:51 AM"},"hardware_info":"275c5aa2|06:A8:C0:D9:D5:E3"}}}
23:57:11.145 INFO  vert.x-eventloop-thread-0 BaseServiceProxy     : -> GET /v1/api/tickle,200|62ms
23:57:11.146 DEBUG vert.x-eventloop-thread-0 ClientPortalService  : tickle {"session":"c6cbc1f5fb4facdeac74afc497e4230e","ssoExpires":510015,"collission":false,"userId":50301190,"hmds":{"error":"no bridge"},"iserver":{"authStatus":{"authenticated":true,"established":true,"competing":false,"connected":true,"message":"","MAC":"06:A8:C0:D9:D5:E3","serverInfo":{"serverName":"JifS23097","serverVersion":"Build 10.44.1h, Apr 20, 2026 11:22:51 AM"},"hardware_info":"275c5aa2|06:A8:C0:D9:D5:E3"}}}
23:57:41.152 INFO  vert.x-eventloop-thread-0 BaseServiceProxy     : -> GET /v1/api/tickle,200|69ms
23:57:41.154 DEBUG vert.x-eventloop-thread-0 ClientPortalService  : tickle {"session":"c6cbc1f5fb4facdeac74afc497e4230e","ssoExpires":480017,"collission":false,"userId":50301190,"hmds":{"error":"no bridge"},"iserver":{"authStatus":{"authenticated":true,"established":true,"competing":false,"connected":true,"message":"","MAC":"06:A8:C0:D9:D5:E3","serverInfo":{"serverName":"JifS23097","serverVersion":"Build 10.44.1h, Apr 20, 2026 11:22:51 AM"},"hardware_info":"275c5aa2|06:A8:C0:D9:D5:E3"}}}
23:57:43.834 INFO  vert.x-eventloop-thread-0 BaseServiceProxy     : -> GET /v1/api/tickle,200|125ms
23:58:11.147 INFO  vert.x-eventloop-thread-0 BaseServiceProxy     : -> GET /v1/api/tickle,200|64ms
23:58:11.147 DEBUG vert.x-eventloop-thread-0 ClientPortalService  : tickle {"session":"c6cbc1f5fb4facdeac74afc497e4230e","ssoExpires":450011,"collission":false,"userId":50301190,"hmds":{"error":"no bridge"},"iserver":{"authStatus":{"authenticated":true,"established":true,"competing":false,"connected":true,"message":"","MAC":"06:A8:C0:D9:D5:E3","serverInfo":{"serverName":"JifS23097","serverVersion":"Build 10.44.1h, Apr 20, 2026 11:22:51 AM"},"hardware_info":"275c5aa2|06:A8:C0:D9:D5:E3"}}}
23:58:33.245 INFO  vert.x-eventloop-thread-0 BaseServiceProxy     : -> GET /v1/api/iserver/secdef/search?symbol=U.UN&secType=STK,200|74ms
23:58:41.415 INFO  vert.x-eventloop-thread-0 BaseServiceProxy     : -> GET /v1/api/tickle,200|331ms
23:58:41.416 DEBUG vert.x-eventloop-thread-0 ClientPortalService  : tickle {"session":"c6cbc1f5fb4facdeac74afc497e4230e","ssoExpires":419775,"collission":false,"userId":50301190,"hmds":{"error":"no bridge"},"iserver":{"authStatus":{"authenticated":true,"established":true,"competing":false,"connected":true,"message":"","MAC":"06:A8:C0:D9:D5:E3","serverInfo":{"serverName":"JifS23097","serverVersion":"Build 10.44.1h, Apr 20, 2026 11:22:51 AM"},"hardware_info":"275c5aa2|06:A8:C0:D9:D5:E3"}}}
23:59:11.381 INFO  vert.x-eventloop-thread-0 BaseServiceProxy     : -> GET /v1/api/tickle,200|297ms
23:59:11.383 DEBUG vert.x-eventloop-thread-0 ClientPortalService  : tickle {"session":"c6cbc1f5fb4facdeac74afc497e4230e","ssoExpires":389781,"collission":false,"userId":50301190,"hmds":{"error":"no bridge"},"iserver":{"authStatus":{"authenticated":true,"established":true,"competing":false,"connected":true,"message":"","MAC":"06:A8:C0:D9:D5:E3","serverInfo":{"serverName":"JifS23097","serverVersion":"Build 10.44.1h, Apr 20, 2026 11:22:51 AM"},"hardware_info":"275c5aa2|06:A8:C0:D9:D5:E3"}}}
23:59:41.153 INFO  vert.x-eventloop-thread-0 BaseServiceProxy     : -> GET /v1/api/tickle,200|69ms
23:59:41.155 DEBUG vert.x-eventloop-thread-0 ClientPortalService  : tickle {"session":"c6cbc1f5fb4facdeac74afc497e4230e","ssoExpires":360006,"collission":false,"userId":50301190,"hmds":{"error":"no bridge"},"iserver":{"authStatus":{"authenticated":true,"established":true,"competing":false,"connected":true,"message":"","MAC":"06:A8:C0:D9:D5:E3","serverInfo":{"serverName":"JifS23097","serverVersion":"Build 10.44.1h, Apr 20, 2026 11:22:51 AM"},"hardware_info":"275c5aa2|06:A8:C0:D9:D5:E3"}}}
