18:04:58.001 INFO  main GatewayStart         : config ../root/conf.yaml !!ibgroup.web.core.clientportal.gw.Config
authDelay: 3000
ccp: false
cors: {origin.allowed: '*', allowCredentials: false}
ip2loc: US
ips:
  allow: [192.*, 131.216.*, 127.0.0.1]
  deny: [212.90.324.10]
listenPort: 8080
listenSsl: true
portalBaseURL: ''
proxyRemoteHost: https://api.ibkr.com
proxyRemoteSsl: true
sslCert: vertx.jks
sslPwd: mywebapi
ssoPing: 5
svcEnvironment: v1
tst: false
twsBaseURL: /tws.proxy
webApps:
- {cache: true, index: index.html, listing: false, name: demo, proxy: ''}

18:04:58.153 INFO  vert.x-eventloop-thread-0 GatewayHttpProxy     :  -> mount demo on /demo
18:04:58.179 INFO  vert.x-eventloop-thread-0 GatewayVerticle      : version: a27ed42161ad96c53e715ca5c5e3e3fa4cff5262 Mon, 24 Apr 2023 15:41:53 -0400
18:04:58.179 INFO  vert.x-eventloop-thread-0 GatewayVerticle      : Java Version: 17.0.10
18:05:02.913 WARN  vert.x-eventloop-thread-0 DefaultChannelPipeline : An exceptionCaught() event was fired, and it reached at the tail of the pipeline. It usually means the last handler in the pipeline did not handle the exception.
io.netty.handler.codec.DecoderException: javax.net.ssl.SSLHandshakeException: Received fatal alert: certificate_unknown
	at io.netty.handler.codec.ByteToMessageDecoder.callDecode(ByteToMessageDecoder.java:459)
	at io.netty.handler.codec.ByteToMessageDecoder.channelRead(ByteToMessageDecoder.java:265)
	at io.netty.channel.AbstractChannelHandlerContext.invokeChannelRead(AbstractChannelHandlerContext.java:362)
	at io.netty.channel.AbstractChannelHandlerContext.invokeChannelRead(AbstractChannelHandlerContext.java:348)
	at io.netty.channel.AbstractChannelHandlerContext.fireChannelRead(AbstractChannelHandlerContext.java:340)
	at io.netty.channel.DefaultChannelPipeline$HeadContext.channelRead(DefaultChannelPipeline.java:1359)
	at io.netty.channel.AbstractChannelHandlerContext.invokeChannelRead(AbstractChannelHandlerContext.java:362)
	at io.netty.channel.AbstractChannelHandlerContext.invokeChannelRead(AbstractChannelHandlerContext.java:348)
	at io.netty.channel.DefaultChannelPipeline.fireChannelRead(DefaultChannelPipeline.java:935)
	at io.netty.channel.nio.AbstractNioByteChannel$NioByteUnsafe.read(AbstractNioByteChannel.java:134)
	at io.netty.channel.nio.NioEventLoop.processSelectedKey(NioEventLoop.java:645)
	at io.netty.channel.nio.NioEventLoop.processSelectedKeysPlain(NioEventLoop.java:545)
	at io.netty.channel.nio.NioEventLoop.processSelectedKeys(NioEventLoop.java:499)
	at io.netty.channel.nio.NioEventLoop.run(NioEventLoop.java:459)
	at io.netty.util.concurrent.SingleThreadEventExecutor$5.run(SingleThreadEventExecutor.java:858)
	at java.base/java.lang.Thread.run(Thread.java:842)
Caused by: javax.net.ssl.SSLHandshakeException: Received fatal alert: certificate_unknown
	at java.base/sun.security.ssl.Alert.createSSLException(Alert.java:131)
	at java.base/sun.security.ssl.Alert.createSSLException(Alert.java:117)
	at java.base/sun.security.ssl.TransportContext.fatal(TransportContext.java:365)
	at java.base/sun.security.ssl.Alert$AlertConsumer.consume(Alert.java:293)
	at java.base/sun.security.ssl.TransportContext.dispatch(TransportContext.java:204)
	at java.base/sun.security.ssl.SSLTransport.decode(SSLTransport.java:172)
	at java.base/sun.security.ssl.SSLEngineImpl.decode(SSLEngineImpl.java:736)
	at java.base/sun.security.ssl.SSLEngineImpl.readRecord(SSLEngineImpl.java:691)
	at java.base/sun.security.ssl.SSLEngineImpl.unwrap(SSLEngineImpl.java:506)
	at java.base/sun.security.ssl.SSLEngineImpl.unwrap(SSLEngineImpl.java:482)
	at java.base/javax.net.ssl.SSLEngine.unwrap(SSLEngine.java:679)
	at io.netty.handler.ssl.SslHandler$SslEngineType$3.unwrap(SslHandler.java:281)
	at io.netty.handler.ssl.SslHandler.unwrap(SslHandler.java:1215)
	at io.netty.handler.ssl.SslHandler.decodeJdkCompatible(SslHandler.java:1127)
	at io.netty.handler.ssl.SslHandler.decode(SslHandler.java:1162)
	at io.netty.handler.codec.ByteToMessageDecoder.decodeRemovalReentryProtection(ByteToMessageDecoder.java:489)
	at io.netty.handler.codec.ByteToMessageDecoder.callDecode(ByteToMessageDecoder.java:428)
	... 15 common frames omitted
18:05:02.925 WARN  vert.x-eventloop-thread-0 DefaultChannelPipeline : An exceptionCaught() event was fired, and it reached at the tail of the pipeline. It usually means the last handler in the pipeline did not handle the exception.
io.netty.handler.codec.DecoderException: javax.net.ssl.SSLHandshakeException: Received fatal alert: certificate_unknown
	at io.netty.handler.codec.ByteToMessageDecoder.callDecode(ByteToMessageDecoder.java:459)
	at io.netty.handler.codec.ByteToMessageDecoder.channelRead(ByteToMessageDecoder.java:265)
	at io.netty.channel.AbstractChannelHandlerContext.invokeChannelRead(AbstractChannelHandlerContext.java:362)
	at io.netty.channel.AbstractChannelHandlerContext.invokeChannelRead(AbstractChannelHandlerContext.java:348)
	at io.netty.channel.AbstractChannelHandlerContext.fireChannelRead(AbstractChannelHandlerContext.java:340)
	at io.netty.channel.DefaultChannelPipeline$HeadContext.channelRead(DefaultChannelPipeline.java:1359)
	at io.netty.channel.AbstractChannelHandlerContext.invokeChannelRead(AbstractChannelHandlerContext.java:362)
	at io.netty.channel.AbstractChannelHandlerContext.invokeChannelRead(AbstractChannelHandlerContext.java:348)
	at io.netty.channel.DefaultChannelPipeline.fireChannelRead(DefaultChannelPipeline.java:935)
	at io.netty.channel.nio.AbstractNioByteChannel$NioByteUnsafe.read(AbstractNioByteChannel.java:134)
	at io.netty.channel.nio.NioEventLoop.processSelectedKey(NioEventLoop.java:645)
	at io.netty.channel.nio.NioEventLoop.processSelectedKeysPlain(NioEventLoop.java:545)
	at io.netty.channel.nio.NioEventLoop.processSelectedKeys(NioEventLoop.java:499)
	at io.netty.channel.nio.NioEventLoop.run(NioEventLoop.java:459)
	at io.netty.util.concurrent.SingleThreadEventExecutor$5.run(SingleThreadEventExecutor.java:858)
	at java.base/java.lang.Thread.run(Thread.java:842)
Caused by: javax.net.ssl.SSLHandshakeException: Received fatal alert: certificate_unknown
	at java.base/sun.security.ssl.Alert.createSSLException(Alert.java:131)
	at java.base/sun.security.ssl.Alert.createSSLException(Alert.java:117)
	at java.base/sun.security.ssl.TransportContext.fatal(TransportContext.java:365)
	at java.base/sun.security.ssl.Alert$AlertConsumer.consume(Alert.java:293)
	at java.base/sun.security.ssl.TransportContext.dispatch(TransportContext.java:204)
	at java.base/sun.security.ssl.SSLTransport.decode(SSLTransport.java:172)
	at java.base/sun.security.ssl.SSLEngineImpl.decode(SSLEngineImpl.java:736)
	at java.base/sun.security.ssl.SSLEngineImpl.readRecord(SSLEngineImpl.java:691)
	at java.base/sun.security.ssl.SSLEngineImpl.unwrap(SSLEngineImpl.java:506)
	at java.base/sun.security.ssl.SSLEngineImpl.unwrap(SSLEngineImpl.java:482)
	at java.base/javax.net.ssl.SSLEngine.unwrap(SSLEngine.java:679)
	at io.netty.handler.ssl.SslHandler$SslEngineType$3.unwrap(SslHandler.java:281)
	at io.netty.handler.ssl.SslHandler.unwrap(SslHandler.java:1215)
	at io.netty.handler.ssl.SslHandler.decodeJdkCompatible(SslHandler.java:1127)
	at io.netty.handler.ssl.SslHandler.decode(SslHandler.java:1162)
	at io.netty.handler.codec.ByteToMessageDecoder.decodeRemovalReentryProtection(ByteToMessageDecoder.java:489)
	at io.netty.handler.codec.ByteToMessageDecoder.callDecode(ByteToMessageDecoder.java:428)
	... 15 common frames omitted
18:05:03.338 INFO  vert.x-eventloop-thread-0 BaseServiceProxy     : -> GET /sso/Login?forwardTo=22&RL=1&ip2loc=US,200|373ms
18:05:03.340 INFO  vert.x-eventloop-thread-0 CookieManager        : set cookies [partnerID=""; Domain=.ibkr.com; Expires=Thu, 01 Jan 1970 00:00:10 GMT; Path=/;Secure;SameSite=None, partnerID=""; Domain=.ibkr.com; Expires=Thu, 01 Jan 1970 00:00:10 GMT; Path=/;Secure;SameSite=None, URL_PARAM=forwardTo%3D22&RL%3D1&ip2loc%3DUS; Domain=.ibkr.com; Path=/;Secure, JSESSIONID=A81F994752E09F991676E0715E82D878.ny5wwwdam2-internet; Path=/sso; HttpOnly;Secure;SameSite=None, x-sess-uuid=0.a7af74cb.1775815503.745c585; secure; HttpOnly]
18:05:03.343 DEBUG vert.x-eventloop-thread-0 BaseServiceProxy     : Remapping Set-cookies [partnerID=""; Domain=.ibkr.com; Expires=Thu, 01 Jan 1970 00:00:10 GMT; Path=/;Secure;SameSite=None, partnerID=""; Domain=.ibkr.com; Expires=Thu, 01 Jan 1970 00:00:10 GMT; Path=/;Secure;SameSite=None, URL_PARAM=forwardTo%3D22&RL%3D1&ip2loc%3DUS; Domain=.ibkr.com; Path=/;Secure, JSESSIONID=A81F994752E09F991676E0715E82D878.ny5wwwdam2-internet; Path=/sso; HttpOnly;Secure;SameSite=None, x-sess-uuid=0.a7af74cb.1775815503.745c585; secure; HttpOnly] -> 
18:05:03.421 WARN  vert.x-eventloop-thread-0 DefaultChannelPipeline : An exceptionCaught() event was fired, and it reached at the tail of the pipeline. It usually means the last handler in the pipeline did not handle the exception.
io.netty.handler.codec.DecoderException: javax.net.ssl.SSLHandshakeException: Received fatal alert: certificate_unknown
	at io.netty.handler.codec.ByteToMessageDecoder.callDecode(ByteToMessageDecoder.java:459)
	at io.netty.handler.codec.ByteToMessageDecoder.channelRead(ByteToMessageDecoder.java:265)
	at io.netty.channel.AbstractChannelHandlerContext.invokeChannelRead(AbstractChannelHandlerContext.java:362)
	at io.netty.channel.AbstractChannelHandlerContext.invokeChannelRead(AbstractChannelHandlerContext.java:348)
	at io.netty.channel.AbstractChannelHandlerContext.fireChannelRead(AbstractChannelHandlerContext.java:340)
	at io.netty.channel.DefaultChannelPipeline$HeadContext.channelRead(DefaultChannelPipeline.java:1359)
	at io.netty.channel.AbstractChannelHandlerContext.invokeChannelRead(AbstractChannelHandlerContext.java:362)
	at io.netty.channel.AbstractChannelHandlerContext.invokeChannelRead(AbstractChannelHandlerContext.java:348)
	at io.netty.channel.DefaultChannelPipeline.fireChannelRead(DefaultChannelPipeline.java:935)
	at io.netty.channel.nio.AbstractNioByteChannel$NioByteUnsafe.read(AbstractNioByteChannel.java:134)
	at io.netty.channel.nio.NioEventLoop.processSelectedKey(NioEventLoop.java:645)
	at io.netty.channel.nio.NioEventLoop.processSelectedKeysPlain(NioEventLoop.java:545)
	at io.netty.channel.nio.NioEventLoop.processSelectedKeys(NioEventLoop.java:499)
	at io.netty.channel.nio.NioEventLoop.run(NioEventLoop.java:459)
	at io.netty.util.concurrent.SingleThreadEventExecutor$5.run(SingleThreadEventExecutor.java:858)
	at java.base/java.lang.Thread.run(Thread.java:842)
Caused by: javax.net.ssl.SSLHandshakeException: Received fatal alert: certificate_unknown
	at java.base/sun.security.ssl.Alert.createSSLException(Alert.java:131)
	at java.base/sun.security.ssl.Alert.createSSLException(Alert.java:117)
	at java.base/sun.security.ssl.TransportContext.fatal(TransportContext.java:365)
	at java.base/sun.security.ssl.Alert$AlertConsumer.consume(Alert.java:293)
	at java.base/sun.security.ssl.TransportContext.dispatch(TransportContext.java:204)
	at java.base/sun.security.ssl.SSLTransport.decode(SSLTransport.java:172)
	at java.base/sun.security.ssl.SSLEngineImpl.decode(SSLEngineImpl.java:736)
	at java.base/sun.security.ssl.SSLEngineImpl.readRecord(SSLEngineImpl.java:691)
	at java.base/sun.security.ssl.SSLEngineImpl.unwrap(SSLEngineImpl.java:506)
	at java.base/sun.security.ssl.SSLEngineImpl.unwrap(SSLEngineImpl.java:482)
	at java.base/javax.net.ssl.SSLEngine.unwrap(SSLEngine.java:679)
	at io.netty.handler.ssl.SslHandler$SslEngineType$3.unwrap(SslHandler.java:281)
	at io.netty.handler.ssl.SslHandler.unwrap(SslHandler.java:1215)
	at io.netty.handler.ssl.SslHandler.decodeJdkCompatible(SslHandler.java:1127)
	at io.netty.handler.ssl.SslHandler.decode(SslHandler.java:1162)
	at io.netty.handler.codec.ByteToMessageDecoder.decodeRemovalReentryProtection(ByteToMessageDecoder.java:489)
	at io.netty.handler.codec.ByteToMessageDecoder.callDecode(ByteToMessageDecoder.java:428)
	... 15 common frames omitted
18:05:03.422 WARN  vert.x-eventloop-thread-0 DefaultChannelPipeline : An exceptionCaught() event was fired, and it reached at the tail of the pipeline. It usually means the last handler in the pipeline did not handle the exception.
io.netty.handler.codec.DecoderException: javax.net.ssl.SSLHandshakeException: Received fatal alert: certificate_unknown
	at io.netty.handler.codec.ByteToMessageDecoder.callDecode(ByteToMessageDecoder.java:459)
	at io.netty.handler.codec.ByteToMessageDecoder.channelRead(ByteToMessageDecoder.java:265)
	at io.netty.channel.AbstractChannelHandlerContext.invokeChannelRead(AbstractChannelHandlerContext.java:362)
	at io.netty.channel.AbstractChannelHandlerContext.invokeChannelRead(AbstractChannelHandlerContext.java:348)
	at io.netty.channel.AbstractChannelHandlerContext.fireChannelRead(AbstractChannelHandlerContext.java:340)
	at io.netty.channel.DefaultChannelPipeline$HeadContext.channelRead(DefaultChannelPipeline.java:1359)
	at io.netty.channel.AbstractChannelHandlerContext.invokeChannelRead(AbstractChannelHandlerContext.java:362)
	at io.netty.channel.AbstractChannelHandlerContext.invokeChannelRead(AbstractChannelHandlerContext.java:348)
	at io.netty.channel.DefaultChannelPipeline.fireChannelRead(DefaultChannelPipeline.java:935)
	at io.netty.channel.nio.AbstractNioByteChannel$NioByteUnsafe.read(AbstractNioByteChannel.java:134)
	at io.netty.channel.nio.NioEventLoop.processSelectedKey(NioEventLoop.java:645)
	at io.netty.channel.nio.NioEventLoop.processSelectedKeysPlain(NioEventLoop.java:545)
	at io.netty.channel.nio.NioEventLoop.processSelectedKeys(NioEventLoop.java:499)
	at io.netty.channel.nio.NioEventLoop.run(NioEventLoop.java:459)
	at io.netty.util.concurrent.SingleThreadEventExecutor$5.run(SingleThreadEventExecutor.java:858)
	at java.base/java.lang.Thread.run(Thread.java:842)
Caused by: javax.net.ssl.SSLHandshakeException: Received fatal alert: certificate_unknown
	at java.base/sun.security.ssl.Alert.createSSLException(Alert.java:131)
	at java.base/sun.security.ssl.Alert.createSSLException(Alert.java:117)
	at java.base/sun.security.ssl.TransportContext.fatal(TransportContext.java:365)
	at java.base/sun.security.ssl.Alert$AlertConsumer.consume(Alert.java:293)
	at java.base/sun.security.ssl.TransportContext.dispatch(TransportContext.java:204)
	at java.base/sun.security.ssl.SSLTransport.decode(SSLTransport.java:172)
	at java.base/sun.security.ssl.SSLEngineImpl.decode(SSLEngineImpl.java:736)
	at java.base/sun.security.ssl.SSLEngineImpl.readRecord(SSLEngineImpl.java:691)
	at java.base/sun.security.ssl.SSLEngineImpl.unwrap(SSLEngineImpl.java:506)
	at java.base/sun.security.ssl.SSLEngineImpl.unwrap(SSLEngineImpl.java:482)
	at java.base/javax.net.ssl.SSLEngine.unwrap(SSLEngine.java:679)
	at io.netty.handler.ssl.SslHandler$SslEngineType$3.unwrap(SslHandler.java:281)
	at io.netty.handler.ssl.SslHandler.unwrap(SslHandler.java:1215)
	at io.netty.handler.ssl.SslHandler.decodeJdkCompatible(SslHandler.java:1127)
	at io.netty.handler.ssl.SslHandler.decode(SslHandler.java:1162)
	at io.netty.handler.codec.ByteToMessageDecoder.decodeRemovalReentryProtection(ByteToMessageDecoder.java:489)
	at io.netty.handler.codec.ByteToMessageDecoder.callDecode(ByteToMessageDecoder.java:428)
	... 15 common frames omitted
18:05:03.422 WARN  vert.x-eventloop-thread-0 DefaultChannelPipeline : An exceptionCaught() event was fired, and it reached at the tail of the pipeline. It usually means the last handler in the pipeline did not handle the exception.
io.netty.handler.codec.DecoderException: javax.net.ssl.SSLHandshakeException: Received fatal alert: certificate_unknown
	at io.netty.handler.codec.ByteToMessageDecoder.callDecode(ByteToMessageDecoder.java:459)
	at io.netty.handler.codec.ByteToMessageDecoder.channelRead(ByteToMessageDecoder.java:265)
	at io.netty.channel.AbstractChannelHandlerContext.invokeChannelRead(AbstractChannelHandlerContext.java:362)
	at io.netty.channel.AbstractChannelHandlerContext.invokeChannelRead(AbstractChannelHandlerContext.java:348)
	at io.netty.channel.AbstractChannelHandlerContext.fireChannelRead(AbstractChannelHandlerContext.java:340)
	at io.netty.channel.DefaultChannelPipeline$HeadContext.channelRead(DefaultChannelPipeline.java:1359)
	at io.netty.channel.AbstractChannelHandlerContext.invokeChannelRead(AbstractChannelHandlerContext.java:362)
	at io.netty.channel.AbstractChannelHandlerContext.invokeChannelRead(AbstractChannelHandlerContext.java:348)
	at io.netty.channel.DefaultChannelPipeline.fireChannelRead(DefaultChannelPipeline.java:935)
	at io.netty.channel.nio.AbstractNioByteChannel$NioByteUnsafe.read(AbstractNioByteChannel.java:134)
	at io.netty.channel.nio.NioEventLoop.processSelectedKey(NioEventLoop.java:645)
	at io.netty.channel.nio.NioEventLoop.processSelectedKeysPlain(NioEventLoop.java:545)
	at io.netty.channel.nio.NioEventLoop.processSelectedKeys(NioEventLoop.java:499)
	at io.netty.channel.nio.NioEventLoop.run(NioEventLoop.java:459)
	at io.netty.util.concurrent.SingleThreadEventExecutor$5.run(SingleThreadEventExecutor.java:858)
	at java.base/java.lang.Thread.run(Thread.java:842)
Caused by: javax.net.ssl.SSLHandshakeException: Received fatal alert: certificate_unknown
	at java.base/sun.security.ssl.Alert.createSSLException(Alert.java:131)
	at java.base/sun.security.ssl.Alert.createSSLException(Alert.java:117)
	at java.base/sun.security.ssl.TransportContext.fatal(TransportContext.java:365)
	at java.base/sun.security.ssl.Alert$AlertConsumer.consume(Alert.java:293)
	at java.base/sun.security.ssl.TransportContext.dispatch(TransportContext.java:204)
	at java.base/sun.security.ssl.SSLTransport.decode(SSLTransport.java:172)
	at java.base/sun.security.ssl.SSLEngineImpl.decode(SSLEngineImpl.java:736)
	at java.base/sun.security.ssl.SSLEngineImpl.readRecord(SSLEngineImpl.java:691)
	at java.base/sun.security.ssl.SSLEngineImpl.unwrap(SSLEngineImpl.java:506)
	at java.base/sun.security.ssl.SSLEngineImpl.unwrap(SSLEngineImpl.java:482)
	at java.base/javax.net.ssl.SSLEngine.unwrap(SSLEngine.java:679)
	at io.netty.handler.ssl.SslHandler$SslEngineType$3.unwrap(SslHandler.java:281)
	at io.netty.handler.ssl.SslHandler.unwrap(SslHandler.java:1215)
	at io.netty.handler.ssl.SslHandler.decodeJdkCompatible(SslHandler.java:1127)
	at io.netty.handler.ssl.SslHandler.decode(SslHandler.java:1162)
	at io.netty.handler.codec.ByteToMessageDecoder.decodeRemovalReentryProtection(ByteToMessageDecoder.java:489)
	at io.netty.handler.codec.ByteToMessageDecoder.callDecode(ByteToMessageDecoder.java:428)
	... 15 common frames omitted
18:05:03.425 WARN  vert.x-eventloop-thread-0 DefaultChannelPipeline : An exceptionCaught() event was fired, and it reached at the tail of the pipeline. It usually means the last handler in the pipeline did not handle the exception.
io.netty.handler.codec.DecoderException: javax.net.ssl.SSLHandshakeException: Received fatal alert: certificate_unknown
	at io.netty.handler.codec.ByteToMessageDecoder.callDecode(ByteToMessageDecoder.java:459)
	at io.netty.handler.codec.ByteToMessageDecoder.channelRead(ByteToMessageDecoder.java:265)
	at io.netty.channel.AbstractChannelHandlerContext.invokeChannelRead(AbstractChannelHandlerContext.java:362)
	at io.netty.channel.AbstractChannelHandlerContext.invokeChannelRead(AbstractChannelHandlerContext.java:348)
	at io.netty.channel.AbstractChannelHandlerContext.fireChannelRead(AbstractChannelHandlerContext.java:340)
	at io.netty.channel.DefaultChannelPipeline$HeadContext.channelRead(DefaultChannelPipeline.java:1359)
	at io.netty.channel.AbstractChannelHandlerContext.invokeChannelRead(AbstractChannelHandlerContext.java:362)
	at io.netty.channel.AbstractChannelHandlerContext.invokeChannelRead(AbstractChannelHandlerContext.java:348)
	at io.netty.channel.DefaultChannelPipeline.fireChannelRead(DefaultChannelPipeline.java:935)
	at io.netty.channel.nio.AbstractNioByteChannel$NioByteUnsafe.read(AbstractNioByteChannel.java:134)
	at io.netty.channel.nio.NioEventLoop.processSelectedKey(NioEventLoop.java:645)
	at io.netty.channel.nio.NioEventLoop.processSelectedKeysPlain(NioEventLoop.java:545)
	at io.netty.channel.nio.NioEventLoop.processSelectedKeys(NioEventLoop.java:499)
	at io.netty.channel.nio.NioEventLoop.run(NioEventLoop.java:459)
	at io.netty.util.concurrent.SingleThreadEventExecutor$5.run(SingleThreadEventExecutor.java:858)
	at java.base/java.lang.Thread.run(Thread.java:842)
Caused by: javax.net.ssl.SSLHandshakeException: Received fatal alert: certificate_unknown
	at java.base/sun.security.ssl.Alert.createSSLException(Alert.java:131)
	at java.base/sun.security.ssl.Alert.createSSLException(Alert.java:117)
	at java.base/sun.security.ssl.TransportContext.fatal(TransportContext.java:365)
	at java.base/sun.security.ssl.Alert$AlertConsumer.consume(Alert.java:293)
	at java.base/sun.security.ssl.TransportContext.dispatch(TransportContext.java:204)
	at java.base/sun.security.ssl.SSLTransport.decode(SSLTransport.java:172)
	at java.base/sun.security.ssl.SSLEngineImpl.decode(SSLEngineImpl.java:736)
	at java.base/sun.security.ssl.SSLEngineImpl.readRecord(SSLEngineImpl.java:691)
	at java.base/sun.security.ssl.SSLEngineImpl.unwrap(SSLEngineImpl.java:506)
	at java.base/sun.security.ssl.SSLEngineImpl.unwrap(SSLEngineImpl.java:482)
	at java.base/javax.net.ssl.SSLEngine.unwrap(SSLEngine.java:679)
	at io.netty.handler.ssl.SslHandler$SslEngineType$3.unwrap(SslHandler.java:281)
	at io.netty.handler.ssl.SslHandler.unwrap(SslHandler.java:1215)
	at io.netty.handler.ssl.SslHandler.decodeJdkCompatible(SslHandler.java:1127)
	at io.netty.handler.ssl.SslHandler.decode(SslHandler.java:1162)
	at io.netty.handler.codec.ByteToMessageDecoder.decodeRemovalReentryProtection(ByteToMessageDecoder.java:489)
	at io.netty.handler.codec.ByteToMessageDecoder.callDecode(ByteToMessageDecoder.java:428)
	... 15 common frames omitted
18:05:03.429 WARN  vert.x-eventloop-thread-0 DefaultChannelPipeline : An exceptionCaught() event was fired, and it reached at the tail of the pipeline. It usually means the last handler in the pipeline did not handle the exception.
io.netty.handler.codec.DecoderException: javax.net.ssl.SSLHandshakeException: Received fatal alert: certificate_unknown
	at io.netty.handler.codec.ByteToMessageDecoder.callDecode(ByteToMessageDecoder.java:459)
	at io.netty.handler.codec.ByteToMessageDecoder.channelRead(ByteToMessageDecoder.java:265)
	at io.netty.channel.AbstractChannelHandlerContext.invokeChannelRead(AbstractChannelHandlerContext.java:362)
	at io.netty.channel.AbstractChannelHandlerContext.invokeChannelRead(AbstractChannelHandlerContext.java:348)
	at io.netty.channel.AbstractChannelHandlerContext.fireChannelRead(AbstractChannelHandlerContext.java:340)
	at io.netty.channel.DefaultChannelPipeline$HeadContext.channelRead(DefaultChannelPipeline.java:1359)
	at io.netty.channel.AbstractChannelHandlerContext.invokeChannelRead(AbstractChannelHandlerContext.java:362)
	at io.netty.channel.AbstractChannelHandlerContext.invokeChannelRead(AbstractChannelHandlerContext.java:348)
	at io.netty.channel.DefaultChannelPipeline.fireChannelRead(DefaultChannelPipeline.java:935)
	at io.netty.channel.nio.AbstractNioByteChannel$NioByteUnsafe.read(AbstractNioByteChannel.java:134)
	at io.netty.channel.nio.NioEventLoop.processSelectedKey(NioEventLoop.java:645)
	at io.netty.channel.nio.NioEventLoop.processSelectedKeysPlain(NioEventLoop.java:545)
	at io.netty.channel.nio.NioEventLoop.processSelectedKeys(NioEventLoop.java:499)
	at io.netty.channel.nio.NioEventLoop.run(NioEventLoop.java:459)
	at io.netty.util.concurrent.SingleThreadEventExecutor$5.run(SingleThreadEventExecutor.java:858)
	at java.base/java.lang.Thread.run(Thread.java:842)
Caused by: javax.net.ssl.SSLHandshakeException: Received fatal alert: certificate_unknown
	at java.base/sun.security.ssl.Alert.createSSLException(Alert.java:131)
	at java.base/sun.security.ssl.Alert.createSSLException(Alert.java:117)
	at java.base/sun.security.ssl.TransportContext.fatal(TransportContext.java:365)
	at java.base/sun.security.ssl.Alert$AlertConsumer.consume(Alert.java:293)
	at java.base/sun.security.ssl.TransportContext.dispatch(TransportContext.java:204)
	at java.base/sun.security.ssl.SSLTransport.decode(SSLTransport.java:172)
	at java.base/sun.security.ssl.SSLEngineImpl.decode(SSLEngineImpl.java:736)
	at java.base/sun.security.ssl.SSLEngineImpl.readRecord(SSLEngineImpl.java:691)
	at java.base/sun.security.ssl.SSLEngineImpl.unwrap(SSLEngineImpl.java:506)
	at java.base/sun.security.ssl.SSLEngineImpl.unwrap(SSLEngineImpl.java:482)
	at java.base/javax.net.ssl.SSLEngine.unwrap(SSLEngine.java:679)
	at io.netty.handler.ssl.SslHandler$SslEngineType$3.unwrap(SslHandler.java:281)
	at io.netty.handler.ssl.SslHandler.unwrap(SslHandler.java:1215)
	at io.netty.handler.ssl.SslHandler.decodeJdkCompatible(SslHandler.java:1127)
	at io.netty.handler.ssl.SslHandler.decode(SslHandler.java:1162)
	at io.netty.handler.codec.ByteToMessageDecoder.decodeRemovalReentryProtection(ByteToMessageDecoder.java:489)
	at io.netty.handler.codec.ByteToMessageDecoder.callDecode(ByteToMessageDecoder.java:428)
	... 15 common frames omitted
18:05:03.433 WARN  vert.x-eventloop-thread-0 DefaultChannelPipeline : An exceptionCaught() event was fired, and it reached at the tail of the pipeline. It usually means the last handler in the pipeline did not handle the exception.
io.netty.handler.codec.DecoderException: javax.net.ssl.SSLHandshakeException: Received fatal alert: certificate_unknown
	at io.netty.handler.codec.ByteToMessageDecoder.callDecode(ByteToMessageDecoder.java:459)
	at io.netty.handler.codec.ByteToMessageDecoder.channelRead(ByteToMessageDecoder.java:265)
	at io.netty.channel.AbstractChannelHandlerContext.invokeChannelRead(AbstractChannelHandlerContext.java:362)
	at io.netty.channel.AbstractChannelHandlerContext.invokeChannelRead(AbstractChannelHandlerContext.java:348)
	at io.netty.channel.AbstractChannelHandlerContext.fireChannelRead(AbstractChannelHandlerContext.java:340)
	at io.netty.channel.DefaultChannelPipeline$HeadContext.channelRead(DefaultChannelPipeline.java:1359)
	at io.netty.channel.AbstractChannelHandlerContext.invokeChannelRead(AbstractChannelHandlerContext.java:362)
	at io.netty.channel.AbstractChannelHandlerContext.invokeChannelRead(AbstractChannelHandlerContext.java:348)
	at io.netty.channel.DefaultChannelPipeline.fireChannelRead(DefaultChannelPipeline.java:935)
	at io.netty.channel.nio.AbstractNioByteChannel$NioByteUnsafe.read(AbstractNioByteChannel.java:134)
	at io.netty.channel.nio.NioEventLoop.processSelectedKey(NioEventLoop.java:645)
	at io.netty.channel.nio.NioEventLoop.processSelectedKeysPlain(NioEventLoop.java:545)
	at io.netty.channel.nio.NioEventLoop.processSelectedKeys(NioEventLoop.java:499)
	at io.netty.channel.nio.NioEventLoop.run(NioEventLoop.java:459)
	at io.netty.util.concurrent.SingleThreadEventExecutor$5.run(SingleThreadEventExecutor.java:858)
	at java.base/java.lang.Thread.run(Thread.java:842)
Caused by: javax.net.ssl.SSLHandshakeException: Received fatal alert: certificate_unknown
	at java.base/sun.security.ssl.Alert.createSSLException(Alert.java:131)
	at java.base/sun.security.ssl.Alert.createSSLException(Alert.java:117)
	at java.base/sun.security.ssl.TransportContext.fatal(TransportContext.java:365)
	at java.base/sun.security.ssl.Alert$AlertConsumer.consume(Alert.java:293)
	at java.base/sun.security.ssl.TransportContext.dispatch(TransportContext.java:204)
	at java.base/sun.security.ssl.SSLTransport.decode(SSLTransport.java:172)
	at java.base/sun.security.ssl.SSLEngineImpl.decode(SSLEngineImpl.java:736)
	at java.base/sun.security.ssl.SSLEngineImpl.readRecord(SSLEngineImpl.java:691)
	at java.base/sun.security.ssl.SSLEngineImpl.unwrap(SSLEngineImpl.java:506)
	at java.base/sun.security.ssl.SSLEngineImpl.unwrap(SSLEngineImpl.java:482)
	at java.base/javax.net.ssl.SSLEngine.unwrap(SSLEngine.java:679)
	at io.netty.handler.ssl.SslHandler$SslEngineType$3.unwrap(SslHandler.java:281)
	at io.netty.handler.ssl.SslHandler.unwrap(SslHandler.java:1215)
	at io.netty.handler.ssl.SslHandler.decodeJdkCompatible(SslHandler.java:1127)
	at io.netty.handler.ssl.SslHandler.decode(SslHandler.java:1162)
	at io.netty.handler.codec.ByteToMessageDecoder.decodeRemovalReentryProtection(ByteToMessageDecoder.java:489)
	at io.netty.handler.codec.ByteToMessageDecoder.callDecode(ByteToMessageDecoder.java:428)
	... 15 common frames omitted
18:05:03.436 WARN  vert.x-eventloop-thread-0 DefaultChannelPipeline : An exceptionCaught() event was fired, and it reached at the tail of the pipeline. It usually means the last handler in the pipeline did not handle the exception.
io.netty.handler.codec.DecoderException: javax.net.ssl.SSLHandshakeException: Received fatal alert: certificate_unknown
	at io.netty.handler.codec.ByteToMessageDecoder.callDecode(ByteToMessageDecoder.java:459)
	at io.netty.handler.codec.ByteToMessageDecoder.channelRead(ByteToMessageDecoder.java:265)
	at io.netty.channel.AbstractChannelHandlerContext.invokeChannelRead(AbstractChannelHandlerContext.java:362)
	at io.netty.channel.AbstractChannelHandlerContext.invokeChannelRead(AbstractChannelHandlerContext.java:348)
	at io.netty.channel.AbstractChannelHandlerContext.fireChannelRead(AbstractChannelHandlerContext.java:340)
	at io.netty.channel.DefaultChannelPipeline$HeadContext.channelRead(DefaultChannelPipeline.java:1359)
	at io.netty.channel.AbstractChannelHandlerContext.invokeChannelRead(AbstractChannelHandlerContext.java:362)
	at io.netty.channel.AbstractChannelHandlerContext.invokeChannelRead(AbstractChannelHandlerContext.java:348)
	at io.netty.channel.DefaultChannelPipeline.fireChannelRead(DefaultChannelPipeline.java:935)
	at io.netty.channel.nio.AbstractNioByteChannel$NioByteUnsafe.read(AbstractNioByteChannel.java:134)
	at io.netty.channel.nio.NioEventLoop.processSelectedKey(NioEventLoop.java:645)
	at io.netty.channel.nio.NioEventLoop.processSelectedKeysPlain(NioEventLoop.java:545)
	at io.netty.channel.nio.NioEventLoop.processSelectedKeys(NioEventLoop.java:499)
	at io.netty.channel.nio.NioEventLoop.run(NioEventLoop.java:459)
	at io.netty.util.concurrent.SingleThreadEventExecutor$5.run(SingleThreadEventExecutor.java:858)
	at java.base/java.lang.Thread.run(Thread.java:842)
Caused by: javax.net.ssl.SSLHandshakeException: Received fatal alert: certificate_unknown
	at java.base/sun.security.ssl.Alert.createSSLException(Alert.java:131)
	at java.base/sun.security.ssl.Alert.createSSLException(Alert.java:117)
	at java.base/sun.security.ssl.TransportContext.fatal(TransportContext.java:365)
	at java.base/sun.security.ssl.Alert$AlertConsumer.consume(Alert.java:293)
	at java.base/sun.security.ssl.TransportContext.dispatch(TransportContext.java:204)
	at java.base/sun.security.ssl.SSLTransport.decode(SSLTransport.java:172)
	at java.base/sun.security.ssl.SSLEngineImpl.decode(SSLEngineImpl.java:736)
	at java.base/sun.security.ssl.SSLEngineImpl.readRecord(SSLEngineImpl.java:691)
	at java.base/sun.security.ssl.SSLEngineImpl.unwrap(SSLEngineImpl.java:506)
	at java.base/sun.security.ssl.SSLEngineImpl.unwrap(SSLEngineImpl.java:482)
	at java.base/javax.net.ssl.SSLEngine.unwrap(SSLEngine.java:679)
	at io.netty.handler.ssl.SslHandler$SslEngineType$3.unwrap(SslHandler.java:281)
	at io.netty.handler.ssl.SslHandler.unwrap(SslHandler.java:1215)
	at io.netty.handler.ssl.SslHandler.decodeJdkCompatible(SslHandler.java:1127)
	at io.netty.handler.ssl.SslHandler.decode(SslHandler.java:1162)
	at io.netty.handler.codec.ByteToMessageDecoder.decodeRemovalReentryProtection(ByteToMessageDecoder.java:489)
	at io.netty.handler.codec.ByteToMessageDecoder.callDecode(ByteToMessageDecoder.java:428)
	... 15 common frames omitted
18:05:03.439 WARN  vert.x-eventloop-thread-0 DefaultChannelPipeline : An exceptionCaught() event was fired, and it reached at the tail of the pipeline. It usually means the last handler in the pipeline did not handle the exception.
io.netty.handler.codec.DecoderException: javax.net.ssl.SSLHandshakeException: Received fatal alert: certificate_unknown
	at io.netty.handler.codec.ByteToMessageDecoder.callDecode(ByteToMessageDecoder.java:459)
	at io.netty.handler.codec.ByteToMessageDecoder.channelRead(ByteToMessageDecoder.java:265)
	at io.netty.channel.AbstractChannelHandlerContext.invokeChannelRead(AbstractChannelHandlerContext.java:362)
	at io.netty.channel.AbstractChannelHandlerContext.invokeChannelRead(AbstractChannelHandlerContext.java:348)
	at io.netty.channel.AbstractChannelHandlerContext.fireChannelRead(AbstractChannelHandlerContext.java:340)
	at io.netty.channel.DefaultChannelPipeline$HeadContext.channelRead(DefaultChannelPipeline.java:1359)
	at io.netty.channel.AbstractChannelHandlerContext.invokeChannelRead(AbstractChannelHandlerContext.java:362)
	at io.netty.channel.AbstractChannelHandlerContext.invokeChannelRead(AbstractChannelHandlerContext.java:348)
	at io.netty.channel.DefaultChannelPipeline.fireChannelRead(DefaultChannelPipeline.java:935)
	at io.netty.channel.nio.AbstractNioByteChannel$NioByteUnsafe.read(AbstractNioByteChannel.java:134)
	at io.netty.channel.nio.NioEventLoop.processSelectedKey(NioEventLoop.java:645)
	at io.netty.channel.nio.NioEventLoop.processSelectedKeysPlain(NioEventLoop.java:545)
	at io.netty.channel.nio.NioEventLoop.processSelectedKeys(NioEventLoop.java:499)
	at io.netty.channel.nio.NioEventLoop.run(NioEventLoop.java:459)
	at io.netty.util.concurrent.SingleThreadEventExecutor$5.run(SingleThreadEventExecutor.java:858)
	at java.base/java.lang.Thread.run(Thread.java:842)
Caused by: javax.net.ssl.SSLHandshakeException: Received fatal alert: certificate_unknown
	at java.base/sun.security.ssl.Alert.createSSLException(Alert.java:131)
	at java.base/sun.security.ssl.Alert.createSSLException(Alert.java:117)
	at java.base/sun.security.ssl.TransportContext.fatal(TransportContext.java:365)
	at java.base/sun.security.ssl.Alert$AlertConsumer.consume(Alert.java:293)
	at java.base/sun.security.ssl.TransportContext.dispatch(TransportContext.java:204)
	at java.base/sun.security.ssl.SSLTransport.decode(SSLTransport.java:172)
	at java.base/sun.security.ssl.SSLEngineImpl.decode(SSLEngineImpl.java:736)
	at java.base/sun.security.ssl.SSLEngineImpl.readRecord(SSLEngineImpl.java:691)
	at java.base/sun.security.ssl.SSLEngineImpl.unwrap(SSLEngineImpl.java:506)
	at java.base/sun.security.ssl.SSLEngineImpl.unwrap(SSLEngineImpl.java:482)
	at java.base/javax.net.ssl.SSLEngine.unwrap(SSLEngine.java:679)
	at io.netty.handler.ssl.SslHandler$SslEngineType$3.unwrap(SslHandler.java:281)
	at io.netty.handler.ssl.SslHandler.unwrap(SslHandler.java:1215)
	at io.netty.handler.ssl.SslHandler.decodeJdkCompatible(SslHandler.java:1127)
	at io.netty.handler.ssl.SslHandler.decode(SslHandler.java:1162)
	at io.netty.handler.codec.ByteToMessageDecoder.decodeRemovalReentryProtection(ByteToMessageDecoder.java:489)
	at io.netty.handler.codec.ByteToMessageDecoder.callDecode(ByteToMessageDecoder.java:428)
	... 15 common frames omitted
18:05:03.497 INFO  vert.x-eventloop-thread-0 BaseServiceProxy     : -> GET /css/bootstrap-5.2.2/bootstrap.min.css,200|93ms
18:05:03.548 INFO  vert.x-eventloop-thread-0 BaseServiceProxy     : -> GET /css/reg-am/login.min.css,200|108ms
18:05:03.553 INFO  vert.x-eventloop-thread-0 BaseServiceProxy     : -> GET /scripts/common/js/jquery-3.7.0/jquery.min.js,200|110ms
18:05:03.555 INFO  vert.x-eventloop-thread-0 BaseServiceProxy     : -> GET /css/fontawesome-6.4.2/all.min.css,200|113ms
18:05:03.557 INFO  vert.x-eventloop-thread-0 BaseServiceProxy     : -> GET /css/bootstrap-switch-3.3.2/bootstrap-switch.min.css,200|126ms
18:05:03.607 INFO  vert.x-eventloop-thread-0 BaseServiceProxy     : -> GET /css/ibkr/theme-ibkr-portal.min.css,200|166ms
18:05:03.613 INFO  vert.x-eventloop-thread-0 BaseServiceProxy     : -> GET /scripts/common/js/bootstrap-5.2.2/bootstrap.bundle.min.js,200|90ms
18:05:03.640 INFO  vert.x-eventloop-thread-0 BaseServiceProxy     : -> GET /sso/lib/xyz.bundle.min.js,200|67ms
18:05:03.640 INFO  vert.x-eventloop-thread-0 CookieManager        : set cookies [x-sess-uuid=0.a7af74cb.1775815503.745c5b4; secure; HttpOnly]
18:05:03.640 DEBUG vert.x-eventloop-thread-0 BaseServiceProxy     : Remapping Set-cookies [x-sess-uuid=0.a7af74cb.1775815503.745c5b4; secure; HttpOnly] -> 
18:05:03.718 INFO  vert.x-eventloop-thread-0 BaseServiceProxy     : -> GET /images/common/logos/ibkr/interactive-brokers.svg,200|27ms
18:05:03.732 INFO  vert.x-eventloop-thread-0 BaseServiceProxy     : -> GET /fonts/proxima-nova/Proxima-Nova-Regular.woff2,200|21ms
18:05:03.742 INFO  vert.x-eventloop-thread-0 BaseServiceProxy     : -> GET /fonts/fontawesome-6.4.2/webfonts/fa-brands-400.woff2,200|29ms
18:05:03.762 INFO  vert.x-eventloop-thread-0 BaseServiceProxy     : -> GET /fonts/fontawesome-6.4.2/webfonts/fa-solid-900.woff2,200|49ms
18:05:03.810 INFO  vert.x-eventloop-thread-0 BaseServiceProxy     : -> GET /portal.proxy/v1/gstat/bulletins,204|72ms
18:05:03.811 INFO  vert.x-eventloop-thread-0 BaseServiceProxy     : -> GET /images/web/favicons/home-screen-icon-128x128.png,200|25ms
18:05:04.063 INFO  vert.x-eventloop-thread-0 BaseServiceProxy     : -> GET /sso/report,200|326ms
18:05:04.064 INFO  vert.x-eventloop-thread-0 CookieManager        : set cookies [x-sess-uuid=0.a7af74cb.1775815503.745c5b9; secure; HttpOnly]
18:05:04.064 DEBUG vert.x-eventloop-thread-0 BaseServiceProxy     : Remapping Set-cookies [x-sess-uuid=0.a7af74cb.1775815503.745c5b9; secure; HttpOnly] -> 
18:05:05.322 INFO  vert.x-eventloop-thread-0 BaseServiceProxy     : -> GET /sso/Authenticator,200|352ms
18:05:05.323 INFO  vert.x-eventloop-thread-0 CookieManager        : set cookies [x-sess-uuid=0.7eaf74cb.1775815505.42676291; secure; HttpOnly]
18:05:05.323 DEBUG vert.x-eventloop-thread-0 BaseServiceProxy     : Remapping Set-cookies [x-sess-uuid=0.7eaf74cb.1775815505.42676291; secure; HttpOnly] -> 
18:05:05.654 INFO  vert.x-eventloop-thread-0 BaseServiceProxy     : -> GET /sso/Authenticator,200|306ms
18:05:05.654 INFO  vert.x-eventloop-thread-0 CookieManager        : set cookies [web=3343352782; Domain=.ibkr.com; Expires=Sat, 10 Apr 2027 10:05:05 GMT; Path=/; Secure;Secure;SameSite=None, x-sess-uuid=0.7eaf74cb.1775815505.42676294; secure; HttpOnly]
18:05:05.655 DEBUG vert.x-eventloop-thread-0 BaseServiceProxy     : Remapping Set-cookies [web=3343352782; Domain=.ibkr.com; Expires=Sat, 10 Apr 2027 10:05:05 GMT; Path=/; Secure;Secure;SameSite=None, x-sess-uuid=0.7eaf74cb.1775815505.42676294; secure; HttpOnly] -> 
18:05:05.973 INFO  vert.x-eventloop-thread-0 BaseServiceProxy     : -> GET /sso/Authenticator,200|308ms
18:05:05.973 INFO  vert.x-eventloop-thread-0 CookieManager        : set cookies [x-sess-uuid=0.7eaf74cb.1775815505.42676299; secure; HttpOnly]
18:05:05.973 DEBUG vert.x-eventloop-thread-0 BaseServiceProxy     : Remapping Set-cookies [x-sess-uuid=0.7eaf74cb.1775815505.42676299; secure; HttpOnly] -> 
18:05:09.278 INFO  vert.x-eventloop-thread-0 BaseServiceProxy     : -> GET /sso/Authenticator,200|293ms
18:05:09.281 INFO  vert.x-eventloop-thread-0 CookieManager        : set cookies [x-sess-uuid=0.a7af74cb.1775815509.745c5c6; secure; HttpOnly]
18:05:09.281 DEBUG vert.x-eventloop-thread-0 BaseServiceProxy     : Remapping Set-cookies [x-sess-uuid=0.a7af74cb.1775815509.745c5c6; secure; HttpOnly] -> 
18:05:12.270 INFO  vert.x-eventloop-thread-0 BaseServiceProxy     : -> GET /sso/Authenticator,200|285ms
18:05:12.271 INFO  vert.x-eventloop-thread-0 CookieManager        : set cookies [x-sess-uuid=0.a7af74cb.1775815512.745c5d4; secure; HttpOnly]
18:05:12.271 DEBUG vert.x-eventloop-thread-0 BaseServiceProxy     : Remapping Set-cookies [x-sess-uuid=0.a7af74cb.1775815512.745c5d4; secure; HttpOnly] -> 
18:05:12.678 INFO  vert.x-eventloop-thread-0 BaseServiceProxy     : -> GET /sso/Dispatcher,302|381ms
18:05:12.679 INFO  vert.x-eventloop-thread-0 CookieManager        : set cookies [USERID=50301190; Domain=.ibkr.com; Path=/;Secure;SameSite=None, x-sess-uuid=0.7eaf74cb.1775815512.42676446; secure; HttpOnly]
18:05:12.679 DEBUG vert.x-eventloop-thread-0 BaseServiceProxy     : Remapping Set-cookies [USERID=50301190; Domain=.ibkr.com; Path=/;Secure;SameSite=None, x-sess-uuid=0.7eaf74cb.1775815512.42676446; secure; HttpOnly] -> 
18:05:12.680 INFO  vert.x-eventloop-thread-0 GatewayHttpProxy     : Client login succeeds
18:05:13.008 INFO  vert.x-eventloop-thread-0 BaseServiceProxy     : -> GET /v1/api/sso/validate?gw=1,200|319ms
18:05:13.013 DEBUG vert.x-eventloop-thread-0 ClientPortalService  : portal validate response: {"SFT":"5.2a","IS_PENDING_APPLICANT":false,"SF_ENABLED":true,"HARDWARE_INFO":"","UNIQUE_LOGIN_ID":"50301190-1775815511586","AUTH_TIME":1775815511634,"SF_CONFIG":"5.2a","USER_NAME":"pragu1020","CREDENTIAL_TYPE":0,"IS_FREE_TRIAL":false,"LOGIN_TYPE":1,"LANDING_APP":"PORTAL","CREDENTIAL":"pragu1020","ANOMALOUS_LOGIN":false,"RESULT":true,"IP":"116.88.81.189","USER_ID":50301190,"EXPIRES":1775815513067,"TOKEN":"c3aa7325323b3191822ced54cfcf84e29ef0706d","took":259,"IS_MASTER":false,"features":{"env":"PROD","wlms":true,"realtime":true,"bond":true,"optionChains":true,"calendar":true,"newMf":true},"region":"SG"}
18:05:13.118 INFO  vert.x-eventloop-thread-0 GatewayHttpProxy     : authenticated to cp
18:05:13.118 DEBUG vert.x-eventloop-thread-0 BaseServiceProxy     : cancel timer SsoService 0
18:05:13.118 DEBUG vert.x-eventloop-thread-0 BaseServiceProxy     : start timer 300000 SsoService
18:05:13.120 DEBUG vert.x-eventloop-thread-0 BaseServiceProxy     : forward event ON_SSO_VALIDATION, payload 50301190
18:05:13.564 INFO  vert.x-eventloop-thread-0 BaseServiceProxy     : -> GET /v1/api/one/user,200|446ms
18:05:13.565 INFO  vert.x-eventloop-thread-0 ClientPortalService  : get user reply {"username":"pragu1020","features":{"env":"PROD","wlms":true,"realtime":true,"bond":true,"optionChains":true,"calendar":true,"newMf":true},"wbId":"","uar":{"portfolioAnalyst":true,"userInfo":true,"messageCenter":true,"accountDetails":true,"tradingRestrictions":false,"tws":true,"fyi":true,"voting":true,"forum":true,"recentTransactions":true},"props":{"isIBAMClient":false,"ReadOnlySession":null},"firstApprovedDate":1592755200000,"accts":{"U5799398F":{"isIBAMClient":false,"clearingStatus":"O","openDate":1667577600000,"isFAClient":false,"isFunded":true,"tradingPermissions":["CMDTY"]},"U5799398":{"isIBAMClient":false,"clearingStatus":"O","openDate":1592150400000,"isFAClient":false,"isFunded":true,"tradingPermissions":["OPT","IOPT","WAR","STK","CASH","FOP"]}},"hasBrokerageAccessInd":true,"hfcipEligibleInd":false,"fa":false,"has2fa":false,"islite":false,"ispaper":false,"applicants":[{"id":6062329,"type":"INDIVIDUAL","businessType":"INDEPENDENT","nlcode":"en_US","legalCountry":{"name":"Singapore","alpha3":"SGP"}}]}
18:05:14.903 INFO  vert.x-eventloop-thread-0 SsoService           : sso init status=200, url=https://api.ibkr.com/v1/api/ssodh/init
18:05:14.969 DEBUG vert.x-eventloop-thread-0 SsoService           : K 6ce8ef13d5d7ba3e834f136b3b981f8f5d4ac3da
18:05:14.969 DEBUG vert.x-eventloop-thread-0 BaseServiceProxy     : forward event ON_SSODH_COMPLETED, payload none
18:05:14.969 DEBUG vert.x-eventloop-thread-0 GatewayHttpProxy     : delaying authentication for 3000
18:05:14.974 ERROR vert.x-eventloop-thread-0 ContextImpl          : Unhandled exception
java.lang.NullPointerException: Cannot read the array length because "mac" is null
	at ibgroup.web.core.clientportal.gw.utils.TstTokenUtils.getMacAddress(TstTokenUtils.java:22)
	at ibgroup.web.core.clientportal.gw.services.SsoService.getMac(SsoService.java:81)
	at ibgroup.web.core.clientportal.gw.services.SsoService.getDeviceId(SsoService.java:70)
	at ibgroup.web.core.clientportal.gw.services.SsoService.setTstToken(SsoService.java:88)
	at ibgroup.web.core.clientportal.gw.http.GatewayHttpProxy.onEvent(GatewayHttpProxy.java:213)
	at ibgroup.web.core.clientportal.gw.http.GatewayHttpProxy.lambda$new$1(GatewayHttpProxy.java:56)
	at ibgroup.web.core.clientportal.gw.services.BaseServiceProxy.lambda$null$0(BaseServiceProxy.java:67)
	at java.base/java.util.ArrayList.forEach(ArrayList.java:1511)
	at ibgroup.web.core.clientportal.gw.services.BaseServiceProxy.lambda$on$1(BaseServiceProxy.java:67)
	at io.vertx.core.impl.ContextImpl.lambda$wrapTask$2(ContextImpl.java:344)
	at io.netty.util.concurrent.AbstractEventExecutor.safeExecute(AbstractEventExecutor.java:163)
	at io.netty.util.concurrent.SingleThreadEventExecutor.runAllTasks(SingleThreadEventExecutor.java:403)
	at io.netty.channel.nio.NioEventLoop.run(NioEventLoop.java:463)
	at io.netty.util.concurrent.SingleThreadEventExecutor$5.run(SingleThreadEventExecutor.java:858)
	at java.base/java.lang.Thread.run(Thread.java:842)
18:05:18.027 INFO  vert.x-eventloop-thread-0 BaseServiceProxy     : -> GET /v1/api/iserver/auth/status,200|54ms
18:05:18.061 DEBUG vert.x-eventloop-thread-0 ClientPortalService  : status {"authenticated":false,"established":false,"competing":false,"connected":false,"MAC":"06:A8:C0:D9:D5:E3"}
18:05:18.061 INFO  vert.x-eventloop-thread-0 ClientPortalService  : process auth status {"authenticated":false,"established":false,"competing":false,"connected":false,"MAC":"06:A8:C0:D9:D5:E3"}
18:05:18.087 DEBUG vert.x-eventloop-thread-0 ClientPortalService  : auth brokerage, k=6ce8ef13d5d7ba3e834f136b3b981f8f5d4ac3da, post={"username":"pragu1020","machineId":"2b7fc548","compete":true}
18:05:18.415 INFO  vert.x-eventloop-thread-0 BaseServiceProxy     : -> POST https://api.ibkr.com/v1/api/iserver/auth/ssodh/init,200|328ms
18:05:18.416 DEBUG vert.x-eventloop-thread-0 ClientPortalService  : iserver init : {"passed":true,"authenticated":true,"connected":true,"established":false,"competing":false,"hardware_info":"275c5aa2|06:A8:C0:D9:D5:E3"}
18:05:18.417 INFO  vert.x-eventloop-thread-0 ClientPortalService  : process auth status {"passed":true,"authenticated":true,"connected":true,"established":false,"competing":false,"hardware_info":"275c5aa2|06:A8:C0:D9:D5:E3"}
18:05:18.417 DEBUG vert.x-eventloop-thread-0 BaseServiceProxy     : start timer 30000 ClientPortalService
18:05:18.494 INFO  vert.x-eventloop-thread-0 BaseServiceProxy     : -> GET /v1/api/iserver/accounts,200|77ms
18:05:18.494 DEBUG vert.x-eventloop-thread-0 ClientPortalService  : iserver accounts {}
18:05:28.275 INFO  vert.x-eventloop-thread-0 BaseServiceProxy     : -> GET /v1/api/iserver/auth/ssodh/init?publish=true&compete=true,200|314ms
18:05:28.402 INFO  vert.x-eventloop-thread-0 BaseServiceProxy     : -> GET /v1/api/iserver/account/orders,200|85ms
18:05:28.487 INFO  vert.x-eventloop-thread-0 BaseServiceProxy     : -> GET /v1/api/tickle,200|57ms
18:05:37.135 INFO  vert.x-eventloop-thread-0 BaseServiceProxy     : -> GET /v1/api/iserver/account/orders,200|53ms
18:05:37.424 INFO  vert.x-eventloop-thread-0 BaseServiceProxy     : -> GET /v1/api/portfolio/U5799398/positions/0?direction=a&period=1W&sort=position,200|351ms
18:05:48.487 INFO  vert.x-eventloop-thread-0 BaseServiceProxy     : -> GET /v1/api/tickle,200|67ms
18:05:48.488 DEBUG vert.x-eventloop-thread-0 ClientPortalService  : tickle {"session":"e6849eeefc510c718e64ec1d0838e813","ssoExpires":564528,"collission":false,"userId":50301190,"hmds":{"error":"no bridge"},"iserver":{"authStatus":{"authenticated":true,"established":true,"competing":false,"connected":true,"message":"","MAC":"06:A8:C0:D9:D5:E3","serverInfo":{"serverName":"JifS25121","serverVersion":"Build 10.44.1d, Mar 3, 2026 1:55:32 PM"},"hardware_info":"275c5aa2|06:A8:C0:D9:D5:E3"}}}
18:06:18.724 INFO  vert.x-eventloop-thread-0 BaseServiceProxy     : -> GET /v1/api/tickle,200|304ms
18:06:18.725 DEBUG vert.x-eventloop-thread-0 ClientPortalService  : tickle {"session":"e6849eeefc510c718e64ec1d0838e813","ssoExpires":534291,"collission":false,"userId":50301190,"hmds":{"error":"no bridge"},"iserver":{"authStatus":{"authenticated":true,"established":true,"competing":false,"connected":true,"message":"","MAC":"06:A8:C0:D9:D5:E3","serverInfo":{"serverName":"JifS25121","serverVersion":"Build 10.44.1d, Mar 3, 2026 1:55:32 PM"},"hardware_info":"275c5aa2|06:A8:C0:D9:D5:E3"}}}
18:06:48.492 INFO  vert.x-eventloop-thread-0 BaseServiceProxy     : -> GET /v1/api/tickle,200|73ms
18:06:48.493 DEBUG vert.x-eventloop-thread-0 ClientPortalService  : tickle {"session":"e6849eeefc510c718e64ec1d0838e813","ssoExpires":504528,"collission":false,"userId":50301190,"hmds":{"error":"no bridge"},"iserver":{"authStatus":{"authenticated":true,"established":true,"competing":false,"connected":true,"message":"","MAC":"06:A8:C0:D9:D5:E3","serverInfo":{"serverName":"JifS25121","serverVersion":"Build 10.44.1d, Mar 3, 2026 1:55:32 PM"},"hardware_info":"275c5aa2|06:A8:C0:D9:D5:E3"}}}
18:07:18.484 INFO  vert.x-eventloop-thread-0 BaseServiceProxy     : -> GET /v1/api/tickle,200|64ms
18:07:18.487 DEBUG vert.x-eventloop-thread-0 ClientPortalService  : tickle {"session":"e6849eeefc510c718e64ec1d0838e813","ssoExpires":474519,"collission":false,"userId":50301190,"hmds":{"error":"no bridge"},"iserver":{"authStatus":{"authenticated":true,"established":true,"competing":false,"connected":true,"message":"","MAC":"06:A8:C0:D9:D5:E3","serverInfo":{"serverName":"JifS25121","serverVersion":"Build 10.44.1d, Mar 3, 2026 1:55:32 PM"},"hardware_info":"275c5aa2|06:A8:C0:D9:D5:E3"}}}
18:07:48.487 INFO  vert.x-eventloop-thread-0 BaseServiceProxy     : -> GET /v1/api/tickle,200|67ms
18:07:48.489 DEBUG vert.x-eventloop-thread-0 ClientPortalService  : tickle {"session":"e6849eeefc510c718e64ec1d0838e813","ssoExpires":444524,"collission":false,"userId":50301190,"hmds":{"error":"no bridge"},"iserver":{"authStatus":{"authenticated":true,"established":true,"competing":false,"connected":true,"message":"","MAC":"06:A8:C0:D9:D5:E3","serverInfo":{"serverName":"JifS25121","serverVersion":"Build 10.44.1d, Mar 3, 2026 1:55:32 PM"},"hardware_info":"275c5aa2|06:A8:C0:D9:D5:E3"}}}
18:08:18.487 INFO  vert.x-eventloop-thread-0 BaseServiceProxy     : -> GET /v1/api/tickle,200|67ms
18:08:18.489 DEBUG vert.x-eventloop-thread-0 ClientPortalService  : tickle {"session":"e6849eeefc510c718e64ec1d0838e813","ssoExpires":414520,"collission":false,"userId":50301190,"hmds":{"error":"no bridge"},"iserver":{"authStatus":{"authenticated":true,"established":true,"competing":false,"connected":true,"message":"","MAC":"06:A8:C0:D9:D5:E3","serverInfo":{"serverName":"JifS25121","serverVersion":"Build 10.44.1d, Mar 3, 2026 1:55:32 PM"},"hardware_info":"275c5aa2|06:A8:C0:D9:D5:E3"}}}
18:08:28.663 INFO  vert.x-eventloop-thread-0 BaseServiceProxy     : -> GET /v1/api/tickle,200|57ms
18:08:48.509 INFO  vert.x-eventloop-thread-0 BaseServiceProxy     : -> GET /v1/api/tickle,200|89ms
18:08:48.511 DEBUG vert.x-eventloop-thread-0 ClientPortalService  : tickle {"session":"e6849eeefc510c718e64ec1d0838e813","ssoExpires":384499,"collission":false,"userId":50301190,"hmds":{"error":"no bridge"},"iserver":{"authStatus":{"authenticated":true,"established":true,"competing":false,"connected":true,"message":"","MAC":"06:A8:C0:D9:D5:E3","serverInfo":{"serverName":"JifS25121","serverVersion":"Build 10.44.1d, Mar 3, 2026 1:55:32 PM"},"hardware_info":"275c5aa2|06:A8:C0:D9:D5:E3"}}}
18:09:18.486 INFO  vert.x-eventloop-thread-0 BaseServiceProxy     : -> GET /v1/api/tickle,200|66ms
18:09:18.488 DEBUG vert.x-eventloop-thread-0 ClientPortalService  : tickle {"session":"e6849eeefc510c718e64ec1d0838e813","ssoExpires":354518,"collission":false,"userId":50301190,"hmds":{"error":"no bridge"},"iserver":{"authStatus":{"authenticated":true,"established":true,"competing":false,"connected":true,"message":"","MAC":"06:A8:C0:D9:D5:E3","serverInfo":{"serverName":"JifS25121","serverVersion":"Build 10.44.1d, Mar 3, 2026 1:55:32 PM"},"hardware_info":"275c5aa2|06:A8:C0:D9:D5:E3"}}}
18:09:48.491 INFO  vert.x-eventloop-thread-0 BaseServiceProxy     : -> GET /v1/api/tickle,200|70ms
18:09:48.493 DEBUG vert.x-eventloop-thread-0 ClientPortalService  : tickle {"session":"e6849eeefc510c718e64ec1d0838e813","ssoExpires":324516,"collission":false,"userId":50301190,"hmds":{"error":"no bridge"},"iserver":{"authStatus":{"authenticated":true,"established":true,"competing":false,"connected":true,"message":"","MAC":"06:A8:C0:D9:D5:E3","serverInfo":{"serverName":"JifS25121","serverVersion":"Build 10.44.1d, Mar 3, 2026 1:55:32 PM"},"hardware_info":"275c5aa2|06:A8:C0:D9:D5:E3"}}}
18:10:13.698 INFO  vert.x-eventloop-thread-0 BaseServiceProxy     : -> GET /sso/ping,200|574ms
18:10:13.699 INFO  vert.x-eventloop-thread-0 SsoService           : sso ping {"result": "true"}
18:10:18.479 INFO  vert.x-eventloop-thread-0 BaseServiceProxy     : -> GET /v1/api/tickle,200|58ms
18:10:18.479 DEBUG vert.x-eventloop-thread-0 ClientPortalService  : tickle {"session":"e6849eeefc510c718e64ec1d0838e813","ssoExpires":294524,"collission":false,"userId":50301190,"hmds":{"error":"no bridge"},"iserver":{"authStatus":{"authenticated":true,"established":true,"competing":false,"connected":true,"message":"","MAC":"06:A8:C0:D9:D5:E3","serverInfo":{"serverName":"JifS25121","serverVersion":"Build 10.44.1d, Mar 3, 2026 1:55:32 PM"},"hardware_info":"275c5aa2|06:A8:C0:D9:D5:E3"}}}
18:10:48.483 INFO  vert.x-eventloop-thread-0 BaseServiceProxy     : -> GET /v1/api/tickle,200|62ms
18:10:48.485 DEBUG vert.x-eventloop-thread-0 ClientPortalService  : tickle {"session":"e6849eeefc510c718e64ec1d0838e813","ssoExpires":264522,"collission":false,"userId":50301190,"hmds":{"error":"no bridge"},"iserver":{"authStatus":{"authenticated":true,"established":true,"competing":false,"connected":true,"message":"","MAC":"06:A8:C0:D9:D5:E3","serverInfo":{"serverName":"JifS25121","serverVersion":"Build 10.44.1d, Mar 3, 2026 1:55:32 PM"},"hardware_info":"275c5aa2|06:A8:C0:D9:D5:E3"}}}
18:11:18.550 INFO  vert.x-eventloop-thread-0 BaseServiceProxy     : -> GET /v1/api/tickle,200|129ms
18:11:18.552 DEBUG vert.x-eventloop-thread-0 ClientPortalService  : tickle {"session":"e6849eeefc510c718e64ec1d0838e813","ssoExpires":234485,"collission":false,"userId":50301190,"hmds":{"error":"no bridge"},"iserver":{"authStatus":{"authenticated":true,"established":true,"competing":false,"connected":true,"message":"","MAC":"06:A8:C0:D9:D5:E3","serverInfo":{"serverName":"JifS25121","serverVersion":"Build 10.44.1d, Mar 3, 2026 1:55:32 PM"},"hardware_info":"275c5aa2|06:A8:C0:D9:D5:E3"}}}
18:11:28.875 INFO  vert.x-eventloop-thread-0 BaseServiceProxy     : -> GET /v1/api/tickle,200|75ms
18:11:48.481 INFO  vert.x-eventloop-thread-0 BaseServiceProxy     : -> GET /v1/api/tickle,200|60ms
18:11:48.482 DEBUG vert.x-eventloop-thread-0 ClientPortalService  : tickle {"session":"e6849eeefc510c718e64ec1d0838e813","ssoExpires":204523,"collission":false,"userId":50301190,"hmds":{"error":"no bridge"},"iserver":{"authStatus":{"authenticated":true,"established":true,"competing":false,"connected":true,"message":"","MAC":"06:A8:C0:D9:D5:E3","serverInfo":{"serverName":"JifS25121","serverVersion":"Build 10.44.1d, Mar 3, 2026 1:55:32 PM"},"hardware_info":"275c5aa2|06:A8:C0:D9:D5:E3"}}}
18:12:18.522 INFO  vert.x-eventloop-thread-0 BaseServiceProxy     : -> GET /v1/api/tickle,200|101ms
18:12:18.524 DEBUG vert.x-eventloop-thread-0 ClientPortalService  : tickle {"session":"e6849eeefc510c718e64ec1d0838e813","ssoExpires":174488,"collission":false,"userId":50301190,"hmds":{"error":"no bridge"},"iserver":{"authStatus":{"authenticated":true,"established":true,"competing":false,"connected":true,"message":"","MAC":"06:A8:C0:D9:D5:E3","serverInfo":{"serverName":"JifS25121","serverVersion":"Build 10.44.1d, Mar 3, 2026 1:55:32 PM"},"hardware_info":"275c5aa2|06:A8:C0:D9:D5:E3"}}}
18:12:48.489 INFO  vert.x-eventloop-thread-0 BaseServiceProxy     : -> GET /v1/api/tickle,200|68ms
18:12:48.491 DEBUG vert.x-eventloop-thread-0 ClientPortalService  : tickle {"session":"e6849eeefc510c718e64ec1d0838e813","ssoExpires":144522,"collission":false,"userId":50301190,"hmds":{"error":"no bridge"},"iserver":{"authStatus":{"authenticated":true,"established":true,"competing":false,"connected":true,"message":"","MAC":"06:A8:C0:D9:D5:E3","serverInfo":{"serverName":"JifS25121","serverVersion":"Build 10.44.1d, Mar 3, 2026 1:55:32 PM"},"hardware_info":"275c5aa2|06:A8:C0:D9:D5:E3"}}}
18:13:18.479 INFO  vert.x-eventloop-thread-0 BaseServiceProxy     : -> GET /v1/api/tickle,200|57ms
18:13:18.480 DEBUG vert.x-eventloop-thread-0 ClientPortalService  : tickle {"session":"e6849eeefc510c718e64ec1d0838e813","ssoExpires":114526,"collission":false,"userId":50301190,"hmds":{"error":"no bridge"},"iserver":{"authStatus":{"authenticated":true,"established":true,"competing":false,"connected":true,"message":"","MAC":"06:A8:C0:D9:D5:E3","serverInfo":{"serverName":"JifS25121","serverVersion":"Build 10.44.1d, Mar 3, 2026 1:55:32 PM"},"hardware_info":"275c5aa2|06:A8:C0:D9:D5:E3"}}}
18:13:48.500 INFO  vert.x-eventloop-thread-0 BaseServiceProxy     : -> GET /v1/api/tickle,200|78ms
18:13:48.502 DEBUG vert.x-eventloop-thread-0 ClientPortalService  : tickle {"session":"e6849eeefc510c718e64ec1d0838e813","ssoExpires":84524,"collission":false,"userId":50301190,"hmds":{"error":"no bridge"},"iserver":{"authStatus":{"authenticated":true,"established":true,"competing":false,"connected":true,"message":"","MAC":"06:A8:C0:D9:D5:E3","serverInfo":{"serverName":"JifS25121","serverVersion":"Build 10.44.1d, Mar 3, 2026 1:55:32 PM"},"hardware_info":"275c5aa2|06:A8:C0:D9:D5:E3"}}}
18:14:18.481 INFO  vert.x-eventloop-thread-0 BaseServiceProxy     : -> GET /v1/api/tickle,200|59ms
18:14:18.482 DEBUG vert.x-eventloop-thread-0 ClientPortalService  : tickle {"session":"e6849eeefc510c718e64ec1d0838e813","ssoExpires":54525,"collission":false,"userId":50301190,"hmds":{"error":"no bridge"},"iserver":{"authStatus":{"authenticated":true,"established":true,"competing":false,"connected":true,"message":"","MAC":"06:A8:C0:D9:D5:E3","serverInfo":{"serverName":"JifS25121","serverVersion":"Build 10.44.1d, Mar 3, 2026 1:55:32 PM"},"hardware_info":"275c5aa2|06:A8:C0:D9:D5:E3"}}}
18:14:29.042 INFO  vert.x-eventloop-thread-0 BaseServiceProxy     : -> GET /v1/api/tickle,200|56ms
18:14:48.535 INFO  vert.x-eventloop-thread-0 BaseServiceProxy     : -> GET /v1/api/tickle,200|113ms
18:14:48.536 DEBUG vert.x-eventloop-thread-0 ClientPortalService  : tickle {"session":"e6849eeefc510c718e64ec1d0838e813","ssoExpires":24477,"collission":false,"userId":50301190,"hmds":{"error":"no bridge"},"iserver":{"authStatus":{"authenticated":true,"established":true,"competing":false,"connected":true,"message":"","MAC":"06:A8:C0:D9:D5:E3","serverInfo":{"serverName":"JifS25121","serverVersion":"Build 10.44.1d, Mar 3, 2026 1:55:32 PM"},"hardware_info":"275c5aa2|06:A8:C0:D9:D5:E3"}}}
18:15:13.636 INFO  vert.x-eventloop-thread-0 BaseServiceProxy     : -> GET /sso/ping,200|512ms
18:15:13.638 INFO  vert.x-eventloop-thread-0 SsoService           : sso ping {"result": "true"}
18:15:18.534 INFO  vert.x-eventloop-thread-0 BaseServiceProxy     : -> GET /v1/api/tickle,200|111ms
18:15:18.536 DEBUG vert.x-eventloop-thread-0 ClientPortalService  : tickle {"session":"e6849eeefc510c718e64ec1d0838e813","ssoExpires":600000,"collission":false,"userId":50301190,"hmds":{"error":"no bridge"},"iserver":{"authStatus":{"authenticated":true,"established":true,"competing":false,"connected":true,"message":"","MAC":"06:A8:C0:D9:D5:E3","serverInfo":{"serverName":"JifS25121","serverVersion":"Build 10.44.1d, Mar 3, 2026 1:55:32 PM"},"hardware_info":"275c5aa2|06:A8:C0:D9:D5:E3"}}}
18:15:48.740 INFO  vert.x-eventloop-thread-0 BaseServiceProxy     : -> GET /v1/api/tickle,200|318ms
18:15:48.741 DEBUG vert.x-eventloop-thread-0 ClientPortalService  : tickle {"session":"e6849eeefc510c718e64ec1d0838e813","ssoExpires":569794,"collission":false,"userId":50301190,"hmds":{"error":"no bridge"},"iserver":{"authStatus":{"authenticated":true,"established":true,"competing":false,"connected":true,"message":"","MAC":"06:A8:C0:D9:D5:E3","serverInfo":{"serverName":"JifS25121","serverVersion":"Build 10.44.1d, Mar 3, 2026 1:55:32 PM"},"hardware_info":"275c5aa2|06:A8:C0:D9:D5:E3"}}}
18:16:18.488 INFO  vert.x-eventloop-thread-0 BaseServiceProxy     : -> GET /v1/api/tickle,200|65ms
18:16:18.490 DEBUG vert.x-eventloop-thread-0 ClientPortalService  : tickle {"session":"e6849eeefc510c718e64ec1d0838e813","ssoExpires":540045,"collission":false,"userId":50301190,"hmds":{"error":"no bridge"},"iserver":{"authStatus":{"authenticated":true,"established":true,"competing":false,"connected":true,"message":"","MAC":"06:A8:C0:D9:D5:E3","serverInfo":{"serverName":"JifS25121","serverVersion":"Build 10.44.1d, Mar 3, 2026 1:55:32 PM"},"hardware_info":"275c5aa2|06:A8:C0:D9:D5:E3"}}}
18:16:48.712 INFO  vert.x-eventloop-thread-0 BaseServiceProxy     : -> GET /v1/api/tickle,200|289ms
18:16:48.714 DEBUG vert.x-eventloop-thread-0 ClientPortalService  : tickle {"session":"e6849eeefc510c718e64ec1d0838e813","ssoExpires":509821,"collission":false,"userId":50301190,"hmds":{"error":"no bridge"},"iserver":{"authStatus":{"authenticated":true,"established":true,"competing":false,"connected":true,"message":"","MAC":"06:A8:C0:D9:D5:E3","serverInfo":{"serverName":"JifS25121","serverVersion":"Build 10.44.1d, Mar 3, 2026 1:55:32 PM"},"hardware_info":"275c5aa2|06:A8:C0:D9:D5:E3"}}}
18:17:18.487 INFO  vert.x-eventloop-thread-0 BaseServiceProxy     : -> GET /v1/api/tickle,200|64ms
18:17:18.488 DEBUG vert.x-eventloop-thread-0 ClientPortalService  : tickle {"session":"e6849eeefc510c718e64ec1d0838e813","ssoExpires":480048,"collission":false,"userId":50301190,"hmds":{"error":"no bridge"},"iserver":{"authStatus":{"authenticated":true,"established":true,"competing":false,"connected":true,"message":"","MAC":"06:A8:C0:D9:D5:E3","serverInfo":{"serverName":"JifS25121","serverVersion":"Build 10.44.1d, Mar 3, 2026 1:55:32 PM"},"hardware_info":"275c5aa2|06:A8:C0:D9:D5:E3"}}}
18:17:29.243 INFO  vert.x-eventloop-thread-0 BaseServiceProxy     : -> GET /v1/api/tickle,200|75ms
18:17:48.672 INFO  vert.x-eventloop-thread-0 BaseServiceProxy     : -> GET /v1/api/tickle,200|249ms
18:17:48.674 DEBUG vert.x-eventloop-thread-0 ClientPortalService  : tickle {"session":"e6849eeefc510c718e64ec1d0838e813","ssoExpires":449881,"collission":false,"userId":50301190,"hmds":{"error":"no bridge"},"iserver":{"authStatus":{"authenticated":true,"established":true,"competing":false,"connected":true,"message":"","MAC":"06:A8:C0:D9:D5:E3","serverInfo":{"serverName":"JifS25121","serverVersion":"Build 10.44.1d, Mar 3, 2026 1:55:32 PM"},"hardware_info":"275c5aa2|06:A8:C0:D9:D5:E3"}}}
18:18:18.485 INFO  vert.x-eventloop-thread-0 BaseServiceProxy     : -> GET /v1/api/tickle,200|60ms
18:18:18.487 DEBUG vert.x-eventloop-thread-0 ClientPortalService  : tickle {"session":"e6849eeefc510c718e64ec1d0838e813","ssoExpires":420050,"collission":false,"userId":50301190,"hmds":{"error":"no bridge"},"iserver":{"authStatus":{"authenticated":true,"established":true,"competing":false,"connected":true,"message":"","MAC":"06:A8:C0:D9:D5:E3","serverInfo":{"serverName":"JifS25121","serverVersion":"Build 10.44.1d, Mar 3, 2026 1:55:32 PM"},"hardware_info":"275c5aa2|06:A8:C0:D9:D5:E3"}}}
18:18:48.495 INFO  vert.x-eventloop-thread-0 BaseServiceProxy     : -> GET /v1/api/tickle,200|71ms
18:18:48.496 DEBUG vert.x-eventloop-thread-0 ClientPortalService  : tickle {"session":"e6849eeefc510c718e64ec1d0838e813","ssoExpires":390040,"collission":false,"userId":50301190,"hmds":{"error":"no bridge"},"iserver":{"authStatus":{"authenticated":true,"established":true,"competing":false,"connected":true,"message":"","MAC":"06:A8:C0:D9:D5:E3","serverInfo":{"serverName":"JifS25121","serverVersion":"Build 10.44.1d, Mar 3, 2026 1:55:32 PM"},"hardware_info":"275c5aa2|06:A8:C0:D9:D5:E3"}}}
18:19:18.477 INFO  vert.x-eventloop-thread-0 BaseServiceProxy     : -> GET /v1/api/tickle,200|57ms
18:19:18.479 DEBUG vert.x-eventloop-thread-0 ClientPortalService  : tickle {"session":"e6849eeefc510c718e64ec1d0838e813","ssoExpires":360054,"collission":false,"userId":50301190,"hmds":{"error":"no bridge"},"iserver":{"authStatus":{"authenticated":true,"established":true,"competing":false,"connected":true,"message":"","MAC":"06:A8:C0:D9:D5:E3","serverInfo":{"serverName":"JifS25121","serverVersion":"Build 10.44.1d, Mar 3, 2026 1:55:32 PM"},"hardware_info":"275c5aa2|06:A8:C0:D9:D5:E3"}}}
18:19:48.629 INFO  vert.x-eventloop-thread-0 BaseServiceProxy     : -> GET /v1/api/tickle,200|216ms
18:19:48.631 DEBUG vert.x-eventloop-thread-0 ClientPortalService  : tickle {"session":"e6849eeefc510c718e64ec1d0838e813","ssoExpires":329892,"collission":false,"userId":50301190,"hmds":{"error":"no bridge"},"iserver":{"authStatus":{"authenticated":true,"established":true,"competing":false,"connected":true,"message":"","MAC":"06:A8:C0:D9:D5:E3","serverInfo":{"serverName":"JifS25121","serverVersion":"Build 10.44.1d, Mar 3, 2026 1:55:32 PM"},"hardware_info":"275c5aa2|06:A8:C0:D9:D5:E3"}}}
18:20:13.653 INFO  vert.x-eventloop-thread-0 BaseServiceProxy     : -> GET /sso/ping,200|539ms
18:20:13.654 INFO  vert.x-eventloop-thread-0 SsoService           : sso ping {"result": "true"}
18:20:18.710 INFO  vert.x-eventloop-thread-0 BaseServiceProxy     : -> GET /v1/api/tickle,200|298ms
18:20:18.711 DEBUG vert.x-eventloop-thread-0 ClientPortalService  : tickle {"session":"e6849eeefc510c718e64ec1d0838e813","ssoExpires":299812,"collission":false,"userId":50301190,"hmds":{"error":"no bridge"},"iserver":{"authStatus":{"authenticated":true,"established":true,"competing":false,"connected":true,"message":"","MAC":"06:A8:C0:D9:D5:E3","serverInfo":{"serverName":"JifS25121","serverVersion":"Build 10.44.1d, Mar 3, 2026 1:55:32 PM"},"hardware_info":"275c5aa2|06:A8:C0:D9:D5:E3"}}}
18:20:29.395 INFO  vert.x-eventloop-thread-0 BaseServiceProxy     : -> GET /v1/api/tickle,200|64ms
18:20:48.476 INFO  vert.x-eventloop-thread-0 BaseServiceProxy     : -> GET /v1/api/tickle,200|64ms
18:20:48.476 DEBUG vert.x-eventloop-thread-0 ClientPortalService  : tickle {"session":"e6849eeefc510c718e64ec1d0838e813","ssoExpires":270049,"collission":false,"userId":50301190,"hmds":{"error":"no bridge"},"iserver":{"authStatus":{"authenticated":true,"established":true,"competing":false,"connected":true,"message":"","MAC":"06:A8:C0:D9:D5:E3","serverInfo":{"serverName":"JifS25121","serverVersion":"Build 10.44.1d, Mar 3, 2026 1:55:32 PM"},"hardware_info":"275c5aa2|06:A8:C0:D9:D5:E3"}}}
18:21:18.702 INFO  vert.x-eventloop-thread-0 BaseServiceProxy     : -> GET /v1/api/tickle,200|290ms
18:21:18.703 DEBUG vert.x-eventloop-thread-0 ClientPortalService  : tickle {"session":"e6849eeefc510c718e64ec1d0838e813","ssoExpires":239823,"collission":false,"userId":50301190,"hmds":{"error":"no bridge"},"iserver":{"authStatus":{"authenticated":true,"established":true,"competing":false,"connected":true,"message":"","MAC":"06:A8:C0:D9:D5:E3","serverInfo":{"serverName":"JifS25121","serverVersion":"Build 10.44.1d, Mar 3, 2026 1:55:32 PM"},"hardware_info":"275c5aa2|06:A8:C0:D9:D5:E3"}}}
18:21:48.488 INFO  vert.x-eventloop-thread-0 BaseServiceProxy     : -> GET /v1/api/tickle,200|75ms
18:21:48.490 DEBUG vert.x-eventloop-thread-0 ClientPortalService  : tickle {"session":"e6849eeefc510c718e64ec1d0838e813","ssoExpires":210050,"collission":false,"userId":50301190,"hmds":{"error":"no bridge"},"iserver":{"authStatus":{"authenticated":true,"established":true,"competing":false,"connected":true,"message":"","MAC":"06:A8:C0:D9:D5:E3","serverInfo":{"serverName":"JifS25121","serverVersion":"Build 10.44.1d, Mar 3, 2026 1:55:32 PM"},"hardware_info":"275c5aa2|06:A8:C0:D9:D5:E3"}}}
18:22:18.466 INFO  vert.x-eventloop-thread-0 BaseServiceProxy     : -> GET /v1/api/tickle,200|54ms
18:22:18.468 DEBUG vert.x-eventloop-thread-0 ClientPortalService  : tickle {"session":"e6849eeefc510c718e64ec1d0838e813","ssoExpires":180056,"collission":false,"userId":50301190,"hmds":{"error":"no bridge"},"iserver":{"authStatus":{"authenticated":true,"established":true,"competing":false,"connected":true,"message":"","MAC":"06:A8:C0:D9:D5:E3","serverInfo":{"serverName":"JifS25121","serverVersion":"Build 10.44.1d, Mar 3, 2026 1:55:32 PM"},"hardware_info":"275c5aa2|06:A8:C0:D9:D5:E3"}}}
18:22:48.762 INFO  vert.x-eventloop-thread-0 BaseServiceProxy     : -> GET /v1/api/tickle,200|350ms
18:22:48.764 DEBUG vert.x-eventloop-thread-0 ClientPortalService  : tickle {"session":"e6849eeefc510c718e64ec1d0838e813","ssoExpires":149784,"collission":false,"userId":50301190,"hmds":{"error":"no bridge"},"iserver":{"authStatus":{"authenticated":true,"established":true,"competing":false,"connected":true,"message":"","MAC":"06:A8:C0:D9:D5:E3","serverInfo":{"serverName":"JifS25121","serverVersion":"Build 10.44.1d, Mar 3, 2026 1:55:32 PM"},"hardware_info":"275c5aa2|06:A8:C0:D9:D5:E3"}}}
18:23:18.479 INFO  vert.x-eventloop-thread-0 BaseServiceProxy     : -> GET /v1/api/tickle,200|67ms
18:23:18.480 DEBUG vert.x-eventloop-thread-0 ClientPortalService  : tickle {"session":"e6849eeefc510c718e64ec1d0838e813","ssoExpires":120046,"collission":false,"userId":50301190,"hmds":{"error":"no bridge"},"iserver":{"authStatus":{"authenticated":true,"established":true,"competing":false,"connected":true,"message":"","MAC":"06:A8:C0:D9:D5:E3","serverInfo":{"serverName":"JifS25121","serverVersion":"Build 10.44.1d, Mar 3, 2026 1:55:32 PM"},"hardware_info":"275c5aa2|06:A8:C0:D9:D5:E3"}}}
18:23:29.600 INFO  vert.x-eventloop-thread-0 BaseServiceProxy     : -> GET /v1/api/tickle,200|63ms
18:23:48.543 INFO  vert.x-eventloop-thread-0 BaseServiceProxy     : -> GET /v1/api/tickle,200|130ms
18:23:48.545 DEBUG vert.x-eventloop-thread-0 ClientPortalService  : tickle {"session":"e6849eeefc510c718e64ec1d0838e813","ssoExpires":90041,"collission":false,"userId":50301190,"hmds":{"error":"no bridge"},"iserver":{"authStatus":{"authenticated":true,"established":true,"competing":false,"connected":true,"message":"","MAC":"06:A8:C0:D9:D5:E3","serverInfo":{"serverName":"JifS25121","serverVersion":"Build 10.44.1d, Mar 3, 2026 1:55:32 PM"},"hardware_info":"275c5aa2|06:A8:C0:D9:D5:E3"}}}
18:24:18.493 INFO  vert.x-eventloop-thread-0 BaseServiceProxy     : -> GET /v1/api/tickle,200|80ms
18:24:18.496 DEBUG vert.x-eventloop-thread-0 ClientPortalService  : tickle {"session":"e6849eeefc510c718e64ec1d0838e813","ssoExpires":60046,"collission":false,"userId":50301190,"hmds":{"error":"no bridge"},"iserver":{"authStatus":{"authenticated":true,"established":true,"competing":false,"connected":true,"message":"","MAC":"06:A8:C0:D9:D5:E3","serverInfo":{"serverName":"JifS25121","serverVersion":"Build 10.44.1d, Mar 3, 2026 1:55:32 PM"},"hardware_info":"275c5aa2|06:A8:C0:D9:D5:E3"}}}
18:24:48.478 INFO  vert.x-eventloop-thread-0 BaseServiceProxy     : -> GET /v1/api/tickle,200|64ms
18:24:48.480 DEBUG vert.x-eventloop-thread-0 ClientPortalService  : tickle {"session":"e6849eeefc510c718e64ec1d0838e813","ssoExpires":30048,"collission":false,"userId":50301190,"hmds":{"error":"no bridge"},"iserver":{"authStatus":{"authenticated":true,"established":true,"competing":false,"connected":true,"message":"","MAC":"06:A8:C0:D9:D5:E3","serverInfo":{"serverName":"JifS25121","serverVersion":"Build 10.44.1d, Mar 3, 2026 1:55:32 PM"},"hardware_info":"275c5aa2|06:A8:C0:D9:D5:E3"}}}
18:25:13.425 INFO  vert.x-eventloop-thread-0 BaseServiceProxy     : -> GET /sso/ping,200|310ms
18:25:13.425 INFO  vert.x-eventloop-thread-0 SsoService           : sso ping {"result": "false"}
18:25:18.479 INFO  vert.x-eventloop-thread-0 BaseServiceProxy     : -> GET /v1/api/tickle,200|66ms
18:25:18.480 DEBUG vert.x-eventloop-thread-0 ClientPortalService  : tickle {"session":"e6849eeefc510c718e64ec1d0838e813","ssoExpires":45,"collission":false,"userId":50301190,"hmds":{"error":"no bridge"},"iserver":{"authStatus":{"authenticated":true,"established":true,"competing":false,"connected":true,"message":"","MAC":"06:A8:C0:D9:D5:E3","serverInfo":{"serverName":"JifS25121","serverVersion":"Build 10.44.1d, Mar 3, 2026 1:55:32 PM"},"hardware_info":"275c5aa2|06:A8:C0:D9:D5:E3"}}}
18:25:48.502 INFO  vert.x-eventloop-thread-0 BaseServiceProxy     : -> GET /v1/api/tickle,200|88ms
18:25:48.504 DEBUG vert.x-eventloop-thread-0 ClientPortalService  : tickle {"session":"e6849eeefc510c718e64ec1d0838e813","ssoExpires":600000,"collission":false,"userId":50301190,"hmds":{"error":"no bridge"},"iserver":{"authStatus":{"authenticated":true,"established":true,"competing":false,"connected":true,"message":"","MAC":"06:A8:C0:D9:D5:E3","serverInfo":{"serverName":"JifS25121","serverVersion":"Build 10.44.1d, Mar 3, 2026 1:55:32 PM"},"hardware_info":"275c5aa2|06:A8:C0:D9:D5:E3"}}}
18:26:18.840 INFO  vert.x-eventloop-thread-0 BaseServiceProxy     : -> GET /v1/api/tickle,200|427ms
18:26:18.843 DEBUG vert.x-eventloop-thread-0 ClientPortalService  : tickle {"session":"e6849eeefc510c718e64ec1d0838e813","ssoExpires":569653,"collission":false,"userId":50301190,"hmds":{"error":"no bridge"},"iserver":{"authStatus":{"authenticated":true,"established":true,"competing":false,"connected":true,"message":"","MAC":"06:A8:C0:D9:D5:E3","serverInfo":{"serverName":"JifS25121","serverVersion":"Build 10.44.1d, Mar 3, 2026 1:55:32 PM"},"hardware_info":"275c5aa2|06:A8:C0:D9:D5:E3"}}}
18:26:29.776 INFO  vert.x-eventloop-thread-0 BaseServiceProxy     : -> GET /v1/api/tickle,200|56ms
18:26:48.525 INFO  vert.x-eventloop-thread-0 BaseServiceProxy     : -> GET /v1/api/tickle,200|111ms
18:26:48.527 DEBUG vert.x-eventloop-thread-0 ClientPortalService  : tickle {"session":"e6849eeefc510c718e64ec1d0838e813","ssoExpires":539969,"collission":false,"userId":50301190,"hmds":{"error":"no bridge"},"iserver":{"authStatus":{"authenticated":true,"established":true,"competing":false,"connected":true,"message":"","MAC":"06:A8:C0:D9:D5:E3","serverInfo":{"serverName":"JifS25121","serverVersion":"Build 10.44.1d, Mar 3, 2026 1:55:32 PM"},"hardware_info":"275c5aa2|06:A8:C0:D9:D5:E3"}}}
18:27:18.476 INFO  vert.x-eventloop-thread-0 BaseServiceProxy     : -> GET /v1/api/tickle,200|62ms
18:27:18.479 DEBUG vert.x-eventloop-thread-0 ClientPortalService  : tickle {"session":"e6849eeefc510c718e64ec1d0838e813","ssoExpires":510017,"collission":false,"userId":50301190,"hmds":{"error":"no bridge"},"iserver":{"authStatus":{"authenticated":true,"established":true,"competing":false,"connected":true,"message":"","MAC":"06:A8:C0:D9:D5:E3","serverInfo":{"serverName":"JifS25121","serverVersion":"Build 10.44.1d, Mar 3, 2026 1:55:32 PM"},"hardware_info":"275c5aa2|06:A8:C0:D9:D5:E3"}}}
18:27:48.699 INFO  vert.x-eventloop-thread-0 BaseServiceProxy     : -> GET /v1/api/tickle,200|286ms
18:27:48.700 DEBUG vert.x-eventloop-thread-0 ClientPortalService  : tickle {"session":"e6849eeefc510c718e64ec1d0838e813","ssoExpires":479792,"collission":false,"userId":50301190,"hmds":{"error":"no bridge"},"iserver":{"authStatus":{"authenticated":true,"established":true,"competing":false,"connected":true,"message":"","MAC":"06:A8:C0:D9:D5:E3","serverInfo":{"serverName":"JifS25121","serverVersion":"Build 10.44.1d, Mar 3, 2026 1:55:32 PM"},"hardware_info":"275c5aa2|06:A8:C0:D9:D5:E3"}}}
18:28:18.502 INFO  vert.x-eventloop-thread-0 BaseServiceProxy     : -> GET /v1/api/tickle,200|88ms
18:28:18.504 DEBUG vert.x-eventloop-thread-0 ClientPortalService  : tickle {"session":"e6849eeefc510c718e64ec1d0838e813","ssoExpires":450012,"collission":false,"userId":50301190,"hmds":{"error":"no bridge"},"iserver":{"authStatus":{"authenticated":true,"established":true,"competing":false,"connected":true,"message":"","MAC":"06:A8:C0:D9:D5:E3","serverInfo":{"serverName":"JifS25121","serverVersion":"Build 10.44.1d, Mar 3, 2026 1:55:32 PM"},"hardware_info":"275c5aa2|06:A8:C0:D9:D5:E3"}}}
18:28:48.543 INFO  vert.x-eventloop-thread-0 BaseServiceProxy     : -> GET /v1/api/tickle,200|129ms
18:28:48.544 DEBUG vert.x-eventloop-thread-0 ClientPortalService  : tickle {"session":"e6849eeefc510c718e64ec1d0838e813","ssoExpires":420007,"collission":false,"userId":50301190,"hmds":{"error":"no bridge"},"iserver":{"authStatus":{"authenticated":true,"established":true,"competing":false,"connected":true,"message":"","MAC":"06:A8:C0:D9:D5:E3","serverInfo":{"serverName":"JifS25121","serverVersion":"Build 10.44.1d, Mar 3, 2026 1:55:32 PM"},"hardware_info":"275c5aa2|06:A8:C0:D9:D5:E3"}}}
18:29:18.488 INFO  vert.x-eventloop-thread-0 BaseServiceProxy     : -> GET /v1/api/tickle,200|75ms
18:29:18.490 DEBUG vert.x-eventloop-thread-0 ClientPortalService  : tickle {"session":"e6849eeefc510c718e64ec1d0838e813","ssoExpires":390010,"collission":false,"userId":50301190,"hmds":{"error":"no bridge"},"iserver":{"authStatus":{"authenticated":true,"established":true,"competing":false,"connected":true,"message":"","MAC":"06:A8:C0:D9:D5:E3","serverInfo":{"serverName":"JifS25121","serverVersion":"Build 10.44.1d, Mar 3, 2026 1:55:32 PM"},"hardware_info":"275c5aa2|06:A8:C0:D9:D5:E3"}}}
18:29:30.268 INFO  vert.x-eventloop-thread-0 BaseServiceProxy     : -> GET /v1/api/tickle,200|309ms
18:29:48.475 INFO  vert.x-eventloop-thread-0 BaseServiceProxy     : -> GET /v1/api/tickle,200|60ms
18:29:48.477 DEBUG vert.x-eventloop-thread-0 ClientPortalService  : tickle {"session":"e6849eeefc510c718e64ec1d0838e813","ssoExpires":360020,"collission":false,"userId":50301190,"hmds":{"error":"no bridge"},"iserver":{"authStatus":{"authenticated":true,"established":true,"competing":false,"connected":true,"message":"","MAC":"06:A8:C0:D9:D5:E3","serverInfo":{"serverName":"JifS25121","serverVersion":"Build 10.44.1d, Mar 3, 2026 1:55:32 PM"},"hardware_info":"275c5aa2|06:A8:C0:D9:D5:E3"}}}
18:30:13.408 INFO  vert.x-eventloop-thread-0 BaseServiceProxy     : -> GET /sso/ping,200|292ms
18:30:13.410 INFO  vert.x-eventloop-thread-0 SsoService           : sso ping {"result": "true"}
18:30:18.468 INFO  vert.x-eventloop-thread-0 BaseServiceProxy     : -> GET /v1/api/tickle,200|55ms
18:30:18.468 DEBUG vert.x-eventloop-thread-0 ClientPortalService  : tickle {"session":"e6849eeefc510c718e64ec1d0838e813","ssoExpires":330025,"collission":false,"userId":50301190,"hmds":{"error":"no bridge"},"iserver":{"authStatus":{"authenticated":true,"established":true,"competing":false,"connected":true,"message":"","MAC":"06:A8:C0:D9:D5:E3","serverInfo":{"serverName":"JifS25121","serverVersion":"Build 10.44.1d, Mar 3, 2026 1:55:32 PM"},"hardware_info":"275c5aa2|06:A8:C0:D9:D5:E3"}}}
18:30:48.474 INFO  vert.x-eventloop-thread-0 BaseServiceProxy     : -> GET /v1/api/tickle,200|59ms
18:30:48.475 DEBUG vert.x-eventloop-thread-0 ClientPortalService  : tickle {"session":"e6849eeefc510c718e64ec1d0838e813","ssoExpires":300022,"collission":false,"userId":50301190,"hmds":{"error":"no bridge"},"iserver":{"authStatus":{"authenticated":true,"established":true,"competing":false,"connected":true,"message":"","MAC":"06:A8:C0:D9:D5:E3","serverInfo":{"serverName":"JifS25121","serverVersion":"Build 10.44.1d, Mar 3, 2026 1:55:32 PM"},"hardware_info":"275c5aa2|06:A8:C0:D9:D5:E3"}}}
18:31:18.483 INFO  vert.x-eventloop-thread-0 BaseServiceProxy     : -> GET /v1/api/tickle,200|68ms
18:31:18.484 DEBUG vert.x-eventloop-thread-0 ClientPortalService  : tickle {"session":"e6849eeefc510c718e64ec1d0838e813","ssoExpires":270010,"collission":false,"userId":50301190,"hmds":{"error":"no bridge"},"iserver":{"authStatus":{"authenticated":true,"established":true,"competing":false,"connected":true,"message":"","MAC":"06:A8:C0:D9:D5:E3","serverInfo":{"serverName":"JifS25121","serverVersion":"Build 10.44.1d, Mar 3, 2026 1:55:32 PM"},"hardware_info":"275c5aa2|06:A8:C0:D9:D5:E3"}}}
18:31:48.489 INFO  vert.x-eventloop-thread-0 BaseServiceProxy     : -> GET /v1/api/tickle,200|73ms
18:31:48.491 DEBUG vert.x-eventloop-thread-0 ClientPortalService  : tickle {"session":"e6849eeefc510c718e64ec1d0838e813","ssoExpires":240004,"collission":false,"userId":50301190,"hmds":{"error":"no bridge"},"iserver":{"authStatus":{"authenticated":true,"established":true,"competing":false,"connected":true,"message":"","MAC":"06:A8:C0:D9:D5:E3","serverInfo":{"serverName":"JifS25121","serverVersion":"Build 10.44.1d, Mar 3, 2026 1:55:32 PM"},"hardware_info":"275c5aa2|06:A8:C0:D9:D5:E3"}}}
18:32:18.481 INFO  vert.x-eventloop-thread-0 BaseServiceProxy     : -> GET /v1/api/tickle,200|66ms
18:32:18.483 DEBUG vert.x-eventloop-thread-0 ClientPortalService  : tickle {"session":"e6849eeefc510c718e64ec1d0838e813","ssoExpires":210016,"collission":false,"userId":50301190,"hmds":{"error":"no bridge"},"iserver":{"authStatus":{"authenticated":true,"established":true,"competing":false,"connected":true,"message":"","MAC":"06:A8:C0:D9:D5:E3","serverInfo":{"serverName":"JifS25121","serverVersion":"Build 10.44.1d, Mar 3, 2026 1:55:32 PM"},"hardware_info":"275c5aa2|06:A8:C0:D9:D5:E3"}}}
18:32:30.742 INFO  vert.x-eventloop-thread-0 BaseServiceProxy     : -> GET /v1/api/tickle,200|298ms
18:32:48.501 INFO  vert.x-eventloop-thread-0 BaseServiceProxy     : -> GET /v1/api/tickle,200|86ms
18:32:48.502 DEBUG vert.x-eventloop-thread-0 ClientPortalService  : tickle {"session":"e6849eeefc510c718e64ec1d0838e813","ssoExpires":179991,"collission":false,"userId":50301190,"hmds":{"error":"no bridge"},"iserver":{"authStatus":{"authenticated":true,"established":true,"competing":false,"connected":true,"message":"","MAC":"06:A8:C0:D9:D5:E3","serverInfo":{"serverName":"JifS25121","serverVersion":"Build 10.44.1d, Mar 3, 2026 1:55:32 PM"},"hardware_info":"275c5aa2|06:A8:C0:D9:D5:E3"}}}
18:33:18.527 INFO  vert.x-eventloop-thread-0 BaseServiceProxy     : -> GET /v1/api/tickle,200|111ms
18:33:18.528 DEBUG vert.x-eventloop-thread-0 ClientPortalService  : tickle {"session":"e6849eeefc510c718e64ec1d0838e813","ssoExpires":149976,"collission":false,"userId":50301190,"hmds":{"error":"no bridge"},"iserver":{"authStatus":{"authenticated":true,"established":true,"competing":false,"connected":true,"message":"","MAC":"06:A8:C0:D9:D5:E3","serverInfo":{"serverName":"JifS25121","serverVersion":"Build 10.44.1d, Mar 3, 2026 1:55:32 PM"},"hardware_info":"275c5aa2|06:A8:C0:D9:D5:E3"}}}
18:33:48.491 INFO  vert.x-eventloop-thread-0 BaseServiceProxy     : -> GET /v1/api/tickle,200|75ms
18:33:48.493 DEBUG vert.x-eventloop-thread-0 ClientPortalService  : tickle {"session":"e6849eeefc510c718e64ec1d0838e813","ssoExpires":120002,"collission":false,"userId":50301190,"hmds":{"error":"no bridge"},"iserver":{"authStatus":{"authenticated":true,"established":true,"competing":false,"connected":true,"message":"","MAC":"06:A8:C0:D9:D5:E3","serverInfo":{"serverName":"JifS25121","serverVersion":"Build 10.44.1d, Mar 3, 2026 1:55:32 PM"},"hardware_info":"275c5aa2|06:A8:C0:D9:D5:E3"}}}
18:34:18.743 INFO  vert.x-eventloop-thread-0 BaseServiceProxy     : -> GET /v1/api/tickle,200|327ms
18:34:18.745 DEBUG vert.x-eventloop-thread-0 ClientPortalService  : tickle {"session":"e6849eeefc510c718e64ec1d0838e813","ssoExpires":89755,"collission":false,"userId":50301190,"hmds":{"error":"no bridge"},"iserver":{"authStatus":{"authenticated":true,"established":true,"competing":false,"connected":true,"message":"","MAC":"06:A8:C0:D9:D5:E3","serverInfo":{"serverName":"JifS25121","serverVersion":"Build 10.44.1d, Mar 3, 2026 1:55:32 PM"},"hardware_info":"275c5aa2|06:A8:C0:D9:D5:E3"}}}
18:34:48.633 INFO  vert.x-eventloop-thread-0 BaseServiceProxy     : -> GET /v1/api/tickle,200|210ms
18:34:48.634 DEBUG vert.x-eventloop-thread-0 ClientPortalService  : tickle {"session":"e6849eeefc510c718e64ec1d0838e813","ssoExpires":59869,"collission":false,"userId":50301190,"hmds":{"error":"no bridge"},"iserver":{"authStatus":{"authenticated":true,"established":true,"competing":false,"connected":true,"message":"","MAC":"06:A8:C0:D9:D5:E3","serverInfo":{"serverName":"JifS25121","serverVersion":"Build 10.44.1d, Mar 3, 2026 1:55:32 PM"},"hardware_info":"275c5aa2|06:A8:C0:D9:D5:E3"}}}
18:35:13.458 INFO  vert.x-eventloop-thread-0 BaseServiceProxy     : -> GET /sso/ping,200|330ms
18:35:13.460 INFO  vert.x-eventloop-thread-0 SsoService           : sso ping {"result": "true"}
18:35:18.487 INFO  vert.x-eventloop-thread-0 BaseServiceProxy     : -> GET /v1/api/tickle,200|62ms
18:35:18.487 DEBUG vert.x-eventloop-thread-0 ClientPortalService  : tickle {"session":"e6849eeefc510c718e64ec1d0838e813","ssoExpires":30015,"collission":false,"userId":50301190,"hmds":{"error":"no bridge"},"iserver":{"authStatus":{"authenticated":true,"established":true,"competing":false,"connected":true,"message":"","MAC":"06:A8:C0:D9:D5:E3","serverInfo":{"serverName":"JifS25121","serverVersion":"Build 10.44.1d, Mar 3, 2026 1:55:32 PM"},"hardware_info":"275c5aa2|06:A8:C0:D9:D5:E3"}}}
18:35:48.483 INFO  vert.x-eventloop-thread-0 BaseServiceProxy     : -> GET /v1/api/tickle,200|57ms
18:35:48.485 DEBUG vert.x-eventloop-thread-0 ClientPortalService  : tickle {"session":"e6849eeefc510c718e64ec1d0838e813","ssoExpires":20,"collission":false,"userId":50301190,"hmds":{"error":"no bridge"},"iserver":{"authStatus":{"authenticated":true,"established":true,"competing":false,"connected":true,"message":"","MAC":"06:A8:C0:D9:D5:E3","serverInfo":{"serverName":"JifS25121","serverVersion":"Build 10.44.1d, Mar 3, 2026 1:55:32 PM"},"hardware_info":"275c5aa2|06:A8:C0:D9:D5:E3"}}}
18:36:18.487 INFO  vert.x-eventloop-thread-0 BaseServiceProxy     : -> GET /v1/api/tickle,200|61ms
18:36:18.488 DEBUG vert.x-eventloop-thread-0 ClientPortalService  : tickle {"session":"e6849eeefc510c718e64ec1d0838e813","ssoExpires":600000,"collission":false,"userId":50301190,"hmds":{"error":"no bridge"},"iserver":{"authStatus":{"authenticated":true,"established":true,"competing":false,"connected":true,"message":"","MAC":"06:A8:C0:D9:D5:E3","serverInfo":{"serverName":"JifS25121","serverVersion":"Build 10.44.1d, Mar 3, 2026 1:55:32 PM"},"hardware_info":"275c5aa2|06:A8:C0:D9:D5:E3"}}}
18:36:48.790 INFO  vert.x-eventloop-thread-0 BaseServiceProxy     : -> GET /v1/api/tickle,200|363ms
18:36:48.791 DEBUG vert.x-eventloop-thread-0 ClientPortalService  : tickle {"session":"e6849eeefc510c718e64ec1d0838e813","ssoExpires":569725,"collission":false,"userId":50301190,"hmds":{"error":"no bridge"},"iserver":{"authStatus":{"authenticated":true,"established":true,"competing":false,"connected":true,"message":"","MAC":"06:A8:C0:D9:D5:E3","serverInfo":{"serverName":"JifS25121","serverVersion":"Build 10.44.1d, Mar 3, 2026 1:55:32 PM"},"hardware_info":"275c5aa2|06:A8:C0:D9:D5:E3"}}}
18:37:18.634 INFO  vert.x-eventloop-thread-0 BaseServiceProxy     : -> GET /v1/api/tickle,200|208ms
18:37:18.636 DEBUG vert.x-eventloop-thread-0 ClientPortalService  : tickle {"session":"e6849eeefc510c718e64ec1d0838e813","ssoExpires":539887,"collission":false,"userId":50301190,"hmds":{"error":"no bridge"},"iserver":{"authStatus":{"authenticated":true,"established":true,"competing":false,"connected":true,"message":"","MAC":"06:A8:C0:D9:D5:E3","serverInfo":{"serverName":"JifS25121","serverVersion":"Build 10.44.1d, Mar 3, 2026 1:55:32 PM"},"hardware_info":"275c5aa2|06:A8:C0:D9:D5:E3"}}}
18:37:48.796 INFO  vert.x-eventloop-thread-0 BaseServiceProxy     : -> GET /v1/api/tickle,200|370ms
18:37:48.797 DEBUG vert.x-eventloop-thread-0 ClientPortalService  : tickle {"session":"e6849eeefc510c718e64ec1d0838e813","ssoExpires":509774,"collission":false,"userId":50301190,"hmds":{"error":"no bridge"},"iserver":{"authStatus":{"authenticated":true,"established":true,"competing":false,"connected":true,"message":"","MAC":"06:A8:C0:D9:D5:E3","serverInfo":{"serverName":"JifS25121","serverVersion":"Build 10.44.1d, Mar 3, 2026 1:55:32 PM"},"hardware_info":"275c5aa2|06:A8:C0:D9:D5:E3"}}}
18:38:18.493 INFO  vert.x-eventloop-thread-0 BaseServiceProxy     : -> GET /v1/api/tickle,200|65ms
18:38:18.495 DEBUG vert.x-eventloop-thread-0 ClientPortalService  : tickle {"session":"e6849eeefc510c718e64ec1d0838e813","ssoExpires":480002,"collission":false,"userId":50301190,"hmds":{"error":"no bridge"},"iserver":{"authStatus":{"authenticated":true,"established":true,"competing":false,"connected":true,"message":"","MAC":"06:A8:C0:D9:D5:E3","serverInfo":{"serverName":"JifS25121","serverVersion":"Build 10.44.1d, Mar 3, 2026 1:55:32 PM"},"hardware_info":"275c5aa2|06:A8:C0:D9:D5:E3"}}}
18:38:48.479 INFO  vert.x-eventloop-thread-0 BaseServiceProxy     : -> GET /v1/api/tickle,200|52ms
18:38:48.483 DEBUG vert.x-eventloop-thread-0 ClientPortalService  : tickle {"session":"e6849eeefc510c718e64ec1d0838e813","ssoExpires":450009,"collission":false,"userId":50301190,"hmds":{"error":"no bridge"},"iserver":{"authStatus":{"authenticated":true,"established":true,"competing":false,"connected":true,"message":"","MAC":"06:A8:C0:D9:D5:E3","serverInfo":{"serverName":"JifS25121","serverVersion":"Build 10.44.1d, Mar 3, 2026 1:55:32 PM"},"hardware_info":"275c5aa2|06:A8:C0:D9:D5:E3"}}}
18:39:18.520 INFO  vert.x-eventloop-thread-0 BaseServiceProxy     : -> GET /v1/api/tickle,200|93ms
18:39:18.522 DEBUG vert.x-eventloop-thread-0 ClientPortalService  : tickle {"session":"e6849eeefc510c718e64ec1d0838e813","ssoExpires":419997,"collission":false,"userId":50301190,"hmds":{"error":"no bridge"},"iserver":{"authStatus":{"authenticated":true,"established":true,"competing":false,"connected":true,"message":"","MAC":"06:A8:C0:D9:D5:E3","serverInfo":{"serverName":"JifS25121","serverVersion":"Build 10.44.1d, Mar 3, 2026 1:55:32 PM"},"hardware_info":"275c5aa2|06:A8:C0:D9:D5:E3"}}}
18:39:48.484 INFO  vert.x-eventloop-thread-0 BaseServiceProxy     : -> GET /v1/api/tickle,200|57ms
18:39:48.485 DEBUG vert.x-eventloop-thread-0 ClientPortalService  : tickle {"session":"e6849eeefc510c718e64ec1d0838e813","ssoExpires":390006,"collission":false,"userId":50301190,"hmds":{"error":"no bridge"},"iserver":{"authStatus":{"authenticated":true,"established":true,"competing":false,"connected":true,"message":"","MAC":"06:A8:C0:D9:D5:E3","serverInfo":{"serverName":"JifS25121","serverVersion":"Build 10.44.1d, Mar 3, 2026 1:55:32 PM"},"hardware_info":"275c5aa2|06:A8:C0:D9:D5:E3"}}}
18:40:13.491 INFO  vert.x-eventloop-thread-0 BaseServiceProxy     : -> GET /sso/ping,200|362ms
18:40:13.493 INFO  vert.x-eventloop-thread-0 SsoService           : sso ping {"result": "true"}
18:40:18.497 INFO  vert.x-eventloop-thread-0 BaseServiceProxy     : -> GET /v1/api/tickle,200|70ms
18:40:18.498 DEBUG vert.x-eventloop-thread-0 ClientPortalService  : tickle {"session":"e6849eeefc510c718e64ec1d0838e813","ssoExpires":360004,"collission":false,"userId":50301190,"hmds":{"error":"no bridge"},"iserver":{"authStatus":{"authenticated":true,"established":true,"competing":false,"connected":true,"message":"","MAC":"06:A8:C0:D9:D5:E3","serverInfo":{"serverName":"JifS25121","serverVersion":"Build 10.44.1d, Mar 3, 2026 1:55:32 PM"},"hardware_info":"275c5aa2|06:A8:C0:D9:D5:E3"}}}
18:40:48.479 INFO  vert.x-eventloop-thread-0 BaseServiceProxy     : -> GET /v1/api/tickle,200|52ms
18:40:48.482 DEBUG vert.x-eventloop-thread-0 ClientPortalService  : tickle {"session":"e6849eeefc510c718e64ec1d0838e813","ssoExpires":330009,"collission":false,"userId":50301190,"hmds":{"error":"no bridge"},"iserver":{"authStatus":{"authenticated":true,"established":true,"competing":false,"connected":true,"message":"","MAC":"06:A8:C0:D9:D5:E3","serverInfo":{"serverName":"JifS25121","serverVersion":"Build 10.44.1d, Mar 3, 2026 1:55:32 PM"},"hardware_info":"275c5aa2|06:A8:C0:D9:D5:E3"}}}
18:41:18.652 INFO  vert.x-eventloop-thread-0 BaseServiceProxy     : -> GET /v1/api/tickle,200|225ms
18:41:18.654 DEBUG vert.x-eventloop-thread-0 ClientPortalService  : tickle {"session":"e6849eeefc510c718e64ec1d0838e813","ssoExpires":299842,"collission":false,"userId":50301190,"hmds":{"error":"no bridge"},"iserver":{"authStatus":{"authenticated":true,"established":true,"competing":false,"connected":true,"message":"","MAC":"06:A8:C0:D9:D5:E3","serverInfo":{"serverName":"JifS25121","serverVersion":"Build 10.44.1d, Mar 3, 2026 1:55:32 PM"},"hardware_info":"275c5aa2|06:A8:C0:D9:D5:E3"}}}
18:41:48.482 INFO  vert.x-eventloop-thread-0 BaseServiceProxy     : -> GET /v1/api/tickle,200|55ms
18:41:48.482 DEBUG vert.x-eventloop-thread-0 ClientPortalService  : tickle {"session":"e6849eeefc510c718e64ec1d0838e813","ssoExpires":270008,"collission":false,"userId":50301190,"hmds":{"error":"no bridge"},"iserver":{"authStatus":{"authenticated":true,"established":true,"competing":false,"connected":true,"message":"","MAC":"06:A8:C0:D9:D5:E3","serverInfo":{"serverName":"JifS25121","serverVersion":"Build 10.44.1d, Mar 3, 2026 1:55:32 PM"},"hardware_info":"275c5aa2|06:A8:C0:D9:D5:E3"}}}
18:42:18.495 INFO  vert.x-eventloop-thread-0 BaseServiceProxy     : -> GET /v1/api/tickle,200|68ms
18:42:18.496 DEBUG vert.x-eventloop-thread-0 ClientPortalService  : tickle {"session":"e6849eeefc510c718e64ec1d0838e813","ssoExpires":239996,"collission":false,"userId":50301190,"hmds":{"error":"no bridge"},"iserver":{"authStatus":{"authenticated":true,"established":true,"competing":false,"connected":true,"message":"","MAC":"06:A8:C0:D9:D5:E3","serverInfo":{"serverName":"JifS25121","serverVersion":"Build 10.44.1d, Mar 3, 2026 1:55:32 PM"},"hardware_info":"275c5aa2|06:A8:C0:D9:D5:E3"}}}
18:42:48.484 INFO  vert.x-eventloop-thread-0 BaseServiceProxy     : -> GET /v1/api/tickle,200|56ms
18:42:48.486 DEBUG vert.x-eventloop-thread-0 ClientPortalService  : tickle {"session":"e6849eeefc510c718e64ec1d0838e813","ssoExpires":210004,"collission":false,"userId":50301190,"hmds":{"error":"no bridge"},"iserver":{"authStatus":{"authenticated":true,"established":true,"competing":false,"connected":true,"message":"","MAC":"06:A8:C0:D9:D5:E3","serverInfo":{"serverName":"JifS25121","serverVersion":"Build 10.44.1d, Mar 3, 2026 1:55:32 PM"},"hardware_info":"275c5aa2|06:A8:C0:D9:D5:E3"}}}
18:43:18.501 INFO  vert.x-eventloop-thread-0 BaseServiceProxy     : -> GET /v1/api/tickle,200|71ms
18:43:18.503 DEBUG vert.x-eventloop-thread-0 ClientPortalService  : tickle {"session":"e6849eeefc510c718e64ec1d0838e813","ssoExpires":179994,"collission":false,"userId":50301190,"hmds":{"error":"no bridge"},"iserver":{"authStatus":{"authenticated":true,"established":true,"competing":false,"connected":true,"message":"","MAC":"06:A8:C0:D9:D5:E3","serverInfo":{"serverName":"JifS25121","serverVersion":"Build 10.44.1d, Mar 3, 2026 1:55:32 PM"},"hardware_info":"275c5aa2|06:A8:C0:D9:D5:E3"}}}
18:43:48.745 INFO  vert.x-eventloop-thread-0 BaseServiceProxy     : -> GET /v1/api/tickle,200|316ms
18:43:48.748 DEBUG vert.x-eventloop-thread-0 ClientPortalService  : tickle {"session":"e6849eeefc510c718e64ec1d0838e813","ssoExpires":149750,"collission":false,"userId":50301190,"hmds":{"error":"no bridge"},"iserver":{"authStatus":{"authenticated":true,"established":true,"competing":false,"connected":true,"message":"","MAC":"06:A8:C0:D9:D5:E3","serverInfo":{"serverName":"JifS25121","serverVersion":"Build 10.44.1d, Mar 3, 2026 1:55:32 PM"},"hardware_info":"275c5aa2|06:A8:C0:D9:D5:E3"}}}
18:44:18.492 INFO  vert.x-eventloop-thread-0 BaseServiceProxy     : -> GET /v1/api/tickle,200|63ms
18:44:18.493 DEBUG vert.x-eventloop-thread-0 ClientPortalService  : tickle {"session":"e6849eeefc510c718e64ec1d0838e813","ssoExpires":120004,"collission":false,"userId":50301190,"hmds":{"error":"no bridge"},"iserver":{"authStatus":{"authenticated":true,"established":true,"competing":false,"connected":true,"message":"","MAC":"06:A8:C0:D9:D5:E3","serverInfo":{"serverName":"JifS25121","serverVersion":"Build 10.44.1d, Mar 3, 2026 1:55:32 PM"},"hardware_info":"275c5aa2|06:A8:C0:D9:D5:E3"}}}
18:44:48.551 INFO  vert.x-eventloop-thread-0 BaseServiceProxy     : -> GET /v1/api/tickle,200|123ms
18:44:48.553 DEBUG vert.x-eventloop-thread-0 ClientPortalService  : tickle {"session":"e6849eeefc510c718e64ec1d0838e813","ssoExpires":89952,"collission":false,"userId":50301190,"hmds":{"error":"no bridge"},"iserver":{"authStatus":{"authenticated":true,"established":true,"competing":false,"connected":true,"message":"","MAC":"06:A8:C0:D9:D5:E3","serverInfo":{"serverName":"JifS25121","serverVersion":"Build 10.44.1d, Mar 3, 2026 1:55:32 PM"},"hardware_info":"275c5aa2|06:A8:C0:D9:D5:E3"}}}
18:45:13.418 INFO  vert.x-eventloop-thread-0 BaseServiceProxy     : -> GET /sso/ping,200|287ms
18:45:13.419 INFO  vert.x-eventloop-thread-0 SsoService           : sso ping {"result": "true"}
18:45:18.510 INFO  vert.x-eventloop-thread-0 BaseServiceProxy     : -> GET /v1/api/tickle,200|81ms
18:45:18.511 DEBUG vert.x-eventloop-thread-0 ClientPortalService  : tickle {"session":"e6849eeefc510c718e64ec1d0838e813","ssoExpires":60002,"collission":false,"userId":50301190,"hmds":{"error":"no bridge"},"iserver":{"authStatus":{"authenticated":true,"established":true,"competing":false,"connected":true,"message":"","MAC":"06:A8:C0:D9:D5:E3","serverInfo":{"serverName":"JifS25121","serverVersion":"Build 10.44.1d, Mar 3, 2026 1:55:32 PM"},"hardware_info":"275c5aa2|06:A8:C0:D9:D5:E3"}}}
18:45:48.751 INFO  vert.x-eventloop-thread-0 BaseServiceProxy     : -> GET /v1/api/tickle,200|322ms
18:45:48.752 DEBUG vert.x-eventloop-thread-0 ClientPortalService  : tickle {"session":"e6849eeefc510c718e64ec1d0838e813","ssoExpires":29772,"collission":false,"userId":50301190,"hmds":{"error":"no bridge"},"iserver":{"authStatus":{"authenticated":true,"established":true,"competing":false,"connected":true,"message":"","MAC":"06:A8:C0:D9:D5:E3","serverInfo":{"serverName":"JifS25121","serverVersion":"Build 10.44.1d, Mar 3, 2026 1:55:32 PM"},"hardware_info":"275c5aa2|06:A8:C0:D9:D5:E3"}}}
18:46:18.501 INFO  vert.x-eventloop-thread-0 BaseServiceProxy     : -> GET /v1/api/tickle,200|70ms
18:46:18.503 DEBUG vert.x-eventloop-thread-0 ClientPortalService  : tickle {"session":"e6849eeefc510c718e64ec1d0838e813","ssoExpires":600000,"collission":false,"userId":50301190,"hmds":{"error":"no bridge"},"iserver":{"authStatus":{"authenticated":true,"established":true,"competing":false,"connected":true,"message":"","MAC":"06:A8:C0:D9:D5:E3","serverInfo":{"serverName":"JifS25121","serverVersion":"Build 10.44.1d, Mar 3, 2026 1:55:32 PM"},"hardware_info":"275c5aa2|06:A8:C0:D9:D5:E3"}}}
18:46:48.494 INFO  vert.x-eventloop-thread-0 BaseServiceProxy     : -> GET /v1/api/tickle,200|64ms
18:46:48.495 DEBUG vert.x-eventloop-thread-0 ClientPortalService  : tickle {"session":"e6849eeefc510c718e64ec1d0838e813","ssoExpires":570007,"collission":false,"userId":50301190,"hmds":{"error":"no bridge"},"iserver":{"authStatus":{"authenticated":true,"established":true,"competing":false,"connected":true,"message":"","MAC":"06:A8:C0:D9:D5:E3","serverInfo":{"serverName":"JifS25121","serverVersion":"Build 10.44.1d, Mar 3, 2026 1:55:32 PM"},"hardware_info":"275c5aa2|06:A8:C0:D9:D5:E3"}}}
18:47:18.745 INFO  vert.x-eventloop-thread-0 BaseServiceProxy     : -> GET /v1/api/tickle,200|315ms
18:47:18.745 DEBUG vert.x-eventloop-thread-0 ClientPortalService  : tickle {"session":"e6849eeefc510c718e64ec1d0838e813","ssoExpires":539755,"collission":false,"userId":50301190,"hmds":{"error":"no bridge"},"iserver":{"authStatus":{"authenticated":true,"established":true,"competing":false,"connected":true,"message":"","MAC":"06:A8:C0:D9:D5:E3","serverInfo":{"serverName":"JifS25121","serverVersion":"Build 10.44.1d, Mar 3, 2026 1:55:32 PM"},"hardware_info":"275c5aa2|06:A8:C0:D9:D5:E3"}}}
18:47:48.494 INFO  vert.x-eventloop-thread-0 BaseServiceProxy     : -> GET /v1/api/tickle,200|64ms
18:47:48.495 DEBUG vert.x-eventloop-thread-0 ClientPortalService  : tickle {"session":"e6849eeefc510c718e64ec1d0838e813","ssoExpires":510006,"collission":false,"userId":50301190,"hmds":{"error":"no bridge"},"iserver":{"authStatus":{"authenticated":true,"established":true,"competing":false,"connected":true,"message":"","MAC":"06:A8:C0:D9:D5:E3","serverInfo":{"serverName":"JifS25121","serverVersion":"Build 10.44.1d, Mar 3, 2026 1:55:32 PM"},"hardware_info":"275c5aa2|06:A8:C0:D9:D5:E3"}}}
18:48:18.499 INFO  vert.x-eventloop-thread-0 BaseServiceProxy     : -> GET /v1/api/tickle,200|69ms
18:48:18.500 DEBUG vert.x-eventloop-thread-0 ClientPortalService  : tickle {"session":"e6849eeefc510c718e64ec1d0838e813","ssoExpires":480002,"collission":false,"userId":50301190,"hmds":{"error":"no bridge"},"iserver":{"authStatus":{"authenticated":true,"established":true,"competing":false,"connected":true,"message":"","MAC":"06:A8:C0:D9:D5:E3","serverInfo":{"serverName":"JifS25121","serverVersion":"Build 10.44.1d, Mar 3, 2026 1:55:32 PM"},"hardware_info":"275c5aa2|06:A8:C0:D9:D5:E3"}}}
18:48:48.499 INFO  vert.x-eventloop-thread-0 BaseServiceProxy     : -> GET /v1/api/tickle,200|67ms
18:48:48.502 DEBUG vert.x-eventloop-thread-0 ClientPortalService  : tickle {"session":"e6849eeefc510c718e64ec1d0838e813","ssoExpires":450005,"collission":false,"userId":50301190,"hmds":{"error":"no bridge"},"iserver":{"authStatus":{"authenticated":true,"established":true,"competing":false,"connected":true,"message":"","MAC":"06:A8:C0:D9:D5:E3","serverInfo":{"serverName":"JifS25121","serverVersion":"Build 10.44.1d, Mar 3, 2026 1:55:32 PM"},"hardware_info":"275c5aa2|06:A8:C0:D9:D5:E3"}}}
18:49:18.772 INFO  vert.x-eventloop-thread-0 BaseServiceProxy     : -> GET /v1/api/tickle,200|341ms
18:49:18.773 DEBUG vert.x-eventloop-thread-0 ClientPortalService  : tickle {"session":"e6849eeefc510c718e64ec1d0838e813","ssoExpires":419769,"collission":false,"userId":50301190,"hmds":{"error":"no bridge"},"iserver":{"authStatus":{"authenticated":true,"established":true,"competing":false,"connected":true,"message":"","MAC":"06:A8:C0:D9:D5:E3","serverInfo":{"serverName":"JifS25121","serverVersion":"Build 10.44.1d, Mar 3, 2026 1:55:32 PM"},"hardware_info":"275c5aa2|06:A8:C0:D9:D5:E3"}}}
18:49:48.505 INFO  vert.x-eventloop-thread-0 BaseServiceProxy     : -> GET /v1/api/tickle,200|68ms
18:49:48.506 DEBUG vert.x-eventloop-thread-0 ClientPortalService  : tickle {"session":"e6849eeefc510c718e64ec1d0838e813","ssoExpires":390004,"collission":false,"userId":50301190,"hmds":{"error":"no bridge"},"iserver":{"authStatus":{"authenticated":true,"established":true,"competing":false,"connected":true,"message":"","MAC":"06:A8:C0:D9:D5:E3","serverInfo":{"serverName":"JifS25121","serverVersion":"Build 10.44.1d, Mar 3, 2026 1:55:32 PM"},"hardware_info":"275c5aa2|06:A8:C0:D9:D5:E3"}}}
18:50:13.633 INFO  vert.x-eventloop-thread-0 BaseServiceProxy     : -> GET /sso/ping,200|493ms
18:50:13.635 INFO  vert.x-eventloop-thread-0 SsoService           : sso ping {"result": "true"}
18:50:18.501 INFO  vert.x-eventloop-thread-0 BaseServiceProxy     : -> GET /v1/api/tickle,200|63ms
18:50:18.502 DEBUG vert.x-eventloop-thread-0 ClientPortalService  : tickle {"session":"e6849eeefc510c718e64ec1d0838e813","ssoExpires":360009,"collission":false,"userId":50301190,"hmds":{"error":"no bridge"},"iserver":{"authStatus":{"authenticated":true,"established":true,"competing":false,"connected":true,"message":"","MAC":"06:A8:C0:D9:D5:E3","serverInfo":{"serverName":"JifS25121","serverVersion":"Build 10.44.1d, Mar 3, 2026 1:55:32 PM"},"hardware_info":"275c5aa2|06:A8:C0:D9:D5:E3"}}}
18:50:48.505 INFO  vert.x-eventloop-thread-0 BaseServiceProxy     : -> GET /v1/api/tickle,200|67ms
18:50:48.505 DEBUG vert.x-eventloop-thread-0 ClientPortalService  : tickle {"session":"e6849eeefc510c718e64ec1d0838e813","ssoExpires":330010,"collission":false,"userId":50301190,"hmds":{"error":"no bridge"},"iserver":{"authStatus":{"authenticated":true,"established":true,"competing":false,"connected":true,"message":"","MAC":"06:A8:C0:D9:D5:E3","serverInfo":{"serverName":"JifS25121","serverVersion":"Build 10.44.1d, Mar 3, 2026 1:55:32 PM"},"hardware_info":"275c5aa2|06:A8:C0:D9:D5:E3"}}}
18:51:18.500 INFO  vert.x-eventloop-thread-0 BaseServiceProxy     : -> GET /v1/api/tickle,200|61ms
18:51:18.501 DEBUG vert.x-eventloop-thread-0 ClientPortalService  : tickle {"session":"e6849eeefc510c718e64ec1d0838e813","ssoExpires":300012,"collission":false,"userId":50301190,"hmds":{"error":"no bridge"},"iserver":{"authStatus":{"authenticated":true,"established":true,"competing":false,"connected":true,"message":"","MAC":"06:A8:C0:D9:D5:E3","serverInfo":{"serverName":"JifS25121","serverVersion":"Build 10.44.1d, Mar 3, 2026 1:55:32 PM"},"hardware_info":"275c5aa2|06:A8:C0:D9:D5:E3"}}}
18:51:48.509 INFO  vert.x-eventloop-thread-0 BaseServiceProxy     : -> GET /v1/api/tickle,200|69ms
18:51:48.510 DEBUG vert.x-eventloop-thread-0 ClientPortalService  : tickle {"session":"e6849eeefc510c718e64ec1d0838e813","ssoExpires":270002,"collission":false,"userId":50301190,"hmds":{"error":"no bridge"},"iserver":{"authStatus":{"authenticated":true,"established":true,"competing":false,"connected":true,"message":"","MAC":"06:A8:C0:D9:D5:E3","serverInfo":{"serverName":"JifS25121","serverVersion":"Build 10.44.1d, Mar 3, 2026 1:55:32 PM"},"hardware_info":"275c5aa2|06:A8:C0:D9:D5:E3"}}}
18:52:18.571 INFO  vert.x-eventloop-thread-0 BaseServiceProxy     : -> GET /v1/api/tickle,200|131ms
18:52:18.573 DEBUG vert.x-eventloop-thread-0 ClientPortalService  : tickle {"session":"e6849eeefc510c718e64ec1d0838e813","ssoExpires":239983,"collission":false,"userId":50301190,"hmds":{"error":"no bridge"},"iserver":{"authStatus":{"authenticated":true,"established":true,"competing":false,"connected":true,"message":"","MAC":"06:A8:C0:D9:D5:E3","serverInfo":{"serverName":"JifS25121","serverVersion":"Build 10.44.1d, Mar 3, 2026 1:55:32 PM"},"hardware_info":"275c5aa2|06:A8:C0:D9:D5:E3"}}}
18:52:48.546 INFO  vert.x-eventloop-thread-0 BaseServiceProxy     : -> GET /v1/api/tickle,200|106ms
18:52:48.548 DEBUG vert.x-eventloop-thread-0 ClientPortalService  : tickle {"session":"e6849eeefc510c718e64ec1d0838e813","ssoExpires":209971,"collission":false,"userId":50301190,"hmds":{"error":"no bridge"},"iserver":{"authStatus":{"authenticated":true,"established":true,"competing":false,"connected":true,"message":"","MAC":"06:A8:C0:D9:D5:E3","serverInfo":{"serverName":"JifS25121","serverVersion":"Build 10.44.1d, Mar 3, 2026 1:55:32 PM"},"hardware_info":"275c5aa2|06:A8:C0:D9:D5:E3"}}}
18:53:18.530 INFO  vert.x-eventloop-thread-0 BaseServiceProxy     : -> GET /v1/api/tickle,200|90ms
18:53:18.530 DEBUG vert.x-eventloop-thread-0 ClientPortalService  : tickle {"session":"e6849eeefc510c718e64ec1d0838e813","ssoExpires":180018,"collission":false,"userId":50301190,"hmds":{"error":"no bridge"},"iserver":{"authStatus":{"authenticated":true,"established":true,"competing":false,"connected":true,"message":"","MAC":"06:A8:C0:D9:D5:E3","serverInfo":{"serverName":"JifS25121","serverVersion":"Build 10.44.1d, Mar 3, 2026 1:55:32 PM"},"hardware_info":"275c5aa2|06:A8:C0:D9:D5:E3"}}}
18:53:48.502 INFO  vert.x-eventloop-thread-0 BaseServiceProxy     : -> GET /v1/api/tickle,200|61ms
18:53:48.502 DEBUG vert.x-eventloop-thread-0 ClientPortalService  : tickle {"session":"e6849eeefc510c718e64ec1d0838e813","ssoExpires":150008,"collission":false,"userId":50301190,"hmds":{"error":"no bridge"},"iserver":{"authStatus":{"authenticated":true,"established":true,"competing":false,"connected":true,"message":"","MAC":"06:A8:C0:D9:D5:E3","serverInfo":{"serverName":"JifS25121","serverVersion":"Build 10.44.1d, Mar 3, 2026 1:55:32 PM"},"hardware_info":"275c5aa2|06:A8:C0:D9:D5:E3"}}}
18:54:18.601 INFO  vert.x-eventloop-thread-0 BaseServiceProxy     : -> GET /v1/api/tickle,200|160ms
18:54:18.602 DEBUG vert.x-eventloop-thread-0 ClientPortalService  : tickle {"session":"e6849eeefc510c718e64ec1d0838e813","ssoExpires":119985,"collission":false,"userId":50301190,"hmds":{"error":"no bridge"},"iserver":{"authStatus":{"authenticated":true,"established":true,"competing":false,"connected":true,"message":"","MAC":"06:A8:C0:D9:D5:E3","serverInfo":{"serverName":"JifS25121","serverVersion":"Build 10.44.1d, Mar 3, 2026 1:55:32 PM"},"hardware_info":"275c5aa2|06:A8:C0:D9:D5:E3"}}}
18:54:48.511 INFO  vert.x-eventloop-thread-0 BaseServiceProxy     : -> GET /v1/api/tickle,200|69ms
18:54:48.513 DEBUG vert.x-eventloop-thread-0 ClientPortalService  : tickle {"session":"e6849eeefc510c718e64ec1d0838e813","ssoExpires":90006,"collission":false,"userId":50301190,"hmds":{"error":"no bridge"},"iserver":{"authStatus":{"authenticated":true,"established":true,"competing":false,"connected":true,"message":"","MAC":"06:A8:C0:D9:D5:E3","serverInfo":{"serverName":"JifS25121","serverVersion":"Build 10.44.1d, Mar 3, 2026 1:55:32 PM"},"hardware_info":"275c5aa2|06:A8:C0:D9:D5:E3"}}}
18:55:13.500 INFO  vert.x-eventloop-thread-0 BaseServiceProxy     : -> GET /sso/ping,200|358ms
18:55:13.503 INFO  vert.x-eventloop-thread-0 SsoService           : sso ping {"result": "true"}
18:55:18.501 INFO  vert.x-eventloop-thread-0 BaseServiceProxy     : -> GET /v1/api/tickle,200|61ms
18:55:18.502 DEBUG vert.x-eventloop-thread-0 ClientPortalService  : tickle {"session":"e6849eeefc510c718e64ec1d0838e813","ssoExpires":60009,"collission":false,"userId":50301190,"hmds":{"error":"no bridge"},"iserver":{"authStatus":{"authenticated":true,"established":true,"competing":false,"connected":true,"message":"","MAC":"06:A8:C0:D9:D5:E3","serverInfo":{"serverName":"JifS25121","serverVersion":"Build 10.44.1d, Mar 3, 2026 1:55:32 PM"},"hardware_info":"275c5aa2|06:A8:C0:D9:D5:E3"}}}
18:55:48.501 INFO  vert.x-eventloop-thread-0 BaseServiceProxy     : -> GET /v1/api/tickle,200|60ms
18:55:48.502 DEBUG vert.x-eventloop-thread-0 ClientPortalService  : tickle {"session":"e6849eeefc510c718e64ec1d0838e813","ssoExpires":30008,"collission":false,"userId":50301190,"hmds":{"error":"no bridge"},"iserver":{"authStatus":{"authenticated":true,"established":true,"competing":false,"connected":true,"message":"","MAC":"06:A8:C0:D9:D5:E3","serverInfo":{"serverName":"JifS25121","serverVersion":"Build 10.44.1d, Mar 3, 2026 1:55:32 PM"},"hardware_info":"275c5aa2|06:A8:C0:D9:D5:E3"}}}
18:56:18.505 INFO  vert.x-eventloop-thread-0 BaseServiceProxy     : -> GET /v1/api/tickle,200|64ms
18:56:18.506 DEBUG vert.x-eventloop-thread-0 ClientPortalService  : tickle {"session":"e6849eeefc510c718e64ec1d0838e813","ssoExpires":6,"collission":false,"userId":50301190,"hmds":{"error":"no bridge"},"iserver":{"authStatus":{"authenticated":true,"established":true,"competing":false,"connected":true,"message":"","MAC":"06:A8:C0:D9:D5:E3","serverInfo":{"serverName":"JifS25121","serverVersion":"Build 10.44.1d, Mar 3, 2026 1:55:32 PM"},"hardware_info":"275c5aa2|06:A8:C0:D9:D5:E3"}}}
18:56:48.834 INFO  vert.x-eventloop-thread-0 BaseServiceProxy     : -> GET /v1/api/tickle,200|393ms
18:56:48.834 DEBUG vert.x-eventloop-thread-0 ClientPortalService  : tickle {"session":"e6849eeefc510c718e64ec1d0838e813","ssoExpires":600000,"collission":false,"userId":50301190,"hmds":{"error":"no bridge"},"iserver":{"authStatus":{"authenticated":true,"established":true,"competing":false,"connected":true,"message":"","MAC":"06:A8:C0:D9:D5:E3","serverInfo":{"serverName":"JifS25121","serverVersion":"Build 10.44.1d, Mar 3, 2026 1:55:32 PM"},"hardware_info":"275c5aa2|06:A8:C0:D9:D5:E3"}}}
18:57:18.605 INFO  vert.x-eventloop-thread-0 BaseServiceProxy     : -> GET /v1/api/tickle,200|161ms
18:57:18.608 DEBUG vert.x-eventloop-thread-0 ClientPortalService  : tickle {"session":"e6849eeefc510c718e64ec1d0838e813","ssoExpires":570168,"collission":false,"userId":50301190,"hmds":{"error":"no bridge"},"iserver":{"authStatus":{"authenticated":true,"established":true,"competing":false,"connected":true,"message":"","MAC":"06:A8:C0:D9:D5:E3","serverInfo":{"serverName":"JifS25121","serverVersion":"Build 10.44.1d, Mar 3, 2026 1:55:32 PM"},"hardware_info":"275c5aa2|06:A8:C0:D9:D5:E3"}}}
18:57:48.845 INFO  vert.x-eventloop-thread-0 BaseServiceProxy     : -> GET /v1/api/tickle,200|403ms
18:57:48.845 DEBUG vert.x-eventloop-thread-0 ClientPortalService  : tickle {"session":"e6849eeefc510c718e64ec1d0838e813","ssoExpires":539973,"collission":false,"userId":50301190,"hmds":{"error":"no bridge"},"iserver":{"authStatus":{"authenticated":true,"established":true,"competing":false,"connected":true,"message":"","MAC":"06:A8:C0:D9:D5:E3","serverInfo":{"serverName":"JifS25121","serverVersion":"Build 10.44.1d, Mar 3, 2026 1:55:32 PM"},"hardware_info":"275c5aa2|06:A8:C0:D9:D5:E3"}}}
18:58:18.526 INFO  vert.x-eventloop-thread-0 BaseServiceProxy     : -> GET /v1/api/tickle,200|82ms
18:58:18.528 DEBUG vert.x-eventloop-thread-0 ClientPortalService  : tickle {"session":"e6849eeefc510c718e64ec1d0838e813","ssoExpires":510229,"collission":false,"userId":50301190,"hmds":{"error":"no bridge"},"iserver":{"authStatus":{"authenticated":true,"established":true,"competing":false,"connected":true,"message":"","MAC":"06:A8:C0:D9:D5:E3","serverInfo":{"serverName":"JifS25121","serverVersion":"Build 10.44.1d, Mar 3, 2026 1:55:32 PM"},"hardware_info":"275c5aa2|06:A8:C0:D9:D5:E3"}}}
18:58:48.507 INFO  vert.x-eventloop-thread-0 BaseServiceProxy     : -> GET /v1/api/tickle,200|64ms
18:58:48.508 DEBUG vert.x-eventloop-thread-0 ClientPortalService  : tickle {"session":"e6849eeefc510c718e64ec1d0838e813","ssoExpires":480227,"collission":false,"userId":50301190,"hmds":{"error":"no bridge"},"iserver":{"authStatus":{"authenticated":true,"established":true,"competing":false,"connected":true,"message":"","MAC":"06:A8:C0:D9:D5:E3","serverInfo":{"serverName":"JifS25121","serverVersion":"Build 10.44.1d, Mar 3, 2026 1:55:32 PM"},"hardware_info":"275c5aa2|06:A8:C0:D9:D5:E3"}}}
18:59:18.501 INFO  vert.x-eventloop-thread-0 BaseServiceProxy     : -> GET /v1/api/tickle,200|59ms
18:59:18.502 DEBUG vert.x-eventloop-thread-0 ClientPortalService  : tickle {"session":"e6849eeefc510c718e64ec1d0838e813","ssoExpires":450233,"collission":false,"userId":50301190,"hmds":{"error":"no bridge"},"iserver":{"authStatus":{"authenticated":true,"established":true,"competing":false,"connected":true,"message":"","MAC":"06:A8:C0:D9:D5:E3","serverInfo":{"serverName":"JifS25121","serverVersion":"Build 10.44.1d, Mar 3, 2026 1:55:32 PM"},"hardware_info":"275c5aa2|06:A8:C0:D9:D5:E3"}}}
18:59:48.499 INFO  vert.x-eventloop-thread-0 BaseServiceProxy     : -> GET /v1/api/tickle,200|56ms
18:59:48.500 DEBUG vert.x-eventloop-thread-0 ClientPortalService  : tickle {"session":"e6849eeefc510c718e64ec1d0838e813","ssoExpires":420238,"collission":false,"userId":50301190,"hmds":{"error":"no bridge"},"iserver":{"authStatus":{"authenticated":true,"established":true,"competing":false,"connected":true,"message":"","MAC":"06:A8:C0:D9:D5:E3","serverInfo":{"serverName":"JifS25121","serverVersion":"Build 10.44.1d, Mar 3, 2026 1:55:32 PM"},"hardware_info":"275c5aa2|06:A8:C0:D9:D5:E3"}}}
19:00:13.736 INFO  vert.x-eventloop-thread-0 BaseServiceProxy     : -> GET /sso/ping,200|592ms
19:00:13.736 INFO  vert.x-eventloop-thread-0 SsoService           : sso ping {"result": "true"}
19:00:18.504 INFO  vert.x-eventloop-thread-0 BaseServiceProxy     : -> GET /v1/api/tickle,200|62ms
19:00:18.505 DEBUG vert.x-eventloop-thread-0 ClientPortalService  : tickle {"session":"e6849eeefc510c718e64ec1d0838e813","ssoExpires":390233,"collission":false,"userId":50301190,"hmds":{"error":"no bridge"},"iserver":{"authStatus":{"authenticated":true,"established":true,"competing":false,"connected":true,"message":"","MAC":"06:A8:C0:D9:D5:E3","serverInfo":{"serverName":"JifS25121","serverVersion":"Build 10.44.1d, Mar 3, 2026 1:55:32 PM"},"hardware_info":"275c5aa2|06:A8:C0:D9:D5:E3"}}}
19:00:48.495 INFO  vert.x-eventloop-thread-0 BaseServiceProxy     : -> GET /v1/api/tickle,200|52ms
19:00:48.498 DEBUG vert.x-eventloop-thread-0 ClientPortalService  : tickle {"session":"e6849eeefc510c718e64ec1d0838e813","ssoExpires":360240,"collission":false,"userId":50301190,"hmds":{"error":"no bridge"},"iserver":{"authStatus":{"authenticated":true,"established":true,"competing":false,"connected":true,"message":"","MAC":"06:A8:C0:D9:D5:E3","serverInfo":{"serverName":"JifS25121","serverVersion":"Build 10.44.1d, Mar 3, 2026 1:55:32 PM"},"hardware_info":"275c5aa2|06:A8:C0:D9:D5:E3"}}}
19:01:18.501 INFO  vert.x-eventloop-thread-0 BaseServiceProxy     : -> GET /v1/api/tickle,200|58ms
19:01:18.502 DEBUG vert.x-eventloop-thread-0 ClientPortalService  : tickle {"session":"e6849eeefc510c718e64ec1d0838e813","ssoExpires":330233,"collission":false,"userId":50301190,"hmds":{"error":"no bridge"},"iserver":{"authStatus":{"authenticated":true,"established":true,"competing":false,"connected":true,"message":"","MAC":"06:A8:C0:D9:D5:E3","serverInfo":{"serverName":"JifS25121","serverVersion":"Build 10.44.1d, Mar 3, 2026 1:55:32 PM"},"hardware_info":"275c5aa2|06:A8:C0:D9:D5:E3"}}}
19:01:48.503 INFO  vert.x-eventloop-thread-0 BaseServiceProxy     : -> GET /v1/api/tickle,200|59ms
19:01:48.504 DEBUG vert.x-eventloop-thread-0 ClientPortalService  : tickle {"session":"e6849eeefc510c718e64ec1d0838e813","ssoExpires":300234,"collission":false,"userId":50301190,"hmds":{"error":"no bridge"},"iserver":{"authStatus":{"authenticated":true,"established":true,"competing":false,"connected":true,"message":"","MAC":"06:A8:C0:D9:D5:E3","serverInfo":{"serverName":"JifS25121","serverVersion":"Build 10.44.1d, Mar 3, 2026 1:55:32 PM"},"hardware_info":"275c5aa2|06:A8:C0:D9:D5:E3"}}}
19:02:18.541 INFO  vert.x-eventloop-thread-0 BaseServiceProxy     : -> GET /v1/api/tickle,200|97ms
19:02:18.542 DEBUG vert.x-eventloop-thread-0 ClientPortalService  : tickle {"session":"e6849eeefc510c718e64ec1d0838e813","ssoExpires":270198,"collission":false,"userId":50301190,"hmds":{"error":"no bridge"},"iserver":{"authStatus":{"authenticated":true,"established":true,"competing":false,"connected":true,"message":"","MAC":"06:A8:C0:D9:D5:E3","serverInfo":{"serverName":"JifS25121","serverVersion":"Build 10.44.1d, Mar 3, 2026 1:55:32 PM"},"hardware_info":"275c5aa2|06:A8:C0:D9:D5:E3"}}}
19:02:48.504 INFO  vert.x-eventloop-thread-0 BaseServiceProxy     : -> GET /v1/api/tickle,200|60ms
19:02:48.506 DEBUG vert.x-eventloop-thread-0 ClientPortalService  : tickle {"session":"e6849eeefc510c718e64ec1d0838e813","ssoExpires":240231,"collission":false,"userId":50301190,"hmds":{"error":"no bridge"},"iserver":{"authStatus":{"authenticated":true,"established":true,"competing":false,"connected":true,"message":"","MAC":"06:A8:C0:D9:D5:E3","serverInfo":{"serverName":"JifS25121","serverVersion":"Build 10.44.1d, Mar 3, 2026 1:55:32 PM"},"hardware_info":"275c5aa2|06:A8:C0:D9:D5:E3"}}}
19:03:18.502 INFO  vert.x-eventloop-thread-0 BaseServiceProxy     : -> GET /v1/api/tickle,200|57ms
19:03:18.503 DEBUG vert.x-eventloop-thread-0 ClientPortalService  : tickle {"session":"e6849eeefc510c718e64ec1d0838e813","ssoExpires":210233,"collission":false,"userId":50301190,"hmds":{"error":"no bridge"},"iserver":{"authStatus":{"authenticated":true,"established":true,"competing":false,"connected":true,"message":"","MAC":"06:A8:C0:D9:D5:E3","serverInfo":{"serverName":"JifS25121","serverVersion":"Build 10.44.1d, Mar 3, 2026 1:55:32 PM"},"hardware_info":"275c5aa2|06:A8:C0:D9:D5:E3"}}}
19:03:48.513 INFO  vert.x-eventloop-thread-0 BaseServiceProxy     : -> GET /v1/api/tickle,200|68ms
19:03:48.516 DEBUG vert.x-eventloop-thread-0 ClientPortalService  : tickle {"session":"e6849eeefc510c718e64ec1d0838e813","ssoExpires":180224,"collission":false,"userId":50301190,"hmds":{"error":"no bridge"},"iserver":{"authStatus":{"authenticated":true,"established":true,"competing":false,"connected":true,"message":"","MAC":"06:A8:C0:D9:D5:E3","serverInfo":{"serverName":"JifS25121","serverVersion":"Build 10.44.1d, Mar 3, 2026 1:55:32 PM"},"hardware_info":"275c5aa2|06:A8:C0:D9:D5:E3"}}}
19:04:18.558 INFO  vert.x-eventloop-thread-0 BaseServiceProxy     : -> GET /v1/api/tickle,200|114ms
19:04:18.560 DEBUG vert.x-eventloop-thread-0 ClientPortalService  : tickle {"session":"e6849eeefc510c718e64ec1d0838e813","ssoExpires":150181,"collission":false,"userId":50301190,"hmds":{"error":"no bridge"},"iserver":{"authStatus":{"authenticated":true,"established":true,"competing":false,"connected":true,"message":"","MAC":"06:A8:C0:D9:D5:E3","serverInfo":{"serverName":"JifS25121","serverVersion":"Build 10.44.1d, Mar 3, 2026 1:55:32 PM"},"hardware_info":"275c5aa2|06:A8:C0:D9:D5:E3"}}}
19:04:48.522 INFO  vert.x-eventloop-thread-0 BaseServiceProxy     : -> GET /v1/api/tickle,200|74ms
19:04:48.523 DEBUG vert.x-eventloop-thread-0 ClientPortalService  : tickle {"session":"e6849eeefc510c718e64ec1d0838e813","ssoExpires":120222,"collission":false,"userId":50301190,"hmds":{"error":"no bridge"},"iserver":{"authStatus":{"authenticated":true,"established":true,"competing":false,"connected":true,"message":"","MAC":"06:A8:C0:D9:D5:E3","serverInfo":{"serverName":"JifS25121","serverVersion":"Build 10.44.1d, Mar 3, 2026 1:55:32 PM"},"hardware_info":"275c5aa2|06:A8:C0:D9:D5:E3"}}}
19:05:13.468 INFO  vert.x-eventloop-thread-0 BaseServiceProxy     : -> GET /sso/ping,200|315ms
19:05:13.470 INFO  vert.x-eventloop-thread-0 SsoService           : sso ping {"result": "true"}
19:05:18.743 INFO  vert.x-eventloop-thread-0 BaseServiceProxy     : -> GET /v1/api/tickle,200|292ms
19:05:18.744 DEBUG vert.x-eventloop-thread-0 ClientPortalService  : tickle {"session":"e6849eeefc510c718e64ec1d0838e813","ssoExpires":89998,"collission":false,"userId":50301190,"hmds":{"error":"no bridge"},"iserver":{"authStatus":{"authenticated":true,"established":true,"competing":false,"connected":true,"message":"","MAC":"06:A8:C0:D9:D5:E3","serverInfo":{"serverName":"JifS25121","serverVersion":"Build 10.44.1d, Mar 3, 2026 1:55:32 PM"},"hardware_info":"275c5aa2|06:A8:C0:D9:D5:E3"}}}
19:05:48.517 INFO  vert.x-eventloop-thread-0 BaseServiceProxy     : -> GET /v1/api/tickle,200|65ms
19:05:48.518 DEBUG vert.x-eventloop-thread-0 ClientPortalService  : tickle {"session":"e6849eeefc510c718e64ec1d0838e813","ssoExpires":60230,"collission":false,"userId":50301190,"hmds":{"error":"no bridge"},"iserver":{"authStatus":{"authenticated":true,"established":true,"competing":false,"connected":true,"message":"","MAC":"06:A8:C0:D9:D5:E3","serverInfo":{"serverName":"JifS25121","serverVersion":"Build 10.44.1d, Mar 3, 2026 1:55:32 PM"},"hardware_info":"275c5aa2|06:A8:C0:D9:D5:E3"}}}
19:06:18.520 INFO  vert.x-eventloop-thread-0 BaseServiceProxy     : -> GET /v1/api/tickle,200|67ms
19:06:18.523 DEBUG vert.x-eventloop-thread-0 ClientPortalService  : tickle {"session":"e6849eeefc510c718e64ec1d0838e813","ssoExpires":30228,"collission":false,"userId":50301190,"hmds":{"error":"no bridge"},"iserver":{"authStatus":{"authenticated":true,"established":true,"competing":false,"connected":true,"message":"","MAC":"06:A8:C0:D9:D5:E3","serverInfo":{"serverName":"JifS25121","serverVersion":"Build 10.44.1d, Mar 3, 2026 1:55:32 PM"},"hardware_info":"275c5aa2|06:A8:C0:D9:D5:E3"}}}
19:06:48.506 INFO  vert.x-eventloop-thread-0 BaseServiceProxy     : -> GET /v1/api/tickle,200|53ms
19:06:48.508 DEBUG vert.x-eventloop-thread-0 ClientPortalService  : tickle {"session":"e6849eeefc510c718e64ec1d0838e813","ssoExpires":237,"collission":false,"userId":50301190,"hmds":{"error":"no bridge"},"iserver":{"authStatus":{"authenticated":true,"established":true,"competing":false,"connected":true,"message":"","MAC":"06:A8:C0:D9:D5:E3","serverInfo":{"serverName":"JifS25121","serverVersion":"Build 10.44.1d, Mar 3, 2026 1:55:32 PM"},"hardware_info":"275c5aa2|06:A8:C0:D9:D5:E3"}}}
19:07:18.518 INFO  vert.x-eventloop-thread-0 BaseServiceProxy     : -> GET /v1/api/tickle,200|65ms
19:07:18.519 DEBUG vert.x-eventloop-thread-0 ClientPortalService  : tickle {"session":"e6849eeefc510c718e64ec1d0838e813","ssoExpires":600000,"collission":false,"userId":50301190,"hmds":{"error":"no bridge"},"iserver":{"authStatus":{"authenticated":true,"established":true,"competing":false,"connected":true,"message":"","MAC":"06:A8:C0:D9:D5:E3","serverInfo":{"serverName":"JifS25121","serverVersion":"Build 10.44.1d, Mar 3, 2026 1:55:32 PM"},"hardware_info":"275c5aa2|06:A8:C0:D9:D5:E3"}}}
19:07:48.751 INFO  vert.x-eventloop-thread-0 BaseServiceProxy     : -> GET /v1/api/tickle,200|297ms
19:07:48.753 DEBUG vert.x-eventloop-thread-0 ClientPortalService  : tickle {"session":"e6849eeefc510c718e64ec1d0838e813","ssoExpires":569770,"collission":false,"userId":50301190,"hmds":{"error":"no bridge"},"iserver":{"authStatus":{"authenticated":true,"established":true,"competing":false,"connected":true,"message":"","MAC":"06:A8:C0:D9:D5:E3","serverInfo":{"serverName":"JifS25121","serverVersion":"Build 10.44.1d, Mar 3, 2026 1:55:32 PM"},"hardware_info":"275c5aa2|06:A8:C0:D9:D5:E3"}}}
19:08:19.450 INFO  vert.x-eventloop-thread-0 BaseServiceProxy     : -> GET /v1/api/tickle,200|997ms
19:08:19.452 DEBUG vert.x-eventloop-thread-0 ClientPortalService  : tickle {"session":"e6849eeefc510c718e64ec1d0838e813","ssoExpires":539081,"collission":false,"userId":50301190,"hmds":{"error":"no bridge"},"iserver":{"authStatus":{"authenticated":true,"established":true,"competing":false,"connected":true,"message":"","MAC":"06:A8:C0:D9:D5:E3","serverInfo":{"serverName":"JifS25121","serverVersion":"Build 10.44.1d, Mar 3, 2026 1:55:32 PM"},"hardware_info":"275c5aa2|06:A8:C0:D9:D5:E3"}}}
19:08:48.524 INFO  vert.x-eventloop-thread-0 BaseServiceProxy     : -> GET /v1/api/tickle,200|69ms
19:08:48.526 DEBUG vert.x-eventloop-thread-0 ClientPortalService  : tickle {"session":"e6849eeefc510c718e64ec1d0838e813","ssoExpires":509995,"collission":false,"userId":50301190,"hmds":{"error":"no bridge"},"iserver":{"authStatus":{"authenticated":true,"established":true,"competing":false,"connected":true,"message":"","MAC":"06:A8:C0:D9:D5:E3","serverInfo":{"serverName":"JifS25121","serverVersion":"Build 10.44.1d, Mar 3, 2026 1:55:32 PM"},"hardware_info":"275c5aa2|06:A8:C0:D9:D5:E3"}}}
19:09:18.510 INFO  vert.x-eventloop-thread-0 BaseServiceProxy     : -> GET /v1/api/tickle,200|57ms
19:09:18.511 DEBUG vert.x-eventloop-thread-0 ClientPortalService  : tickle {"session":"e6849eeefc510c718e64ec1d0838e813","ssoExpires":480009,"collission":false,"userId":50301190,"hmds":{"error":"no bridge"},"iserver":{"authStatus":{"authenticated":true,"established":true,"competing":false,"connected":true,"message":"","MAC":"06:A8:C0:D9:D5:E3","serverInfo":{"serverName":"JifS25121","serverVersion":"Build 10.44.1d, Mar 3, 2026 1:55:32 PM"},"hardware_info":"275c5aa2|06:A8:C0:D9:D5:E3"}}}
19:09:48.826 INFO  vert.x-eventloop-thread-0 BaseServiceProxy     : -> GET /v1/api/tickle,200|371ms
19:09:48.827 DEBUG vert.x-eventloop-thread-0 ClientPortalService  : tickle {"session":"e6849eeefc510c718e64ec1d0838e813","ssoExpires":449771,"collission":false,"userId":50301190,"hmds":{"error":"no bridge"},"iserver":{"authStatus":{"authenticated":true,"established":true,"competing":false,"connected":true,"message":"","MAC":"06:A8:C0:D9:D5:E3","serverInfo":{"serverName":"JifS25121","serverVersion":"Build 10.44.1d, Mar 3, 2026 1:55:32 PM"},"hardware_info":"275c5aa2|06:A8:C0:D9:D5:E3"}}}
19:10:13.423 INFO  vert.x-eventloop-thread-0 BaseServiceProxy     : -> GET /sso/ping,200|267ms
19:10:13.424 INFO  vert.x-eventloop-thread-0 SsoService           : sso ping {"result": "true"}
19:10:18.510 INFO  vert.x-eventloop-thread-0 BaseServiceProxy     : -> GET /v1/api/tickle,200|56ms
19:10:18.510 DEBUG vert.x-eventloop-thread-0 ClientPortalService  : tickle {"session":"e6849eeefc510c718e64ec1d0838e813","ssoExpires":420009,"collission":false,"userId":50301190,"hmds":{"error":"no bridge"},"iserver":{"authStatus":{"authenticated":true,"established":true,"competing":false,"connected":true,"message":"","MAC":"06:A8:C0:D9:D5:E3","serverInfo":{"serverName":"JifS25121","serverVersion":"Build 10.44.1d, Mar 3, 2026 1:55:32 PM"},"hardware_info":"275c5aa2|06:A8:C0:D9:D5:E3"}}}
19:10:48.515 INFO  vert.x-eventloop-thread-0 BaseServiceProxy     : -> GET /v1/api/tickle,200|60ms
19:10:48.516 DEBUG vert.x-eventloop-thread-0 ClientPortalService  : tickle {"session":"e6849eeefc510c718e64ec1d0838e813","ssoExpires":390008,"collission":false,"userId":50301190,"hmds":{"error":"no bridge"},"iserver":{"authStatus":{"authenticated":true,"established":true,"competing":false,"connected":true,"message":"","MAC":"06:A8:C0:D9:D5:E3","serverInfo":{"serverName":"JifS25121","serverVersion":"Build 10.44.1d, Mar 3, 2026 1:55:32 PM"},"hardware_info":"275c5aa2|06:A8:C0:D9:D5:E3"}}}
19:11:18.524 INFO  vert.x-eventloop-thread-0 BaseServiceProxy     : -> GET /v1/api/tickle,200|69ms
19:11:18.526 DEBUG vert.x-eventloop-thread-0 ClientPortalService  : tickle {"session":"e6849eeefc510c718e64ec1d0838e813","ssoExpires":360002,"collission":false,"userId":50301190,"hmds":{"error":"no bridge"},"iserver":{"authStatus":{"authenticated":true,"established":true,"competing":false,"connected":true,"message":"","MAC":"06:A8:C0:D9:D5:E3","serverInfo":{"serverName":"JifS25121","serverVersion":"Build 10.44.1d, Mar 3, 2026 1:55:32 PM"},"hardware_info":"275c5aa2|06:A8:C0:D9:D5:E3"}}}
19:11:48.513 INFO  vert.x-eventloop-thread-0 BaseServiceProxy     : -> GET /v1/api/tickle,200|58ms
19:11:48.514 DEBUG vert.x-eventloop-thread-0 ClientPortalService  : tickle {"session":"e6849eeefc510c718e64ec1d0838e813","ssoExpires":330007,"collission":false,"userId":50301190,"hmds":{"error":"no bridge"},"iserver":{"authStatus":{"authenticated":true,"established":true,"competing":false,"connected":true,"message":"","MAC":"06:A8:C0:D9:D5:E3","serverInfo":{"serverName":"JifS25121","serverVersion":"Build 10.44.1d, Mar 3, 2026 1:55:32 PM"},"hardware_info":"275c5aa2|06:A8:C0:D9:D5:E3"}}}
19:12:18.743 INFO  vert.x-eventloop-thread-0 BaseServiceProxy     : -> GET /v1/api/tickle,200|288ms
19:12:18.744 DEBUG vert.x-eventloop-thread-0 ClientPortalService  : tickle {"session":"e6849eeefc510c718e64ec1d0838e813","ssoExpires":299813,"collission":false,"userId":50301190,"hmds":{"error":"no bridge"},"iserver":{"authStatus":{"authenticated":true,"established":true,"competing":false,"connected":true,"message":"","MAC":"06:A8:C0:D9:D5:E3","serverInfo":{"serverName":"JifS25121","serverVersion":"Build 10.44.1d, Mar 3, 2026 1:55:32 PM"},"hardware_info":"275c5aa2|06:A8:C0:D9:D5:E3"}}}
19:12:48.514 INFO  vert.x-eventloop-thread-0 BaseServiceProxy     : -> GET /v1/api/tickle,200|58ms
19:12:48.516 DEBUG vert.x-eventloop-thread-0 ClientPortalService  : tickle {"session":"e6849eeefc510c718e64ec1d0838e813","ssoExpires":270005,"collission":false,"userId":50301190,"hmds":{"error":"no bridge"},"iserver":{"authStatus":{"authenticated":true,"established":true,"competing":false,"connected":true,"message":"","MAC":"06:A8:C0:D9:D5:E3","serverInfo":{"serverName":"JifS25121","serverVersion":"Build 10.44.1d, Mar 3, 2026 1:55:32 PM"},"hardware_info":"275c5aa2|06:A8:C0:D9:D5:E3"}}}
19:13:18.823 INFO  vert.x-eventloop-thread-0 BaseServiceProxy     : -> GET /v1/api/tickle,200|367ms
19:13:18.825 DEBUG vert.x-eventloop-thread-0 ClientPortalService  : tickle {"session":"e6849eeefc510c718e64ec1d0838e813","ssoExpires":239772,"collission":false,"userId":50301190,"hmds":{"error":"no bridge"},"iserver":{"authStatus":{"authenticated":true,"established":true,"competing":false,"connected":true,"message":"","MAC":"06:A8:C0:D9:D5:E3","serverInfo":{"serverName":"JifS25121","serverVersion":"Build 10.44.1d, Mar 3, 2026 1:55:32 PM"},"hardware_info":"275c5aa2|06:A8:C0:D9:D5:E3"}}}
19:13:48.541 INFO  vert.x-eventloop-thread-0 BaseServiceProxy     : -> GET /v1/api/tickle,200|84ms
19:13:48.543 DEBUG vert.x-eventloop-thread-0 ClientPortalService  : tickle {"session":"e6849eeefc510c718e64ec1d0838e813","ssoExpires":209993,"collission":false,"userId":50301190,"hmds":{"error":"no bridge"},"iserver":{"authStatus":{"authenticated":true,"established":true,"competing":false,"connected":true,"message":"","MAC":"06:A8:C0:D9:D5:E3","serverInfo":{"serverName":"JifS25121","serverVersion":"Build 10.44.1d, Mar 3, 2026 1:55:32 PM"},"hardware_info":"275c5aa2|06:A8:C0:D9:D5:E3"}}}
19:14:18.521 INFO  vert.x-eventloop-thread-0 BaseServiceProxy     : -> GET /v1/api/tickle,200|65ms
19:14:18.521 DEBUG vert.x-eventloop-thread-0 ClientPortalService  : tickle {"session":"e6849eeefc510c718e64ec1d0838e813","ssoExpires":180000,"collission":false,"userId":50301190,"hmds":{"error":"no bridge"},"iserver":{"authStatus":{"authenticated":true,"established":true,"competing":false,"connected":true,"message":"","MAC":"06:A8:C0:D9:D5:E3","serverInfo":{"serverName":"JifS25121","serverVersion":"Build 10.44.1d, Mar 3, 2026 1:55:32 PM"},"hardware_info":"275c5aa2|06:A8:C0:D9:D5:E3"}}}
19:14:48.525 INFO  vert.x-eventloop-thread-0 BaseServiceProxy     : -> GET /v1/api/tickle,200|67ms
19:14:48.527 DEBUG vert.x-eventloop-thread-0 ClientPortalService  : tickle {"session":"e6849eeefc510c718e64ec1d0838e813","ssoExpires":149996,"collission":false,"userId":50301190,"hmds":{"error":"no bridge"},"iserver":{"authStatus":{"authenticated":true,"established":true,"competing":false,"connected":true,"message":"","MAC":"06:A8:C0:D9:D5:E3","serverInfo":{"serverName":"JifS25121","serverVersion":"Build 10.44.1d, Mar 3, 2026 1:55:32 PM"},"hardware_info":"275c5aa2|06:A8:C0:D9:D5:E3"}}}
19:15:13.744 INFO  vert.x-eventloop-thread-0 BaseServiceProxy     : -> GET /sso/ping,200|586ms
19:15:13.746 INFO  vert.x-eventloop-thread-0 SsoService           : sso ping {"result": "true"}
19:15:18.755 INFO  vert.x-eventloop-thread-0 BaseServiceProxy     : -> GET /v1/api/tickle,200|298ms
19:15:18.756 DEBUG vert.x-eventloop-thread-0 ClientPortalService  : tickle {"session":"e6849eeefc510c718e64ec1d0838e813","ssoExpires":119768,"collission":false,"userId":50301190,"hmds":{"error":"no bridge"},"iserver":{"authStatus":{"authenticated":true,"established":true,"competing":false,"connected":true,"message":"","MAC":"06:A8:C0:D9:D5:E3","serverInfo":{"serverName":"JifS25121","serverVersion":"Build 10.44.1d, Mar 3, 2026 1:55:32 PM"},"hardware_info":"275c5aa2|06:A8:C0:D9:D5:E3"}}}
19:15:48.522 INFO  vert.x-eventloop-thread-0 BaseServiceProxy     : -> GET /v1/api/tickle,200|65ms
19:15:48.523 DEBUG vert.x-eventloop-thread-0 ClientPortalService  : tickle {"session":"e6849eeefc510c718e64ec1d0838e813","ssoExpires":90006,"collission":false,"userId":50301190,"hmds":{"error":"no bridge"},"iserver":{"authStatus":{"authenticated":true,"established":true,"competing":false,"connected":true,"message":"","MAC":"06:A8:C0:D9:D5:E3","serverInfo":{"serverName":"JifS25121","serverVersion":"Build 10.44.1d, Mar 3, 2026 1:55:32 PM"},"hardware_info":"275c5aa2|06:A8:C0:D9:D5:E3"}}}
19:16:18.525 INFO  vert.x-eventloop-thread-0 BaseServiceProxy     : -> GET /v1/api/tickle,200|67ms
19:16:18.526 DEBUG vert.x-eventloop-thread-0 ClientPortalService  : tickle {"session":"e6849eeefc510c718e64ec1d0838e813","ssoExpires":59998,"collission":false,"userId":50301190,"hmds":{"error":"no bridge"},"iserver":{"authStatus":{"authenticated":true,"established":true,"competing":false,"connected":true,"message":"","MAC":"06:A8:C0:D9:D5:E3","serverInfo":{"serverName":"JifS25121","serverVersion":"Build 10.44.1d, Mar 3, 2026 1:55:32 PM"},"hardware_info":"275c5aa2|06:A8:C0:D9:D5:E3"}}}
19:16:48.523 INFO  vert.x-eventloop-thread-0 BaseServiceProxy     : -> GET /v1/api/tickle,200|65ms
19:16:48.524 DEBUG vert.x-eventloop-thread-0 ClientPortalService  : tickle {"session":"e6849eeefc510c718e64ec1d0838e813","ssoExpires":29999,"collission":false,"userId":50301190,"hmds":{"error":"no bridge"},"iserver":{"authStatus":{"authenticated":true,"established":true,"competing":false,"connected":true,"message":"","MAC":"06:A8:C0:D9:D5:E3","serverInfo":{"serverName":"JifS25121","serverVersion":"Build 10.44.1d, Mar 3, 2026 1:55:32 PM"},"hardware_info":"275c5aa2|06:A8:C0:D9:D5:E3"}}}
19:17:18.516 INFO  vert.x-eventloop-thread-0 BaseServiceProxy     : -> GET /v1/api/tickle,200|58ms
19:17:18.516 DEBUG vert.x-eventloop-thread-0 ClientPortalService  : tickle {"session":"e6849eeefc510c718e64ec1d0838e813","ssoExpires":6,"collission":false,"userId":50301190,"hmds":{"error":"no bridge"},"iserver":{"authStatus":{"authenticated":true,"established":true,"competing":false,"connected":true,"message":"","MAC":"06:A8:C0:D9:D5:E3","serverInfo":{"serverName":"JifS25121","serverVersion":"Build 10.44.1d, Mar 3, 2026 1:55:32 PM"},"hardware_info":"275c5aa2|06:A8:C0:D9:D5:E3"}}}
19:17:48.530 INFO  vert.x-eventloop-thread-0 BaseServiceProxy     : -> GET /v1/api/tickle,200|73ms
19:17:48.531 DEBUG vert.x-eventloop-thread-0 ClientPortalService  : tickle {"session":"e6849eeefc510c718e64ec1d0838e813","ssoExpires":600000,"collission":false,"userId":50301190,"hmds":{"error":"no bridge"},"iserver":{"authStatus":{"authenticated":true,"established":true,"competing":false,"connected":true,"message":"","MAC":"06:A8:C0:D9:D5:E3","serverInfo":{"serverName":"JifS25121","serverVersion":"Build 10.44.1d, Mar 3, 2026 1:55:32 PM"},"hardware_info":"275c5aa2|06:A8:C0:D9:D5:E3"}}}
19:18:18.517 INFO  vert.x-eventloop-thread-0 BaseServiceProxy     : -> GET /v1/api/tickle,200|58ms
19:18:18.517 DEBUG vert.x-eventloop-thread-0 ClientPortalService  : tickle {"session":"e6849eeefc510c718e64ec1d0838e813","ssoExpires":570010,"collission":false,"userId":50301190,"hmds":{"error":"no bridge"},"iserver":{"authStatus":{"authenticated":true,"established":true,"competing":false,"connected":true,"message":"","MAC":"06:A8:C0:D9:D5:E3","serverInfo":{"serverName":"JifS25121","serverVersion":"Build 10.44.1d, Mar 3, 2026 1:55:32 PM"},"hardware_info":"275c5aa2|06:A8:C0:D9:D5:E3"}}}
19:18:49.420 INFO  vert.x-eventloop-thread-0 BaseServiceProxy     : -> GET /v1/api/tickle,200|960ms
19:18:49.421 DEBUG vert.x-eventloop-thread-0 ClientPortalService  : tickle {"session":"e6849eeefc510c718e64ec1d0838e813","ssoExpires":539110,"collission":false,"userId":50301190,"hmds":{"error":"no bridge"},"iserver":{"authStatus":{"authenticated":true,"established":true,"competing":false,"connected":true,"message":"","MAC":"06:A8:C0:D9:D5:E3","serverInfo":{"serverName":"JifS25121","serverVersion":"Build 10.44.1d, Mar 3, 2026 1:55:32 PM"},"hardware_info":"275c5aa2|06:A8:C0:D9:D5:E3"}}}
19:19:18.522 INFO  vert.x-eventloop-thread-0 BaseServiceProxy     : -> GET /v1/api/tickle,200|63ms
19:19:18.524 DEBUG vert.x-eventloop-thread-0 ClientPortalService  : tickle {"session":"e6849eeefc510c718e64ec1d0838e813","ssoExpires":510008,"collission":false,"userId":50301190,"hmds":{"error":"no bridge"},"iserver":{"authStatus":{"authenticated":true,"established":true,"competing":false,"connected":true,"message":"","MAC":"06:A8:C0:D9:D5:E3","serverInfo":{"serverName":"JifS25121","serverVersion":"Build 10.44.1d, Mar 3, 2026 1:55:32 PM"},"hardware_info":"275c5aa2|06:A8:C0:D9:D5:E3"}}}
19:19:48.521 INFO  vert.x-eventloop-thread-0 BaseServiceProxy     : -> GET /v1/api/tickle,200|61ms
19:19:48.522 DEBUG vert.x-eventloop-thread-0 ClientPortalService  : tickle {"session":"e6849eeefc510c718e64ec1d0838e813","ssoExpires":480007,"collission":false,"userId":50301190,"hmds":{"error":"no bridge"},"iserver":{"authStatus":{"authenticated":true,"established":true,"competing":false,"connected":true,"message":"","MAC":"06:A8:C0:D9:D5:E3","serverInfo":{"serverName":"JifS25121","serverVersion":"Build 10.44.1d, Mar 3, 2026 1:55:32 PM"},"hardware_info":"275c5aa2|06:A8:C0:D9:D5:E3"}}}
19:20:13.677 INFO  vert.x-eventloop-thread-0 BaseServiceProxy     : -> GET /sso/ping,200|516ms
19:20:13.678 INFO  vert.x-eventloop-thread-0 SsoService           : sso ping {"result": "true"}
19:20:18.747 INFO  vert.x-eventloop-thread-0 BaseServiceProxy     : -> GET /v1/api/tickle,200|288ms
19:20:18.748 DEBUG vert.x-eventloop-thread-0 ClientPortalService  : tickle {"session":"e6849eeefc510c718e64ec1d0838e813","ssoExpires":449785,"collission":false,"userId":50301190,"hmds":{"error":"no bridge"},"iserver":{"authStatus":{"authenticated":true,"established":true,"competing":false,"connected":true,"message":"","MAC":"06:A8:C0:D9:D5:E3","serverInfo":{"serverName":"JifS25121","serverVersion":"Build 10.44.1d, Mar 3, 2026 1:55:32 PM"},"hardware_info":"275c5aa2|06:A8:C0:D9:D5:E3"}}}
19:20:48.529 INFO  vert.x-eventloop-thread-0 BaseServiceProxy     : -> GET /v1/api/tickle,200|69ms
19:20:48.531 DEBUG vert.x-eventloop-thread-0 ClientPortalService  : tickle {"session":"e6849eeefc510c718e64ec1d0838e813","ssoExpires":420011,"collission":false,"userId":50301190,"hmds":{"error":"no bridge"},"iserver":{"authStatus":{"authenticated":true,"established":true,"competing":false,"connected":true,"message":"","MAC":"06:A8:C0:D9:D5:E3","serverInfo":{"serverName":"JifS25121","serverVersion":"Build 10.44.1d, Mar 3, 2026 1:55:32 PM"},"hardware_info":"275c5aa2|06:A8:C0:D9:D5:E3"}}}
19:21:18.778 INFO  vert.x-eventloop-thread-0 BaseServiceProxy     : -> GET /v1/api/tickle,200|318ms
19:21:18.779 DEBUG vert.x-eventloop-thread-0 ClientPortalService  : tickle {"session":"e6849eeefc510c718e64ec1d0838e813","ssoExpires":389782,"collission":false,"userId":50301190,"hmds":{"error":"no bridge"},"iserver":{"authStatus":{"authenticated":true,"established":true,"competing":false,"connected":true,"message":"","MAC":"06:A8:C0:D9:D5:E3","serverInfo":{"serverName":"JifS25121","serverVersion":"Build 10.44.1d, Mar 3, 2026 1:55:32 PM"},"hardware_info":"275c5aa2|06:A8:C0:D9:D5:E3"}}}
19:21:48.522 INFO  vert.x-eventloop-thread-0 BaseServiceProxy     : -> GET /v1/api/tickle,200|62ms
19:21:48.524 DEBUG vert.x-eventloop-thread-0 ClientPortalService  : tickle {"session":"e6849eeefc510c718e64ec1d0838e813","ssoExpires":360008,"collission":false,"userId":50301190,"hmds":{"error":"no bridge"},"iserver":{"authStatus":{"authenticated":true,"established":true,"competing":false,"connected":true,"message":"","MAC":"06:A8:C0:D9:D5:E3","serverInfo":{"serverName":"JifS25121","serverVersion":"Build 10.44.1d, Mar 3, 2026 1:55:32 PM"},"hardware_info":"275c5aa2|06:A8:C0:D9:D5:E3"}}}
19:22:18.812 INFO  vert.x-eventloop-thread-0 BaseServiceProxy     : -> GET /v1/api/tickle,200|352ms
19:22:18.813 DEBUG vert.x-eventloop-thread-0 ClientPortalService  : tickle {"session":"e6849eeefc510c718e64ec1d0838e813","ssoExpires":329777,"collission":false,"userId":50301190,"hmds":{"error":"no bridge"},"iserver":{"authStatus":{"authenticated":true,"established":true,"competing":false,"connected":true,"message":"","MAC":"06:A8:C0:D9:D5:E3","serverInfo":{"serverName":"JifS25121","serverVersion":"Build 10.44.1d, Mar 3, 2026 1:55:32 PM"},"hardware_info":"275c5aa2|06:A8:C0:D9:D5:E3"}}}
19:22:48.534 INFO  vert.x-eventloop-thread-0 BaseServiceProxy     : -> GET /v1/api/tickle,200|74ms
19:22:48.536 DEBUG vert.x-eventloop-thread-0 ClientPortalService  : tickle {"session":"e6849eeefc510c718e64ec1d0838e813","ssoExpires":299998,"collission":false,"userId":50301190,"hmds":{"error":"no bridge"},"iserver":{"authStatus":{"authenticated":true,"established":true,"competing":false,"connected":true,"message":"","MAC":"06:A8:C0:D9:D5:E3","serverInfo":{"serverName":"JifS25121","serverVersion":"Build 10.44.1d, Mar 3, 2026 1:55:32 PM"},"hardware_info":"275c5aa2|06:A8:C0:D9:D5:E3"}}}
19:23:18.552 INFO  vert.x-eventloop-thread-0 BaseServiceProxy     : -> GET /v1/api/tickle,200|90ms
19:23:18.555 DEBUG vert.x-eventloop-thread-0 ClientPortalService  : tickle {"session":"e6849eeefc510c718e64ec1d0838e813","ssoExpires":270000,"collission":false,"userId":50301190,"hmds":{"error":"no bridge"},"iserver":{"authStatus":{"authenticated":true,"established":true,"competing":false,"connected":true,"message":"","MAC":"06:A8:C0:D9:D5:E3","serverInfo":{"serverName":"JifS25121","serverVersion":"Build 10.44.1d, Mar 3, 2026 1:55:32 PM"},"hardware_info":"275c5aa2|06:A8:C0:D9:D5:E3"}}}
19:23:48.720 INFO  vert.x-eventloop-thread-0 BaseServiceProxy     : -> GET /v1/api/tickle,200|257ms
19:23:48.721 DEBUG vert.x-eventloop-thread-0 ClientPortalService  : tickle {"session":"e6849eeefc510c718e64ec1d0838e813","ssoExpires":239823,"collission":false,"userId":50301190,"hmds":{"error":"no bridge"},"iserver":{"authStatus":{"authenticated":true,"established":true,"competing":false,"connected":true,"message":"","MAC":"06:A8:C0:D9:D5:E3","serverInfo":{"serverName":"JifS25121","serverVersion":"Build 10.44.1d, Mar 3, 2026 1:55:32 PM"},"hardware_info":"275c5aa2|06:A8:C0:D9:D5:E3"}}}
19:24:18.532 INFO  vert.x-eventloop-thread-0 BaseServiceProxy     : -> GET /v1/api/tickle,200|70ms
19:24:18.533 DEBUG vert.x-eventloop-thread-0 ClientPortalService  : tickle {"session":"e6849eeefc510c718e64ec1d0838e813","ssoExpires":209999,"collission":false,"userId":50301190,"hmds":{"error":"no bridge"},"iserver":{"authStatus":{"authenticated":true,"established":true,"competing":false,"connected":true,"message":"","MAC":"06:A8:C0:D9:D5:E3","serverInfo":{"serverName":"JifS25121","serverVersion":"Build 10.44.1d, Mar 3, 2026 1:55:32 PM"},"hardware_info":"275c5aa2|06:A8:C0:D9:D5:E3"}}}
19:24:48.539 INFO  vert.x-eventloop-thread-0 BaseServiceProxy     : -> GET /v1/api/tickle,200|78ms
19:24:48.540 DEBUG vert.x-eventloop-thread-0 ClientPortalService  : tickle {"session":"e6849eeefc510c718e64ec1d0838e813","ssoExpires":179999,"collission":false,"userId":50301190,"hmds":{"error":"no bridge"},"iserver":{"authStatus":{"authenticated":true,"established":true,"competing":false,"connected":true,"message":"","MAC":"06:A8:C0:D9:D5:E3","serverInfo":{"serverName":"JifS25121","serverVersion":"Build 10.44.1d, Mar 3, 2026 1:55:32 PM"},"hardware_info":"275c5aa2|06:A8:C0:D9:D5:E3"}}}
19:25:13.509 INFO  vert.x-eventloop-thread-0 BaseServiceProxy     : -> GET /sso/ping,200|345ms
19:25:13.511 INFO  vert.x-eventloop-thread-0 SsoService           : sso ping {"result": "true"}
19:25:18.525 INFO  vert.x-eventloop-thread-0 BaseServiceProxy     : -> GET /v1/api/tickle,200|63ms
19:25:18.525 DEBUG vert.x-eventloop-thread-0 ClientPortalService  : tickle {"session":"e6849eeefc510c718e64ec1d0838e813","ssoExpires":150007,"collission":false,"userId":50301190,"hmds":{"error":"no bridge"},"iserver":{"authStatus":{"authenticated":true,"established":true,"competing":false,"connected":true,"message":"","MAC":"06:A8:C0:D9:D5:E3","serverInfo":{"serverName":"JifS25121","serverVersion":"Build 10.44.1d, Mar 3, 2026 1:55:32 PM"},"hardware_info":"275c5aa2|06:A8:C0:D9:D5:E3"}}}
19:25:48.753 INFO  vert.x-eventloop-thread-0 BaseServiceProxy     : -> GET /v1/api/tickle,200|291ms
19:25:48.754 DEBUG vert.x-eventloop-thread-0 ClientPortalService  : tickle {"session":"e6849eeefc510c718e64ec1d0838e813","ssoExpires":119778,"collission":false,"userId":50301190,"hmds":{"error":"no bridge"},"iserver":{"authStatus":{"authenticated":true,"established":true,"competing":false,"connected":true,"message":"","MAC":"06:A8:C0:D9:D5:E3","serverInfo":{"serverName":"JifS25121","serverVersion":"Build 10.44.1d, Mar 3, 2026 1:55:32 PM"},"hardware_info":"275c5aa2|06:A8:C0:D9:D5:E3"}}}
19:26:18.548 INFO  vert.x-eventloop-thread-0 BaseServiceProxy     : -> GET /v1/api/tickle,200|85ms
19:26:18.549 DEBUG vert.x-eventloop-thread-0 ClientPortalService  : tickle {"session":"e6849eeefc510c718e64ec1d0838e813","ssoExpires":89986,"collission":false,"userId":50301190,"hmds":{"error":"no bridge"},"iserver":{"authStatus":{"authenticated":true,"established":true,"competing":false,"connected":true,"message":"","MAC":"06:A8:C0:D9:D5:E3","serverInfo":{"serverName":"JifS25121","serverVersion":"Build 10.44.1d, Mar 3, 2026 1:55:32 PM"},"hardware_info":"275c5aa2|06:A8:C0:D9:D5:E3"}}}
19:26:48.748 INFO  vert.x-eventloop-thread-0 BaseServiceProxy     : -> GET /v1/api/tickle,200|285ms
19:26:48.749 DEBUG vert.x-eventloop-thread-0 ClientPortalService  : tickle {"session":"e6849eeefc510c718e64ec1d0838e813","ssoExpires":59786,"collission":false,"userId":50301190,"hmds":{"error":"no bridge"},"iserver":{"authStatus":{"authenticated":true,"established":true,"competing":false,"connected":true,"message":"","MAC":"06:A8:C0:D9:D5:E3","serverInfo":{"serverName":"JifS25121","serverVersion":"Build 10.44.1d, Mar 3, 2026 1:55:32 PM"},"hardware_info":"275c5aa2|06:A8:C0:D9:D5:E3"}}}
19:27:18.537 INFO  vert.x-eventloop-thread-0 BaseServiceProxy     : -> GET /v1/api/tickle,200|73ms
19:27:18.539 DEBUG vert.x-eventloop-thread-0 ClientPortalService  : tickle {"session":"e6849eeefc510c718e64ec1d0838e813","ssoExpires":29997,"collission":false,"userId":50301190,"hmds":{"error":"no bridge"},"iserver":{"authStatus":{"authenticated":true,"established":true,"competing":false,"connected":true,"message":"","MAC":"06:A8:C0:D9:D5:E3","serverInfo":{"serverName":"JifS25121","serverVersion":"Build 10.44.1d, Mar 3, 2026 1:55:32 PM"},"hardware_info":"275c5aa2|06:A8:C0:D9:D5:E3"}}}
19:27:48.762 INFO  vert.x-eventloop-thread-0 BaseServiceProxy     : -> GET /v1/api/tickle,200|299ms
19:27:48.763 DEBUG vert.x-eventloop-thread-0 ClientPortalService  : tickle {"session":"e6849eeefc510c718e64ec1d0838e813","ssoExpires":600000,"collission":false,"userId":50301190,"hmds":{"error":"no bridge"},"iserver":{"authStatus":{"authenticated":true,"established":true,"competing":false,"connected":true,"message":"","MAC":"06:A8:C0:D9:D5:E3","serverInfo":{"serverName":"JifS25121","serverVersion":"Build 10.44.1d, Mar 3, 2026 1:55:32 PM"},"hardware_info":"275c5aa2|06:A8:C0:D9:D5:E3"}}}
19:28:18.521 INFO  vert.x-eventloop-thread-0 BaseServiceProxy     : -> GET /v1/api/tickle,200|57ms
19:28:18.522 DEBUG vert.x-eventloop-thread-0 ClientPortalService  : tickle {"session":"e6849eeefc510c718e64ec1d0838e813","ssoExpires":570240,"collission":false,"userId":50301190,"hmds":{"error":"no bridge"},"iserver":{"authStatus":{"authenticated":true,"established":true,"competing":false,"connected":true,"message":"","MAC":"06:A8:C0:D9:D5:E3","serverInfo":{"serverName":"JifS25121","serverVersion":"Build 10.44.1d, Mar 3, 2026 1:55:32 PM"},"hardware_info":"275c5aa2|06:A8:C0:D9:D5:E3"}}}
19:28:48.530 INFO  vert.x-eventloop-thread-0 BaseServiceProxy     : -> GET /v1/api/tickle,200|65ms
19:28:48.532 DEBUG vert.x-eventloop-thread-0 ClientPortalService  : tickle {"session":"e6849eeefc510c718e64ec1d0838e813","ssoExpires":540232,"collission":false,"userId":50301190,"hmds":{"error":"no bridge"},"iserver":{"authStatus":{"authenticated":true,"established":true,"competing":false,"connected":true,"message":"","MAC":"06:A8:C0:D9:D5:E3","serverInfo":{"serverName":"JifS25121","serverVersion":"Build 10.44.1d, Mar 3, 2026 1:55:32 PM"},"hardware_info":"275c5aa2|06:A8:C0:D9:D5:E3"}}}
19:29:18.862 INFO  vert.x-eventloop-thread-0 BaseServiceProxy     : -> GET /v1/api/tickle,200|398ms
19:29:18.862 DEBUG vert.x-eventloop-thread-0 ClientPortalService  : tickle {"session":"e6849eeefc510c718e64ec1d0838e813","ssoExpires":509974,"collission":false,"userId":50301190,"hmds":{"error":"no bridge"},"iserver":{"authStatus":{"authenticated":true,"established":true,"competing":false,"connected":true,"message":"","MAC":"06:A8:C0:D9:D5:E3","serverInfo":{"serverName":"JifS25121","serverVersion":"Build 10.44.1d, Mar 3, 2026 1:55:32 PM"},"hardware_info":"275c5aa2|06:A8:C0:D9:D5:E3"}}}
19:29:48.531 INFO  vert.x-eventloop-thread-0 BaseServiceProxy     : -> GET /v1/api/tickle,200|67ms
19:29:48.532 DEBUG vert.x-eventloop-thread-0 ClientPortalService  : tickle {"session":"e6849eeefc510c718e64ec1d0838e813","ssoExpires":480235,"collission":false,"userId":50301190,"hmds":{"error":"no bridge"},"iserver":{"authStatus":{"authenticated":true,"established":true,"competing":false,"connected":true,"message":"","MAC":"06:A8:C0:D9:D5:E3","serverInfo":{"serverName":"JifS25121","serverVersion":"Build 10.44.1d, Mar 3, 2026 1:55:32 PM"},"hardware_info":"275c5aa2|06:A8:C0:D9:D5:E3"}}}
19:30:13.749 INFO  vert.x-eventloop-thread-0 BaseServiceProxy     : -> GET /sso/ping,200|584ms
19:30:13.750 INFO  vert.x-eventloop-thread-0 SsoService           : sso ping {"result": "true"}
19:30:18.516 INFO  vert.x-eventloop-thread-0 BaseServiceProxy     : -> GET /v1/api/tickle,200|52ms
19:30:18.517 DEBUG vert.x-eventloop-thread-0 ClientPortalService  : tickle {"session":"e6849eeefc510c718e64ec1d0838e813","ssoExpires":450245,"collission":false,"userId":50301190,"hmds":{"error":"no bridge"},"iserver":{"authStatus":{"authenticated":true,"established":true,"competing":false,"connected":true,"message":"","MAC":"06:A8:C0:D9:D5:E3","serverInfo":{"serverName":"JifS25121","serverVersion":"Build 10.44.1d, Mar 3, 2026 1:55:32 PM"},"hardware_info":"275c5aa2|06:A8:C0:D9:D5:E3"}}}
19:30:48.527 INFO  vert.x-eventloop-thread-0 BaseServiceProxy     : -> GET /v1/api/tickle,200|62ms
19:30:48.528 DEBUG vert.x-eventloop-thread-0 ClientPortalService  : tickle {"session":"e6849eeefc510c718e64ec1d0838e813","ssoExpires":420237,"collission":false,"userId":50301190,"hmds":{"error":"no bridge"},"iserver":{"authStatus":{"authenticated":true,"established":true,"competing":false,"connected":true,"message":"","MAC":"06:A8:C0:D9:D5:E3","serverInfo":{"serverName":"JifS25121","serverVersion":"Build 10.44.1d, Mar 3, 2026 1:55:32 PM"},"hardware_info":"275c5aa2|06:A8:C0:D9:D5:E3"}}}
19:31:18.772 INFO  vert.x-eventloop-thread-0 BaseServiceProxy     : -> GET /v1/api/tickle,200|307ms
19:31:18.774 DEBUG vert.x-eventloop-thread-0 ClientPortalService  : tickle {"session":"e6849eeefc510c718e64ec1d0838e813","ssoExpires":390011,"collission":false,"userId":50301190,"hmds":{"error":"no bridge"},"iserver":{"authStatus":{"authenticated":true,"established":true,"competing":false,"connected":true,"message":"","MAC":"06:A8:C0:D9:D5:E3","serverInfo":{"serverName":"JifS25121","serverVersion":"Build 10.44.1d, Mar 3, 2026 1:55:32 PM"},"hardware_info":"275c5aa2|06:A8:C0:D9:D5:E3"}}}
19:31:48.546 INFO  vert.x-eventloop-thread-0 BaseServiceProxy     : -> GET /v1/api/tickle,200|75ms
19:31:48.548 DEBUG vert.x-eventloop-thread-0 ClientPortalService  : tickle {"session":"e6849eeefc510c718e64ec1d0838e813","ssoExpires":360216,"collission":false,"userId":50301190,"hmds":{"error":"no bridge"},"iserver":{"authStatus":{"authenticated":true,"established":true,"competing":false,"connected":true,"message":"","MAC":"06:A8:C0:D9:D5:E3","serverInfo":{"serverName":"JifS25121","serverVersion":"Build 10.44.1d, Mar 3, 2026 1:55:32 PM"},"hardware_info":"275c5aa2|06:A8:C0:D9:D5:E3"}}}
19:32:18.537 INFO  vert.x-eventloop-thread-0 BaseServiceProxy     : -> GET /v1/api/tickle,200|71ms
19:32:18.539 DEBUG vert.x-eventloop-thread-0 ClientPortalService  : tickle {"session":"e6849eeefc510c718e64ec1d0838e813","ssoExpires":330226,"collission":false,"userId":50301190,"hmds":{"error":"no bridge"},"iserver":{"authStatus":{"authenticated":true,"established":true,"competing":false,"connected":true,"message":"","MAC":"06:A8:C0:D9:D5:E3","serverInfo":{"serverName":"JifS25121","serverVersion":"Build 10.44.1d, Mar 3, 2026 1:55:32 PM"},"hardware_info":"275c5aa2|06:A8:C0:D9:D5:E3"}}}
19:32:48.521 INFO  vert.x-eventloop-thread-0 BaseServiceProxy     : -> GET /v1/api/tickle,200|55ms
19:32:48.521 DEBUG vert.x-eventloop-thread-0 ClientPortalService  : tickle {"session":"e6849eeefc510c718e64ec1d0838e813","ssoExpires":300243,"collission":false,"userId":50301190,"hmds":{"error":"no bridge"},"iserver":{"authStatus":{"authenticated":true,"established":true,"competing":false,"connected":true,"message":"","MAC":"06:A8:C0:D9:D5:E3","serverInfo":{"serverName":"JifS25121","serverVersion":"Build 10.44.1d, Mar 3, 2026 1:55:32 PM"},"hardware_info":"275c5aa2|06:A8:C0:D9:D5:E3"}}}
19:33:18.577 INFO  vert.x-eventloop-thread-0 BaseServiceProxy     : -> GET /v1/api/tickle,200|103ms
19:33:18.577 DEBUG vert.x-eventloop-thread-0 ClientPortalService  : tickle {"session":"e6849eeefc510c718e64ec1d0838e813","ssoExpires":270195,"collission":false,"userId":50301190,"hmds":{"error":"no bridge"},"iserver":{"authStatus":{"authenticated":true,"established":true,"competing":false,"connected":true,"message":"","MAC":"06:A8:C0:D9:D5:E3","serverInfo":{"serverName":"JifS25121","serverVersion":"Build 10.44.1d, Mar 3, 2026 1:55:32 PM"},"hardware_info":"275c5aa2|06:A8:C0:D9:D5:E3"}}}
19:33:48.797 INFO  vert.x-eventloop-thread-0 BaseServiceProxy     : -> GET /v1/api/tickle,200|330ms
19:33:48.799 DEBUG vert.x-eventloop-thread-0 ClientPortalService  : tickle {"session":"e6849eeefc510c718e64ec1d0838e813","ssoExpires":239988,"collission":false,"userId":50301190,"hmds":{"error":"no bridge"},"iserver":{"authStatus":{"authenticated":true,"established":true,"competing":false,"connected":true,"message":"","MAC":"06:A8:C0:D9:D5:E3","serverInfo":{"serverName":"JifS25121","serverVersion":"Build 10.44.1d, Mar 3, 2026 1:55:32 PM"},"hardware_info":"275c5aa2|06:A8:C0:D9:D5:E3"}}}
19:34:18.525 INFO  vert.x-eventloop-thread-0 BaseServiceProxy     : -> GET /v1/api/tickle,200|59ms
19:34:18.526 DEBUG vert.x-eventloop-thread-0 ClientPortalService  : tickle {"session":"e6849eeefc510c718e64ec1d0838e813","ssoExpires":210243,"collission":false,"userId":50301190,"hmds":{"error":"no bridge"},"iserver":{"authStatus":{"authenticated":true,"established":true,"competing":false,"connected":true,"message":"","MAC":"06:A8:C0:D9:D5:E3","serverInfo":{"serverName":"JifS25121","serverVersion":"Build 10.44.1d, Mar 3, 2026 1:55:32 PM"},"hardware_info":"275c5aa2|06:A8:C0:D9:D5:E3"}}}
19:34:48.798 INFO  vert.x-eventloop-thread-0 BaseServiceProxy     : -> GET /v1/api/tickle,200|331ms
19:34:48.799 DEBUG vert.x-eventloop-thread-0 ClientPortalService  : tickle {"session":"e6849eeefc510c718e64ec1d0838e813","ssoExpires":179989,"collission":false,"userId":50301190,"hmds":{"error":"no bridge"},"iserver":{"authStatus":{"authenticated":true,"established":true,"competing":false,"connected":true,"message":"","MAC":"06:A8:C0:D9:D5:E3","serverInfo":{"serverName":"JifS25121","serverVersion":"Build 10.44.1d, Mar 3, 2026 1:55:32 PM"},"hardware_info":"275c5aa2|06:A8:C0:D9:D5:E3"}}}
19:35:13.580 INFO  vert.x-eventloop-thread-0 BaseServiceProxy     : -> GET /sso/ping,200|411ms
19:35:13.582 INFO  vert.x-eventloop-thread-0 SsoService           : sso ping {"result": "true"}
19:35:18.523 INFO  vert.x-eventloop-thread-0 BaseServiceProxy     : -> GET /v1/api/tickle,200|56ms
19:35:18.524 DEBUG vert.x-eventloop-thread-0 ClientPortalService  : tickle {"session":"e6849eeefc510c718e64ec1d0838e813","ssoExpires":150243,"collission":false,"userId":50301190,"hmds":{"error":"no bridge"},"iserver":{"authStatus":{"authenticated":true,"established":true,"competing":false,"connected":true,"message":"","MAC":"06:A8:C0:D9:D5:E3","serverInfo":{"serverName":"JifS25121","serverVersion":"Build 10.44.1d, Mar 3, 2026 1:55:32 PM"},"hardware_info":"275c5aa2|06:A8:C0:D9:D5:E3"}}}
19:35:48.530 INFO  vert.x-eventloop-thread-0 BaseServiceProxy     : -> GET /v1/api/tickle,200|63ms
19:35:48.531 DEBUG vert.x-eventloop-thread-0 ClientPortalService  : tickle {"session":"e6849eeefc510c718e64ec1d0838e813","ssoExpires":120234,"collission":false,"userId":50301190,"hmds":{"error":"no bridge"},"iserver":{"authStatus":{"authenticated":true,"established":true,"competing":false,"connected":true,"message":"","MAC":"06:A8:C0:D9:D5:E3","serverInfo":{"serverName":"JifS25121","serverVersion":"Build 10.44.1d, Mar 3, 2026 1:55:32 PM"},"hardware_info":"275c5aa2|06:A8:C0:D9:D5:E3"}}}
19:36:18.534 INFO  vert.x-eventloop-thread-0 BaseServiceProxy     : -> GET /v1/api/tickle,200|67ms
19:36:18.535 DEBUG vert.x-eventloop-thread-0 ClientPortalService  : tickle {"session":"e6849eeefc510c718e64ec1d0838e813","ssoExpires":90230,"collission":false,"userId":50301190,"hmds":{"error":"no bridge"},"iserver":{"authStatus":{"authenticated":true,"established":true,"competing":false,"connected":true,"message":"","MAC":"06:A8:C0:D9:D5:E3","serverInfo":{"serverName":"JifS25121","serverVersion":"Build 10.44.1d, Mar 3, 2026 1:55:32 PM"},"hardware_info":"275c5aa2|06:A8:C0:D9:D5:E3"}}}
19:36:48.536 INFO  vert.x-eventloop-thread-0 BaseServiceProxy     : -> GET /v1/api/tickle,200|69ms
19:36:48.537 DEBUG vert.x-eventloop-thread-0 ClientPortalService  : tickle {"session":"e6849eeefc510c718e64ec1d0838e813","ssoExpires":60228,"collission":false,"userId":50301190,"hmds":{"error":"no bridge"},"iserver":{"authStatus":{"authenticated":true,"established":true,"competing":false,"connected":true,"message":"","MAC":"06:A8:C0:D9:D5:E3","serverInfo":{"serverName":"JifS25121","serverVersion":"Build 10.44.1d, Mar 3, 2026 1:55:32 PM"},"hardware_info":"275c5aa2|06:A8:C0:D9:D5:E3"}}}
19:37:18.532 INFO  vert.x-eventloop-thread-0 BaseServiceProxy     : -> GET /v1/api/tickle,200|65ms
19:37:18.534 DEBUG vert.x-eventloop-thread-0 ClientPortalService  : tickle {"session":"e6849eeefc510c718e64ec1d0838e813","ssoExpires":30239,"collission":false,"userId":50301190,"hmds":{"error":"no bridge"},"iserver":{"authStatus":{"authenticated":true,"established":true,"competing":false,"connected":true,"message":"","MAC":"06:A8:C0:D9:D5:E3","serverInfo":{"serverName":"JifS25121","serverVersion":"Build 10.44.1d, Mar 3, 2026 1:55:32 PM"},"hardware_info":"275c5aa2|06:A8:C0:D9:D5:E3"}}}
19:37:48.523 INFO  vert.x-eventloop-thread-0 BaseServiceProxy     : -> GET /v1/api/tickle,200|55ms
19:37:48.525 DEBUG vert.x-eventloop-thread-0 ClientPortalService  : tickle {"session":"e6849eeefc510c718e64ec1d0838e813","ssoExpires":242,"collission":false,"userId":50301190,"hmds":{"error":"no bridge"},"iserver":{"authStatus":{"authenticated":true,"established":true,"competing":false,"connected":true,"message":"","MAC":"06:A8:C0:D9:D5:E3","serverInfo":{"serverName":"JifS25121","serverVersion":"Build 10.44.1d, Mar 3, 2026 1:55:32 PM"},"hardware_info":"275c5aa2|06:A8:C0:D9:D5:E3"}}}
19:38:18.773 INFO  vert.x-eventloop-thread-0 BaseServiceProxy     : -> GET /v1/api/tickle,200|304ms
19:38:18.775 DEBUG vert.x-eventloop-thread-0 ClientPortalService  : tickle {"session":"e6849eeefc510c718e64ec1d0838e813","ssoExpires":600000,"collission":false,"userId":50301190,"hmds":{"error":"no bridge"},"iserver":{"authStatus":{"authenticated":true,"established":true,"competing":false,"connected":true,"message":"","MAC":"06:A8:C0:D9:D5:E3","serverInfo":{"serverName":"JifS25121","serverVersion":"Build 10.44.1d, Mar 3, 2026 1:55:32 PM"},"hardware_info":"275c5aa2|06:A8:C0:D9:D5:E3"}}}
19:38:48.534 INFO  vert.x-eventloop-thread-0 BaseServiceProxy     : -> GET /v1/api/tickle,200|65ms
19:38:48.536 DEBUG vert.x-eventloop-thread-0 ClientPortalService  : tickle {"session":"e6849eeefc510c718e64ec1d0838e813","ssoExpires":570241,"collission":false,"userId":50301190,"hmds":{"error":"no bridge"},"iserver":{"authStatus":{"authenticated":true,"established":true,"competing":false,"connected":true,"message":"","MAC":"06:A8:C0:D9:D5:E3","serverInfo":{"serverName":"JifS25121","serverVersion":"Build 10.44.1d, Mar 3, 2026 1:55:32 PM"},"hardware_info":"275c5aa2|06:A8:C0:D9:D5:E3"}}}
19:39:18.727 INFO  vert.x-eventloop-thread-0 BaseServiceProxy     : -> GET /v1/api/tickle,200|258ms
19:39:18.728 DEBUG vert.x-eventloop-thread-0 ClientPortalService  : tickle {"session":"e6849eeefc510c718e64ec1d0838e813","ssoExpires":540067,"collission":false,"userId":50301190,"hmds":{"error":"no bridge"},"iserver":{"authStatus":{"authenticated":true,"established":true,"competing":false,"connected":true,"message":"","MAC":"06:A8:C0:D9:D5:E3","serverInfo":{"serverName":"JifS25121","serverVersion":"Build 10.44.1d, Mar 3, 2026 1:55:32 PM"},"hardware_info":"275c5aa2|06:A8:C0:D9:D5:E3"}}}
19:39:49.042 INFO  vert.x-eventloop-thread-0 BaseServiceProxy     : -> GET /v1/api/tickle,200|571ms
19:39:49.045 DEBUG vert.x-eventloop-thread-0 ClientPortalService  : tickle {"session":"e6849eeefc510c718e64ec1d0838e813","ssoExpires":509751,"collission":false,"userId":50301190,"hmds":{"error":"no bridge"},"iserver":{"authStatus":{"authenticated":true,"established":true,"competing":false,"connected":true,"message":"","MAC":"06:A8:C0:D9:D5:E3","serverInfo":{"serverName":"JifS25121","serverVersion":"Build 10.44.1d, Mar 3, 2026 1:55:32 PM"},"hardware_info":"275c5aa2|06:A8:C0:D9:D5:E3"}}}
19:40:01.018 INFO  vert.x-eventloop-thread-0 BaseServiceProxy     : -> GET /v1/api/iserver/auth/ssodh/init?publish=true&compete=true,200|323ms
19:40:01.367 INFO  vert.x-eventloop-thread-0 BaseServiceProxy     : -> GET /v1/api/iserver/account/orders,200|294ms
19:40:01.472 INFO  vert.x-eventloop-thread-0 BaseServiceProxy     : -> GET /v1/api/tickle,200|60ms
19:40:13.718 INFO  vert.x-eventloop-thread-0 BaseServiceProxy     : -> GET /sso/ping,200|547ms
19:40:13.720 INFO  vert.x-eventloop-thread-0 SsoService           : sso ping {"result": "true"}
19:40:18.527 INFO  vert.x-eventloop-thread-0 BaseServiceProxy     : -> GET /v1/api/tickle,200|58ms
19:40:18.528 DEBUG vert.x-eventloop-thread-0 ClientPortalService  : tickle {"session":"e6849eeefc510c718e64ec1d0838e813","ssoExpires":480244,"collission":false,"userId":50301190,"hmds":{"error":"no bridge"},"iserver":{"authStatus":{"authenticated":true,"established":true,"competing":false,"connected":true,"message":"","MAC":"06:A8:C0:D9:D5:E3","serverInfo":{"serverName":"JifS25121","serverVersion":"Build 10.44.1d, Mar 3, 2026 1:55:32 PM"},"hardware_info":"275c5aa2|06:A8:C0:D9:D5:E3"}}}
19:40:42.833 INFO  vert.x-eventloop-thread-0 BaseServiceProxy     : -> GET /v1/api/iserver/account/orders,200|60ms
19:40:42.907 INFO  vert.x-eventloop-thread-0 BaseServiceProxy     : -> GET /v1/api/iserver/account/orders,200|65ms
19:40:43.275 INFO  vert.x-eventloop-thread-0 BaseServiceProxy     : -> GET /v1/api/iserver/account/U5799398/order/1198175482,200|355ms
19:40:43.342 INFO  vert.x-eventloop-thread-0 BaseServiceProxy     : -> GET /v1/api/iserver/reply/a53d8e37-e11c-4c53-81b4-38aef347c199,200|63ms
19:40:43.402 INFO  vert.x-eventloop-thread-0 BaseServiceProxy     : -> GET /v1/api/iserver/account/orders,200|58ms
19:40:43.716 INFO  vert.x-eventloop-thread-0 BaseServiceProxy     : -> GET /v1/api/iserver/marketdata/history?conid=263975426&period=30d&bar=1d&outsideRth=false,200|300ms
19:40:43.776 INFO  vert.x-eventloop-thread-0 BaseServiceProxy     : -> GET /v1/api/iserver/marketdata/history?conid=263975426&period=30d&bar=1d&outsideRth=false,200|55ms
19:40:43.900 INFO  vert.x-eventloop-thread-0 BaseServiceProxy     : -> GET /v1/api/iserver/account/orders,200|68ms
19:40:48.536 INFO  vert.x-eventloop-thread-0 BaseServiceProxy     : -> GET /v1/api/tickle,200|67ms
19:40:48.537 DEBUG vert.x-eventloop-thread-0 ClientPortalService  : tickle {"session":"e6849eeefc510c718e64ec1d0838e813","ssoExpires":450242,"collission":false,"userId":50301190,"hmds":{"error":"no bridge"},"iserver":{"authStatus":{"authenticated":true,"established":true,"competing":false,"connected":true,"message":"","MAC":"06:A8:C0:D9:D5:E3","serverInfo":{"serverName":"JifS25121","serverVersion":"Build 10.44.1d, Mar 3, 2026 1:55:32 PM"},"hardware_info":"275c5aa2|06:A8:C0:D9:D5:E3"}}}
19:41:18.759 INFO  vert.x-eventloop-thread-0 BaseServiceProxy     : -> GET /v1/api/tickle,200|289ms
19:41:18.760 DEBUG vert.x-eventloop-thread-0 ClientPortalService  : tickle {"session":"e6849eeefc510c718e64ec1d0838e813","ssoExpires":420014,"collission":false,"userId":50301190,"hmds":{"error":"no bridge"},"iserver":{"authStatus":{"authenticated":true,"established":true,"competing":false,"connected":true,"message":"","MAC":"06:A8:C0:D9:D5:E3","serverInfo":{"serverName":"JifS25121","serverVersion":"Build 10.44.1d, Mar 3, 2026 1:55:32 PM"},"hardware_info":"275c5aa2|06:A8:C0:D9:D5:E3"}}}
19:41:48.597 INFO  vert.x-eventloop-thread-0 BaseServiceProxy     : -> GET /v1/api/tickle,200|125ms
19:41:48.597 DEBUG vert.x-eventloop-thread-0 ClientPortalService  : tickle {"session":"e6849eeefc510c718e64ec1d0838e813","ssoExpires":390215,"collission":false,"userId":50301190,"hmds":{"error":"no bridge"},"iserver":{"authStatus":{"authenticated":true,"established":true,"competing":false,"connected":true,"message":"","MAC":"06:A8:C0:D9:D5:E3","serverInfo":{"serverName":"JifS25121","serverVersion":"Build 10.44.1d, Mar 3, 2026 1:55:32 PM"},"hardware_info":"275c5aa2|06:A8:C0:D9:D5:E3"}}}
19:42:18.852 INFO  vert.x-eventloop-thread-0 BaseServiceProxy     : -> GET /v1/api/tickle,200|381ms
19:42:18.854 DEBUG vert.x-eventloop-thread-0 ClientPortalService  : tickle {"session":"e6849eeefc510c718e64ec1d0838e813","ssoExpires":360013,"collission":false,"userId":50301190,"hmds":{"error":"no bridge"},"iserver":{"authStatus":{"authenticated":true,"established":true,"competing":false,"connected":true,"message":"","MAC":"06:A8:C0:D9:D5:E3","serverInfo":{"serverName":"JifS25121","serverVersion":"Build 10.44.1d, Mar 3, 2026 1:55:32 PM"},"hardware_info":"275c5aa2|06:A8:C0:D9:D5:E3"}}}
19:42:48.534 INFO  vert.x-eventloop-thread-0 BaseServiceProxy     : -> GET /v1/api/tickle,200|64ms
19:42:48.536 DEBUG vert.x-eventloop-thread-0 ClientPortalService  : tickle {"session":"e6849eeefc510c718e64ec1d0838e813","ssoExpires":330239,"collission":false,"userId":50301190,"hmds":{"error":"no bridge"},"iserver":{"authStatus":{"authenticated":true,"established":true,"competing":false,"connected":true,"message":"","MAC":"06:A8:C0:D9:D5:E3","serverInfo":{"serverName":"JifS25121","serverVersion":"Build 10.44.1d, Mar 3, 2026 1:55:32 PM"},"hardware_info":"275c5aa2|06:A8:C0:D9:D5:E3"}}}
19:43:01.643 INFO  vert.x-eventloop-thread-0 BaseServiceProxy     : -> GET /v1/api/tickle,200|57ms
19:43:18.759 INFO  vert.x-eventloop-thread-0 BaseServiceProxy     : -> GET /v1/api/tickle,200|288ms
19:43:18.762 DEBUG vert.x-eventloop-thread-0 ClientPortalService  : tickle {"session":"e6849eeefc510c718e64ec1d0838e813","ssoExpires":300013,"collission":false,"userId":50301190,"hmds":{"error":"no bridge"},"iserver":{"authStatus":{"authenticated":true,"established":true,"competing":false,"connected":true,"message":"","MAC":"06:A8:C0:D9:D5:E3","serverInfo":{"serverName":"JifS25121","serverVersion":"Build 10.44.1d, Mar 3, 2026 1:55:32 PM"},"hardware_info":"275c5aa2|06:A8:C0:D9:D5:E3"}}}
19:43:46.567 INFO  vert.x-eventloop-thread-0 BaseServiceProxy     : -> GET /v1/api/iserver/account/orders,200|56ms
19:43:46.649 INFO  vert.x-eventloop-thread-0 BaseServiceProxy     : -> GET /v1/api/iserver/account/orders,200|61ms
19:43:47.018 INFO  vert.x-eventloop-thread-0 BaseServiceProxy     : -> GET /v1/api/iserver/account/U5799398/order/1198175479,200|349ms
19:43:47.088 INFO  vert.x-eventloop-thread-0 BaseServiceProxy     : -> GET /v1/api/iserver/reply/80e50b6e-87e8-49bf-bbf4-dee29f8f9fcd,200|69ms
19:43:47.143 INFO  vert.x-eventloop-thread-0 BaseServiceProxy     : -> GET /v1/api/iserver/account/orders,200|53ms
19:43:47.447 INFO  vert.x-eventloop-thread-0 BaseServiceProxy     : -> GET /v1/api/iserver/marketdata/history?conid=849557888&period=30d&bar=1d&outsideRth=false,200|288ms
19:43:47.510 INFO  vert.x-eventloop-thread-0 BaseServiceProxy     : -> GET /v1/api/iserver/marketdata/history?conid=849557888&period=30d&bar=1d&outsideRth=false,200|59ms
19:43:47.628 INFO  vert.x-eventloop-thread-0 BaseServiceProxy     : -> GET /v1/api/iserver/account/orders,200|58ms
19:43:48.535 INFO  vert.x-eventloop-thread-0 BaseServiceProxy     : -> GET /v1/api/tickle,200|64ms
19:43:48.535 DEBUG vert.x-eventloop-thread-0 ClientPortalService  : tickle {"session":"e6849eeefc510c718e64ec1d0838e813","ssoExpires":270236,"collission":false,"userId":50301190,"hmds":{"error":"no bridge"},"iserver":{"authStatus":{"authenticated":true,"established":true,"competing":false,"connected":true,"message":"","MAC":"06:A8:C0:D9:D5:E3","serverInfo":{"serverName":"JifS25121","serverVersion":"Build 10.44.1d, Mar 3, 2026 1:55:32 PM"},"hardware_info":"275c5aa2|06:A8:C0:D9:D5:E3"}}}
19:44:18.759 INFO  vert.x-eventloop-thread-0 BaseServiceProxy     : -> GET /v1/api/tickle,200|287ms
19:44:18.760 DEBUG vert.x-eventloop-thread-0 ClientPortalService  : tickle {"session":"e6849eeefc510c718e64ec1d0838e813","ssoExpires":240014,"collission":false,"userId":50301190,"hmds":{"error":"no bridge"},"iserver":{"authStatus":{"authenticated":true,"established":true,"competing":false,"connected":true,"message":"","MAC":"06:A8:C0:D9:D5:E3","serverInfo":{"serverName":"JifS25121","serverVersion":"Build 10.44.1d, Mar 3, 2026 1:55:32 PM"},"hardware_info":"275c5aa2|06:A8:C0:D9:D5:E3"}}}
19:44:44.145 INFO  vert.x-eventloop-thread-0 BaseServiceProxy     : -> GET /v1/api/iserver/account/orders,200|64ms
19:44:44.215 INFO  vert.x-eventloop-thread-0 BaseServiceProxy     : -> GET /v1/api/iserver/account/orders,200|58ms
19:44:44.671 INFO  vert.x-eventloop-thread-0 BaseServiceProxy     : -> GET /v1/api/iserver/account/U5799398/order/103578322,200|435ms
19:44:44.729 INFO  vert.x-eventloop-thread-0 BaseServiceProxy     : -> GET /v1/api/iserver/reply/b558fe99-a9f0-43ee-a471-7505bdaa964e,200|57ms
19:44:44.786 INFO  vert.x-eventloop-thread-0 BaseServiceProxy     : -> GET /v1/api/iserver/account/orders,200|54ms
19:44:45.198 INFO  vert.x-eventloop-thread-0 BaseServiceProxy     : -> GET /v1/api/iserver/marketdata/history?conid=11257&period=30d&bar=1d&outsideRth=false,200|402ms
19:44:45.265 INFO  vert.x-eventloop-thread-0 BaseServiceProxy     : -> GET /v1/api/iserver/marketdata/history?conid=11257&period=30d&bar=1d&outsideRth=false,200|61ms
19:44:45.371 INFO  vert.x-eventloop-thread-0 BaseServiceProxy     : -> GET /v1/api/iserver/account/orders,200|54ms
19:44:48.712 INFO  vert.x-eventloop-thread-0 BaseServiceProxy     : -> GET /v1/api/tickle,200|240ms
19:44:48.713 DEBUG vert.x-eventloop-thread-0 ClientPortalService  : tickle {"session":"e6849eeefc510c718e64ec1d0838e813","ssoExpires":210063,"collission":false,"userId":50301190,"hmds":{"error":"no bridge"},"iserver":{"authStatus":{"authenticated":true,"established":true,"competing":false,"connected":true,"message":"","MAC":"06:A8:C0:D9:D5:E3","serverInfo":{"serverName":"JifS25121","serverVersion":"Build 10.44.1d, Mar 3, 2026 1:55:32 PM"},"hardware_info":"275c5aa2|06:A8:C0:D9:D5:E3"}}}
19:45:13.454 INFO  vert.x-eventloop-thread-0 BaseServiceProxy     : -> GET /sso/ping,200|280ms
19:45:13.456 INFO  vert.x-eventloop-thread-0 SsoService           : sso ping {"result": "true"}
19:45:18.531 INFO  vert.x-eventloop-thread-0 BaseServiceProxy     : -> GET /v1/api/tickle,200|59ms
19:45:18.532 DEBUG vert.x-eventloop-thread-0 ClientPortalService  : tickle {"session":"e6849eeefc510c718e64ec1d0838e813","ssoExpires":180246,"collission":false,"userId":50301190,"hmds":{"error":"no bridge"},"iserver":{"authStatus":{"authenticated":true,"established":true,"competing":false,"connected":true,"message":"","MAC":"06:A8:C0:D9:D5:E3","serverInfo":{"serverName":"JifS25121","serverVersion":"Build 10.44.1d, Mar 3, 2026 1:55:32 PM"},"hardware_info":"275c5aa2|06:A8:C0:D9:D5:E3"}}}
19:45:48.874 INFO  vert.x-eventloop-thread-0 BaseServiceProxy     : -> GET /v1/api/tickle,200|401ms
19:45:48.876 DEBUG vert.x-eventloop-thread-0 ClientPortalService  : tickle {"session":"e6849eeefc510c718e64ec1d0838e813","ssoExpires":150000,"collission":false,"userId":50301190,"hmds":{"error":"no bridge"},"iserver":{"authStatus":{"authenticated":true,"established":true,"competing":false,"connected":true,"message":"","MAC":"06:A8:C0:D9:D5:E3","serverInfo":{"serverName":"JifS25121","serverVersion":"Build 10.44.1d, Mar 3, 2026 1:55:32 PM"},"hardware_info":"275c5aa2|06:A8:C0:D9:D5:E3"}}}
19:45:51.582 INFO  vert.x-eventloop-thread-0 BaseServiceProxy     : -> GET /v1/api/iserver/account/orders,200|60ms
19:45:51.660 INFO  vert.x-eventloop-thread-0 BaseServiceProxy     : -> GET /v1/api/iserver/account/orders,200|59ms
19:45:52.051 INFO  vert.x-eventloop-thread-0 BaseServiceProxy     : -> GET /v1/api/iserver/account/U5799398/order/1198175479,200|374ms
19:45:52.110 INFO  vert.x-eventloop-thread-0 BaseServiceProxy     : -> GET /v1/api/iserver/account/orders,200|55ms
19:45:52.458 INFO  vert.x-eventloop-thread-0 BaseServiceProxy     : -> GET /v1/api/iserver/marketdata/history?conid=849557888&period=30d&bar=1d&outsideRth=false,200|325ms
19:45:52.542 INFO  vert.x-eventloop-thread-0 BaseServiceProxy     : -> GET /v1/api/iserver/marketdata/history?conid=849557888&period=30d&bar=1d&outsideRth=false,200|80ms
19:45:52.642 INFO  vert.x-eventloop-thread-0 BaseServiceProxy     : -> GET /v1/api/iserver/account/orders,200|66ms
19:46:01.900 INFO  vert.x-eventloop-thread-0 BaseServiceProxy     : -> GET /v1/api/tickle,200|63ms
19:46:18.550 INFO  vert.x-eventloop-thread-0 BaseServiceProxy     : -> GET /v1/api/tickle,200|77ms
19:46:18.551 DEBUG vert.x-eventloop-thread-0 ClientPortalService  : tickle {"session":"e6849eeefc510c718e64ec1d0838e813","ssoExpires":120226,"collission":false,"userId":50301190,"hmds":{"error":"no bridge"},"iserver":{"authStatus":{"authenticated":true,"established":true,"competing":false,"connected":true,"message":"","MAC":"06:A8:C0:D9:D5:E3","serverInfo":{"serverName":"JifS25121","serverVersion":"Build 10.44.1d, Mar 3, 2026 1:55:32 PM"},"hardware_info":"275c5aa2|06:A8:C0:D9:D5:E3"}}}
19:46:39.325 INFO  vert.x-eventloop-thread-0 BaseServiceProxy     : -> GET /v1/api/iserver/account/orders,200|71ms
19:46:39.410 INFO  vert.x-eventloop-thread-0 BaseServiceProxy     : -> GET /v1/api/iserver/account/orders,200|69ms
19:46:39.778 INFO  vert.x-eventloop-thread-0 BaseServiceProxy     : -> GET /v1/api/iserver/account/U5799398/order/515644643,200|328ms
19:46:39.838 INFO  vert.x-eventloop-thread-0 BaseServiceProxy     : -> GET /v1/api/iserver/reply/9fb66d25-886f-4008-8acf-ecdd7d2064b6,200|57ms
19:46:39.908 INFO  vert.x-eventloop-thread-0 BaseServiceProxy     : -> GET /v1/api/iserver/account/orders,200|68ms
19:46:40.382 INFO  vert.x-eventloop-thread-0 BaseServiceProxy     : -> GET /v1/api/iserver/marketdata/history?conid=6929&period=30d&bar=1d&outsideRth=false,200|458ms
19:46:40.443 INFO  vert.x-eventloop-thread-0 BaseServiceProxy     : -> GET /v1/api/iserver/marketdata/history?conid=6929&period=30d&bar=1d&outsideRth=false,200|58ms
19:46:40.588 INFO  vert.x-eventloop-thread-0 BaseServiceProxy     : -> GET /v1/api/iserver/account/orders,200|84ms
19:46:48.528 INFO  vert.x-eventloop-thread-0 BaseServiceProxy     : -> GET /v1/api/tickle,200|55ms
19:46:48.529 DEBUG vert.x-eventloop-thread-0 ClientPortalService  : tickle {"session":"e6849eeefc510c718e64ec1d0838e813","ssoExpires":90245,"collission":false,"userId":50301190,"hmds":{"error":"no bridge"},"iserver":{"authStatus":{"authenticated":true,"established":true,"competing":false,"connected":true,"message":"","MAC":"06:A8:C0:D9:D5:E3","serverInfo":{"serverName":"JifS25121","serverVersion":"Build 10.44.1d, Mar 3, 2026 1:55:32 PM"},"hardware_info":"275c5aa2|06:A8:C0:D9:D5:E3"}}}
19:47:18.540 INFO  vert.x-eventloop-thread-0 BaseServiceProxy     : -> GET /v1/api/tickle,200|65ms
19:47:18.542 DEBUG vert.x-eventloop-thread-0 ClientPortalService  : tickle {"session":"e6849eeefc510c718e64ec1d0838e813","ssoExpires":60234,"collission":false,"userId":50301190,"hmds":{"error":"no bridge"},"iserver":{"authStatus":{"authenticated":true,"established":true,"competing":false,"connected":true,"message":"","MAC":"06:A8:C0:D9:D5:E3","serverInfo":{"serverName":"JifS25121","serverVersion":"Build 10.44.1d, Mar 3, 2026 1:55:32 PM"},"hardware_info":"275c5aa2|06:A8:C0:D9:D5:E3"}}}
19:47:48.788 INFO  vert.x-eventloop-thread-0 BaseServiceProxy     : -> GET /v1/api/tickle,200|314ms
19:47:48.790 DEBUG vert.x-eventloop-thread-0 ClientPortalService  : tickle {"session":"e6849eeefc510c718e64ec1d0838e813","ssoExpires":30014,"collission":false,"userId":50301190,"hmds":{"error":"no bridge"},"iserver":{"authStatus":{"authenticated":true,"established":true,"competing":false,"connected":true,"message":"","MAC":"06:A8:C0:D9:D5:E3","serverInfo":{"serverName":"JifS25121","serverVersion":"Build 10.44.1d, Mar 3, 2026 1:55:32 PM"},"hardware_info":"275c5aa2|06:A8:C0:D9:D5:E3"}}}
19:48:18.534 INFO  vert.x-eventloop-thread-0 BaseServiceProxy     : -> GET /v1/api/tickle,200|59ms
19:48:18.535 DEBUG vert.x-eventloop-thread-0 ClientPortalService  : tickle {"session":"e6849eeefc510c718e64ec1d0838e813","ssoExpires":242,"collission":false,"userId":50301190,"hmds":{"error":"no bridge"},"iserver":{"authStatus":{"authenticated":true,"established":true,"competing":false,"connected":true,"message":"","MAC":"06:A8:C0:D9:D5:E3","serverInfo":{"serverName":"JifS25121","serverVersion":"Build 10.44.1d, Mar 3, 2026 1:55:32 PM"},"hardware_info":"275c5aa2|06:A8:C0:D9:D5:E3"}}}
19:48:48.764 INFO  vert.x-eventloop-thread-0 BaseServiceProxy     : -> GET /v1/api/tickle,200|290ms
19:48:48.766 DEBUG vert.x-eventloop-thread-0 ClientPortalService  : tickle {"session":"e6849eeefc510c718e64ec1d0838e813","ssoExpires":600000,"collission":false,"userId":50301190,"hmds":{"error":"no bridge"},"iserver":{"authStatus":{"authenticated":true,"established":true,"competing":false,"connected":true,"message":"","MAC":"06:A8:C0:D9:D5:E3","serverInfo":{"serverName":"JifS25121","serverVersion":"Build 10.44.1d, Mar 3, 2026 1:55:32 PM"},"hardware_info":"275c5aa2|06:A8:C0:D9:D5:E3"}}}
19:49:02.309 INFO  vert.x-eventloop-thread-0 BaseServiceProxy     : -> GET /v1/api/tickle,200|296ms
19:49:18.530 INFO  vert.x-eventloop-thread-0 BaseServiceProxy     : -> GET /v1/api/tickle,200|56ms
19:49:18.532 DEBUG vert.x-eventloop-thread-0 ClientPortalService  : tickle {"session":"e6849eeefc510c718e64ec1d0838e813","ssoExpires":570233,"collission":false,"userId":50301190,"hmds":{"error":"no bridge"},"iserver":{"authStatus":{"authenticated":true,"established":true,"competing":false,"connected":true,"message":"","MAC":"06:A8:C0:D9:D5:E3","serverInfo":{"serverName":"JifS25121","serverVersion":"Build 10.44.1d, Mar 3, 2026 1:55:32 PM"},"hardware_info":"275c5aa2|06:A8:C0:D9:D5:E3"}}}
19:49:48.548 INFO  vert.x-eventloop-thread-0 BaseServiceProxy     : -> GET /v1/api/tickle,200|74ms
19:49:48.549 DEBUG vert.x-eventloop-thread-0 ClientPortalService  : tickle {"session":"e6849eeefc510c718e64ec1d0838e813","ssoExpires":540217,"collission":false,"userId":50301190,"hmds":{"error":"no bridge"},"iserver":{"authStatus":{"authenticated":true,"established":true,"competing":false,"connected":true,"message":"","MAC":"06:A8:C0:D9:D5:E3","serverInfo":{"serverName":"JifS25121","serverVersion":"Build 10.44.1d, Mar 3, 2026 1:55:32 PM"},"hardware_info":"275c5aa2|06:A8:C0:D9:D5:E3"}}}
19:50:13.581 INFO  vert.x-eventloop-thread-0 BaseServiceProxy     : -> GET /sso/ping,200|404ms
19:50:13.583 INFO  vert.x-eventloop-thread-0 SsoService           : sso ping {"result": "true"}
19:50:18.536 INFO  vert.x-eventloop-thread-0 BaseServiceProxy     : -> GET /v1/api/tickle,200|61ms
19:50:18.536 DEBUG vert.x-eventloop-thread-0 ClientPortalService  : tickle {"session":"e6849eeefc510c718e64ec1d0838e813","ssoExpires":510228,"collission":false,"userId":50301190,"hmds":{"error":"no bridge"},"iserver":{"authStatus":{"authenticated":true,"established":true,"competing":false,"connected":true,"message":"","MAC":"06:A8:C0:D9:D5:E3","serverInfo":{"serverName":"JifS25121","serverVersion":"Build 10.44.1d, Mar 3, 2026 1:55:32 PM"},"hardware_info":"275c5aa2|06:A8:C0:D9:D5:E3"}}}
19:50:48.448 INFO  vert.x-eventloop-thread-0 BaseServiceProxy     : -> GET /v1/api/tickle,200|55ms
19:50:48.450 DEBUG vert.x-eventloop-thread-0 ClientPortalService  : tickle {"session":"e6849eeefc510c718e64ec1d0838e813","ssoExpires":480233,"collission":false,"userId":50301190,"hmds":{"error":"no bridge"},"iserver":{"authStatus":{"authenticated":true,"established":true,"competing":false,"connected":true,"message":"","MAC":"06:A8:C0:D9:D5:E3","serverInfo":{"serverName":"JifS25121","serverVersion":"Build 10.44.1d, Mar 3, 2026 1:55:32 PM"},"hardware_info":"275c5aa2|06:A8:C0:D9:D5:E3"}}}
19:51:14.964 INFO  vert.x-eventloop-thread-0 BaseServiceProxy     : -> GET /v1/api/iserver/secdef/search?symbol=GSAT&secType=STK,200|79ms
19:51:18.455 INFO  vert.x-eventloop-thread-0 BaseServiceProxy     : -> GET /v1/api/tickle,200|62ms
19:51:18.459 DEBUG vert.x-eventloop-thread-0 ClientPortalService  : tickle {"session":"e6849eeefc510c718e64ec1d0838e813","ssoExpires":450226,"collission":false,"userId":50301190,"hmds":{"error":"no bridge"},"iserver":{"authStatus":{"authenticated":true,"established":true,"competing":false,"connected":true,"message":"","MAC":"06:A8:C0:D9:D5:E3","serverInfo":{"serverName":"JifS25121","serverVersion":"Build 10.44.1d, Mar 3, 2026 1:55:32 PM"},"hardware_info":"275c5aa2|06:A8:C0:D9:D5:E3"}}}
19:51:27.601 INFO  vert.x-eventloop-thread-0 BaseServiceProxy     : -> GET /v1/api/portfolio/U5799398/summary,200|333ms
19:51:27.665 INFO  vert.x-eventloop-thread-0 BaseServiceProxy     : -> GET /v1/api/iserver/account/orders,200|54ms
19:51:27.697 INFO  vert.x-eventloop-thread-0 BaseServiceProxy     : -> GET /v1/api/portfolio/U5799398/positions/0?direction=a&period=1W&sort=position,200|92ms
19:51:38.840 INFO  vert.x-eventloop-thread-0 BaseServiceProxy     : -> GET /v1/api/iserver/secdef/search?symbol=GSAT&secType=STK,200|59ms
19:51:38.894 INFO  vert.x-eventloop-thread-0 BaseServiceProxy     : -> GET /v1/api/iserver/account/orders,200|52ms
19:51:39.030 INFO  vert.x-eventloop-thread-0 BaseServiceProxy     : -> GET /v1/api/portfolio/U5799398/summary,200|88ms
19:51:39.424 INFO  vert.x-eventloop-thread-0 BaseServiceProxy     : -> GET /v1/api/iserver/account/U5799398/orders,200|388ms
19:51:39.483 INFO  vert.x-eventloop-thread-0 BaseServiceProxy     : -> GET /v1/api/iserver/reply/b60e4ac7-39a0-42cc-8acf-0391e83e00c2,200|58ms
19:51:39.539 INFO  vert.x-eventloop-thread-0 BaseServiceProxy     : -> GET /v1/api/iserver/reply/35623dea-3562-4643-a29a-a2ee6963aa08,200|54ms
19:51:39.632 INFO  vert.x-eventloop-thread-0 BaseServiceProxy     : -> GET /v1/api/iserver/reply/6f917889-132e-422c-adb6-f3d98ad2501d,200|92ms
19:51:39.697 INFO  vert.x-eventloop-thread-0 BaseServiceProxy     : -> GET /v1/api/iserver/reply/55bc709e-847e-488e-b064-9f2ff33b4977,200|64ms
19:51:39.766 INFO  vert.x-eventloop-thread-0 BaseServiceProxy     : -> GET /v1/api/iserver/reply/335900ad-3d00-4b33-bef3-28b95a243952,200|66ms
19:51:39.826 INFO  vert.x-eventloop-thread-0 BaseServiceProxy     : -> GET /v1/api/iserver/account/orders,200|59ms
19:51:40.130 INFO  vert.x-eventloop-thread-0 BaseServiceProxy     : -> GET /v1/api/iserver/marketdata/history?conid=760229174&period=30d&bar=1d&outsideRth=false,200|287ms
19:51:40.191 INFO  vert.x-eventloop-thread-0 BaseServiceProxy     : -> GET /v1/api/iserver/marketdata/history?conid=760229174&period=30d&bar=1d&outsideRth=false,200|59ms
19:51:48.448 INFO  vert.x-eventloop-thread-0 BaseServiceProxy     : -> GET /v1/api/tickle,200|55ms
19:51:48.450 DEBUG vert.x-eventloop-thread-0 ClientPortalService  : tickle {"session":"e6849eeefc510c718e64ec1d0838e813","ssoExpires":420233,"collission":false,"userId":50301190,"hmds":{"error":"no bridge"},"iserver":{"authStatus":{"authenticated":true,"established":true,"competing":false,"connected":true,"message":"","MAC":"06:A8:C0:D9:D5:E3","serverInfo":{"serverName":"JifS25121","serverVersion":"Build 10.44.1d, Mar 3, 2026 1:55:32 PM"},"hardware_info":"275c5aa2|06:A8:C0:D9:D5:E3"}}}
19:51:53.484 INFO  vert.x-eventloop-thread-0 BaseServiceProxy     : -> GET /v1/api/iserver/account/orders,200|56ms
19:51:53.571 INFO  vert.x-eventloop-thread-0 BaseServiceProxy     : -> GET /v1/api/iserver/marketdata/history?conid=760229174&period=30d&bar=1d&outsideRth=false,200|70ms
19:51:53.625 INFO  vert.x-eventloop-thread-0 BaseServiceProxy     : -> GET /v1/api/iserver/marketdata/history?conid=760229174&period=30d&bar=1d&outsideRth=false,200|52ms
19:51:54.916 INFO  vert.x-eventloop-thread-0 BaseServiceProxy     : -> GET /v1/api/iserver/account/orders,200|67ms
19:51:55.007 INFO  vert.x-eventloop-thread-0 BaseServiceProxy     : -> GET /v1/api/iserver/account/orders,200|63ms
19:51:55.376 INFO  vert.x-eventloop-thread-0 BaseServiceProxy     : -> GET /v1/api/iserver/account/U5799398/order/93845072,200|355ms
19:51:55.439 INFO  vert.x-eventloop-thread-0 BaseServiceProxy     : -> GET /v1/api/iserver/account/orders,200|62ms
19:51:55.509 INFO  vert.x-eventloop-thread-0 BaseServiceProxy     : -> GET /v1/api/iserver/marketdata/history?conid=760229174&period=30d&bar=1d&outsideRth=false,200|62ms
19:51:55.568 INFO  vert.x-eventloop-thread-0 BaseServiceProxy     : -> GET /v1/api/iserver/marketdata/history?conid=760229174&period=30d&bar=1d&outsideRth=false,200|57ms
19:51:55.701 INFO  vert.x-eventloop-thread-0 BaseServiceProxy     : -> GET /v1/api/iserver/account/orders,200|63ms
19:52:02.376 INFO  vert.x-eventloop-thread-0 BaseServiceProxy     : -> GET /v1/api/tickle,200|55ms
19:52:18.473 INFO  vert.x-eventloop-thread-0 BaseServiceProxy     : -> GET /v1/api/tickle,200|80ms
19:52:18.474 DEBUG vert.x-eventloop-thread-0 ClientPortalService  : tickle {"session":"e6849eeefc510c718e64ec1d0838e813","ssoExpires":390210,"collission":false,"userId":50301190,"hmds":{"error":"no bridge"},"iserver":{"authStatus":{"authenticated":true,"established":true,"competing":false,"connected":true,"message":"","MAC":"06:A8:C0:D9:D5:E3","serverInfo":{"serverName":"JifS25121","serverVersion":"Build 10.44.1d, Mar 3, 2026 1:55:32 PM"},"hardware_info":"275c5aa2|06:A8:C0:D9:D5:E3"}}}
19:52:48.452 INFO  vert.x-eventloop-thread-0 BaseServiceProxy     : -> GET /v1/api/tickle,200|60ms
19:52:48.452 DEBUG vert.x-eventloop-thread-0 ClientPortalService  : tickle {"session":"e6849eeefc510c718e64ec1d0838e813","ssoExpires":360228,"collission":false,"userId":50301190,"hmds":{"error":"no bridge"},"iserver":{"authStatus":{"authenticated":true,"established":true,"competing":false,"connected":true,"message":"","MAC":"06:A8:C0:D9:D5:E3","serverInfo":{"serverName":"JifS25121","serverVersion":"Build 10.44.1d, Mar 3, 2026 1:55:32 PM"},"hardware_info":"275c5aa2|06:A8:C0:D9:D5:E3"}}}
19:53:18.739 INFO  vert.x-eventloop-thread-0 BaseServiceProxy     : -> GET /v1/api/tickle,200|345ms
19:53:18.741 DEBUG vert.x-eventloop-thread-0 ClientPortalService  : tickle {"session":"e6849eeefc510c718e64ec1d0838e813","ssoExpires":329994,"collission":false,"userId":50301190,"hmds":{"error":"no bridge"},"iserver":{"authStatus":{"authenticated":true,"established":true,"competing":false,"connected":true,"message":"","MAC":"06:A8:C0:D9:D5:E3","serverInfo":{"serverName":"JifS25121","serverVersion":"Build 10.44.1d, Mar 3, 2026 1:55:32 PM"},"hardware_info":"275c5aa2|06:A8:C0:D9:D5:E3"}}}
19:53:48.472 INFO  vert.x-eventloop-thread-0 BaseServiceProxy     : -> GET /v1/api/tickle,200|77ms
19:53:48.473 DEBUG vert.x-eventloop-thread-0 ClientPortalService  : tickle {"session":"e6849eeefc510c718e64ec1d0838e813","ssoExpires":300217,"collission":false,"userId":50301190,"hmds":{"error":"no bridge"},"iserver":{"authStatus":{"authenticated":true,"established":true,"competing":false,"connected":true,"message":"","MAC":"06:A8:C0:D9:D5:E3","serverInfo":{"serverName":"JifS25121","serverVersion":"Build 10.44.1d, Mar 3, 2026 1:55:32 PM"},"hardware_info":"275c5aa2|06:A8:C0:D9:D5:E3"}}}
19:54:18.457 INFO  vert.x-eventloop-thread-0 BaseServiceProxy     : -> GET /v1/api/tickle,200|65ms
19:54:18.459 DEBUG vert.x-eventloop-thread-0 ClientPortalService  : tickle {"session":"e6849eeefc510c718e64ec1d0838e813","ssoExpires":270222,"collission":false,"userId":50301190,"hmds":{"error":"no bridge"},"iserver":{"authStatus":{"authenticated":true,"established":true,"competing":false,"connected":true,"message":"","MAC":"06:A8:C0:D9:D5:E3","serverInfo":{"serverName":"JifS25121","serverVersion":"Build 10.44.1d, Mar 3, 2026 1:55:32 PM"},"hardware_info":"275c5aa2|06:A8:C0:D9:D5:E3"}}}
19:54:31.554 INFO  vert.x-eventloop-thread-0 BaseServiceProxy     : -> GET /v1/api/portfolio/U5799398/summary,200|340ms
19:54:31.630 INFO  vert.x-eventloop-thread-0 BaseServiceProxy     : -> GET /v1/api/iserver/account/orders,200|66ms
19:54:33.632 INFO  vert.x-eventloop-thread-0 BaseServiceProxy     : -> GET /v1/api/portfolio/U5799398/positions/0?direction=a&period=1W&sort=position,200|2074ms
19:54:47.433 INFO  vert.x-eventloop-thread-0 BaseServiceProxy     : -> GET /v1/api/iserver/secdef/search?symbol=TPYP&secType=STK,200|64ms
19:54:47.490 INFO  vert.x-eventloop-thread-0 BaseServiceProxy     : -> GET /v1/api/iserver/account/orders,200|55ms
19:54:47.595 INFO  vert.x-eventloop-thread-0 BaseServiceProxy     : -> GET /v1/api/portfolio/U5799398/summary,200|94ms
19:54:48.034 INFO  vert.x-eventloop-thread-0 BaseServiceProxy     : -> GET /v1/api/iserver/account/U5799398/orders,200|432ms
19:54:48.096 INFO  vert.x-eventloop-thread-0 BaseServiceProxy     : -> GET /v1/api/iserver/reply/2517c672-c214-4c15-81bb-3190f9315ddf,200|57ms
19:54:48.166 INFO  vert.x-eventloop-thread-0 BaseServiceProxy     : -> GET /v1/api/iserver/reply/02e0aef6-449c-4f7b-944f-b15e95d6edfb,200|66ms
19:54:48.224 INFO  vert.x-eventloop-thread-0 BaseServiceProxy     : -> GET /v1/api/iserver/reply/a2824974-35df-49cf-bf41-8acf53f81518,200|55ms
19:54:48.296 INFO  vert.x-eventloop-thread-0 BaseServiceProxy     : -> GET /v1/api/iserver/reply/26b464d0-5071-458c-98b1-f4ca9e0327e6,200|68ms
19:54:48.366 INFO  vert.x-eventloop-thread-0 BaseServiceProxy     : -> GET /v1/api/iserver/reply/8954e813-3d41-408a-a9af-c51b15b47975,200|67ms
19:54:48.441 INFO  vert.x-eventloop-thread-0 BaseServiceProxy     : -> GET /v1/api/iserver/account/orders,200|73ms
19:54:48.451 INFO  vert.x-eventloop-thread-0 BaseServiceProxy     : -> GET /v1/api/tickle,200|58ms
19:54:48.451 DEBUG vert.x-eventloop-thread-0 ClientPortalService  : tickle {"session":"e6849eeefc510c718e64ec1d0838e813","ssoExpires":240231,"collission":false,"userId":50301190,"hmds":{"error":"no bridge"},"iserver":{"authStatus":{"authenticated":true,"established":true,"competing":false,"connected":true,"message":"","MAC":"06:A8:C0:D9:D5:E3","serverInfo":{"serverName":"JifS25121","serverVersion":"Build 10.44.1d, Mar 3, 2026 1:55:32 PM"},"hardware_info":"275c5aa2|06:A8:C0:D9:D5:E3"}}}
19:54:48.852 INFO  vert.x-eventloop-thread-0 BaseServiceProxy     : -> GET /v1/api/iserver/marketdata/history?conid=783247136&period=30d&bar=1d&outsideRth=false,200|398ms
19:54:48.927 INFO  vert.x-eventloop-thread-0 BaseServiceProxy     : -> GET /v1/api/iserver/marketdata/history?conid=783247136&period=30d&bar=1d&outsideRth=false,200|64ms
19:54:50.619 INFO  vert.x-eventloop-thread-0 BaseServiceProxy     : -> GET /v1/api/iserver/account/orders,200|84ms
19:54:50.683 INFO  vert.x-eventloop-thread-0 BaseServiceProxy     : -> GET /v1/api/iserver/marketdata/history?conid=783247136&period=30d&bar=1d&outsideRth=false,200|57ms
19:54:50.747 INFO  vert.x-eventloop-thread-0 BaseServiceProxy     : -> GET /v1/api/iserver/marketdata/history?conid=783247136&period=30d&bar=1d&outsideRth=false,200|56ms
19:55:02.540 INFO  vert.x-eventloop-thread-0 BaseServiceProxy     : -> GET /v1/api/tickle,200|65ms
19:55:13.427 INFO  vert.x-eventloop-thread-0 BaseServiceProxy     : -> GET /sso/ping,200|334ms
19:55:13.428 INFO  vert.x-eventloop-thread-0 SsoService           : sso ping {"result": "true"}
19:55:18.460 INFO  vert.x-eventloop-thread-0 BaseServiceProxy     : -> GET /v1/api/tickle,200|68ms
19:55:18.460 DEBUG vert.x-eventloop-thread-0 ClientPortalService  : tickle {"session":"e6849eeefc510c718e64ec1d0838e813","ssoExpires":210222,"collission":false,"userId":50301190,"hmds":{"error":"no bridge"},"iserver":{"authStatus":{"authenticated":true,"established":true,"competing":false,"connected":true,"message":"","MAC":"06:A8:C0:D9:D5:E3","serverInfo":{"serverName":"JifS25121","serverVersion":"Build 10.44.1d, Mar 3, 2026 1:55:32 PM"},"hardware_info":"275c5aa2|06:A8:C0:D9:D5:E3"}}}
19:55:31.960 INFO  vert.x-eventloop-thread-0 BaseServiceProxy     : -> GET /v1/api/iserver/secdef/search?symbol=IMO&secType=STK,200|92ms
19:55:48.473 INFO  vert.x-eventloop-thread-0 BaseServiceProxy     : -> GET /v1/api/tickle,200|81ms
19:55:48.475 DEBUG vert.x-eventloop-thread-0 ClientPortalService  : tickle {"session":"e6849eeefc510c718e64ec1d0838e813","ssoExpires":180210,"collission":false,"userId":50301190,"hmds":{"error":"no bridge"},"iserver":{"authStatus":{"authenticated":true,"established":true,"competing":false,"connected":true,"message":"","MAC":"06:A8:C0:D9:D5:E3","serverInfo":{"serverName":"JifS25121","serverVersion":"Build 10.44.1d, Mar 3, 2026 1:55:32 PM"},"hardware_info":"275c5aa2|06:A8:C0:D9:D5:E3"}}}
19:56:09.352 INFO  vert.x-eventloop-thread-0 BaseServiceProxy     : -> GET /v1/api/portfolio/U5799398/summary,200|104ms
19:56:09.411 INFO  vert.x-eventloop-thread-0 BaseServiceProxy     : -> GET /v1/api/iserver/account/orders,200|56ms
19:56:09.436 INFO  vert.x-eventloop-thread-0 BaseServiceProxy     : -> GET /v1/api/portfolio/U5799398/positions/0?direction=a&period=1W&sort=position,200|72ms
19:56:18.453 INFO  vert.x-eventloop-thread-0 BaseServiceProxy     : -> GET /v1/api/tickle,200|62ms
19:56:18.453 DEBUG vert.x-eventloop-thread-0 ClientPortalService  : tickle {"session":"e6849eeefc510c718e64ec1d0838e813","ssoExpires":150226,"collission":false,"userId":50301190,"hmds":{"error":"no bridge"},"iserver":{"authStatus":{"authenticated":true,"established":true,"competing":false,"connected":true,"message":"","MAC":"06:A8:C0:D9:D5:E3","serverInfo":{"serverName":"JifS25121","serverVersion":"Build 10.44.1d, Mar 3, 2026 1:55:32 PM"},"hardware_info":"275c5aa2|06:A8:C0:D9:D5:E3"}}}
19:56:29.890 INFO  vert.x-eventloop-thread-0 BaseServiceProxy     : -> GET /v1/api/iserver/secdef/search?symbol=IMO&secType=STK,200|60ms
19:56:29.947 INFO  vert.x-eventloop-thread-0 BaseServiceProxy     : -> GET /v1/api/iserver/account/orders,200|54ms
19:56:30.056 INFO  vert.x-eventloop-thread-0 BaseServiceProxy     : -> GET /v1/api/portfolio/U5799398/summary,200|95ms
19:56:30.449 INFO  vert.x-eventloop-thread-0 BaseServiceProxy     : -> GET /v1/api/iserver/account/U5799398/orders,200|385ms
19:56:30.509 INFO  vert.x-eventloop-thread-0 BaseServiceProxy     : -> GET /v1/api/iserver/reply/4617f277-2734-4add-9cb2-4bbb96e2d77d,200|57ms
19:56:30.568 INFO  vert.x-eventloop-thread-0 BaseServiceProxy     : -> GET /v1/api/iserver/reply/070322b6-fa91-47cd-8620-0abb7ec3afe7,200|56ms
19:56:30.626 INFO  vert.x-eventloop-thread-0 BaseServiceProxy     : -> GET /v1/api/iserver/reply/99b038c2-28f4-479c-bc7a-a3495f0f1c0f,200|55ms
19:56:30.686 INFO  vert.x-eventloop-thread-0 BaseServiceProxy     : -> GET /v1/api/iserver/reply/bed742ed-99f9-48f5-a427-c7b493fdcfe8,200|57ms
19:56:30.749 INFO  vert.x-eventloop-thread-0 BaseServiceProxy     : -> GET /v1/api/iserver/reply/b0c5baff-6d76-43d7-baf7-c50f2044c2d3,200|60ms
19:56:30.825 INFO  vert.x-eventloop-thread-0 BaseServiceProxy     : -> GET /v1/api/iserver/reply/e08bcd8d-6343-4fae-b812-de3791cd0500,200|73ms
19:56:30.890 INFO  vert.x-eventloop-thread-0 BaseServiceProxy     : -> GET /v1/api/iserver/account/orders,200|62ms
19:56:31.306 INFO  vert.x-eventloop-thread-0 BaseServiceProxy     : -> GET /v1/api/iserver/marketdata/history?conid=5027046&period=30d&bar=1d&outsideRth=false,200|399ms
19:56:31.367 INFO  vert.x-eventloop-thread-0 BaseServiceProxy     : -> GET /v1/api/iserver/marketdata/history?conid=5027046&period=30d&bar=1d&outsideRth=false,200|58ms
19:56:32.743 INFO  vert.x-eventloop-thread-0 BaseServiceProxy     : -> GET /v1/api/iserver/account/orders,200|57ms
19:56:32.813 INFO  vert.x-eventloop-thread-0 BaseServiceProxy     : -> GET /v1/api/iserver/marketdata/history?conid=5027046&period=30d&bar=1d&outsideRth=false,200|59ms
19:56:32.892 INFO  vert.x-eventloop-thread-0 BaseServiceProxy     : -> GET /v1/api/iserver/marketdata/history?conid=5027046&period=30d&bar=1d&outsideRth=false,200|76ms
19:56:33.641 INFO  vert.x-eventloop-thread-0 BaseServiceProxy     : -> GET /v1/api/iserver/account/orders,200|53ms
19:56:33.721 INFO  vert.x-eventloop-thread-0 BaseServiceProxy     : -> GET /v1/api/iserver/account/orders,200|60ms
19:56:34.117 INFO  vert.x-eventloop-thread-0 BaseServiceProxy     : -> GET /v1/api/iserver/account/U5799398/order/93845078,200|382ms
19:56:34.171 INFO  vert.x-eventloop-thread-0 BaseServiceProxy     : -> GET /v1/api/iserver/account/orders,200|53ms
19:56:34.246 INFO  vert.x-eventloop-thread-0 BaseServiceProxy     : -> GET /v1/api/iserver/marketdata/history?conid=5027046&period=30d&bar=1d&outsideRth=false,200|56ms
19:56:34.343 INFO  vert.x-eventloop-thread-0 BaseServiceProxy     : -> GET /v1/api/iserver/marketdata/history?conid=5027046&period=30d&bar=1d&outsideRth=false,200|96ms
19:56:34.475 INFO  vert.x-eventloop-thread-0 BaseServiceProxy     : -> GET /v1/api/iserver/account/orders,200|57ms
19:56:48.461 INFO  vert.x-eventloop-thread-0 BaseServiceProxy     : -> GET /v1/api/tickle,200|69ms
19:56:48.462 DEBUG vert.x-eventloop-thread-0 ClientPortalService  : tickle {"session":"e6849eeefc510c718e64ec1d0838e813","ssoExpires":120221,"collission":false,"userId":50301190,"hmds":{"error":"no bridge"},"iserver":{"authStatus":{"authenticated":true,"established":true,"competing":false,"connected":true,"message":"","MAC":"06:A8:C0:D9:D5:E3","serverInfo":{"serverName":"JifS25121","serverVersion":"Build 10.44.1d, Mar 3, 2026 1:55:32 PM"},"hardware_info":"275c5aa2|06:A8:C0:D9:D5:E3"}}}
19:57:18.447 INFO  vert.x-eventloop-thread-0 BaseServiceProxy     : -> GET /v1/api/tickle,200|56ms
19:57:18.448 DEBUG vert.x-eventloop-thread-0 ClientPortalService  : tickle {"session":"e6849eeefc510c718e64ec1d0838e813","ssoExpires":90231,"collission":false,"userId":50301190,"hmds":{"error":"no bridge"},"iserver":{"authStatus":{"authenticated":true,"established":true,"competing":false,"connected":true,"message":"","MAC":"06:A8:C0:D9:D5:E3","serverInfo":{"serverName":"JifS25121","serverVersion":"Build 10.44.1d, Mar 3, 2026 1:55:32 PM"},"hardware_info":"275c5aa2|06:A8:C0:D9:D5:E3"}}}
19:57:48.462 INFO  vert.x-eventloop-thread-0 BaseServiceProxy     : -> GET /v1/api/tickle,200|71ms
19:57:48.463 DEBUG vert.x-eventloop-thread-0 ClientPortalService  : tickle {"session":"e6849eeefc510c718e64ec1d0838e813","ssoExpires":60215,"collission":false,"userId":50301190,"hmds":{"error":"no bridge"},"iserver":{"authStatus":{"authenticated":true,"established":true,"competing":false,"connected":true,"message":"","MAC":"06:A8:C0:D9:D5:E3","serverInfo":{"serverName":"JifS25121","serverVersion":"Build 10.44.1d, Mar 3, 2026 1:55:32 PM"},"hardware_info":"275c5aa2|06:A8:C0:D9:D5:E3"}}}
19:58:03.002 INFO  vert.x-eventloop-thread-0 BaseServiceProxy     : -> GET /v1/api/tickle,200|385ms
19:58:18.466 INFO  vert.x-eventloop-thread-0 BaseServiceProxy     : -> GET /v1/api/tickle,200|74ms
19:58:18.469 DEBUG vert.x-eventloop-thread-0 ClientPortalService  : tickle {"session":"e6849eeefc510c718e64ec1d0838e813","ssoExpires":30213,"collission":false,"userId":50301190,"hmds":{"error":"no bridge"},"iserver":{"authStatus":{"authenticated":true,"established":true,"competing":false,"connected":true,"message":"","MAC":"06:A8:C0:D9:D5:E3","serverInfo":{"serverName":"JifS25121","serverVersion":"Build 10.44.1d, Mar 3, 2026 1:55:32 PM"},"hardware_info":"275c5aa2|06:A8:C0:D9:D5:E3"}}}
19:58:27.021 INFO  vert.x-eventloop-thread-0 BaseServiceProxy     : -> GET /v1/api/iserver/secdef/search?symbol=NVMI&secType=STK,200|82ms
19:58:39.671 INFO  vert.x-eventloop-thread-0 BaseServiceProxy     : -> GET /v1/api/portfolio/U5799398/summary,200|91ms
19:58:39.736 INFO  vert.x-eventloop-thread-0 BaseServiceProxy     : -> GET /v1/api/iserver/account/orders,200|52ms
19:58:39.789 INFO  vert.x-eventloop-thread-0 BaseServiceProxy     : -> GET /v1/api/portfolio/U5799398/positions/0?direction=a&period=1W&sort=position,200|114ms
19:58:46.612 INFO  vert.x-eventloop-thread-0 BaseServiceProxy     : -> GET /v1/api/iserver/secdef/search?symbol=NVMI&secType=STK,200|68ms
19:58:46.672 INFO  vert.x-eventloop-thread-0 BaseServiceProxy     : -> GET /v1/api/iserver/account/orders,200|59ms
19:58:46.808 INFO  vert.x-eventloop-thread-0 BaseServiceProxy     : -> GET /v1/api/portfolio/U5799398/summary,200|121ms
19:58:47.235 INFO  vert.x-eventloop-thread-0 BaseServiceProxy     : -> GET /v1/api/iserver/account/U5799398/orders,200|422ms
19:58:47.288 INFO  vert.x-eventloop-thread-0 BaseServiceProxy     : -> GET /v1/api/iserver/reply/a33ccb17-92df-40b8-a4ab-c7736fb377fb,200|52ms
19:58:47.347 INFO  vert.x-eventloop-thread-0 BaseServiceProxy     : -> GET /v1/api/iserver/reply/51159c2f-fd65-4d25-9311-fa3a3757ede7,200|58ms
19:58:47.405 INFO  vert.x-eventloop-thread-0 BaseServiceProxy     : -> GET /v1/api/iserver/reply/149781de-8e27-4d6b-8914-471f7db2d6c4,200|56ms
19:58:47.461 INFO  vert.x-eventloop-thread-0 BaseServiceProxy     : -> GET /v1/api/iserver/reply/16c5122c-c6ef-474c-bf8d-a9e258482087,200|54ms
19:58:47.523 INFO  vert.x-eventloop-thread-0 BaseServiceProxy     : -> GET /v1/api/iserver/reply/f810e040-293c-4cbb-9f08-f0af9a61d657,200|60ms
19:58:47.587 INFO  vert.x-eventloop-thread-0 BaseServiceProxy     : -> GET /v1/api/iserver/account/orders,200|62ms
19:58:47.895 INFO  vert.x-eventloop-thread-0 BaseServiceProxy     : -> GET /v1/api/iserver/marketdata/history?conid=8168458&period=30d&bar=1d&outsideRth=false,200|302ms
19:58:47.976 INFO  vert.x-eventloop-thread-0 BaseServiceProxy     : -> GET /v1/api/iserver/marketdata/history?conid=8168458&period=30d&bar=1d&outsideRth=false,200|79ms
19:58:48.455 INFO  vert.x-eventloop-thread-0 BaseServiceProxy     : -> GET /v1/api/tickle,200|65ms
19:58:48.456 DEBUG vert.x-eventloop-thread-0 ClientPortalService  : tickle {"session":"e6849eeefc510c718e64ec1d0838e813","ssoExpires":222,"collission":false,"userId":50301190,"hmds":{"error":"no bridge"},"iserver":{"authStatus":{"authenticated":true,"established":true,"competing":false,"connected":true,"message":"","MAC":"06:A8:C0:D9:D5:E3","serverInfo":{"serverName":"JifS25121","serverVersion":"Build 10.44.1d, Mar 3, 2026 1:55:32 PM"},"hardware_info":"275c5aa2|06:A8:C0:D9:D5:E3"}}}
19:59:05.001 INFO  vert.x-eventloop-thread-0 BaseServiceProxy     : -> GET /v1/api/iserver/account/orders,200|56ms
19:59:05.084 INFO  vert.x-eventloop-thread-0 BaseServiceProxy     : -> GET /v1/api/iserver/marketdata/history?conid=8168458&period=30d&bar=1d&outsideRth=false,200|58ms
19:59:05.151 INFO  vert.x-eventloop-thread-0 BaseServiceProxy     : -> GET /v1/api/iserver/marketdata/history?conid=8168458&period=30d&bar=1d&outsideRth=false,200|65ms
19:59:18.467 INFO  vert.x-eventloop-thread-0 BaseServiceProxy     : -> GET /v1/api/tickle,200|76ms
19:59:18.469 DEBUG vert.x-eventloop-thread-0 ClientPortalService  : tickle {"session":"e6849eeefc510c718e64ec1d0838e813","ssoExpires":600000,"collission":false,"userId":50301190,"hmds":{"error":"no bridge"},"iserver":{"authStatus":{"authenticated":true,"established":true,"competing":false,"connected":true,"message":"","MAC":"06:A8:C0:D9:D5:E3","serverInfo":{"serverName":"JifS25121","serverVersion":"Build 10.44.1d, Mar 3, 2026 1:55:32 PM"},"hardware_info":"275c5aa2|06:A8:C0:D9:D5:E3"}}}
19:59:48.446 INFO  vert.x-eventloop-thread-0 BaseServiceProxy     : -> GET /v1/api/tickle,200|55ms
19:59:48.448 DEBUG vert.x-eventloop-thread-0 ClientPortalService  : tickle {"session":"e6849eeefc510c718e64ec1d0838e813","ssoExpires":570008,"collission":false,"userId":50301190,"hmds":{"error":"no bridge"},"iserver":{"authStatus":{"authenticated":true,"established":true,"competing":false,"connected":true,"message":"","MAC":"06:A8:C0:D9:D5:E3","serverInfo":{"serverName":"JifS25121","serverVersion":"Build 10.44.1d, Mar 3, 2026 1:55:32 PM"},"hardware_info":"275c5aa2|06:A8:C0:D9:D5:E3"}}}
19:59:56.976 INFO  vert.x-eventloop-thread-0 BaseServiceProxy     : -> GET /v1/api/iserver/secdef/search?symbol=ALL&secType=STK,200|85ms
20:00:12.708 INFO  vert.x-eventloop-thread-0 BaseServiceProxy     : -> GET /v1/api/portfolio/U5799398/summary,200|264ms
20:00:12.785 INFO  vert.x-eventloop-thread-0 BaseServiceProxy     : -> GET /v1/api/iserver/account/orders,200|64ms
20:00:13.601 INFO  vert.x-eventloop-thread-0 BaseServiceProxy     : -> GET /sso/ping,200|509ms
20:00:13.602 INFO  vert.x-eventloop-thread-0 SsoService           : sso ping {"result": "true"}
20:00:14.779 INFO  vert.x-eventloop-thread-0 BaseServiceProxy     : -> GET /v1/api/portfolio/U5799398/positions/0?direction=a&period=1W&sort=position,200|2066ms
20:00:18.679 INFO  vert.x-eventloop-thread-0 BaseServiceProxy     : -> GET /v1/api/tickle,200|289ms
20:00:18.680 DEBUG vert.x-eventloop-thread-0 ClientPortalService  : tickle {"session":"e6849eeefc510c718e64ec1d0838e813","ssoExpires":539777,"collission":false,"userId":50301190,"hmds":{"error":"no bridge"},"iserver":{"authStatus":{"authenticated":true,"established":true,"competing":false,"connected":true,"message":"","MAC":"06:A8:C0:D9:D5:E3","serverInfo":{"serverName":"JifS25121","serverVersion":"Build 10.44.1d, Mar 3, 2026 1:55:32 PM"},"hardware_info":"275c5aa2|06:A8:C0:D9:D5:E3"}}}
20:00:20.459 INFO  vert.x-eventloop-thread-0 BaseServiceProxy     : -> GET /v1/api/iserver/secdef/search?symbol=ALL&secType=STK,200|115ms
20:00:20.515 INFO  vert.x-eventloop-thread-0 BaseServiceProxy     : -> GET /v1/api/iserver/account/orders,200|54ms
20:00:20.612 INFO  vert.x-eventloop-thread-0 BaseServiceProxy     : -> GET /v1/api/portfolio/U5799398/summary,200|87ms
20:00:21.037 INFO  vert.x-eventloop-thread-0 BaseServiceProxy     : -> GET /v1/api/iserver/account/U5799398/orders,200|419ms
20:00:21.090 INFO  vert.x-eventloop-thread-0 BaseServiceProxy     : -> GET /v1/api/iserver/reply/b03a2576-4026-4425-96c4-f7aa05eb6129,200|52ms
20:00:21.160 INFO  vert.x-eventloop-thread-0 BaseServiceProxy     : -> GET /v1/api/iserver/reply/bc738e1f-dacb-457e-8bdd-43fe83d7f98a,200|67ms
20:00:21.218 INFO  vert.x-eventloop-thread-0 BaseServiceProxy     : -> GET /v1/api/iserver/reply/f322461f-c71b-4c13-b3a1-9931995c6231,200|57ms
20:00:21.273 INFO  vert.x-eventloop-thread-0 BaseServiceProxy     : -> GET /v1/api/iserver/reply/915c903e-849b-4fa5-9e27-4a58769368af,200|54ms
20:00:21.335 INFO  vert.x-eventloop-thread-0 BaseServiceProxy     : -> GET /v1/api/iserver/reply/de8ab004-1063-4755-95a9-6b090b5d64c6,200|61ms
20:00:21.402 INFO  vert.x-eventloop-thread-0 BaseServiceProxy     : -> GET /v1/api/iserver/account/orders,200|66ms
20:00:21.854 INFO  vert.x-eventloop-thread-0 BaseServiceProxy     : -> GET /v1/api/iserver/marketdata/history?conid=4357&period=30d&bar=1d&outsideRth=false,200|419ms
20:00:21.918 INFO  vert.x-eventloop-thread-0 BaseServiceProxy     : -> GET /v1/api/iserver/marketdata/history?conid=4357&period=30d&bar=1d&outsideRth=false,200|62ms
20:00:48.445 INFO  vert.x-eventloop-thread-0 BaseServiceProxy     : -> GET /v1/api/tickle,200|55ms
20:00:48.445 DEBUG vert.x-eventloop-thread-0 ClientPortalService  : tickle {"session":"e6849eeefc510c718e64ec1d0838e813","ssoExpires":510011,"collission":false,"userId":50301190,"hmds":{"error":"no bridge"},"iserver":{"authStatus":{"authenticated":true,"established":true,"competing":false,"connected":true,"message":"","MAC":"06:A8:C0:D9:D5:E3","serverInfo":{"serverName":"JifS25121","serverVersion":"Build 10.44.1d, Mar 3, 2026 1:55:32 PM"},"hardware_info":"275c5aa2|06:A8:C0:D9:D5:E3"}}}
20:00:49.203 INFO  vert.x-eventloop-thread-0 BaseServiceProxy     : -> GET /v1/api/iserver/account/orders,200|62ms
20:00:49.270 INFO  vert.x-eventloop-thread-0 BaseServiceProxy     : -> GET /v1/api/iserver/marketdata/history?conid=4357&period=30d&bar=1d&outsideRth=false,200|54ms
20:00:49.339 INFO  vert.x-eventloop-thread-0 BaseServiceProxy     : -> GET /v1/api/iserver/marketdata/history?conid=4357&period=30d&bar=1d&outsideRth=false,200|67ms
20:00:50.801 INFO  vert.x-eventloop-thread-0 BaseServiceProxy     : -> GET /v1/api/iserver/account/orders,200|75ms
20:00:50.880 INFO  vert.x-eventloop-thread-0 BaseServiceProxy     : -> GET /v1/api/iserver/account/orders,200|64ms
20:00:51.229 INFO  vert.x-eventloop-thread-0 BaseServiceProxy     : -> GET /v1/api/iserver/account/U5799398/order/93845084,200|327ms
20:00:51.290 INFO  vert.x-eventloop-thread-0 BaseServiceProxy     : -> GET /v1/api/iserver/account/orders,200|60ms
20:00:51.360 INFO  vert.x-eventloop-thread-0 BaseServiceProxy     : -> GET /v1/api/iserver/marketdata/history?conid=4357&period=30d&bar=1d&outsideRth=false,200|56ms
20:00:51.416 INFO  vert.x-eventloop-thread-0 BaseServiceProxy     : -> GET /v1/api/iserver/marketdata/history?conid=4357&period=30d&bar=1d&outsideRth=false,200|55ms
20:00:51.497 INFO  vert.x-eventloop-thread-0 BaseServiceProxy     : -> GET /v1/api/iserver/account/orders,200|52ms
20:01:03.204 INFO  vert.x-eventloop-thread-0 BaseServiceProxy     : -> GET /v1/api/tickle,200|56ms
20:01:18.443 INFO  vert.x-eventloop-thread-0 BaseServiceProxy     : -> GET /v1/api/tickle,200|53ms
20:01:18.443 DEBUG vert.x-eventloop-thread-0 ClientPortalService  : tickle {"session":"e6849eeefc510c718e64ec1d0838e813","ssoExpires":480010,"collission":false,"userId":50301190,"hmds":{"error":"no bridge"},"iserver":{"authStatus":{"authenticated":true,"established":true,"competing":false,"connected":true,"message":"","MAC":"06:A8:C0:D9:D5:E3","serverInfo":{"serverName":"JifS25121","serverVersion":"Build 10.44.1d, Mar 3, 2026 1:55:32 PM"},"hardware_info":"275c5aa2|06:A8:C0:D9:D5:E3"}}}
20:01:48.675 INFO  vert.x-eventloop-thread-0 BaseServiceProxy     : -> GET /v1/api/tickle,200|284ms
20:01:48.675 DEBUG vert.x-eventloop-thread-0 ClientPortalService  : tickle {"session":"e6849eeefc510c718e64ec1d0838e813","ssoExpires":449780,"collission":false,"userId":50301190,"hmds":{"error":"no bridge"},"iserver":{"authStatus":{"authenticated":true,"established":true,"competing":false,"connected":true,"message":"","MAC":"06:A8:C0:D9:D5:E3","serverInfo":{"serverName":"JifS25121","serverVersion":"Build 10.44.1d, Mar 3, 2026 1:55:32 PM"},"hardware_info":"275c5aa2|06:A8:C0:D9:D5:E3"}}}
20:02:18.453 INFO  vert.x-eventloop-thread-0 BaseServiceProxy     : -> GET /v1/api/tickle,200|63ms
20:02:18.454 DEBUG vert.x-eventloop-thread-0 ClientPortalService  : tickle {"session":"e6849eeefc510c718e64ec1d0838e813","ssoExpires":419999,"collission":false,"userId":50301190,"hmds":{"error":"no bridge"},"iserver":{"authStatus":{"authenticated":true,"established":true,"competing":false,"connected":true,"message":"","MAC":"06:A8:C0:D9:D5:E3","serverInfo":{"serverName":"JifS25121","serverVersion":"Build 10.44.1d, Mar 3, 2026 1:55:32 PM"},"hardware_info":"275c5aa2|06:A8:C0:D9:D5:E3"}}}
20:02:32.719 INFO  vert.x-eventloop-thread-0 BaseServiceProxy     : -> GET /v1/api/iserver/secdef/search?symbol=AUPH&secType=STK,200|355ms
20:02:48.679 INFO  vert.x-eventloop-thread-0 BaseServiceProxy     : -> GET /v1/api/tickle,200|289ms
20:02:48.681 DEBUG vert.x-eventloop-thread-0 ClientPortalService  : tickle {"session":"e6849eeefc510c718e64ec1d0838e813","ssoExpires":389774,"collission":false,"userId":50301190,"hmds":{"error":"no bridge"},"iserver":{"authStatus":{"authenticated":true,"established":true,"competing":false,"connected":true,"message":"","MAC":"06:A8:C0:D9:D5:E3","serverInfo":{"serverName":"JifS25121","serverVersion":"Build 10.44.1d, Mar 3, 2026 1:55:32 PM"},"hardware_info":"275c5aa2|06:A8:C0:D9:D5:E3"}}}
20:03:01.365 INFO  vert.x-eventloop-thread-0 BaseServiceProxy     : -> GET /v1/api/portfolio/U5799398/summary,200|95ms
20:03:01.432 INFO  vert.x-eventloop-thread-0 BaseServiceProxy     : -> GET /v1/api/portfolio/U5799398/positions/0?direction=a&period=1W&sort=position,200|58ms
20:03:01.442 INFO  vert.x-eventloop-thread-0 BaseServiceProxy     : -> GET /v1/api/iserver/account/orders,200|73ms
20:03:06.862 INFO  vert.x-eventloop-thread-0 BaseServiceProxy     : -> GET /v1/api/iserver/secdef/search?symbol=AUPH&secType=STK,200|52ms
20:03:06.922 INFO  vert.x-eventloop-thread-0 BaseServiceProxy     : -> GET /v1/api/iserver/account/orders,200|58ms
20:03:07.054 INFO  vert.x-eventloop-thread-0 BaseServiceProxy     : -> GET /v1/api/portfolio/U5799398/summary,200|101ms
20:03:07.536 INFO  vert.x-eventloop-thread-0 BaseServiceProxy     : -> GET /v1/api/iserver/account/U5799398/orders,200|478ms
20:03:07.590 INFO  vert.x-eventloop-thread-0 BaseServiceProxy     : -> GET /v1/api/iserver/reply/a20c3877-c5db-4121-8842-4a8c72cf7e9b,200|52ms
20:03:07.646 INFO  vert.x-eventloop-thread-0 BaseServiceProxy     : -> GET /v1/api/iserver/reply/ca9d3f81-10dc-473f-aaf6-2b53e07dd7c2,200|55ms
20:03:07.704 INFO  vert.x-eventloop-thread-0 BaseServiceProxy     : -> GET /v1/api/iserver/reply/139f8d5f-aa80-476a-abd9-88251111d31a,200|56ms
20:03:07.761 INFO  vert.x-eventloop-thread-0 BaseServiceProxy     : -> GET /v1/api/iserver/reply/a5783c28-6243-47e6-b25e-6694e86b73a9,200|55ms
20:03:07.817 INFO  vert.x-eventloop-thread-0 BaseServiceProxy     : -> GET /v1/api/iserver/reply/e9ad98dd-7a95-4c9d-be97-110ecc0db633,200|54ms
20:03:07.886 INFO  vert.x-eventloop-thread-0 BaseServiceProxy     : -> GET /v1/api/iserver/reply/3eb75296-1d3f-4b6c-95ad-23ee9281b0d9,200|67ms
20:03:07.945 INFO  vert.x-eventloop-thread-0 BaseServiceProxy     : -> GET /v1/api/iserver/account/orders,200|57ms
20:03:08.356 INFO  vert.x-eventloop-thread-0 BaseServiceProxy     : -> GET /v1/api/iserver/marketdata/history?conid=165642013&period=30d&bar=1d&outsideRth=false,200|398ms
20:03:08.414 INFO  vert.x-eventloop-thread-0 BaseServiceProxy     : -> GET /v1/api/iserver/marketdata/history?conid=165642013&period=30d&bar=1d&outsideRth=false,200|57ms
20:03:18.451 INFO  vert.x-eventloop-thread-0 BaseServiceProxy     : -> GET /v1/api/tickle,200|56ms
20:03:18.452 DEBUG vert.x-eventloop-thread-0 ClientPortalService  : tickle {"session":"e6849eeefc510c718e64ec1d0838e813","ssoExpires":360001,"collission":false,"userId":50301190,"hmds":{"error":"no bridge"},"iserver":{"authStatus":{"authenticated":true,"established":true,"competing":false,"connected":true,"message":"","MAC":"06:A8:C0:D9:D5:E3","serverInfo":{"serverName":"JifS25121","serverVersion":"Build 10.44.1d, Mar 3, 2026 1:55:32 PM"},"hardware_info":"275c5aa2|06:A8:C0:D9:D5:E3"}}}
20:03:35.549 INFO  vert.x-eventloop-thread-0 BaseServiceProxy     : -> GET /v1/api/iserver/account/orders,200|59ms
20:03:35.773 INFO  vert.x-eventloop-thread-0 BaseServiceProxy     : -> GET /v1/api/iserver/marketdata/history?conid=165642013&period=30d&bar=1d&outsideRth=false,200|210ms
20:03:35.851 INFO  vert.x-eventloop-thread-0 BaseServiceProxy     : -> GET /v1/api/iserver/marketdata/history?conid=165642013&period=30d&bar=1d&outsideRth=false,200|74ms
20:03:36.619 INFO  vert.x-eventloop-thread-0 BaseServiceProxy     : -> GET /v1/api/iserver/account/orders,200|64ms
20:03:36.689 INFO  vert.x-eventloop-thread-0 BaseServiceProxy     : -> GET /v1/api/iserver/account/orders,200|58ms
20:03:37.129 INFO  vert.x-eventloop-thread-0 BaseServiceProxy     : -> GET /v1/api/iserver/account/U5799398/order/93845087,200|425ms
20:03:37.184 INFO  vert.x-eventloop-thread-0 BaseServiceProxy     : -> GET /v1/api/iserver/account/orders,200|52ms
20:03:37.267 INFO  vert.x-eventloop-thread-0 BaseServiceProxy     : -> GET /v1/api/iserver/marketdata/history?conid=165642013&period=30d&bar=1d&outsideRth=false,200|58ms
20:03:37.346 INFO  vert.x-eventloop-thread-0 BaseServiceProxy     : -> GET /v1/api/iserver/marketdata/history?conid=165642013&period=30d&bar=1d&outsideRth=false,200|76ms
20:03:37.462 INFO  vert.x-eventloop-thread-0 BaseServiceProxy     : -> GET /v1/api/iserver/account/orders,200|59ms
20:03:48.672 INFO  vert.x-eventloop-thread-0 BaseServiceProxy     : -> GET /v1/api/tickle,200|282ms
20:03:48.673 DEBUG vert.x-eventloop-thread-0 ClientPortalService  : tickle {"session":"e6849eeefc510c718e64ec1d0838e813","ssoExpires":329782,"collission":false,"userId":50301190,"hmds":{"error":"no bridge"},"iserver":{"authStatus":{"authenticated":true,"established":true,"competing":false,"connected":true,"message":"","MAC":"06:A8:C0:D9:D5:E3","serverInfo":{"serverName":"JifS25121","serverVersion":"Build 10.44.1d, Mar 3, 2026 1:55:32 PM"},"hardware_info":"275c5aa2|06:A8:C0:D9:D5:E3"}}}
20:04:03.379 INFO  vert.x-eventloop-thread-0 BaseServiceProxy     : -> GET /v1/api/tickle,200|55ms
20:04:18.454 INFO  vert.x-eventloop-thread-0 BaseServiceProxy     : -> GET /v1/api/tickle,200|65ms
20:04:18.455 DEBUG vert.x-eventloop-thread-0 ClientPortalService  : tickle {"session":"e6849eeefc510c718e64ec1d0838e813","ssoExpires":299997,"collission":false,"userId":50301190,"hmds":{"error":"no bridge"},"iserver":{"authStatus":{"authenticated":true,"established":true,"competing":false,"connected":true,"message":"","MAC":"06:A8:C0:D9:D5:E3","serverInfo":{"serverName":"JifS25121","serverVersion":"Build 10.44.1d, Mar 3, 2026 1:55:32 PM"},"hardware_info":"275c5aa2|06:A8:C0:D9:D5:E3"}}}
20:04:48.687 INFO  vert.x-eventloop-thread-0 BaseServiceProxy     : -> GET /v1/api/tickle,200|295ms
20:04:48.689 DEBUG vert.x-eventloop-thread-0 ClientPortalService  : tickle {"session":"e6849eeefc510c718e64ec1d0838e813","ssoExpires":269768,"collission":false,"userId":50301190,"hmds":{"error":"no bridge"},"iserver":{"authStatus":{"authenticated":true,"established":true,"competing":false,"connected":true,"message":"","MAC":"06:A8:C0:D9:D5:E3","serverInfo":{"serverName":"JifS25121","serverVersion":"Build 10.44.1d, Mar 3, 2026 1:55:32 PM"},"hardware_info":"275c5aa2|06:A8:C0:D9:D5:E3"}}}
20:05:13.380 INFO  vert.x-eventloop-thread-0 BaseServiceProxy     : -> GET /sso/ping,200|290ms
20:05:13.381 INFO  vert.x-eventloop-thread-0 SsoService           : sso ping {"result": "true"}
20:05:18.602 INFO  vert.x-eventloop-thread-0 BaseServiceProxy     : -> GET /v1/api/tickle,200|213ms
20:05:18.602 DEBUG vert.x-eventloop-thread-0 ClientPortalService  : tickle {"session":"e6849eeefc510c718e64ec1d0838e813","ssoExpires":239852,"collission":false,"userId":50301190,"hmds":{"error":"no bridge"},"iserver":{"authStatus":{"authenticated":true,"established":true,"competing":false,"connected":true,"message":"","MAC":"06:A8:C0:D9:D5:E3","serverInfo":{"serverName":"JifS25121","serverVersion":"Build 10.44.1d, Mar 3, 2026 1:55:32 PM"},"hardware_info":"275c5aa2|06:A8:C0:D9:D5:E3"}}}
20:05:40.708 INFO  vert.x-eventloop-thread-0 BaseServiceProxy     : -> GET /v1/api/iserver/account/orders,200|59ms
20:05:40.826 INFO  vert.x-eventloop-thread-0 BaseServiceProxy     : -> GET /v1/api/iserver/account/orders,200|61ms
20:05:41.235 INFO  vert.x-eventloop-thread-0 BaseServiceProxy     : -> GET /v1/api/iserver/account/U5799398/order/1198175473,200|330ms
20:05:41.295 INFO  vert.x-eventloop-thread-0 BaseServiceProxy     : -> GET /v1/api/iserver/reply/393d1482-bef7-4af0-b3b5-d79ef75cd651,200|58ms
20:05:41.368 INFO  vert.x-eventloop-thread-0 BaseServiceProxy     : -> GET /v1/api/iserver/account/orders,200|72ms
20:05:41.671 INFO  vert.x-eventloop-thread-0 BaseServiceProxy     : -> GET /v1/api/iserver/marketdata/history?conid=664690505&period=30d&bar=1d&outsideRth=false,200|286ms
20:05:41.728 INFO  vert.x-eventloop-thread-0 BaseServiceProxy     : -> GET /v1/api/iserver/marketdata/history?conid=664690505&period=30d&bar=1d&outsideRth=false,200|55ms
20:05:41.852 INFO  vert.x-eventloop-thread-0 BaseServiceProxy     : -> GET /v1/api/iserver/account/orders,200|54ms
20:05:48.445 INFO  vert.x-eventloop-thread-0 BaseServiceProxy     : -> GET /v1/api/tickle,200|58ms
20:05:48.445 DEBUG vert.x-eventloop-thread-0 ClientPortalService  : tickle {"session":"e6849eeefc510c718e64ec1d0838e813","ssoExpires":210007,"collission":false,"userId":50301190,"hmds":{"error":"no bridge"},"iserver":{"authStatus":{"authenticated":true,"established":true,"competing":false,"connected":true,"message":"","MAC":"06:A8:C0:D9:D5:E3","serverInfo":{"serverName":"JifS25121","serverVersion":"Build 10.44.1d, Mar 3, 2026 1:55:32 PM"},"hardware_info":"275c5aa2|06:A8:C0:D9:D5:E3"}}}
20:06:18.472 INFO  vert.x-eventloop-thread-0 BaseServiceProxy     : -> GET /v1/api/tickle,200|87ms
20:06:18.473 DEBUG vert.x-eventloop-thread-0 ClientPortalService  : tickle {"session":"e6849eeefc510c718e64ec1d0838e813","ssoExpires":179984,"collission":false,"userId":50301190,"hmds":{"error":"no bridge"},"iserver":{"authStatus":{"authenticated":true,"established":true,"competing":false,"connected":true,"message":"","MAC":"06:A8:C0:D9:D5:E3","serverInfo":{"serverName":"JifS25121","serverVersion":"Build 10.44.1d, Mar 3, 2026 1:55:32 PM"},"hardware_info":"275c5aa2|06:A8:C0:D9:D5:E3"}}}
20:06:48.674 INFO  vert.x-eventloop-thread-0 BaseServiceProxy     : -> GET /v1/api/tickle,200|290ms
20:06:48.676 DEBUG vert.x-eventloop-thread-0 ClientPortalService  : tickle {"session":"e6849eeefc510c718e64ec1d0838e813","ssoExpires":149774,"collission":false,"userId":50301190,"hmds":{"error":"no bridge"},"iserver":{"authStatus":{"authenticated":true,"established":true,"competing":false,"connected":true,"message":"","MAC":"06:A8:C0:D9:D5:E3","serverInfo":{"serverName":"JifS25121","serverVersion":"Build 10.44.1d, Mar 3, 2026 1:55:32 PM"},"hardware_info":"275c5aa2|06:A8:C0:D9:D5:E3"}}}
20:07:03.578 INFO  vert.x-eventloop-thread-0 BaseServiceProxy     : -> GET /v1/api/tickle,200|66ms
20:07:18.446 INFO  vert.x-eventloop-thread-0 BaseServiceProxy     : -> GET /v1/api/tickle,200|62ms
20:07:18.447 DEBUG vert.x-eventloop-thread-0 ClientPortalService  : tickle {"session":"e6849eeefc510c718e64ec1d0838e813","ssoExpires":119998,"collission":false,"userId":50301190,"hmds":{"error":"no bridge"},"iserver":{"authStatus":{"authenticated":true,"established":true,"competing":false,"connected":true,"message":"","MAC":"06:A8:C0:D9:D5:E3","serverInfo":{"serverName":"JifS25121","serverVersion":"Build 10.44.1d, Mar 3, 2026 1:55:32 PM"},"hardware_info":"275c5aa2|06:A8:C0:D9:D5:E3"}}}
